s1_id,s2_id,s1_name,s2_name,s1_address,s2_address,name_token_jaccard,address_token_jaccard,s1_address_numbers,s2_address_numbers,number_overlap,target_address_missing,s1_name_translit,s2_name_translit,original_name_score,translit_name_score,translit_gain,cross_script_like,bucket_missing_address,bucket_cross_script,bucket_number_overlap,bucket_high_address_overlap,bucket_high_name_overlap,bucket_good_translit
S1-299213466,S2-313878162,Anand Energy Limited,आनंद एनर्जी लिमिटेड,"1St, Paul Complex, Ajni Square, Wardha Road, Nagpur, Maharashtra","महाराष्ट्र, NAGPUR, 1ST.",0.0,0.1538461538461538,1,1,1,0,anand energy limited,aannd enrjii limittedd,10.526315789473683,76.19047619047619,65.6641604010025,True,False,True,True,False,False,True
S1-690329089,S2-211906018,Unique Services Pvt Ltd,ইউনিক সার্ভিসেস প্রাইভেট লিমিটেড,"Room No. 1, 14/A, Kabi Nabin Sen Road, Kolkata, Kolkata, Howrah, West Bengal","ROM NO. 1, HOWRAH, CALCUTTA, West Bengal",0.0,0.3333333333333333,"1,14",1,1,0,unique services pvt ltd,iunik saarbhises praaibhett limittedd,12.765957446808514,53.333333333333336,40.56737588652482,True,False,True,True,False,False,False
S1-46795483,S2-573464348,Golden Foods Private Limited,गोल्डन फूड्स प्राइवेट लिमिटेड,"5 8, Thakyur Chl, Ghodbun, Rd, Shiv Sena Office, Thane, Maharashtra","5 8, THANE, महाराष्ट्र",0.0,0.2,"5,8","5,8",2,0,golden foods private limited,golddn phuudds praaivett limittedd,11.764705882352942,70.96774193548387,59.20303605313093,True,False,True,True,False,False,True
S1-100079377,S2-900191234,Tech It Limited,टेक आईटी लिमिटेड,"Office No.207, Konark, Arkade Bldg, Nizampura, Bhiwandi, Thane, Maharashtra","महाराष्ट्र, KALHER, OFFICE NO.207",0.0,0.2,207,207,1,0,tech it limited,ttek aaiittii limittedd,14.285714285714292,68.42105263157895,54.13533834586465,True,False,True,True,False,False,False
S1-100079377,S2-97636392,Tech It Limited,टेक It Limited,"Office No.207, Konark, Arkade Bldg, Nizampura, Bhiwandi, Thane, Maharashtra","OFFICE NO.207, KALHER, Maharashtra",0.4,0.3636363636363636,207,207,1,0,tech it limited,ttek it limited,83.33333333333333,86.66666666666667,3.333333333333343,True,False,True,True,False,False,True
S1-251486302,S2-20526315,Anand My Software,आनंद माय सॉफ्टवेयर,"C-73, Site C, Vandana Vatika, Noida, Gautam Buddha Nagar, Uttar Pradesh","C-0073, GAUTAM BUDDHA NAGAR, उत्तर प्रदेश",0.0,0.2352941176470588,73,0073,0,0,anand my software,aannd maay sonphttveyr,11.428571428571432,61.53846153846154,50.10989010989011,True,False,True,False,False,False,False
S1-206806424,S2-212589041,Great Care Private Limited,ગ્રેટ કેર પ્રાઇવેટ લિમિટેડ,"7Th Floor, Pushpak, Khanpur, Ahmedabad, Gujarat","H.NO 7TH FLOOR, NULL, AHMEDABAD, ગુજરાત",0.0,0.25,7,7,1,0,great care private limited,grett ker praaivett limittedd,13.63636363636364,72.72727272727273,59.09090909090909,True,False,True,True,False,False,True
S1-935494014,S2-995569242,East Projects Private Limited,ईस्ट प्रोजेक्ट्स प्राइवेट लिमिटेड,"Jaipur, Plot No 160-A, Jaipur, Kesar Green, Rajasthan","#160-A, JAIPUR, Rajasthan",0.0,0.5,160,160,1,0,east projects private limited,iistt projektts praaivett limittedd,11.538461538461531,75.0,63.46153846153847,True,False,True,True,True,False,True
S1-128071629,S2-826076549,Air Industries Group,Smt Air Industries Co,"Belverdere Mill Premises(Bengal Investment Ltd), Mouza/Ps Sankrail Po South Sankrail, Uluberia - Ii, Howrah, West Bengal",,0.4,0.0,,,0,1,air industries group,smt air industries co,82.35294117647058,82.35294117647058,0.0,False,True,False,False,False,False,True
S1-728723012,S2-629823610,Mnm Health Limited,Mnm Health,"H.No.605, Krishna Nagar Private Colony, Basarathpur, Gorakhpur, Uttar Pradesh",,0.6666666666666666,0.0,605,,0,1,mnm health limited,mnm health,100.0,100.0,0.0,False,True,False,False,False,True,True
S1-347630756,S2-645973770,Urban Software Private Limited,अर्बन सॉफ्टवेयर प्राइवेट लिमिटेड,"Plot E-517, Fourth Floor, Palam Extension, Sector-7, Dwarka, Near Ramphal Chowk, New Delhi, South West Delhi, Delhi","PLOT E-517, NEW DELHI, SOUTH WEST DELHI, Delhi",0.0,0.4117647058823529,"517,7",517,1,0,urban software private limited,arbn sonphttveyr praaivett limittedd,10.0,66.66666666666667,56.66666666666667,True,False,True,True,False,False,False
S1-347630756,S2-268085950,Urban Software Private Limited,अर्बन सॉफ्टवेयर प्राइवेट लिमिटेड,"Plot E-517, Fourth Floor, Palam Extension, Sector-7, Dwarka, Near Ramphal Chowk, New Delhi, South West Delhi, Delhi","PLOT E-517, NEW DELHI, SOUTH WEST DELHI, Delhi",0.0,0.4117647058823529,"517,7",517,1,0,urban software private limited,arbn sonphttveyr praaivett limittedd,10.0,66.66666666666667,56.66666666666667,True,False,True,True,False,False,False
S1-755106209,S2-530950949,Services Reha Industries,Services Reha Industries Corporation,"Building L-231, Adinath Society, Pune Satara Road, Pune, Pune, Maharashtra",,0.75,0.0,231,,0,1,services reha industries,services reha industries corporation,100.0,100.0,0.0,False,True,False,False,False,True,True
S1-651113008,S2-292127779,Apex Logistics Private Limited,એપેક્સ લોજિસ્ટિક્સ પ્રાઇવેટ લિમિટેડ,"Rajkot, Gujarat, Ranchhodnagar, Nr. Om Shanti Kendra, St. No. 17","ST. NO. 0017, RAJKOT, ગુજરાત",0.0,0.2142857142857142,17,0017,0,0,apex logistics private limited,epeks lojisttiks praaivett limittedd,11.320754716981128,72.72727272727273,61.406518010291606,True,False,True,False,False,False,True
S1-388970184,S2-434965355,Shakti Enterprises Private Limited,शक्ति एंटरप्राइजेज प्राइवेट लिमिटेड,"H.No. 800/5, 2Nd Floor Street No-6, Patel Nagar, Gurgaon, Haryana","H.NO. 800/5, GURUGRAM, SIKHERA NAGLA KABIR, Haryana",0.0,0.3125,"2,5,6,800","5,800",2,0,shakti enterprises private limited,shkti enttrpraaijej praaivett limittedd,9.375,76.7123287671233,67.3373287671233,True,False,True,True,False,False,True
S1-322482626,S2-963393946,Unicore Foundation Limited,UNlCORE FHOINDAON LIMITED,"No. 27, Raghunayakulu Street, Chennai, Chennai, Tamil Nadu","NO. 27, CHENNAI, தமிழ்நாடு",0.2,0.2727272727272727,27,27,1,0,unicore foundation limited,unlcore fhoindaon limited,86.27450980392157,86.27450980392157,0.0,False,False,False,True,False,False,True
S1-785723181,S2-729509592,Real Infra Pvt Ltd,Real Infra-Pvt Limited,"H No 2239/45 Arjun Wadi, Ghansoli, Navi Mumbai, Rabale, Thane, Maharashtra",,0.6,0.0,"2239,45",,0,1,real infra pvt ltd,real infra pvt limited,90.0,90.0,0.0,False,True,False,False,False,True,True
S1-255959388,S2-811142058,International Finance Private Limited,ಇಂಟರ್‌ನ್ಯಾಷನಲ್ ಫೈನಾನ್ಸ್ ಪ್ರೈವೇಟ್ ಲಿಮಿಟೆಡ್,"No.302, 6Th Main, Vyalikaval, Bangalore, Karnataka","NO.302, BANGALORE, Karnataka",0.0,0.5714285714285714,"302,6",302,1,0,international finance private limited,inttrnyaassnl phainaans praiveett limittedd,8.955223880597018,67.5,58.54477611940298,True,False,True,True,True,False,False
S1-971886001,S2-250216135,Ace Consulting Private Limited,एस कंसल्टिंग प्राइवेट लिमिटेड,"233, Niti Khand I Indirapuram, Ghaziabad, Uttar Pradesh","3-233, GHAZIABAD, Uttar Pradesh",0.0,0.4444444444444444,233,"233,3",1,0,ace consulting private limited,es knsltting praaivett limittedd,11.111111111111114,74.19354838709677,63.08243727598565,True,False,True,True,False,False,True
S1-292356507,S2-270395464,Services Parry Securities Limited,Kelojax,"Kimtee Square, 5Th Floor, Door No.8-2-686 Rd No, 12, Banjara Hills, Hyderabad, Telangana","KIMTEE SQUARE, BANJARA HILLS, HYDERABAD, Andhra Pradesh",0.0,0.2941176470588235,"12,2,5,686,8",,0,0,services parry securities limited,kelojax,10.0,10.0,0.0,False,False,False,False,False,False,False
S1-950189940,S2-941258778,Swastik Agro Private Limited,स्वस्तिक एग्रो प्राइवेट लिमिटेड,"Tricone Tower, Plot No. 4B, 2Nd Floor, Mayur Vihar District Center, Mayur Vihar Extention, Delhi, New Delhi, East Delhi, Delhi","TRICONE TOWER, NEW DELHI, EAST DELHI, Delhi",0.0,0.3333333333333333,"2,4",,0,0,swastik agro private limited,svstik egro praaivett limittedd,11.111111111111114,77.96610169491525,66.85499058380414,True,False,True,False,False,False,True
S1-147310634,S2-891865927,Maa Energy Private Limited,माँ एनर्जी प्राइवेट लिमिटेड,"Motiram Park, Off Kothrud Bus Stand Kothrud Pune In Haveli, Maharashtra, A-71, Pune","PUNE, Maharashtra, A-71, N/A",0.0,0.3076923076923077,71,71,1,0,maa energy private limited,maan enrjii praaivett limittedd,13.043478260869565,73.6842105263158,60.64073226544623,True,False,True,True,False,False,True
S1-618167706,S2-816830846,Laxmi Services Private Limited,लक्ष्मी सर्विसेज प्राइवेट लिमिटेड,"Mumbai, 3Rd Floor, 12/14, Maharashtra, Veer Nariman Road, Brady House","BRADY HOUSE, MUMBAI SOUTH, MUMBAI, Maharashtra",0.0,0.3333333333333333,"12,14,3",,0,0,laxmi services private limited,lkssmii srvisej praaivett limittedd,10.34482758620689,70.76923076923076,60.42440318302387,True,False,True,False,False,False,True
S1-548188406,S2-760631162,Tirupati Foods Private Limited,TIRUPATI FOODS,"107 Desh Bandhu Road, Kolkata, Parganas North, West Bengal","07 DESH BANDHU ROD, KOLKATA, West Bengal",0.5,0.4545454545454545,107,07,0,0,tirupati foods private limited,tirupati foods,100.0,100.0,0.0,False,False,False,False,False,True,True
S1-422949079,S2-353785547,Jeevan Solutions Private Limited,Jeevan Solutions Private Ltd,"C/O Ganesh Shankar Jha, Keshari Nagar Patliputra, Patna, Bihar",,0.6,0.0,,,0,1,jeevan solutions private limited,jeevan solutions private ltd,93.33333333333331,93.33333333333331,0.0,False,True,False,False,False,True,True
S1-873478998,S2-936541413,Anand Builders Private Limited,Anand Builders,"E-41/5 Okhla Industrial Areaphase-I, New Delhi, South Delhi, Delhi","E-#41/5 OKHLA INDUSTIRAL AREAPHASE-I, NEW DELHI, Delhi",0.5,0.7272727272727273,"41,5","41,5",2,0,anand builders private limited,anand builders,100.0,100.0,0.0,False,False,False,True,True,True,True
S1-102854527,S2-557086353,Royal Constructions Private Limited,ರಾಯಲ್ ಕನ್‌ಸ್ಟ್ರಕ್ಷನ್ಸ್ ಪ್ರೈವೇಟ್ ಲಿಮಿಟೆಡ್,"No. 873, Ground Floor, 5Th B Cross, M.S.R.S. Nagar, Bannerrghatta Road, Bangalore, Karnataka","NO. 873, BANGALORE, ಕರ್ನಾಟಕ",0.0,0.1666666666666666,"5,873",873,1,0,royal constructions private limited,raayl knsttrkssns praiveett limittedd,9.677419354838705,66.66666666666667,56.98924731182797,True,False,True,True,False,False,False
S1-500807391,S2-174937509,Varshansh Investment Partners,vipartners.com,"Plot No 24, Dwaraka Homes, Mallapur.Sultanpurvillage, Asifnagar, Hyderabad, Telangana","PLOT NO 24, HYDERABAD, Andhra Pradesh",0.0,0.3333333333333333,24,24,1,0,varshansh investment partners,vipartners com,46.51162790697675,46.51162790697675,0.0,False,False,False,True,False,False,False
S1-385786516,S2-680738451,Msm Nursing Home Private Limited,MSM NURSING HOME (PRIVATE),"515, 5 Floor, Tulsiani, Chamber, Freepressjournal, Mumbai, Maharashtra",,0.8,0.0,"5,515",,0,1,msm nursing home private limited,msm nursing home private,100.0,100.0,0.0,False,True,False,False,False,True,True
S1-773571289,S2-505080100,Blue Engineering Private Limited,ब्लू इंजीनियरिंग प्राइवेट लिमिटेड,"E-75, Ground Floor, Old Village, Jasola Main Road Pocket 11, 12, Near Peer Baba Mazar, New Delhi, South Delhi, Delhi","E-G-75, SOUTH DELHI, NEW DELHI, दिल्ली",0.0,0.2272727272727272,"11,12,75",75,1,0,blue engineering private limited,bluu injiiniyring praaivett limittedd,10.169491525423725,72.46376811594203,62.29427659051831,True,False,True,True,False,False,True
S1-588971826,S2-277423272,Raj Food Limited,राज फूड लिमिटेड,"4 B, Pawan Baug, Chincholi Pathak Road, Nr Witty International School, Malad (W), Mumbai, Mumbai City, Maharashtra","4 B, BOMBAY, MUMBAI (SUBURBAN), महाराष्ट्र",0.0,0.1363636363636363,4,4,1,0,raj food limited,raaj phuudd limittedd,13.793103448275858,70.27027027027026,56.4771668219944,True,False,True,True,False,False,True
S1-806596945,S2-1060022,Urban Hari Exports Private Limited,అర్బన్ హరి ఎక్స్‌పోర్ట్స్ ప్రైవేట్ లిమిటెడ్,"Flat No 1, Swagruha E-Block, Door No-2-22-1/55/1 Street No 3, Bhagyanagar Colony, Kphb, Kukatpally, Hyderabad, Telangana","DOOR NO 1, KUKATPALLY, HYDERABAD, Andhra Pradesh",0.0,0.25,"1,2,22,3,55",1,1,0,urban hari exports private limited,arbn hri ekspoortts praiveett limittedd,13.114754098360647,76.71232876712328,63.59757466876263,True,False,True,True,False,False,True
S1-706164499,S2-443562920,Maa Classic Builders Private Limited,మా క్లాసిక్ బిల్డర్స్ ప్రైవేట్ లిమిటెడ్,"8-2-293/82/A, Sy.No.403(P), Road No.2, Banjara Hills, Hyderabad, Telangana","8-2-293/82/A/7, HYDERABAD, తెలంగాణ",0.0,0.3157894736842105,"2,293,403,8,82","2,293,7,8,82",4,0,maa classic builders private limited,maa klaasik bilddrs praiveett limittedd,13.793103448275858,77.33333333333333,63.54022988505747,True,False,True,True,False,False,True
S1-819409069,S2-620030802,Premier It Limited,प्रीमियर आईटी लिमिटेड,"Plot No. B/52, Veera Industrial Estate New Link Rd, Opp. Monginis, Andheri (W), Mumbai, Mumbai City, Maharashtra","MUMBAI CITY, Maharashtra, MUMBAI, PLOT NO. B/052",0.0,0.3333333333333333,52,052,0,0,premier it limited,priimiyr aaiittii limittedd,11.111111111111114,71.11111111111111,60.0,True,False,True,False,False,False,True
S1-550076541,S2-552291740,Classic Infra Private Limited,क्लासिक इंफ्रा प्राइवेट लिमिटेड,"Survey No. 253/1A, Near Sharda Vidyalay, Khese Park, Lohagaon Road, Pune City, Pune, Maharashtra","NO 253/1A, PUNE CITY, महाराष्ट्र, PUNE",0.0,0.2777777777777778,"1,253","1,253",2,0,classic infra private limited,klaasik inphraa praaivett limittedd,11.764705882352942,71.875,60.11029411764706,True,False,True,True,False,False,True
S1-548255862,S2-1613240,Bharat Estate Private Limited,भारत एस्टेट प्राइवेट लिमिटेड,"H.N. 4155, Sector D, Pkt, Vasant Kunj, South Delhi, Delhi","H.N. 41-55, SOUTH DELHI, Delhi",0.0,0.3333333333333333,4155,"41,55",0,0,bharat estate private limited,bhaart esttett praaivett limittedd,11.764705882352942,79.36507936507937,67.60037348272643,True,False,True,False,False,False,True
S1-854761174,S2-664964771,SEX Constructions Private Limited,SEX Constructions Private,"117, Central Avenue Road, Hansapuri, Nagpur, Maharashtra",,0.75,0.0,117,,0,1,sex constructions private limited,sex constructions private,100.0,100.0,0.0,False,True,False,False,False,True,True
S1-842341783,S2-950508731,Jain Exports Private Limited,ജൈൻ എക്സ്പോർട്സ് പ്രൈവറ്റ് ലിമിറ്റഡ്,"Ernakulam, Kerala, Seaview Flats, Hda Buildings Syrian Church Road, Broadway, Ernakulam, D2","PLOT 390 D2, ERNAKULAM, Kerala",0.0,0.2307692307692307,2,"2,390",1,0,jain exports private limited,jai ekspootts praivrrrr limirrrrdd,10.909090909090908,64.51612903225806,53.60703812316716,True,False,True,True,False,False,False
S1-631244902,S2-218337837,Real It Private Limited,रियल आईटी प्राइवेट लिमिटेड,"Room No. C/5, Raghuvir C H S, Jijamata Marg, Kopri, Near Nakhwa School, Thane, Maharashtra, Thane","THANE, <NULL>, महाराष्ट्र, ROOM NO. C/##5",0.0,0.25,5,5,1,0,real it private limited,riyl aaiittii praaivett limittedd,13.63636363636364,67.85714285714286,54.22077922077922,True,False,True,True,False,False,False
S1-713063568,S2-112597221,Golden Surya Industries Pvt Ltd,ಗೋಲ್ಡನ್ ಸೂರ್ಯ ಇಂಡಸ್ಟ್ರೀಸ್ ಪ್ರೈವೇಟ್ ಲಿಮಿಟೆಡ್,"No.Hig-7, 2Nd Stage Kallahalli, Vinobanagar, Shimoga, Karnataka","NO.HIG-##7, SHIVAMOGGA, Karnataka",0.0,0.4,"2,7",7,1,0,golden surya industries pvt ltd,goolddn suury inddsttriis praiveett limittedd,13.793103448275858,71.05263157894737,57.25952813067151,True,False,True,True,False,False,True
S1-950571631,S2-873339301,Royal Management Limited,Royal  Management,"6 Dhere Apartmentssalisbury Park, Pune, Maharashtra",,0.6666666666666666,0.0,6,,0,1,royal management limited,royal management,100.0,100.0,0.0,False,True,False,False,False,True,True
S1-818239687,S2-138085631,Sky Projects Private Limited,SKY PROJECTS [PRIVATE],"C/O V. C. Masala, Tower Road, Botad, Bhavnagar, Gujarat",,0.75,0.0,,,0,1,sky projects private limited,sky projects private,100.0,100.0,0.0,False,True,False,False,False,True,True
S1-599354346,S2-739265382,Dynamic Services Private Limited,டைனமிக் சர்வீசஸ் பிரைவேட் லிமிடெட்,"Chennai City Corporation, Chennai, C-201, Tamil Nadu, Grayshott, 4Bishop, Garden Exten, R .A Puram","C-201, CHENNAI, தமிழ்நாடு",0.0,0.1666666666666666,"201,4",201,1,0,dynamic services private limited,ttainnnmik crviics piraiveett limittett,11.111111111111114,61.9718309859155,50.86071987480439,True,False,True,True,False,False,False
S1-601241147,S2-579382742,Balaji Tech Private Limited,बालाजी टेक प्राइवेट लिमिटेड,"Maharashtra, Floor-G, Plot-209/211, Curry Road Ganesh Chsl, N M Joshi Marg, Curry Road Naka Lower Parel East, Delisle Road, Mumbai, 1","1, KALYAN, MUMBAI, Maharashtra",0.0,0.1363636363636363,"1,209,211",1,1,0,balaji tech private limited,baalaajii ttek praaivett limittedd,12.765957446808514,75.40983606557377,62.64387861876526,True,False,True,True,False,False,True
S1-621354793,S2-221931800,United Estate Private Limited,United Etnmate Private Limited,"C-904 Bptp Park Life Sector-57, Gurgaon, Haryana",,0.6,0.0,"57,904",,0,1,united estate private limited,united etnmate private limited,94.91525423728814,94.91525423728814,0.0,False,True,False,False,False,True,True
S1-753908329,S2-554379479,Chakra Brothers Private Limited,Ectonovi,"C-502, Gokul Divine, S. V.Road, Irla - Vile Parle (West), Mumbai, Mumbai City, Maharashtra","C-502, MUMBAI, MUMBAI CITY, Maharashtra",0.0,0.3571428571428571,502,502,1,0,chakra brothers private limited,ectonovi,20.51282051282052,20.51282051282052,0.0,False,False,False,True,False,False,False
S1-220618598,S2-79090770,North Products Private Limited,नॉर्थ प्रोडक्ट्स प्राइवेट लिमिटेड,"Delhi, Buddh Vihar Phase-1, R-1/68, Delhi, North West","R-C-1/68, DELHI, NORTH WEST, Delhi",0.0,0.6,"1,68","1,68",2,0,north products private limited,nonrth proddktts praaivett limittedd,11.320754716981128,78.78787878787878,67.46712407089765,True,False,True,True,True,False,True
S1-220618598,S2-31034051,North Products Private Limited,नॉर्थ प्रोडक्ट्स प्राइवेट लिमिटेड,"Delhi, Buddh Vihar Phase-1, R-1/68, Delhi, North West","R-C-1/68, DELHI, NORTH WEST, Delhi",0.0,0.6,"1,68","1,68",2,0,north products private limited,nonrth proddktts praaivett limittedd,11.320754716981128,78.78787878787878,67.46712407089765,True,False,True,True,True,False,True
S1-451507685,S2-491970126,Rosy Metaliks Private Limited,rosymetaliksprivate.com,"Plot No Gh 03 Sector-100, Noida, Gautam Buddha Nagar, Uttar Pradesh","PLOT NO GH 03 SECTOR-100, NOIDA, N/A, Uttar Pradesh",0.0,0.6428571428571429,"03,100","03,100",2,0,rosy metaliks private limited,rosymetaliksprivate com,80.76923076923077,80.76923076923077,0.0,False,False,False,True,True,False,True
S1-451507685,S2-703961854,Rosy Metaliks Private Limited,Rosy Metaliks,"Plot No Gh 03 Sector-100, Noida, Gautam Buddha Nagar, Uttar Pradesh","PLOT NO GH 03 SECTOR-100, NOIDA, N/A, Uttar Pradesh",0.5,0.6428571428571429,"03,100","03,100",2,0,rosy metaliks private limited,rosy metaliks,100.0,100.0,0.0,False,False,False,True,True,True,True
S1-646361345,S2-537123983,Indian International Private Limited,इंडियन इंटरनेशनल प्राइवेट लिमिटेड,"91-C, Pocket-C, Mayur Vihar, Phase-Ii, New Delhi, East Delhi, Delhi","#623 91-C, NEW DELHI, N/A, Delhi",0.0,0.3076923076923077,91,"623,91",1,0,indian international private limited,inddiyn inttrneshnl praaivett limittedd,9.523809523809518,72.0,62.47619047619048,True,False,True,True,False,False,True
S1-99186296,S2-34045958,Fortune Educational Society,Halonyla,"Plot No- A-56, F/F, Mohan Garden, Uttam Nagar, New Delhi, West Delhi, Delhi","PLOT NO- A-56, दिल्ली, NAJAFGARH",0.0,0.2666666666666666,56,56,1,0,fortune educational society,halonyla,28.57142857142857,28.57142857142857,0.0,False,False,False,True,False,False,False
S1-9466611,S2-931891560,Eastern Dynamic Services Private Limited,ईस्टर्न डायनामिक सर्विसेज प्राइवेट लिमिटेड,"H Tower, 7Th Floor, Hw 7012 A, Bharat Diamond Bourse, Bandra Kurla Complex, Mumbai, Maharashtra","H TOWER, BOMBAY, BANDRA EAST, Maharashtra",0.0,0.2352941176470588,"7,7012",,0,0,eastern dynamic services private limited,iisttrn ddaaynaamik srvisej praaivett limittedd,10.526315789473683,71.26436781609196,60.73805202661828,True,False,True,False,False,False,True
S1-887684227,S2-564410700,Dyaus Welfare Private Limited,Dyaus Welfare Private Ltd,"Building No.Xxxii/162 Thottungal House, Varikkad, Kuttapuzha, Thiruvalla, Pathanamthitta, Kerala",,0.6,0.0,162,,0,1,dyaus welfare private limited,dyaus welfare private ltd,92.5925925925926,92.5925925925926,0.0,False,True,False,False,False,True,True
S1-180532712,S2-461123954,Grs Hospital Private Limited,Grs Hospital Private Ltd,"C-10/5 Vasant Vihar, New Delhi, South West, Delhi","DOOR NO 902 C-10/5 VASANT VIHAR, NEW DELHI, Delhi",0.6,0.5833333333333334,"10,5","10,5,902",2,0,grs hospital private limited,grs hospital private ltd,92.3076923076923,92.3076923076923,0.0,False,False,False,True,True,True,True
S1-180532712,S2-683644411,Grs Hospital Private Limited,Grs Hospital  Private,"C-10/5 Vasant Vihar, New Delhi, South West, Delhi","#902 C-10/5 VASANT VIHAR, NEW DELHI, Delhi",0.75,0.7,"10,5","10,5,902",2,0,grs hospital private limited,grs hospital private,100.0,100.0,0.0,False,False,False,True,True,True,True
S1-180532712,S2-496406897,Grs Hospital Private Limited,Grs Private Limited Services,"C-10/5 Vasant Vihar, New Delhi, South West, Delhi","#902 C-10/5 VASANT VIHAR, NEW DELHI, दिल्ली",0.6,0.5833333333333334,"10,5","10,5,902",2,0,grs hospital private limited,grs private limited services,80.85106382978724,80.85106382978724,0.0,False,False,False,True,True,True,True
S1-392613519,S2-320182633,New Delhi Creations Private Limited,New Delhi-Creations Delhi-Creations Private,"Plot No 22, Gf Block 2-E Jhandewalan Extension, New Delhi, Central Delhi, Delhi",,0.8,0.0,"2,22",,0,1,new delhi creations private limited,new delhi creations delhi creations private,100.0,100.0,0.0,False,True,False,False,False,True,True
S1-112377656,S2-147717237,Ss Products Private Limited,এসএস প্রোডাক্টস প্রাইভেট লিমিটেড,"408, Rabindra Sarani Beadon Street, Kolkata, Kolkata, Howrah, West Bengal","00408, KOLKATA, HOWRAH, West Bengal",0.0,0.4,408,00408,0,0,ss products private limited,eses proddaaktts praaibhett limittedd,11.764705882352942,68.75,56.98529411764706,True,False,True,False,False,False,False
S1-112377656,S2-737978075,Ss Products Private Limited,এসএস প্রোডাক্টস প্রাইভেট লিমিটেড,"408, Rabindra Sarani Beadon Street, Kolkata, Kolkata, Howrah, West Bengal","00408, KOLKATA, HOWRAH, পশ্চিমবঙ্গ",0.0,0.1428571428571428,408,00408,0,0,ss products private limited,eses proddaaktts praaibhett limittedd,11.764705882352942,68.75,56.98529411764706,True,False,True,False,False,False,False
S1-90707950,S2-185602609,Burn Hardware Private Limited,8urn Hhardwbare Private Limited,"Kerala, Thiruvananthapuram, Pratheeksha, Venniyoor, Neyyattinkara, Trivandrum, 15/196/A","5/196/A, DIVREPORTINGCIRCLE, THIRUVANANTHAPURAM, Kerala",0.3333333333333333,0.3636363636363636,"15,196","196,5",1,0,burn hardware private limited,8urn hhardwbare private limited,93.33333333333331,93.33333333333331,0.0,False,False,False,True,False,False,True
S1-602157202,S2-827453804,Supreme Oak Pvt Ltd,Sdureame Oak Pvt Ltd,"Office No. 231, 2Nd Floor, Swastik Plaza, Subhash Nagar, Pokhran Road No. 2, Thane, Maharashtra","OFFICE NO. 231, GREATER MUMBAI, Maharashtra",0.6,0.25,"2,231",231,1,0,supreme oak pvt ltd,sdureame oak pvt ltd,92.3076923076923,92.3076923076923,0.0,False,False,False,True,False,True,True
S1-761538505,S2-731698060,Life Consultants Pvt Ltd,Life Consultants Pvt [Limited],"1-8-303/69/3, S.P.Road, Secunderabad-500 003. Secunderabad-500 003., Andhra Pradesh, Telangana",,0.6,0.0,"003,1,3,303,500,69,8",,0,1,life consultants pvt ltd,life consultants pvt limited,92.3076923076923,92.3076923076923,0.0,False,True,False,False,False,True,True
S1-620494135,S2-88725833,Sun Hari Agro Limited,ಸನ್ ಹರಿ ಅಗ್ರೋ ಲಿಮಿಟೆಡ್,"No 10, 3Rd A Cross, Opp Bda Park, Anjaneya Nagar, Bsk, 3Rd Stage, Bangalore, Karnataka","NO 10, BANGALORE, Karnataka",0.0,0.2857142857142857,"10,3",10,1,0,sun hari agro limited,sn hri agroo limittedd,15.384615384615389,88.37209302325581,72.98747763864043,True,False,True,True,False,False,True
S1-680647955,S2-365644609,Sun Impex LLP,சன் இம்பெக்ஸ் எல்எல்பி,"Plot No 70 Kalpana Flats, Sri Shakthi Nagar Annanur, Poonamallee, Tiruvallur, Tamil Nadu","KALPANA FLATS, CHENNAI CITY REGION, Tamil Nadu",0.0,0.25,70,,0,0,sun impex llp,cnnn impeks elelpi,14.81481481481481,64.51612903225806,49.701314217443255,True,False,True,False,False,False,False
S1-680647955,S2-646077094,Sun Impex LLP,சன் இம்பெக்ஸ் எல்எல்பி,"Plot No 70 Kalpana Flats, Sri Shakthi Nagar Annanur, Poonamallee, Tiruvallur, Tamil Nadu","KALPANA FLATS, CHENNAI CITY REGION, Tamil Nadu",0.0,0.25,70,,0,0,sun impex llp,cnnn impeks elelpi,14.81481481481481,64.51612903225806,49.701314217443255,True,False,True,False,False,False,False
S1-119486272,S2-577463370,Classic Red Business Private Limited,क्लासिक रेड बिजनेस प्राइवेट लिमिटेड,"Shop No. 2, Building A, Kumar Classic, S No. 155, Near Parihar Chowk, Aundh., Pune, Maharashtra","SHOP NO. 2, null, PUNE, Maharashtra",0.0,0.3125,"155,2",2,1,0,classic red business private limited,klaasik redd bijnes praaivett limittedd,13.559322033898312,74.66666666666667,61.10734463276836,True,False,True,True,False,False,True
S1-756543052,S2-100273395,Krishna Consultancy Private Limited,कृष्ण कंसल्टेंसी प्राइवेट लिमिटेड,"C-301, 3Rd Floor Defence Colony, New Delhi, South Delhi, Delhi","BLOCK B-410 C-301, <NULL>, NEW DELHI, SOUTH DELHI, Delhi",0.0,0.3846153846153846,"3,301","301,410",1,0,krishna consultancy private limited,krssnn knslttensii praaivett limittedd,10.0,65.75342465753425,55.753424657534254,True,False,True,True,False,False,False
S1-388508340,S2-360891631,Vision Global,विजन ग्लोबल,"Lucknow, Jalvayu Vihar Sector L, Afnhb, Lucknow, Uttar Pradesh, 8","#627 8, LUCKNOW, Uttar Pradesh",0.0,0.4,8,"627,8",1,0,vision global,vijn globl,8.333333333333337,78.26086956521739,69.92753623188405,True,False,True,True,False,False,True
S1-950762869,S2-525317297,Shiv Media Private Limited,शिव मीडिया प्राइवेट लिमिटेड,"R. No-5, 1St Floor, 51/53, Industrial House, Nagdevi X Lane, Mumbai, Maharashtra","BLOCK F-582 R. NO-5, महाराष्ट्र, NAGDEVI X LANE, MUMBAI",0.0,0.3333333333333333,"1,5,51,53","5,582",1,0,shiv media private limited,shiv miiddiyaa praaivett limittedd,13.043478260869565,76.66666666666667,63.62318840579711,True,False,True,True,False,False,True
S1-44915782,S2-82284847,Rajeev Agritech,Rajeev  Services,"Unit 1055/109, Gokul Chs Ltd, Adarsh Nagar, Oshiwara, Opp. Honda City, Jogeshwari (W, Est), Mumbai, Mumbai City, Maharashtra",,0.3333333333333333,0.0,"1055,109",,0,1,rajeev agritech,rajeev services,66.66666666666667,66.66666666666667,0.0,False,True,False,False,False,False,False
S1-506353556,S2-788840711,Aditya Power Private Limited,আদিত্য পাওয়ার প্রাইভেট লিমিটেড,"West Bengal, N.S. Road 444, Marshal House, Kolkata, Howrah, 33/1","পশ্চিমবঙ্গ, KOLKATA, 33/1, HOWRAH",0.0,0.25,"1,33,444","1,33",2,0,aditya power private limited,aadity paaoy aar praaibhett limittedd,11.538461538461531,67.6923076923077,56.15384615384616,True,False,True,True,False,False,False
S1-506353556,S2-500380846,Aditya Power Private Limited,আদিত্য পাওয়ার প্রাইভেট লিমিটেড,"West Bengal, N.S. Road 444, Marshal House, Kolkata, Howrah, 33/1","33/1, HOWRAH, KOLKATA, West Bengal",0.0,0.5,"1,33,444","1,33",2,0,aditya power private limited,aadity paaoy aar praaibhett limittedd,11.538461538461531,67.6923076923077,56.15384615384616,True,False,True,True,True,False,False
S1-935940802,S2-714401823,Haryana Welfare Society Care,Services Society Care Haryana,"Mumbai, Maharashtra, Mumbai, Floor-5Th, Plot-71, 72, 77, 213/74, 1, Rehab Building, Mahadeo Palav Marg, New Islam Mill Compound, Parel, 507","50, MUMBAI, Maharashtra",0.6,0.0869565217391304,"1,213,5,507,71,72,74,77",50,0,0,haryana welfare society care,services society care haryana,84.21052631578948,84.21052631578948,0.0,False,False,False,False,False,True,True
S1-937848619,S2-945149218,Jnp Consulting Private Limited,JNP CONSULTING PRIVATE,"Uttar Pradesh, Pratapgarh, Khanapatti, Lalganj, 187",,0.75,0.0,187,,0,1,jnp consulting private limited,jnp consulting private,100.0,100.0,0.0,False,True,False,False,False,True,True
S1-257706976,S2-992537394,Best Gujarat Tech,બેસ્ટ ગુજરાત ટેક,"Ahmedabad, B/1, Karmachari Nagar Vibhag 1, Opp. Rannapark Bus Stand, Ghatlodia, Gujarat","B/B3/1, AHMEDABAD, Gujarat",0.0,0.3076923076923077,1,"1,3",1,0,best gujarat tech,bestt gujraat ttek,12.903225806451616,80.0,67.09677419354838,True,False,True,True,False,False,True
S1-480445125,S2-85889283,Dynamic Brothers Private Limited,Dynamic Brothers Private Ltd,"No126, Arts College Road, Coimbatore-641 018., Tamil Nadu","12 , ARTS COLLEGE ROAD, Tamil Nadu",0.6,0.5,"018,126,641",12,0,0,dynamic brothers private limited,dynamic brothers private ltd,93.33333333333331,93.33333333333331,0.0,False,False,False,False,True,True,True
S1-480445125,S2-669554959,Dynamic Brothers Private Limited,Dynamic Brothers,"No126, Arts College Road, Coimbatore-641 018., Tamil Nadu","NO12 , ARTS COLLEGE ROAD, Tamil Nadu",0.5,0.5,"018,126,641",12,0,0,dynamic brothers private limited,dynamic brothers,100.0,100.0,0.0,False,False,False,False,True,True,True
S1-930577613,S2-363237852,Tech Consultants Pvt Ltd,ਟੈਕ ਕੰਸਲਟੈਂਟਸ ਪ੍ਰਾ. ਲਿ.,"Third Floor, Scf-22 Phase-7 Sector-61, Mohali, Punjab","Punjab, MOHALI, THIRD FLOOR, MOHALI",0.0,0.4,"22,61,7",,0,0,tech consultants pvt ltd,ttaik knslttaintts praa li,15.0,56.00000000000001,41.00000000000001,True,False,True,False,False,False,False
S1-963389509,S2-547471762,Classic Media Private Limited,Classic Media  Limited Services,"89/2, Hirabhai Market, Ground Floor, Dani Limda, Ahmedabad, Gujarat",,0.6,0.0,"2,89",,0,1,classic media private limited,classic media limited services,84.7457627118644,84.7457627118644,0.0,False,True,False,False,False,True,True
S1-626063433,S2-329351058,Eastern Business Pvt Ltd,ईस्टर्न बिजनेस प्रा. लि.,"507, Galleria Shopping Centre Hiranandani Gardens, Powai, Mumbai, Mumbai City, Maharashtra","C-507, महाराष्ट्र, MUMBAI CITY, MUMBAI II",0.0,0.1875,507,507,1,0,eastern business pvt ltd,iisttrn bijnes praa li,13.63636363636364,60.86956521739131,47.23320158102767,True,False,True,True,False,False,False
S1-612702455,S2-696285001,Galaxy Infrastructure Pvt Ltd,गैलेक्सी इंफ्रास्ट्रक्चर प्रा. लि.,"Tower No -10, Flat No -1503 Vipul Lavanya, Sector - 81, Gurugram, Gurgaon, Haryana","TOWER NO -#10, GURUGRAM, GURGAON, हरियाणा",0.0,0.3333333333333333,"10,1503,81",10,1,0,galaxy infrastructure pvt ltd,gaileksii inphraasttrkcr praa li,11.538461538461531,55.73770491803279,44.19924337957126,True,False,True,True,False,False,False
S1-182825150,S2-417669283,Shivam Infrastructure Private Limited,SHIVAM IFNFABTUCTURE PRIVATE (LIMITED),"Naivedhya Pride, Shop-02, Ground Floor, Plot No.4, Sector-16, Ghansoli, Navi Mumbai, Thane, Maharashtra",,0.6,0.0,"02,16,4",,0,1,shivam infrastructure private limited,shivam ifnfabtucture private limited,93.15068493150685,93.15068493150685,0.0,False,True,False,False,False,True,True
S1-973738638,S2-456436815,Indo Projects Private Limited,इंडो प्रोजेक्ट्स प्राइवेट लिमिटेड,"P.N, C-1/S.N- 5, Na, Krishna Enclave Road, Jhotwara, Jaipur, Rajasthan","BLOCK D-299 P.N, JAIPUR, Rajasthan",0.0,0.25,"1,5",299,0,0,indo projects private limited,inddo projektts praaivett limittedd,11.764705882352942,81.25,69.48529411764706,True,False,True,False,False,False,True
S1-844751404,S2-404199092,Red Properties Private Limited,ರೆಡ್ ಪ್ರಾಪರ್ಟೀಸ್ ಪ್ರೈವೇಟ್ ಲಿಮಿಟೆಡ್,"No.336, 12Th Cross, 4Th Mn 2Nd Block, R.T.Nagar, Bangalore North, Bangalore, Karnataka","NO.336, BANGALORE NORTH, BANGALORE, Karnataka",0.0,0.3571428571428571,"12,2,336,4",336,1,0,red properties private limited,redd praaprttiis praiveett limittedd,12.5,75.75757575757575,63.25757575757575,True,False,True,True,False,False,True
S1-844751404,S2-509797579,Red Properties Private Limited,ರೆಡ್ ಪ್ರಾಪರ್ಟೀಸ್ ಪ್ರೈವೇಟ್ ಲಿಮಿಟೆಡ್,"No.336, 12Th Cross, 4Th Mn 2Nd Block, R.T.Nagar, Bangalore North, Bangalore, Karnataka","NO.336, BANGALORE, BANGALORE NORTH, Karnataka",0.0,0.3571428571428571,"12,2,336,4",336,1,0,red properties private limited,redd praaprttiis praiveett limittedd,12.5,75.75757575757575,63.25757575757575,True,False,True,True,False,False,True
S1-361906899,S2-242458300,Mumbai Innovations Private Limited,Mumbai Innovations Limited Limited Center,"A-501 Padamvati Nagaridindayal Upadhyay Marg Mulund West, Mumbai, Maharashtra",,0.6,0.0,501,,0,1,mumbai innovations private limited,mumbai innovations limited limited center,88.13559322033899,88.13559322033899,0.0,False,True,False,False,False,True,True
S1-77210087,S2-110314131,Kbr Seva Samiti,KBR SEVA  SAMITI COMPANY,"P No-1 Kh No-165, Lonapur Gomti Nagar, Lucknow, Uttar Pradesh",,0.75,0.0,"1,165",,0,1,kbr seva samiti,kbr seva samiti company,100.0,100.0,0.0,False,True,False,False,False,True,True
S1-256296030,S2-936453780,All It Private Limited,ऑल आईटी प्राइवेट लिमिटेड,"Flat No.50, Building No.3 Jai Shastri Nagar Chs, Mulund Colony, Mumbai, Mumbai City, Maharashtra","50, MUMBAI CITY, MUMBAI, Maharashtra",0.0,0.2857142857142857,"3,50",50,1,0,all it private limited,onl aaiittii praaivett limittedd,13.95348837209302,66.66666666666667,52.71317829457365,True,False,True,True,False,False,False
S1-421976829,S2-898847740,Ss Healthcare Limited,एसएस हेल्थकेयर लिमिटेड,"828, Sector 15A, Escortsnagar, Faridabad, Faridabad, Haryana","828, FARIDABAD, Haryana",0.0,0.5,"15,828",828,1,0,ss healthcare limited,eses helthkeyr limittedd,9.756097560975604,75.55555555555556,65.79945799457995,True,False,True,True,True,False,True
S1-986085028,S2-220312067,Garg Distributors Private Limited,GARG DISTRIBUTORS PRVIRTE LIMITED,"Plot No. D-1, 4Th Floor, Salcon Ras Vilas, District Centre, Saket, South Delhi, Delhi",,0.6,0.0,"1,4",,0,1,garg distributors private limited,garg distributors prvirte limited,93.93939393939394,93.93939393939394,0.0,False,True,False,False,False,True,True
S1-154629620,S2-745952855,Msp Healthcare Private Limited,healthcareprivate.com,"Flat No. 1, Urmila Society, Ganesh Chambers, S. No. 31, Dhankawadi, Pune, Maharashtra","#C-1, NULL, PUNE, महाराष्ट्र",0.0,0.1111111111111111,"1,31",1,1,0,msp healthcare private limited,healthcareprivate com,74.50980392156863,74.50980392156863,0.0,False,False,False,True,False,False,True
S1-437904017,S2-1857752,Krishna Jain Foods Private Limited,कृष्णा जैन फूड्स प्राइवेट लिमिटेड,"Office No. 138, Tower A, Corenthum Tower A 41, Sector 62, Noida, Gautam Buddha Nagar, Uttar Pradesh","PLOT #197 OFFICE NO. 138, NOIDA, GAUTAM BUDDHA NAGAR, Uttar Pradesh",0.0,0.5294117647058824,"138,41,62","138,197",1,0,krishna jain foods private limited,krssnnaa jain phuudds praaivett limittedd,12.903225806451616,72.0,59.096774193548384,True,False,True,True,True,False,True
S1-357689162,S2-245971273,Pune Solutions Limited,Pune Stoutons Limited,"Sr. No. 49/1A 1, Saswad Road, Urali Devachi, Tal- Haveli, Dist- Pune, Pune, Maharashtra",,0.5,0.0,"1,49",,0,1,pune solutions limited,pune stoutons limited,93.02325581395348,93.02325581395348,0.0,False,True,False,False,False,True,True
S1-473634699,S2-934049,Surya Infotech Private Limited,சூர்யா இன்ஃபோடெக் பிரைவேட் லிமிடெட்,"No.4, Tamil Nadu, Chennai, Kumaran Colony Ii Street, Saidapet","NO.4, CHENNAI CITY REGION, Tamil Nadu",0.0,0.4166666666666667,4,4,1,0,surya infotech private limited,cuuryaa innnhpoottek piraiveett limittett,11.320754716981128,64.7887323943662,53.46797767738508,True,False,True,True,False,False,False
S1-797512870,S2-161655467,Arihant Developers Private Limited,અરિહંત ડેવલપર્સ પ્રાઇવેટ લિમિટેડ,"8Th Floor, Office-810, Arista Business Space, Near Armieda Clinic, Opp. Hof, Bodakdev, Ahmedabad, Gujarat","NO D/8TH FLOOR, AHMEDABAD, ગુજરાત",0.0,0.15,"8,810",8,1,0,arihant developers private limited,arihnt ddevlprs praaivett limittedd,9.677419354838705,81.15942028985508,71.48200093501637,True,False,True,True,False,False,True
S1-384212697,S2-35334813,Innovative Investments Private Limited,ઇનોવેટિવ ઇન્વેસ્ટમેન્ટ્સ પ્રાઇવેટ લિમિટેડ,"206, S.F. Ashirwad Paras- 1 Opp. Andaz Party Plots, Makarba, Ahmedabad, Gujarat","206, AHMEDABAD, Gujarat",0.0,0.2307692307692307,"1,206",206,1,0,innovative investments private limited,inovettiv investtmentts praaivett limittedd,9.375,81.4814814814815,72.1064814814815,True,False,True,True,False,False,True
S1-339131124,S2-109562321,Aditya Investments Private Limited,आदित्य इन्वेस्टमेंट्स प्राइवेट लिमिटेड,"Netley Niwas, 201, Air India Above Lukcy Hotel, Kalina, Santacruz (E), Mumbai, Mumbai City, Maharashtra","NETLEY NIWAS, NULL, MUMBAI, Maharashtra",0.0,0.2666666666666666,201,,0,0,aditya investments private limited,aadity investtmentts praaivett limittedd,9.230769230769226,83.78378378378379,74.55301455301456,True,False,True,False,False,False,True
S1-26325321,S2-452636562,Pace Consultants Private Limited,consultantspaceprivate.com,"Hyderabad, Flat No 301, Telangana, Hyderabad, C-55, 8-3-222/2, Vidyaranya Residency, Madhura Nagar","FLAT NO 301, HYDERABAD, Telangana",0.0,0.3333333333333333,"2,222,3,301,55,8",301,1,0,pace consultants private limited,consultantspaceprivate com,75.86206896551724,75.86206896551724,0.0,False,False,False,True,False,False,True
S1-845796597,S2-932518476,Om Food Private Limited,ओम फूड प्राइवेट लिमिटेड,"Office No.33, 2Nd Floor, Sai Chamber, Plot No-44, Sector-11, Cbd Belapur, Navi Mumbai, Thane, Maharashtra","OFFICE NO.##33, NAVI MUMBAI, THANE, Maharashtra",0.0,0.4117647058823529,"11,2,33,44",33,1,0,om food private limited,om phuudd praaivett limittedd,14.285714285714292,69.23076923076923,54.945054945054935,True,False,True,True,False,False,False
S1-819721651,S2-673767172,Hotel It Private Limited,होटल आईटी प्राइवेट लिमिटेड,"F4/13 Dlf City Phase 1, Gurgaon, Haryana","F4/13  DLF CITY PHASE 1, GURGAON, हरियाणा",0.0,0.6363636363636364,"1,13,4","1,13,4",3,0,hotel it private limited,hottl aaiittii praaivett limittedd,12.765957446808514,72.41379310344827,59.64783565663976,True,False,True,True,True,False,True
S1-872505581,S2-599195475,Shiv Consultants Private Limited,SHIV COLSEULTAMGNTS PRIVATE LIMITED,"3, Renuka Nagar, Mapar Wadi Road, Sinner, Nashik, Maharashtra",,0.6,0.0,3,,0,1,shiv consultants private limited,shiv colseultamgnts private limited,92.53731343283582,92.53731343283582,0.0,False,True,False,False,False,True,True
S1-129720408,S2-35948139,RVE Services Pvt. Ltd.,rservices.com,"202, Ahmedabad, Baroda, Aangan Towers Opp Bhavan'S School, Gujarat","2-202, VADODARA REGION, AHMEDABAD, Gujarat",0.0,0.2307692307692307,202,"2,202",1,0,rve services pvt ltd,rservices com,60.60606060606061,60.60606060606061,0.0,False,False,False,True,False,False,False
S1-129720408,S2-877968628,RVE Services Pvt. Ltd.,Lyradovaxylo,"202, Ahmedabad, Baroda, Aangan Towers Opp Bhavan'S School, Gujarat","2-202, VADODARA REGION, AHMEDABAD, Gujarat",0.0,0.2307692307692307,202,"2,202",1,0,rve services pvt ltd,lyradovaxylo,18.75,18.75,0.0,False,False,False,True,False,False,False
S1-926647798,S2-213986430,Ss One Products Private Limited,எஸ்எஸ் ஒன் புராடக்ட்ஸ் பிரைவேட் லிமிடெட்,"No.9, Manikkavasakar St, Chitlapakkam, Chennai, Kanchipuram, Tamil Nadu","NO.9-9, KANCHIPURAM, Tamil Nadu",0.0,0.5555555555555556,9,9,1,0,ss one products private limited,eses onnn puraattktts piraiveett limittett,15.094339622641511,63.01369863013699,47.91935900749548,True,False,True,True,True,False,False
S1-608243778,S2-269234309,Aditya Consultants Private Limited,आदित्य कंसल्टेंट्स प्राइवेट लिमिटेड,"North West Delhi, Gupta Tower, Azadpur Commercial Complex, Azadpur, Delhi, 302","302, DELHI",0.0,0.2222222222222222,302,302,1,0,aditya consultants private limited,aadity knslttentts praaivett limittedd,9.677419354838705,75.0,65.3225806451613,True,False,True,True,False,False,True
S1-693308459,S2-85508859,International Technologies Private Limited,इंटरनेशनल टेक्नोलॉजीज प्राइवेट लिमिटेड,"Gurgaon, Deepmala Apartments, Sector 10A, Haryana, Flat 11","GURUGRAM, GURGAON, Haryana, FLAT 11",0.0,0.4444444444444444,"10,11",11,1,0,international technologies private limited,inttrneshnl tteknolonjiij praaivett limittedd,8.333333333333329,66.66666666666667,58.33333333333334,True,False,True,True,False,False,False
S1-843416265,S2-933747006,All It Private Limited,ALL ALL IT PRITE LIMITED,"T5-1001, Parsavnath Greenville, Sector-48, Sohna Road, Gurgaon, Haryana",,0.6,0.0,"1001,48,5",,0,1,all it private limited,all all it prite limited,95.23809523809524,95.23809523809524,0.0,False,True,False,False,False,True,True
S1-843416265,S2-832765032,All It Private Limited,ऑल आईटी प्राइवेट लिमिटेड,"T5-1001, Parsavnath Greenville, Sector-48, Sohna Road, Gurgaon, Haryana","GURGAON, Haryana, TB3/5-1001, GURGAON",0.0,0.25,"1001,48,5","1001,3,5",2,0,all it private limited,onl aaiittii praaivett limittedd,13.95348837209302,66.66666666666667,52.71317829457365,True,False,True,True,False,False,False
S1-843416265,S2-782226927,All It Private Limited,ऑल आईटी प्राइवेट लिमिटेड,"T5-1001, Parsavnath Greenville, Sector-48, Sohna Road, Gurgaon, Haryana","TB3/5-1001, GURGAON, हरियाणा",0.0,0.1333333333333333,"1001,48,5","1001,3,5",2,0,all it private limited,onl aaiittii praaivett limittedd,13.95348837209302,66.66666666666667,52.71317829457365,True,False,True,True,False,False,False
S1-93342587,S2-634279230,Premier Infotech,പ്രീമിയർ ഇൻഫോടെക്,"No.107, 4Th Floor, D D Corner Stone S.A.Road, Kadavanthara, Kochi, Ernakulam, Kerala","NO.07, KOCHI, ERNAKULAM, Kerala",0.0,0.2666666666666666,"107,4",07,0,0,premier infotech,priimiy iphoottek,6.25,54.54545454545455,48.29545454545455,True,False,True,False,False,False,False
S1-696642661,S2-20377610,AD Chit Center,Xyloxylo,"115 Dbs Heritage House, Prescott Street, Fort, Mumbai, Maharashtra","DBS HERITAGE HOUSE, MUMBAI, Maharashtra",0.0,0.5555555555555556,115,,0,0,ad chit center,xyloxylo,0.0,0.0,0.0,False,False,False,False,True,False,False
S1-758491323,S2-717052266,Trading Kaolin Private Limited,Private Trading Kaolin Ltd,"A-54, Third Floor, Paryavaran Complex, New Delhi, South West Delhi, Delhi","A-54, NEW DELHI, SOUTH WEST DELHI, Delhi",0.6,0.6,54,54,1,0,trading kaolin private limited,private trading kaolin ltd,92.85714285714286,92.85714285714286,0.0,False,False,False,True,True,True,True
S1-985162139,S2-644131139,Lex Services Private Limited,Lex Sesnrice Private Limited,"Flat No. 20 Block-2, Mohali Employees Co-Operative House Building Society, Sector 68, Mohali, Punjab",,0.6,0.0,"2,20,68",,0,1,lex services private limited,lex sesnrice private limited,92.85714285714286,92.85714285714286,0.0,False,True,False,False,False,True,True
S1-187972610,S2-617751549,Bansal System Limited,Shri sbansal.com,"New Delhi, 68, New Delhi, Palika Gram Laxmi Bai Nagar, Delhi","68, NEW DELHI, N/A, Delhi",0.0,0.3,68,68,1,0,bansal system limited,shri sbansal com,43.24324324324324,43.24324324324324,0.0,False,False,False,True,False,False,False
S1-770968871,S2-914606039,Laxmi East Systems Limited,லக்ஷ்மி ஈஸ்ட் சிஸ்டம்ஸ் லிமிடெட்,"433/2, Virudhunagar, Rajapalayam, Tamil Nadu, North Malaiyadipatti","333/2, RAJAPALAYAM, Tamil Nadu",0.0,0.4444444444444444,"2,433","2,333",1,0,laxmi east systems limited,lkssmi iistt cisttms limittett,13.043478260869565,64.28571428571428,51.24223602484472,True,False,True,True,False,False,False
S1-735325699,S2-793632001,Noida Services Private Limited,#noidaservices,"Shop No. 47, Ii Nd Floor Sector 18, Noida, Gautam Buddha Nagar, Uttar Pradesh","Uttar Pradesh, SHOP NO. #47 , II ND FLOOR SECTOR 18, NODDA",0.0,0.6666666666666666,"18,47","18,47",2,0,noida services private limited,noidaservices,60.46511627906977,60.46511627906977,0.0,False,False,False,True,True,False,False
S1-381252368,S2-420745505,Delhi Infratech,... Delhi Infratech Corporation,"West Delhi, Csc Market, Block - D, Pushpanjali Enclave, Pitam Pura, Delhi, Shop No 17","H.NO 17, DELHI, WEST DELHI, Delhi",0.6666666666666666,0.2857142857142857,17,17,1,0,delhi infratech,delhi infratech corporation,100.0,100.0,0.0,False,False,False,True,False,True,True
S1-810464283,S2-304248663,Columbia Human Private Limited,*** Columbia Human,"3993, First Floor, Above Sanjay Photographer Astodia Chakla, Ahmedabad, Gujarat","4993, AHMEDABAD, Gujarat",0.5,0.1818181818181818,3993,4993,0,0,columbia human private limited,columbia human,100.0,100.0,0.0,False,False,False,False,False,True,True
S1-214742918,S2-214848065,Modern Healthcare Limited,मॉडर्न हेल्थकेयर लिमिटेड,"7, Pratap Nagar, 200Ftbypass, Harnathpura, Jaipur, Rajasthan","7, JAIPUR, Rajasthan",0.0,0.4285714285714285,"200,7",7,1,0,modern healthcare limited,monddrn helthkeyr limittedd,8.888888888888886,76.92307692307692,68.03418803418803,True,False,True,True,False,False,True
S1-414749572,S2-944954761,Sai Builders Pvt Ltd,Pvt Sai Builders Límited,"West Bengal, 94 Vivekanand Nagar, P.O- Podrah, Andul Road, Near Westbank Hospital, 3Rd Floor, Howrah, Uluberia - I, Ananta Bhavan","HN 497 ANANTA BHAVAN, HOWRAH, পশ্চিমবঙ্গ",0.6,0.1153846153846153,"3,94",497,0,0,sai builders pvt ltd,pvt sai builders limited,90.9090909090909,90.9090909090909,0.0,True,False,True,False,False,True,True
S1-952589555,S2-154078762,Shakti Impex Limited,शक्ति इम्पेक्स लिमिटेड,"N9, E-1, O2, Cidco Aurangabad, Aurangabad, Maharashtra","N9, AURANGABAD, Maharashtra",0.0,0.4285714285714285,"1,2,9",9,1,0,shakti impex limited,shkti impeks limittedd,9.756097560975608,85.71428571428572,75.95818815331012,True,False,True,True,False,False,True
S1-351577743,S2-489459552,Green Hospitality Private Limited,ഗ്രീൻ ഹോസ്പിറ്റാലിറ്റി പ്രൈവറ്റ് ലിമിറ്റഡ്,"No. 6/858-M, 2Nd Floor, Suite No.937 Valamkottil Towers, Judgemukku, Kakkanad, Kochi, Ernakulam, Kerala","COCHIN, Kerala, ERNAKULAM, NO A-6/858-M",0.0,0.3529411764705882,"2,6,858,937","6,858",2,0,green hospitality private limited,grii hoospirrrraalirrrri praivrrrr limirrrrdd,10.714285714285708,56.41025641025641,45.6959706959707,True,False,True,True,False,False,False
S1-747803124,S2-620016670,Ashank & Brothers Limited,Ashank Ashank Brothers Limited Services,"H.No-421 Aya Nagar, Near Uday Photo Studio, New Delhi, Delhi",,0.6,0.0,421,,0,1,ashank and brothers limited,ashank ashank brothers limited services,92.0,92.0,0.0,False,True,False,False,False,True,True
S1-617456656,S2-716566685,High Projects Pvt Ltd,హై ప్రాజెక్ట్స్ ప్రైవేట్ లిమిటెడ్,"6-3-248/H/1, Telangana, 3Rd Floor, Prasanthi Mansion, Road No.1, Banjara Hills, Hyderabad, Hyderabad","HYDERABAD, తెలంగాణ, #234 6-3-248/H/1, HYDERABAD",0.0,0.3,"1,248,3,6","1,234,248,3,6",4,0,high projects pvt ltd,hai praajektts praiveett limittedd,14.285714285714292,61.81818181818182,47.53246753246753,True,False,True,True,False,False,False
S1-303974953,S2-857124040,Ram Systems Private Limited,Ram Systems ప్రైవేట్ లిమిటెడ్,"Hyderabad, H. No. 11-5-238/3, Telangana, Third Floor Hp Road Moosapet, Medchal Malkajgiri District, Hyderabad",,0.1818181818181818,0.0,"11,238,3,5",,0,1,ram systems private limited,ram systems praiveett limittedd,61.11111111111112,86.20689655172414,25.095785440613028,True,True,True,False,False,False,True
S1-42363801,S2-732412233,Videocon & Brothers Limited,Videocon & Limited Service,"3-114 Pradhana Street, Mangalapalem, Vizianagaram, Kothavalasa, Vizianagaram, Andhra Pradesh",,0.6,0.0,"114,3",,0,1,videocon and brothers limited,videocon and limited service,83.33333333333333,83.33333333333333,0.0,False,True,False,False,False,True,True
S1-599489610,S2-759801612,Black Consultants Pvt Ltd,બ્લેક કન્સલ્ટન્ટ્સ પ્રા. લિ.,"E/401, Shajanand Residency, Near Saurabh Society, Helmet Circle, Ahmedabad, Gujarat","AHMEDABAD, E/401, Gujarat, AHMEDABAD",0.0,0.3636363636363636,401,401,1,0,black consultants pvt ltd,blek knslttntts praa li,12.765957446808514,62.5,49.734042553191486,True,False,True,True,False,False,False
S1-599226465,S2-551520638,First Producer Private Limited,ഫസ്റ്റ് പ്രൊഡ്യൂസർ പ്രൈവറ്റ് ലിമിറ്റഡ്,"No.4/461, 2Nd Floor, Suite 1183, Valamkottil Towers, Judgemukku, Kakkanad, Kanayannur, Ernakulam, Kerala","NO.4/461, ERNAKULAM, KANAYANNUR, Kerala",0.0,0.4285714285714285,"1183,2,4,461","4,461",2,0,first producer private limited,phsrrrr proddyuus praivrrrr limirrrrdd,10.909090909090908,52.94117647058824,42.03208556149733,True,False,True,True,False,False,False
S1-887430442,S2-976697263,Gujarat Shivam Food Private Limited,गुजरात शिवम फूड प्राइवेट लिमिटेड,"Unit No-334, Third Floor Tower-B, Spazedge Sector-47 Sohna Road Gurugram Haryana, Haryana, Gurgaon, Gurugram","UNIT NO-C-334, GURUGRAM, GURGAON, Haryana",0.0,0.375,"334,47",334,1,0,gujarat shivam food private limited,gujraat shivm phuudd praaivett limittedd,12.698412698412696,74.66666666666666,61.96825396825396,True,False,True,True,False,False,True
S1-887430442,S2-983708106,Gujarat Shivam Food Private Limited,गुजरात शिवम फूड प्राइवेट लिमिटेड,"Unit No-334, Third Floor Tower-B, Spazedge Sector-47 Sohna Road Gurugram Haryana, Haryana, Gurgaon, Gurugram","UNIT NO-C-334, GURUGRAM, GURGAON, Haryana",0.0,0.375,"334,47",334,1,0,gujarat shivam food private limited,gujraat shivm phuudd praaivett limittedd,12.698412698412696,74.66666666666666,61.96825396825396,True,False,True,True,False,False,True
S1-323983268,S2-548188767,Eastern Tech Pvt Ltd,ईस्टर्न टेक प्रा. लि.,"1, Aditya Nagar Cp Colony, Mall Road, Morar, Gwalior, Madhya Pradesh","Madhya Pradesh, GWALIOR, 2, GWALIOR",0.0,0.25,1,2,0,0,eastern tech pvt ltd,iisttrn ttek praa li,16.216216216216218,55.00000000000001,38.78378378378379,True,False,True,False,False,False,False
S1-573186827,S2-132005915,North Power Limited,North Limited Services,"25/406 A, First Floor, Samskarikanilayam, Koyilandi, Kozhikode, Kerala",,0.5,0.0,"25,406",,0,1,north power limited,north limited services,81.25,81.25,0.0,False,True,False,False,False,True,True
S1-166063511,S2-117386176,Indo Management Private Limited,इंडो मैनेजमेंट प्राइवेट लिमिटेड,"7 / 159, Pocket - 37, Sector - 23 Rohini, New Delhi, North Delhi, Delhi","NORTH DELHI, NEW DELHI, 7 / 159, दिल्ली",0.0,0.4166666666666667,"159,23,37,7","159,7",2,0,indo management private limited,inddo mainejmentt praaivett limittedd,11.538461538461531,79.41176470588236,67.87330316742083,True,False,True,True,False,False,True
S1-899266253,S2-775180085,Trinity Trading Pvt Ltd,Ltd Trinity Pvt Partners,"H. No. 70 3Rd Floor, Blk-2, Whs Kirti Nagar Ind Area Landmark Near, New Delhi, West Delhi, Delhi","WEST DELHI, दिल्ली, H.NO C-70 3RD FLOOR, NEW DELHI",0.6,0.4,"2,3,70","3,70",2,0,trinity trading pvt ltd,ltd trinity pvt partners,78.94736842105263,78.94736842105263,0.0,False,False,False,True,False,True,True
S1-361300686,S2-273112128,UL Technologies LLP,LLP UL Teechnohlogies,"Plot No. 26 B, Near Sagar Market, Jaipur, Rajasthan","#26 B, JAIPUR, राजस्थान",0.5,0.2307692307692307,26,26,1,0,ul technologies llp,llp ul teechnohlogies,95.0,95.0,0.0,False,False,False,True,False,True,True
S1-447734673,S2-759375304,Eagles Trading Private Limited,Eagles Trading Limited Service,"C/O Pavan Kumar Verma, 7, Civil Lines Mandki Rd., Dewas, Madhya Pradesh",,0.6,0.0,7,,0,1,eagles trading private limited,eagles trading limited service,86.66666666666667,86.66666666666667,0.0,False,True,False,False,False,True,True
S1-637245704,S2-612399729,Fashion Global Private Limited,Fashion Goabcl Private Limited,"E- 1093, Rajajipuram, Lucknow, Uttar Pradesh","E- 3093, RAJAJIPURAM, LUCKNOW, उत्तर प्रदेश",0.6,0.25,1093,3093,0,0,fashion global private limited,fashion goabcl private limited,93.33333333333331,93.33333333333331,0.0,False,False,False,False,False,True,True
S1-303555919,S2-904718605,Krishna Investments,కృష్ణా ఇన్వెస్ట్‌మెంట్స్,"8-2-1/4, Panjagutta, Hyderabad Hyderabad, Hyderabad, Telangana","HYDERABAD URBAN, PANJAGUTTA, Telangana, 6-8-2-1/4",0.0,0.7777777777777778,"1,2,4,8","1,2,4,6,8",4,0,krishna investments,krssnnaa investtmentts,5.714285714285708,82.92682926829268,77.21254355400697,True,False,True,True,True,False,True
S1-274656492,S2-671833172,Supreme Investment Private Limited,సుప్రీమ్ ఇన్వెస్ట్‌మెంట్ ప్రైవేట్ లిమిటెడ్,"D No A-3/5/P, Ida Kukatpally, Hyderabad, Telangana","HYDERABAD, D NO A-3/5/P, తెలంగాణ",0.0,0.5,"3,5","3,5",2,0,supreme investment private limited,supriim investtmentt praiveett limittedd,11.538461538461531,81.08108108108108,69.54261954261955,True,False,True,True,True,False,True
S1-105188242,S2-711173594,Surya Projects Private Limited,Surya Patjecst Private Limited,"2, 212- B, Near Navata, Transport, Auto Nagar, Nellore, Andhra Pradesh",,0.6,0.0,"2,212",,0,1,surya projects private limited,surya patjecst private limited,90.0,90.0,0.0,False,True,False,False,False,True,True
S1-702447275,S2-387303695,Nagan Marketing Associates,Nagan Mrektbng Associates,"House No.450 Chhattarpur, New Delhi, South Delhi, Delhi","HOUSE NO.45 CHHATTARPUR, NEW DELHI, दिल्ली",0.5,0.5,450,45,0,0,nagan marketing associates,nagan mrektbng associates,90.19607843137256,90.19607843137256,0.0,False,False,False,False,True,True,True
S1-690069751,S2-442900207,Sneh Trading Private Limited,Privtiahet Sneh Trading Limited,"222, Sector 31 32A, Huda, Sector 31, Market, Sector -45, Gurgaon, Haryana","222, GURGAON, SECTOR -45, हरियाणा",0.6,0.3333333333333333,"222,31,32,45","222,45",2,0,sneh trading private limited,privtiahet sneh trading limited,91.52542372881356,91.52542372881356,0.0,False,False,False,True,False,True,True
S1-641328974,S2-601504645,Four Bikes Private Limited,bikesprivate.com,"C/O Ramanashree Arcade, Mg Road, Ulsoor, Bangalore North, Bangalore, Karnataka","C/O RAMANLSHREE ARCADE, MG ROAD, ULSOOR, BENGALURU, BANGALORE, Karnataka",0.0,0.6666666666666666,,,0,0,four bikes private limited,bikesprivate com,66.66666666666667,66.66666666666667,0.0,False,False,False,False,True,False,False
S1-380761373,S2-342368890,Shiva Great Logistics Private Limited,शिवा ग्रेट लॉजिस्टिक्स प्राइवेट लिमिटेड,"Delhi, South Delhi, New Delhi, Rworkspaces, Unit No.1, Plot No2, Dda Building, Third Floor, Vardhman Trade Centre","RWORKBPACES, NEW DELHI, SOUTH DELHI, दिल्ली",0.0,0.1578947368421052,"1,2",,0,0,shiva great logistics private limited,shivaa grett lonjisttiks praaivett limittedd,12.698412698412696,79.01234567901234,66.31393298059965,True,False,True,False,False,False,True
S1-999839508,S2-175102044,Indo Technologies Private Limited,INDO TECHNOLOGIES,"Flat No.605, A Wing, Shilpin Chs, Off Poisar Gymkhana Road, Kanidvali West, Mumbai, Mumbai City, Maharashtra",,0.5,0.0,605,,0,1,indo technologies private limited,indo technologies,100.0,100.0,0.0,False,True,False,False,False,True,True
S1-972273768,S2-122060592,Magic Industries Private Limited,Magic lndustries Prívate Ltd,"Pl No. Iii, Rajankuppam Rd, Sail Nagar, Thiruninravur, Sriperumbudur, Tiruvallur, Tamil Nadu",,0.1428571428571428,0.0,,,0,1,magic industries private limited,magic lndustries private ltd,86.66666666666667,90.0,3.3333333333333286,True,True,True,False,False,False,True
S1-771995692,S2-98212025,Mohali Pharmaceuticals Pvt. Ltd.,Wexkel0vio,"Punjab, B-201, Mohali, Ivory Towers Sector 70, Mohali","B-199, MOHALI, Punjab",0.0,0.3333333333333333,"201,70",199,0,0,mohali pharmaceuticals pvt ltd,wexkel0vio,15.000000000000002,15.000000000000002,0.0,False,False,False,False,False,False,False
S1-601203575,S2-908765230,Om Care,ఓమ్ కేర్,"Gf 9, Aditya Vindhya Block, Ameerpet, Hyderabad, Telangana","GF 9, HYDERABAD, Andhra Pradesh",0.0,0.3,9,9,1,0,om care,oom keer,15.384615384615389,53.333333333333336,37.94871794871795,True,False,True,True,False,False,False
S1-690396484,S2-747657382,Vijay Trading Private Limited,Dr Vijay Trading Trading Private Ltd,"521, Nathelav Colony Behind Kabir Mandir, Banswara, Rajasthan",,0.5,0.0,521,,0,1,vijay trading private limited,dr vijay trading trading private ltd,87.71929824561403,87.71929824561403,0.0,False,True,False,False,False,True,True
S1-601226049,S2-75676225,My Agro,माय एग्रो,"501, Tower 11, Adore Samriddhi Society Sector - 89, Faridabad, Haryana","501, FARIDABAD, SONEPAT, Haryana",0.0,0.2727272727272727,"11,501,89",501,1,0,my agro,maay egro,13.33333333333333,75.0,61.66666666666667,True,False,True,True,False,False,True
S1-599560631,S2-829711000,Green Technology Pvt Ltd,గ్రీన్ టెక్నాలజీ ప్రైవేట్ లిమిటెడ్,"3Rd Floor, H No: 1-98/90/24/1/1, Ksr Towers, Madhapur, Hyderabad, Telangana","3RD FLOOR, HYDERABAD, Telangana",0.0,0.3076923076923077,"1,24,3,90,98",3,1,0,green technology pvt ltd,griin tteknaaljii praiveett limittedd,13.043478260869565,52.459016393442624,39.41553813257306,True,False,True,True,False,False,False
S1-599560631,S2-484114155,Green Technology Pvt Ltd,గ్రీన్ టెక్నాలజీ ప్రైవేట్ లిమిటెడ్,"3Rd Floor, H No: 1-98/90/24/1/1, Ksr Towers, Madhapur, Hyderabad, Telangana","3RD FLOOR, HYDERABAD, Telangana",0.0,0.3076923076923077,"1,24,3,90,98",3,1,0,green technology pvt ltd,griin tteknaaljii praiveett limittedd,13.043478260869565,52.459016393442624,39.41553813257306,True,False,True,True,False,False,False
S1-410540438,S2-557354456,Bright Trading Ltd,(Partners) Bright Ltd,"48/2, Eswara Doss Street Triplicane, Chennai, Tamil Nadu","48, CHENNAI, Tamil Nadu",0.5,0.4444444444444444,"2,48",48,1,0,bright trading ltd,partners bright ltd,71.42857142857143,71.42857142857143,0.0,False,False,False,True,False,True,True
S1-149434293,S2-835258379,Pune Td,Piumne Td,"Maharashtra, Flat No 202, S No 126, Dsk Vishwa, Dhayari, Pune, Pawan Bldg D","PAWAN BLDG D, PUNE, महाराष्ट्र",0.3333333333333333,0.2352941176470588,"126,202",,0,0,pune td,piumne td,87.5,87.5,0.0,False,False,False,False,False,False,True
S1-703176041,S2-424490123,All Energy Private Limited,Dr All Enegy Private Limited,"50/6 Vinodpark Chsl Nr Sharma Hospital, Jashodanagar Char Rasta, Daskroi, Ahmedabad, Gujarat",,0.5,0.0,"50,6",,0,1,all energy private limited,dr all enegy private limited,92.5925925925926,92.5925925925926,0.0,False,True,False,False,False,True,True
S1-269701888,S2-635532568,Seven Enterprises,सेवन एंटरप्राइजेज,"Office No.10/11, 1St Floor, Sangam Commercial Complex, Welesley Road, Ner Sangam Bridg, E, R.T.O, Pune, Maharashtra","OFFICE NO.10/11, R.T.O, PUNE, Maharashtra",0.0,0.4736842105263157,"1,10,11","10,11",2,0,seven enterprises,sevn enttrpraaijej,5.882352941176472,74.28571428571429,68.40336134453781,True,False,True,True,False,False,True
S1-897403696,S2-965719850,Red Management,ರೆಡ್ ಮ್ಯಾನೇಜ್‌ಮೆಂಟ್,"No. 73, Hillside Meadows Layout, M S Palya, Vidyaranyapura, Bangalore, Karnataka","H.NO 73/6, BANGALORE, Karnataka",0.0,0.3076923076923077,73,"6,73",1,0,red management,redd myaaneejmentt,7.407407407407405,75.0,67.5925925925926,True,False,True,True,False,False,True
S1-561909754,S2-427029699,Bharat Management,भारत मैनेजमेंट,"6-A/19, G/F, Kh. No 235, Main Road Brahampuri, Chauhan Banger, Near-Mazaar, Delhi, North East, Delhi","DELHI, 6-A/19, NEW DELHI YAMUNA VIHAR, Delhi",0.0,0.1904761904761904,"19,235,6","19,6",2,0,bharat management,bhaart mainejmentt,6.666666666666671,80.0,73.33333333333333,True,False,True,True,False,False,True
S1-173871020,S2-723684997,Gujarat Impex,गुजरात इम्पेक्स,"Office No.304, 3Rd Floor, B-292, Chandra Complex New Ashok Nagar, New Delhi, New Delhi, East Delhi, Delhi","ODFICE NO.304, EAST DELHI, NEW DELHI, दिल्ली",0.0,0.2941176470588235,"292,3,304",304,1,0,gujarat impex,gujraat impeks,7.14285714285714,81.4814814814815,74.33862433862436,True,False,True,True,False,False,True
S1-202695926,S2-275800366,Gold Logistics,गोल्ड लॉजिस्टिक्स,"Flat No A-203 Plot No 58, Sector 19 Airoli, Thane, Maharashtra","Maharashtra, FLAT NO A-203 PLOT NO 58, NAVI MUMBAI REGION, THANE",0.0,0.5714285714285714,"19,203,58","203,58",2,0,gold logistics,goldd lonjisttiks,7.407407407407405,77.41935483870968,70.01194743130227,True,False,True,True,True,False,True
S1-657064332,S2-117802955,East Infotech Private Limited,ఈస్ట్ ఇన్ఫోటెక్ ప్రైవేట్ లిమిటెడ్,"H No. 3-2-63/2/78, 1 St Floor, Street No. 14, Bhavani Nagar, Mallapur, Hyderabad, Telangana","H NO. 3-2-63/2/78, HYDERABAD, Telangana",0.0,0.5,"1,14,2,3,63,78","2,3,63,78",4,0,east infotech private limited,iistt inphoottek praiveett limittedd,11.538461538461531,67.6923076923077,56.15384615384616,True,False,True,True,True,False,False
S1-356097157,S2-908385598,Silver Ventures,સિલ્વર વેન્ચર્સ,"A 404, 4Th Floor, Ratnakar Nine Square, Nr. Shivranjani Cross Road, Ahmedabad, Gujarat","A 404, AHMEDABAD, Gujarat",0.0,0.3076923076923077,"4,404",404,1,0,silver ventures,silvr vencrs,7.142857142857139,81.4814814814815,74.33862433862436,True,False,True,True,False,False,True
S1-863589887,S2-710126340,Eastern Food Private Limited,ईस्टर्न फूड प्राइवेट लिमिटेड,"E 21, Jawahar Park, Laxmi Nagar, East Delhi, Delhi","E ##21, EAST DELHI, दिल्ली",0.0,0.4,21,21,1,0,eastern food private limited,iisttrn phuudd praaivett limittedd,11.538461538461531,64.51612903225806,52.97766749379653,True,False,True,True,False,False,False
S1-552493378,S2-560658106,Ship Brothers Limited,5hip Limited Center,"S4, Rose Apartment, Beside Hasmee Apartment Nr. Jafri Tower, Kochrab, Paldi, Ahmedabad, Gujarat","S4, AHMEDABAD, Gujarat",0.2,0.25,4,4,1,0,ship brothers limited,5hip limited center,55.00000000000001,55.00000000000001,0.0,False,False,False,True,False,False,False
S1-782657550,S2-350095881,Th Medical Private Limited,Th-Msl Private Private Limited,"5-7, 1St Floor, Plot 420, Arsiwala Bldg Maulana Shaukat Ali Road, Grant Road, Mumbai, Mumbai City, Maharashtra","MUMBAI CITY, Maharashtra, MUMBAI, 4-7",0.6,0.2352941176470588,"1,420,5,7","4,7",1,0,th medical private limited,th msl private private limited,90.0,90.0,0.0,False,False,False,True,False,True,True
S1-78329619,S2-506699426,South Consultancy,साउथ कंसल्टेंसी,"Wework Enam Sambhav, C-20, G Block Bkc, Bandra Kurla Complex, Bandra, Mumbai, Maharashtra","MUMBAI, Maharashtra, #A-326 WEWORK ENAM SAMBHAV, BANDRA",0.0,0.4,20,326,0,0,south consultancy,saauth knslttensii,7.142857142857139,57.142857142857146,50.00000000000001,True,False,True,False,False,False,False
S1-535210480,S2-124372231,Maa Management Private Limited,माँ मैनेजमेंट प्राइवेट लिमिटेड,"Floor 4, Onlooker Building, Sir P M Road, Fort, Mumbai, Mumbai City, Maharashtra","FLOOR ##4, BANGALORE URBAN, MUMBAI CITY, महाराष्ट्र",0.0,0.2222222222222222,4,4,1,0,maa management private limited,maan mainejmentt praaivett limittedd,12.244897959183676,78.78787878787878,66.54298082869511,True,False,True,True,False,False,True
S1-236399343,S2-858097425,Silver Products Limited,ಸಿಲ್ವರ್ ಪ್ರೊಡಕ್ಟ್ಸ್ ಲಿಮಿಟೆಡ್,"207, 2Nd Flr, Vandana Coral Apts, 1St Cross, 4Th Mn New Anugraha Layout, Bilekahali Post, Bangalore, Karnataka","DOOR NO 396 207, BANGALORE, Karnataka",0.0,0.15,"1,2,207,4","207,396",1,0,silver products limited,silvr proddktts limittedd,9.523809523809518,83.33333333333334,73.80952380952382,True,False,True,True,False,False,True
S1-957656420,S2-592447304,Perfect Logistics Private Limited,परफेक्ट लॉजिस्टिक्स प्राइवेट लिमिटेड,"239, Sunny Palace, Zone-1 M.P.Nagar, Bhopal, Madhya Pradesh","SUNNY PALACE, BANGALORE, मध्य प्रदेश, ZONE-1 M.P.NAGAR, 241",0.0,0.3888888888888889,"1,239","1,241",1,0,perfect logistics private limited,prphektt lonjisttiks praaivett limittedd,10.526315789473683,71.23287671232876,60.70656092285508,True,False,True,True,False,False,True
S1-611522020,S2-23970819,Tech Dream Foods Private Limited,ಟೆಕ್ ಡ್ರೀಮ್ ಫುಡ್ಸ್ ಪ್ರೈವೇಟ್ ಲಿಮಿಟೆಡ್,"Karnataka, No 64, Bangalore, Bangalore South, S M Plaza, Shop No.1, 2Nd Floor, Dvg Road, Basavanagudi","DOOR NO 64, BANGALORE SOUTH, BANGALORE, ಕರ್ನಾಟಕ",0.0,0.2105263157894736,"1,2,64",64,1,0,tech dream foods private limited,ttek ddriim phudds praiveett limittedd,15.686274509803924,65.71428571428571,50.028011204481786,True,False,True,True,False,False,False
S1-739761234,S2-777663818,Regius Hotels Private Limited,Regius Private Limited Center,"Co Hashmukhbhai Pedhadiya, Shop No 321 Vit Bhavan, Opp Gurukul, Rajkot, Gujarat",,0.6,0.0,321,,0,1,regius hotels private limited,regius private limited center,86.27450980392157,86.27450980392157,0.0,False,True,False,False,False,True,True
S1-916762930,S2-302683355,Shivam Developers,Shivam Delopesr,"2Nd Floor 340/48Narsinatha Street Katha Bazar, Mumbai, Maharashtra",,0.3333333333333333,0.0,"2,340,48",,0,1,shivam developers,shivam delopesr,87.5,87.5,0.0,False,True,False,False,False,False,True
S1-118422010,S2-875516671,Royal Producer Private Limited,Royal Producer Private,"Sabari Flats, F2B-457 2Nd Link Road, Sadasiva Nagar, Madippakk, Am, Chennai, Tamil Nadu",,0.75,0.0,"2,457",,0,1,royal producer private limited,royal producer private,100.0,100.0,0.0,False,True,False,False,False,True,True
S1-118422010,S2-669495781,Royal Producer Private Limited,ராயல் புரொட்யூசர் பிரைவேட் லிமிடெட்,"Sabari Flats, F2B-457 2Nd Link Road, Sadasiva Nagar, Madippakk, Am, Chennai, Tamil Nadu","PLOT #91 SABARI FLATS, CHENNAI, AM, தமிழ்நாடு",0.0,0.2,"2,457",91,0,0,royal producer private limited,raayl purottyuucr piraiveett limittett,12.244897959183676,67.64705882352942,55.40216086434575,True,False,True,False,False,False,False
S1-970695996,S2-584975688,Ghspl Charitable Trust,Ghspl  Charitbacel Trust,"No 348, 7Th Sector Hsr Layout, 9Th Main, Bangalore, Karnataka","NO 34 , 7TH SECTOR HSR LAYOU, 9TH MAIN, BANGALORE, ಕರ್ನಾಟಕ",0.5,0.4666666666666667,"348,7,9","34,7,9",2,0,ghspl charitable trust,ghspl charitbacel trust,88.88888888888889,88.88888888888889,0.0,False,False,False,True,False,True,True
S1-616761693,S2-866989913,Shiva Media Private Limited,சிவா மீடியா பிரைவேட் லிமிடெட்,"Old No. 31, New No. 42, Third Street, East Abhiramapuram, Chennai, Tamil Nadu","OLD NO. C-31, MADRAS, Tamil Nadu",0.0,0.3571428571428571,"31,42",31,1,0,shiva media private limited,civaa miittiyaa piraiveett limittett,14.285714285714292,63.49206349206349,49.2063492063492,True,False,True,True,False,False,False
S1-809829429,S2-267351601,Hitech Care Private Limited,హైటెక్ కేర్ Private Limited,"Flat No: 1202, Sapphire Block, My Home Jewel Madinaguda, Hyderabad, Telangana","NO. 708 FLAT NO: 1202, HYDERABAD, Andhra Pradesh",0.25,0.2857142857142857,1202,"1202,708",1,0,hitech care private limited,haittek keer private limited,78.94736842105263,80.0,1.05263157894737,True,False,True,True,False,False,True
S1-934246513,S2-971724589,Pvg Brothers Pvt Ltd,Jaxfluxkelo,"204, Third Floor, Vaibhav Apartments Gen Ak. V Marg, Nnp, Goregaon East, Mumbai, Mumbai City, Maharashtra","204, MUMBAI, MUMBAI CITY, महाराष्ट्र",0.0,0.1578947368421052,204,204,1,0,pvg brothers pvt ltd,jaxfluxkelo,12.903225806451616,12.903225806451616,0.0,False,False,False,True,False,False,False
S1-835062442,S2-566654759,Shiva Industries Limited,శివ ఇండస్ట్రీస్ లిమిటెడ్,"Plot No 1, Telangana, H.No 1-2-50/1, Ground Floor, Brindavan Colony, Nizampet Road, Hyderna, Gar, Rangareddy, Medchal","PLOT NO 1, MEDCHAL, PRAGATHINAGAR, Telangana",0.0,0.2777777777777778,"1,2,50",1,1,0,shiva industries limited,shiv inddsttriis limittedd,9.090909090909092,84.0,74.9090909090909,True,False,True,True,False,False,True
S1-888397383,S2-174352022,Madan Engineering,Madan-Services,"Dsm 630, West Delhi, New Delhi, 6Th Floor Dlf Towers, Shivaji Marg, Delhi",,0.3333333333333333,0.0,"6,630",,0,1,madan engineering,madan services,58.064516129032256,58.064516129032256,0.0,False,True,False,False,False,False,False
S1-455642807,S2-470113957,Pioneer Food Private Limited,पायोनियर फूड प्राइवेट लिमिटेड,"Row No 6, Plot No 1 To 9, Mohini Nagar, Kedgaon, Ahmednagar, Ahmed Nagar, Maharashtra","AHILYANAGAR, Maharashtra, AHMED NAGAR, H.NO 352 ROW NO 6",0.0,0.375,"1,6,9","352,6",1,0,pioneer food private limited,paayoniyr phuudd praaivett limittedd,11.764705882352942,62.5,50.73529411764706,True,False,True,True,False,False,False
S1-101708849,S2-247350665,Rajkot Multitrade Corp,Rajkot Corp-Service,"Om, Brahmkunj Soc-2, Pl-57 Opp-Soham Appt, Rajkot, Gujarat",,0.5,0.0,"2,57",,0,1,rajkot multitrade corp,rajkot corp service,73.33333333333333,73.33333333333333,0.0,False,True,False,False,False,True,True
S1-861331864,S2-725468780,Global Construction,ગ્લોબલ કન્સ્ટ્રક્શન,"406 4Th Floor, W-1, Opp Psp House, B/H S. G. Highway, Daskroi, Ahmedabad, Gujarat","ગુજરાત, AHMEDABD, ##406 4TH FLOOR",0.0,0.15,"1,4,406","4,406",2,0,global construction,globl knsttrkshn,5.263157894736848,62.85714285714285,57.593984962406005,True,False,True,True,False,False,False
S1-326467532,S2-782028868,Vision Investments Private Limited,विजन इन्वेस्टमेंट्स प्राइवेट लिमिटेड,"2/73, Punjabi Bagh, West, New Delhi, New Delhi, Delhi","2/73, NEW DELHI, Delhi",0.0,0.5714285714285714,"2,73","2,73",2,0,vision investments private limited,vijn investtmentts praaivett limittedd,9.836065573770496,80.55555555555556,70.71948998178506,True,False,True,True,True,False,True
S1-382315315,S2-752138569,Raj Infrastructure Private Limited,राज इंफ्रास्ट्रक्चर प्राइवेट लिमिटेड,"1-B, Pocket-A, Dda Flats New Jafrabad, Near Telephone Exchange, Delhi, East Delhi, Delhi","001-B, EAST DELHI, DELHI, दिल्ली",0.0,0.1875,1,001,0,0,raj infrastructure private limited,raaj inphraasttrkcr praaivett limittedd,9.677419354838705,73.97260273972603,64.29518338488732,True,False,True,False,False,False,True
S1-237951262,S2-136123321,Vision International Private Limited,विजन इंटरनेशनल प्राइवेट लिमिटेड,"Wework 247 Park, 13 Fl, Vikhroli Corp Park, Mumbai, Maharashtra","909 WEWORK 247 PARK, MUMBAI, Maharashtra, MUMBAI",0.0,0.5,"13,247","247,909",1,0,vision international private limited,vijn inttrneshnl praaivett limittedd,9.230769230769226,69.44444444444444,60.21367521367522,True,False,True,True,True,False,False
S1-895182505,S2-859153255,Om Services Private Limited,ওম সার্ভিসেস প্রাইভেট লিমিটেড,"2C, Mangalam 35, Ahiripukur Road, Kolkata, Howrah, West Bengal","HN 627 2C, KOLKATA, HOWRAH, West Bengal",0.0,0.4545454545454545,"2,35","2,627",1,0,om services private limited,om saarbhises praaibhett limittedd,12.5,68.85245901639344,56.35245901639344,True,False,True,True,False,False,False
S1-145897532,S2-639313215,Southern Estate Private Limited,സതേൺ എസ്റ്റേറ്റ് പ്രൈവറ്റ് ലിമിറ്റഡ്,"Ground Floor, Tc 73/2065-4, Adams Park Manacaud Junction, Manacaud Po, Thiruvananthapuram, Thiruvananthapuram, Trivandrum, Kerala","GROUND FLOOR, TRIVANDRUM, THIRUVANANTHAPURAM, കേരളം",0.0,0.25,"2065,4,73",,0,0,southern estate private limited,stee esrrrreerrrr praivrrrr limirrrrdd,11.111111111111114,52.17391304347826,41.06280193236714,True,False,True,False,False,False,False
S1-78483256,S2-454281289,Sane & Sons of Powai Private Limited,Smt Sane & Sons of Private Limited Center Center,"2Nd Floor, Millennium Tower Behind Ioc Petrol Pump, Powai, Mumbai, Maharashtra",,0.6666666666666666,0.0,2,,0,1,sane and sons of powai private limited,smt sane and sons of private limited center center,91.42857142857144,91.42857142857144,0.0,False,True,False,False,False,True,True
S1-876118886,S2-315325089,North Arihant Consultants Pvt Ltd,નોર્થ અરિહંત કન્સલ્ટન્ટ્સ પ્રા. લિ.,"7, Shantrunjay Tenament, Opp. Munishruvrat Flat, Nr. Prajapati Vadi, Mehsana, Mahesana, Gujarat","7, MEHSANA, Gujarat",0.0,0.25,7,7,1,0,north arihant consultants pvt ltd,north arihnt knslttntts praa li,12.903225806451616,75.0,62.096774193548384,True,False,True,True,False,False,True
S1-866257673,S2-959384034,Kolkata Jewellery Private Limited,KOLKATA JEWELLERY LIMITED [PARTNERS],"3 Synagogue St 2Nd Fl R No 17, Kolkata, Calcutta, West Bengal","H.NO #3 SYNAGOUE ST 2ND FL R NO 17, KOLKATA, পশ্চিমবঙ্গ",0.6,0.4444444444444444,"17,2,3","17,2,3",3,0,kolkata jewellery private limited,kolkata jewellery limited partners,89.55223880597015,89.55223880597015,0.0,False,False,False,True,False,True,True
S1-242363926,S2-342399833,East Ventures LLP,ईस्ट वेंचर्स एलएलपी,"S. No. 1066, Plot No 414 / C, Shop No 7, Charu Chandra Apartment, Shivaji Nagar, Pune, Maharashtra","DOOR NO 41 S. NO. 1066, PUNE, महाराष्ट्र",0.0,0.1904761904761904,"1066,414,7","1066,41",1,0,east ventures llp,iistt vencrs elelpii,11.764705882352944,64.86486486486487,53.10015898251193,True,False,True,True,False,False,False
S1-242363926,S2-999289927,East Ventures LLP,Services East LLP,"S. No. 1066, Plot No 414 / C, Shop No 7, Charu Chandra Apartment, Shivaji Nagar, Pune, Maharashtra","NO 41 S. NO. 1066, PUNE, Maharashtra",0.5,0.3125,"1066,414,7","1066,41",1,0,east ventures llp,services east llp,76.47058823529412,76.47058823529412,0.0,False,False,False,True,False,True,True
S1-462157028,S2-459060726,Om Media Private Limited,ॐ मीडिया प्राइवेट लिमिटेड,"64-B, Nariman Bhavan, 6Th Floor, Nariman Point, Mumbai, Maharashtra","MUMBAI, Maharashtra, 6-4-B, NARIMAN POINT",0.0,0.4545454545454545,"6,64","4,6",1,0,om media private limited,aum miiddiyaa praaivett limittedd,14.285714285714292,70.17543859649122,55.88972431077693,True,False,True,True,False,False,True
S1-566541623,S2-833982946,Tech College Limited,Tech College,"2/4A Sitaram Ghosh St, Kolkata, Calcutta, West Bengal",,0.6666666666666666,0.0,"2,4",,0,1,tech college limited,tech college,100.0,100.0,0.0,False,True,False,False,False,True,True
S1-643855116,S2-503837689,South Infra Private Limited,સાઉથ ઇન્ફ્રા પ્રાઇવેટ લિમિટેડ,"1St Floor, Gujarat, Narayana House, B/S Star House, Opp.-Shel, Jodhpur Char Rasta, Ahmedabad, Ahmadabad City","NO 001ST FLOOR, MAHESANA, AHMEDABAD, ગુજરાત",0.0,0.0909090909090909,1,001,0,0,south infra private limited,saauth inphraa praaivett limittedd,11.764705882352942,75.40983606557377,63.64513018322083,True,False,True,False,False,False,True
S1-693706710,S2-725892295,Excellent Span Corporation,Sri ESPAN.COM,"43/5, Ground Floor Godown Ashok Nagar, New Delhi, West Delhi, Delhi","BLOCK C-583  43/5, DELHI",0.0,0.2307692307692307,"43,5","43,5,583",2,0,excellent span corporation,sri espan com,41.02564102564103,41.02564102564103,0.0,False,False,False,True,False,False,False
S1-710618935,S2-237898196,East Public School,School East Center,"Goyal Shopping Centre, S.V. Road, Opp. Borivali Railway Station, Borivali, Maharashtra, Mumbai, - West, 118","118, - WEST, BORIVALI, Maharashtra",0.5,0.2857142857142857,118,118,1,0,east public school,school east center,75.86206896551724,75.86206896551724,0.0,False,False,False,True,False,True,True
S1-83104208,S2-555653728,Jain United Impex Private Limited,जैन यूनाइटेड इम्पेक्स प्राइवेट लिमिटेड,"Ground Floor, Sector 20B, Opposite Thompson Press, Ajronda Chowk, Kuber Tower, Haryana, Faridabad","KUBER TOWER, FARIDABAD, Haryana",0.0,0.3076923076923077,20,,0,0,jain united impex private limited,jain yuunaaittedd impeks praaivett limittedd,12.698412698412696,77.92207792207793,65.22366522366524,True,False,True,False,False,False,True
S1-31744717,S2-597263246,Sai Services Private Limited,साई सर्विसेज प्राइवेट लिमिटेड,"Shop No. 10, Raj Niketan Building, Sanyukta Nagar, Opp. Saidutta Mandir, Nalasopara (East), Thane, Maharashtra","SHOP NO. 010, THANE, Maharashtra",0.0,0.25,10,010,0,0,sai services private limited,saaii srvisej praaivett limittedd,11.320754716981128,75.40983606557377,64.08908134859264,True,False,True,False,False,False,True
S1-454428027,S2-422083737,Raj Apex Systems Limited,RAJ APEX LIMITED [SERVICES],"No 30/2, 1St Floor, Attur Main Road Attur Layout, Yelahanka New Town, Bangaluru, Bangalore, Karnataka",,0.6,0.0,"1,2,30",,0,1,raj apex systems limited,raj apex limited services,81.63265306122449,81.63265306122449,0.0,False,True,False,False,False,True,True
S1-454428027,S2-552426154,Raj Apex Systems Limited,ರಾಜ್ ಅಪೆಕ್ಸ್ ಸಿಸ್ಟಮ್ಸ್ ಲಿಮಿಟೆಡ್,"No 30/2, 1St Floor, Attur Main Road Attur Layout, Yelahanka New Town, Bangaluru, Bangalore, Karnataka","Karnataka, H.NO 30/2, BANGALORE",0.0,0.3125,"1,2,30","2,30",2,0,raj apex systems limited,raaj apeks sisttms limittedd,13.333333333333329,80.76923076923077,67.43589743589745,True,False,True,True,False,False,True
S1-249678246,S2-849170728,Al Infrastructure Private Limited,ಅಲ್ ಇನ್‌ಫ್ರಾಸ್ಟ್ರಕ್ಚರ್ ಪ್ರೈವೇಟ್ ಲಿಮಿಟೆಡ್,"18/A, Rainbow Enclave, Doddabasavanapura, Bangalore North, Bangalore, Karnataka","PLOT #597 18/A, BANGALORE, BANGALORE NORTH, Karnataka",0.0,0.5,18,"18,597",1,0,al infrastructure private limited,al inphraasttrkcr praiveett limittedd,9.677419354838705,74.28571428571429,64.60829493087559,True,False,True,True,True,False,True
S1-353935950,S2-649289921,Perfect Trading Private Limited,परफेक्ट ट्रेडिंग प्राइवेट लिमिटेड,"Sr. No. 5A Rangvarsha, Developers Fl. No. 203, Haveli, Pune, Maharashtra","SR. NO. ##5A RANGVARSHA, HAVELI, महाराष्ट्र",0.0,0.3571428571428571,"203,5",5,1,0,perfect trading private limited,prphektt ttredding praaivett limittedd,11.320754716981128,72.46376811594203,61.1430133989609,True,False,True,True,False,False,True
S1-202693048,S2-711570643,Elvis & Sons Corp,Smt ELVIS & STEN (CORP),"109, Sayal Complex, First Floor Millerganj, Ludhiana, Punjab",,0.5,0.0,109,,0,1,elvis and sons corp,smt elvis and sten corp,84.84848484848484,84.84848484848484,0.0,False,True,False,False,False,True,True
S1-20827085,S2-689149170,Dhi Investment Ltd,Dhi Icnvsiecnt (Ltd),"Shop. 03, First Floor, Sachi Apartments, 688/688/2, Vibhuthipura, Basavanagar, Bangalore, Karnataka",,0.5,0.0,"03,2,688",,0,1,dhi investment ltd,dhi icnvsiecnt ltd,83.33333333333334,83.33333333333334,0.0,False,True,False,False,False,True,True
S1-624384543,S2-783209449,Shivam Supreme Infotech Pvt Ltd,शिवम सुप्रीम इंफोटेक प्रा. लि.,"Shop No.4, Building A, S.No. 109, Green Fields Vastu Udyog, Near Ajmera Colony, Pimpri, Pune, Maharashtra","SHOP NO.4, POONA, PUNE, Maharashtra",0.0,0.2777777777777778,"109,4",4,1,0,shivam supreme infotech pvt ltd,shivm supriim inphottek praa li,15.094339622641511,67.74193548387098,52.64759586122946,True,False,True,True,False,False,False
S1-748938307,S2-110714555,Pink Academy Pvt. Ltd.,Pink Aaccedy Pvt. Ltd.,"85 A, Pocket- R, Dilshad Garden, Delhi, East Delhi, Delhi",,0.6,0.0,85,,0,1,pink academy pvt ltd,pink aaccedy pvt ltd,85.0,85.0,0.0,False,True,False,False,False,True,True
S1-159394762,S2-353369003,Sea Cargo Limited,Sea Cargo Ltd,"Ernakulam, Kerala, 1St Floor, Thykoottathil Square, Civil Line Rd, Opp. St. Joseph Church",,0.5,0.0,1,,0,1,sea cargo limited,sea cargo ltd,86.66666666666667,86.66666666666667,0.0,False,True,False,False,False,True,True
S1-861194229,S2-517488248,Balaji India Private Limited,Balaji India Private,"3Rd Floor, D - 97A, Road No.18, Phase -1 Ida, Jeedimetla, Hyderabad, Rangareddy, Telangana",,0.75,0.0,"1,18,3,97",,0,1,balaji india private limited,balaji india private,100.0,100.0,0.0,False,True,False,False,False,True,True
S1-434505466,S2-378054793,East Estate Private Limited,East Estate  Private,"2Nd Floor, Skyview 10, The Skyview, S.Y. No.83/1, Raidurgam, Hitech City Mai, N Road, Hyderabad, Telangana",,0.75,0.0,"1,10,2,83",,0,1,east estate private limited,east estate private,100.0,100.0,0.0,False,True,False,False,False,True,True
S1-927704263,S2-90767874,Mumbai Hire Private Limited,Mumbai Hire Private Ltd,"1202 Royal Court Chs Ltd, 12Th Floor 190 S.V Road, Jogeshwari West, Mumbai, Bandra Suburban, Maharashtra",,0.6,0.0,"12,1202,190",,0,1,mumbai hire private limited,mumbai hire private ltd,92.0,92.0,0.0,False,True,False,False,False,True,True
S1-497584118,S2-884643569,DE Casting Private Limited,DE Casting Private,"10/099 Uvwxyzaab, Cpa Junction, Ernad, Malappuram, Malapuram, Kerala",,0.75,0.0,"099,10",,0,1,de casting private limited,de casting private,100.0,100.0,0.0,False,True,False,False,False,True,True
S1-380367881,S2-723672004,ZE Solutions Limited,ZE Scluhiions Limited,"B-14, Ist Floor, Geetanjali Enclave, New Delhi, Delhi",,0.5,0.0,14,,0,1,ze solutions limited,ze scluhiions limited,87.8048780487805,87.8048780487805,0.0,False,True,False,False,False,True,True
S1-104077103,S2-57532741,Shiva Software Private Limited,शिवा सॉफ्टवेयर प्राइवेट लिमिटेड,"507, 5Th Floor, 99/G Kamnath Chambers Kalbadevi Road, Mumbai, Mumbai City, Maharashtra","MUMBAI, Maharashtra, MUMBAI CITY, 507",0.0,0.3333333333333333,"5,507,99",507,1,0,shiva software private limited,shivaa sonphttveyr praaivett limittedd,10.34482758620689,70.58823529411765,60.24340770791076,True,False,True,True,False,False,True
S1-2167162,S2-783963892,Peak Promoters Private Limited,Private Peak Promoters (Ltd),"4/461, 2Nd Floor, Suite No 1312, Valamkottil Towers, Judgemukku, Kakkanad, Kanayannur, Ernakulam, Kerala","5/461, KANAYANNUR, ERNAKULAM, Keralam",0.6,0.1875,"1312,2,4,461","461,5",1,0,peak promoters private limited,private peak promoters ltd,92.85714285714286,92.85714285714286,0.0,False,False,False,True,False,True,True
S1-258033231,S2-489165784,South Urban Properties Limited,સાઉથ અર્બન પ્રોપર્ટીઝ લિમિટેડ,"701, Shapath Complex, Near Madhur Hotel Sarkhej Highway, Bodakdev, Ahmedabad, Gujarat","703, AHMEDABAD, ગુજરાત",0.0,0.0666666666666666,701,703,0,0,south urban properties limited,saauth arbn proprttiijh limittedd,10.526315789473683,76.19047619047619,65.6641604010025,True,False,True,False,False,False,True
S1-336789489,S2-912699195,Digital Marketing,Digital Marketing (Corporation),"40-41, Pushpa Market Central Market, Lajpat Nagar, New Delhi, Delhi",,0.6666666666666666,0.0,"40,41",,0,1,digital marketing,digital marketing corporation,100.0,100.0,0.0,False,True,False,False,False,True,True
S1-331497206,S2-368502618,Rvs Properties Private Limited,Private Rvs Properties Ltd,"6, Moonlight Shopping Centre Sir M V Road, Andheri (East), Mumbai, Mumbai City, Maharashtra","PLOT 341 6, MUMBAI CITY, MUMBAI, Maharashtra",0.6,0.2666666666666666,6,"341,6",1,0,rvs properties private limited,private rvs properties ltd,92.85714285714286,92.85714285714286,0.0,False,False,False,True,False,True,True
S1-593309335,S2-904799226,Radison Traders Pvt Ltd,Pvt Radison Trdabrs Ltd,"F-23, 1St Floor, Additional Ambernath Midc, Anand Nagar, Ambernath (East), Ambarnath, Thane, Maharashtra","#910 F-23, AMBARNATH, THANE, Maharashtra",0.6,0.3571428571428571,"1,23","23,910",1,0,radison traders pvt ltd,pvt radison trdabrs ltd,91.30434782608695,91.30434782608695,0.0,False,False,False,True,False,True,True
S1-763877042,S2-376733403,Perfect Impex Private Limited,પરફેક્ટ ઇમ્પેક્સ પ્રાઇવેટ લિમિટેડ,"Plot No. 7, 8, 9, 1St Floor, Somnath Industrial Park, Mangrol, Surat, Gujarat","#7, MANGROL, Gujarat",0.0,0.2307692307692307,"1,7,8,9",7,1,0,perfect impex private limited,prphektt impeks praaivett limittedd,11.111111111111114,71.875,60.763888888888886,True,False,True,True,False,False,True
S1-380856927,S2-762722749,Golden Marketing Private Limited,ગોલ્ડન માર્કેટિંગ પ્રાઇવેટ લિમિટેડ,"Samurudhdhi Opp. Old High Court B/H Navdeep Building, Navarangpura, 506, Ahmedabad, Gujarat, Ahmedabad","3-506, AHMEDABAD, CHANGODAR, Gujarat",0.0,0.2,506,"3,506",1,0,golden marketing private limited,golddn maarketting praaivett limittedd,11.320754716981128,82.85714285714286,71.53638814016173,True,False,True,True,False,False,True
S1-580779725,S2-612415559,Pioneer Technology Private Limited,पायोनियर टेक्नोलॉजी प्राइवेट लिमिटेड,"501, Hemgiri Chs. Ltd., Devidas Extn. Road, Opp. Tilak Complex, Borivali (W), Mumbai, Mumbai City, Maharashtra","BLOCK C-5 501, MUMBAI CITY, MUMBAI, Maharashtra",0.0,0.2222222222222222,501,"5,501",1,0,pioneer technology private limited,paayoniyr tteknolonjii praaivett limittedd,10.169491525423725,65.78947368421053,55.61998215878681,True,False,True,True,False,False,False
S1-818579002,S2-202732854,Ram Tech Private Limited,Ram Tech,"Rama Residency, No 37/38, Bowring Hospital Road, No 1St Floor, Bangalore, Karnataka, Bangalore",,0.5,0.0,"1,37,38",,0,1,ram tech private limited,ram tech,100.0,100.0,0.0,False,True,False,False,False,True,True
S1-818579002,S2-984338844,Ram Tech Private Limited,ರಾಮ್ ಟೆಕ್ ಪ್ರೈವೇಟ್ ಲಿಮಿಟೆಡ್,"Rama Residency, No 37/38, Bowring Hospital Road, No 1St Floor, Bangalore, Karnataka, Bangalore","H.NO 4ST FLOOR, BANGALORE, Karnataka",0.0,0.2857142857142857,"1,37,38",4,0,0,ram tech private limited,raam ttek praiveett limittedd,15.384615384615389,75.47169811320755,60.087082728592165,True,False,True,False,False,False,True
S1-727628495,S2-159954112,Creative Vijay Finance Private Limited,क्रिएटिव Vijay फाइनेंस Private Limited,"F-262, First Floor, Sushant Lok Phase-Iii, Sector-57, Gurgaon, Haryana","Haryana, GURGAON, H.NO 0679 F-262",0.25,0.2666666666666666,"262,57","0679,262",1,0,creative vijay finance private limited,kriettiv vijay phaainens private limited,72.41379310344828,79.48717948717949,7.073386383731204,True,False,True,True,False,False,True
S1-727628495,S2-520801858,Creative Vijay Finance Private Limited,क्रिएटिव विजय फाइनेंस प्राइवेट लिमिटेड,"F-262, First Floor, Sushant Lok Phase-Iii, Sector-57, Gurgaon, Haryana","0679 F-262, GURGAON, Haryana",0.0,0.3076923076923077,"262,57","0679,262",1,0,creative vijay finance private limited,kriettiv vijy phaainens praaivett limittedd,11.59420289855072,69.1358024691358,57.54159957058508,True,False,True,True,False,False,False
S1-150472537,S2-921943336,Rewa & Co,Lumdelta,"R. No 502, 5Th-Fr, 5/A Netai Haldar Street, Kolkata, Kolkata, Howrah, West Bengal","R. NO ##502, KOLKATA, West Bengal",0.0,0.4285714285714285,"5,502",502,1,0,rewa and co,lumdelta,31.57894736842105,31.57894736842105,0.0,False,False,False,True,False,False,False
S1-150472537,S2-7721957,Rewa & Co,R.COM,"R. No 502, 5Th-Fr, 5/A Netai Haldar Street, Kolkata, Kolkata, Howrah, West Bengal","R. NO ##502, KOLKATA, West Bengal",0.0,0.4285714285714285,"5,502",502,1,0,rewa and co,r com,50.0,50.0,0.0,False,False,False,True,False,False,False
S1-99130352,S2-694418563,Maa Infrastructure Limited,மா இன்ஃப்ராஸ்ட்ரக்சர் லிமிடெட்,"5A/6, (Sf No 540/2), Ambai Road Kulavanigarpuram, Melapalayam, Tirunelveli, Tamil Nadu","B3/5A/6, TIRUNELVELI, Tamil Nadu",0.0,0.3571428571428571,"2,5,540,6","3,5,6",2,0,maa infrastructure limited,maa innnhpraasttrkcr limittett,8.510638297872347,71.42857142857143,62.91793313069908,True,False,True,True,False,False,True
S1-943686669,S2-996650864,My Finance Private Limited,माय फाइनेंस प्राइवेट लिमिटेड,"135, 2A Ostwal Ornate Chs Ltd, Jain Mandir, Jesal Park, Bhayander East, Thane, Maharashtra","135, NAVI MUMBAI REGION, THANE, महाराष्ट्र",0.0,0.0952380952380952,"135,2",135,1,0,my finance private limited,maay phaainens praaivett limittedd,12.244897959183676,66.66666666666667,54.421768707483,True,False,True,True,False,False,False
S1-620785986,S2-275604202,Norfolk Pharmaceuticals Pvt Ltd,Ltd Norfolk Pvt (Services),"Office No. 25, 4Th Floor Kb Complex, Alpha-2, Greater Noida, Gautam Buddha Nagar, Uttar Pradesh","OFFICE NO. 25, GREATER NOIDA, Uttar Pradesh",0.6,0.4375,"2,25,4",25,1,0,norfolk pharmaceuticals pvt ltd,ltd norfolk pvt services,76.92307692307692,76.92307692307692,0.0,False,False,False,True,False,True,True
S1-293638464,S2-992663802,Arihant Energy Pvt Ltd,अरिहंत एनर्जी प्रा. लि.,"A-3, Gali No 41, Sadh Nagar Palam Colony, New Delhi, Delhi","Delhi, A-#3, NEW DELHI",0.0,0.3636363636363636,"3,41",3,1,0,arihant energy pvt ltd,arihnt enrjii praa li,15.000000000000002,65.11627906976744,50.11627906976744,True,False,True,True,False,False,False
S1-153928883,S2-865140773,Surya Smart Food Private Limited,suryasmartfood.com,"10. G.N.Chetty Road, T.Nagar, Chennai, Tamilnadu, Tamil Nadu","H.NO 139 10. G.N.CHETTY ROAD, T.NAGAR, CHENNAI, தமிழ்நாடு",0.0,0.4444444444444444,10,"10,139",1,0,surya smart food private limited,suryasmartfood com,64.0,64.0,0.0,False,False,False,True,False,False,False
S1-888953789,S2-747529785,Ashlar Constructions Private Limited,Ashlar Constructions Private Ltd,"Flat 301, Plot No. 6 Sector 10, Dwarka, South West Delhi, Delhi","FLAT 30, PLOT NO. 6 SECTOR 10, DWARKA, Delhi",0.6,0.6666666666666666,"10,301,6","10,30,6",2,0,ashlar constructions private limited,ashlar constructions private ltd,94.11764705882354,94.11764705882354,0.0,False,False,False,True,True,True,True
S1-333569461,S2-974455403,Vision Investment Private Limited,విజన్ ఇన్వెస్ట్‌మెంట్ ప్రైవేట్ లిమిటెడ్,"Plot No 20, Flat No-302 Sri Sai Nagar, Beside Jntu, Kukatpally, Hyderabad, Rangareddy, Telangana","20, HYDERABAD CITY REGION, Telangana",0.0,0.1875,"20,302",20,1,0,vision investment private limited,vijn investtmentt praiveett limittedd,11.111111111111114,80.0,68.88888888888889,True,False,True,True,False,False,True
S1-333569461,S2-260091525,Vision Investment Private Limited,విజన్ ఇన్వెస్ట్‌మెంట్ ప్రైవేట్ లిమిటెడ్,"Plot No 20, Flat No-302 Sri Sai Nagar, Beside Jntu, Kukatpally, Hyderabad, Rangareddy, Telangana","PLOT NO 20, HYDERABAD CITY REGION, RANGAREDDY, Telangana",0.0,0.375,"20,302",20,1,0,vision investment private limited,vijn investtmentt praiveett limittedd,11.111111111111114,80.0,68.88888888888889,True,False,True,True,False,False,True
S1-970133532,S2-637607784,Best Software,बेस्ट सॉफ्टवेयर,"Jodhpur, Plot No. 96, Rajasthan, Jodhpur, Ram Manhor Marg, Rajiv Gandhi Colony, Pal Road","PLTO NO. 96, JODHPUR, Rajasthan",0.0,0.2857142857142857,96,96,1,0,best software,bestt sonphttveyr,7.692307692307693,60.0,52.30769230769231,True,False,True,True,False,False,False
S1-754533501,S2-377264364,Premier Finance Private Limited,प्रीमियर फाइनेंस प्राइवेट लिमिटेड,"E-108, 1St Floor, Crystle Plaza, New Link Road, Andheri (West), Mumbai, Mumbai City, Maharashtra","E-108, MUMBAI CITY, MUMBAI, महाराष्ट्र",0.0,0.2222222222222222,"1,108",108,1,0,premier finance private limited,priimiyr phaainens praaivett limittedd,10.909090909090908,66.66666666666667,55.757575757575765,True,False,True,True,False,False,False
S1-296762300,S2-830916521,Tirupati Software Limited,तिरुपति सॉफ्टवेयर लिमिटेड,"Plot No R-725, Ttc Industrial Area, Midc T/B Road, Rabale, Navi Mumbai, Thane, Maharashtra","PLOT NO R-72, NAVI MUMBAI, THANE, Maharashtra",0.0,0.4117647058823529,725,72,0,0,tirupati software limited,tirupti sonphttveyr limittedd,8.163265306122454,74.07407407407408,65.91080876795162,True,False,True,False,False,False,True
S1-804955270,S2-218721637,Aditya Enterprises Pvt Ltd,आदित्य एंटरप्राइजेज प्रा. लि.,"Shirin Appt Tardeo Road, Mumbai City, Mumbai, Maharashtra, 2 Fl Rm B-11","H.NO 2 FL RM B-11, MUMBAI CITY, MUMBAI, महाराष्ट्र",0.0,0.3888888888888889,"11,2","11,2",2,0,aditya enterprises pvt ltd,aadity enttrpraaijej praa li,12.244897959183676,66.66666666666667,54.421768707483,True,False,True,True,False,False,False
S1-409565316,S2-748054539,East Logistics Private Limited,ఈస్ట్ లాజిస్టిక్స్ ప్రైవేట్ లిమిటెడ్,"Flat201, 2Ndfloor, 7-2-1792, Czech Colony, Ameerpet, Hyderabad, Telangana","FLAT201, MEDCHAL-MALKAJGIRI, AMEERPET, Telangana",0.0,0.25,"1792,2,201,7",201,1,0,east logistics private limited,iistt laajisttiks praiveett limittedd,11.538461538461531,68.65671641791045,57.11825487944891,True,False,True,True,False,False,False
S1-216248404,S2-431606410,Ram Consultants Private Limited,राम कंसल्टेंट्स प्राइवेट लिमिटेड,"Gala No. 1, Ashok Nagar, Cama Estate, Walbhatt Road, Goregaon East, Mumbai, Mumbai City, Maharashtra","NO 1, <NULL>, MUMBAI, MUMBAI (SUBURBAN), Maharashtra",0.0,0.25,1,1,1,0,ram consultants private limited,raam knslttentts praaivett limittedd,11.538461538461531,74.6268656716418,63.08840413318026,True,False,True,True,False,False,True
S1-951216153,S2-234586590,Om Solutions Private Limited,ओम सॉल्यूशंस प्राइवेट लिमिटेड,"Plot No-191-B, Kh No-22/14, Pole No-51, Blk-C, Qutub Vihar, Ph-Ii, N, Ajafgarh, Delhi, South West Delhi, Delhi","HN 346 PLOT NO-191-B, DELHI, SOUTH WEST DELHI, Delhi",0.0,0.3181818181818182,"14,191,22,51","191,346",1,0,om solutions private limited,om sonlyuushns praaivett limittedd,11.764705882352942,74.19354838709677,62.42884250474383,True,False,True,True,False,False,True
S1-647989419,S2-727293854,Modern Foods Private Limited,મોડર્ન ફૂડ્સ પ્રાઇવેટ લિમિટેડ,"Ls No. 102, Opp. Zydus, Chachar Wadi, Vasna Chacharwadi, Sanand, Ahmedabad, Gujarat","LS NO. 2-102, SANAND, AHMEDABAD, Gujarat",0.0,0.4615384615384615,102,"102,2",1,0,modern foods private limited,moddrn phuudds praaivett limittedd,11.764705882352942,70.96774193548387,59.20303605313093,True,False,True,True,False,False,True
S1-959886249,S2-311933301,Tejaya Solutions Pvt Ltd,Tejaya Pvt Ltd Sérvices,"43/2, East Patel Nagar, New Delhi, Delhi","43/2, EAST PATEL NAGAR, Delhi",0.6,0.8571428571428571,"2,43","2,43",2,0,tejaya solutions pvt ltd,tejaya pvt ltd services,76.59574468085107,76.59574468085107,0.0,True,False,True,True,True,True,True
S1-746419556,S2-80354991,Solutions Rrr Coopers Pvt. Ltd.,Solutions Rrr Rrr Pvt. Ltd. Center,"4Th Floor, Electra Wing A, Prestige Tech Park, Exora Businesspark, Marathahalli, Sarjapur Outer, Ring Road, Bangalore, Karnataka",,0.6666666666666666,0.0,4,,0,1,solutions rrr coopers pvt ltd,solutions rrr rrr pvt ltd center,87.71929824561403,87.71929824561403,0.0,False,True,False,False,False,True,True
S1-293921961,S2-13524824,Royal Services Private Limited,રોયલ સર્વિસીસ પ્રાઇવેટ લિમિટેડ,"T-5, 3Rd Floor, Ishan Ceramic Zone, Morvi, Rajkot, Gujarat","NO B3/836 T-5, NULL, MORVI, RAJKOT, Gujarat",0.0,0.3571428571428571,"3,5","3,5,836",2,0,royal services private limited,royal srvisiis praaivett limittedd,11.111111111111114,78.125,67.01388888888889,True,False,True,True,False,False,True
S1-293921961,S2-845180826,Royal Services Private Limited,રોયલ સર્વિસીસ પ્રાઇવેટ લિમિટેડ,"T-5, 3Rd Floor, Ishan Ceramic Zone, Morvi, Rajkot, Gujarat","DOOR NO B3/836 T-5, NULL, RAJKOT, MORVI, Gujarat",0.0,0.3333333333333333,"3,5","3,5,836",2,0,royal services private limited,royal srvisiis praaivett limittedd,11.111111111111114,78.125,67.01388888888889,True,False,True,True,False,False,True
S1-293921961,S2-402352306,Royal Services Private Limited,રોયલ સર્વિસીસ પ્રાઇવેટ લિમિટેડ,"T-5, 3Rd Floor, Ishan Ceramic Zone, Morvi, Rajkot, Gujarat","NO. B3/836 T-5, ગુજરાત, MORVI, RAJKOT, NULL",0.0,0.2352941176470588,"3,5","3,5,836",2,0,royal services private limited,royal srvisiis praaivett limittedd,11.111111111111114,78.125,67.01388888888889,True,False,True,True,False,False,True
S1-293921961,S2-923563790,Royal Services Private Limited,રોયલ સર્વિસીસ પ્રાઇવેટ લિમિટેડ,"T-5, 3Rd Floor, Ishan Ceramic Zone, Morvi, Rajkot, Gujarat","H.NO B3/836 T-5, NULL, MORVI, RAJKOT, Gujarat",0.0,0.3333333333333333,"3,5","3,5,836",2,0,royal services private limited,royal srvisiis praaivett limittedd,11.111111111111114,78.125,67.01388888888889,True,False,True,True,False,False,True
S1-893081205,S2-837022400,Proton Trading Private Limited,Proton Private Limited Services,"Survey 125, Next To Shell, Petrol Pump, Hirenmekere, Devanahalli, Bangalore Rural, Karnataka",,0.6,0.0,125,,0,1,proton trading private limited,proton private limited services,84.61538461538461,84.61538461538461,0.0,False,True,False,False,False,True,True
S1-589417841,S2-416167311,Arihant Constructions Private Limited,Arihant Constructions Private Ltd,"Office No 303, 3Rd Floor, Dilkap Chambers, Near Funreplice Veera Ind Estate, Vd Road, Andheri (W), Mumbai, Maharashtra",,0.6,0.0,"3,303",,0,1,arihant constructions private limited,arihant constructions private ltd,94.28571428571428,94.28571428571428,0.0,False,True,False,False,False,True,True
S1-343455678,S2-143072792,Global Consultancy Private Limited,ग्लोबल कंसल्टेंसी प्राइवेट लिमिटेड,"Flat No.305, Maharashtra, Thane, Vijay Galaxy, Bldg No - 1, Vijay Nagari, Ghodbunder Road, Thane","THANE, H.NO 305, THANE, Maharashtra",0.0,0.3076923076923077,"1,305",305,1,0,global consultancy private limited,globl knslttensii praaivett limittedd,10.0,70.4225352112676,60.4225352112676,True,False,True,True,False,False,True
S1-220226533,S2-914949357,Vision Solutions Limited,विजन सॉल्यूशंस लिमिटेड,"D-3/4, Delhi, South Delhi, Okhla Industrial Area, Phase-Ii, New Delhi","Delhi, PLOT 175 D-3/4, SOUTH DELHI, OKHLA",0.0,0.4615384615384615,"3,4","175,3,4",2,0,vision solutions limited,vijn sonlyuushns limittedd,9.523809523809518,72.0,62.47619047619048,True,False,True,True,False,False,True
S1-162630920,S2-555287913,Pune Producer,Pune Service Enterprises,"C 607 & 608, Mega Center Magarpatta, Hadapsar, Pune, Maharashtra",,0.25,0.0,"607,608",,0,1,pune producer,pune service enterprises,48.64864864864865,48.64864864864865,0.0,False,True,False,False,False,False,False
S1-595470925,S2-661911976,Dream Impex Private Limited,ड्रीम इम्पेक्स प्राइवेट लिमिटेड,"Flat No. J-99, Gaur Green City Plot No-8, Vaibhav Khand, Indirapuram, Ghaziabad, Uttar Pradesh","FLAT NO. J-99, GHAZIABAD, उत्तर प्रदेश",0.0,0.25,"8,99",99,1,0,dream impex private limited,ddriim impeks praaivett limittedd,12.5,73.33333333333334,60.83333333333334,True,False,True,True,False,False,True
S1-650231083,S2-575268254,Emes Clinic,EMES  CGNIAIC,"6 Jasmit Duplex 22 Patelsociety Gulbai Tekra Ellisbridge, Ahmedabad, Gujarat",,0.3333333333333333,0.0,"22,6",,0,1,emes clinic,emes cgniaic,78.26086956521739,78.26086956521739,0.0,False,True,False,False,False,False,True
S1-370123264,S2-311343998,Gird Enterprises Private Limited,Gird Enterprises Limited Services,"Manish Sales, Jayendra Ganj, Infront Of Surya Hotel, Gird, Gwalior, Madhya Pradesh",,0.6,0.0,,,0,1,gird enterprises private limited,gird enterprises limited services,86.15384615384616,86.15384615384616,0.0,False,True,False,False,False,True,True
S1-568268655,S2-178070925,North Impex Private Limited,Mr N0rth Impex Private,"38/2C, G. J. Khan Road 2Nd Floor, Kolkata, Kolkata, Howrah, West Bengal","379 38/2C, KOLKATA, SOUTH 24 PARGANAS, West Bengal",0.3333333333333333,0.3125,"2,38","2,24,379,38",2,0,north impex private limited,mr n0rth impex private,81.63265306122449,81.63265306122449,0.0,False,False,False,True,False,False,True
S1-568268655,S2-534761389,North Impex Private Limited,নর্থ ইম্পেক্স প্রাইভেট লিমিটেড,"38/2C, G. J. Khan Road 2Nd Floor, Kolkata, Kolkata, Howrah, West Bengal","West Bengal, G. J. KHAN ROAD 2ND FLOOR, KOLKATA, KOLKATA, DOOR NO 379 38/2C, SOUTH 24 PARGANAS",0.0,0.6111111111111112,"2,38","2,24,379,38",2,0,north impex private limited,nrth impeks praaibhett limittedd,11.320754716981128,74.57627118644068,63.25551646945955,True,False,True,True,True,False,True
S1-568268655,S2-543810131,North Impex Private Limited,নর্থ ইম্পেক্স প্রাইভেট লিমিটেড,"38/2C, G. J. Khan Road 2Nd Floor, Kolkata, Kolkata, Howrah, West Bengal","379 38/2C, KOLKATA, SOUTH 24 PARGANAS, পশ্চিমবঙ্গ",0.0,0.15,"2,38","2,24,379,38",2,0,north impex private limited,nrth impeks praaibhett limittedd,11.320754716981128,74.57627118644068,63.25551646945955,True,False,True,True,False,False,True
S1-193346183,S2-412418312,Dream Finance Private Limited,ಡ್ರೀಮ್ ಫೈನಾನ್ಸ್ ಪ್ರೈವೇಟ್ ಲಿಮಿಟೆಡ್,"No 1/289 First Floor, 4Th Main 2Nd Cross Opp Gvt Telugu School Kamakshmamma Layout Yelaha, Nka, Bangalore, Karnataka","FIRT FLOOR, BENGALURU, BANGALORE, ಕರ್ನಾಟಕ",0.0,0.0833333333333333,"1,2,289,4",,0,0,dream finance private limited,ddriim phainaans praiveett limittedd,12.5,67.6923076923077,55.19230769230769,True,False,True,False,False,False,False
S1-193346183,S2-413767328,Dream Finance Private Limited,ಡ್ರೀಮ್ ಫೈನಾನ್ಸ್ ಪ್ರೈವೇಟ್ ಲಿಮಿಟೆಡ್,"No 1/289 First Floor, 4Th Main 2Nd Cross Opp Gvt Telugu School Kamakshmamma Layout Yelaha, Nka, Bangalore, Karnataka","FIRST FLOOR, BENGALURU, BANGALORE, Karnataka",0.0,0.2,"1,2,289,4",,0,0,dream finance private limited,ddriim phainaans praiveett limittedd,12.5,67.6923076923077,55.19230769230769,True,False,True,False,False,False,False
S1-703277959,S2-813211471,Sanya & Co,Sanya Co Services,"A 2329, Green Fields Colony, Haryana, Faridabad",,0.5,0.0,2329,,0,1,sanya and co,sanya co services,80.0,80.0,0.0,False,True,False,False,False,True,True
S1-378065990,S2-320913194,Shakti Global Private Limited,शक्ति ग्लोबल प्राइवेट लिमिटेड,"Pune, Maharashtra, Flat No. G-703, Yashada Supreme, Survey No. 96/97, Next To Rjspm College, Dudulgaon, Pimpri-Chinchwad, Haveli","PUNE, FLAT NO. G-703, HAVELI, Maharashtra",0.0,0.3684210526315789,"703,96,97",703,1,0,shakti global private limited,shkti globl praaivett limittedd,11.320754716981128,83.33333333333334,72.01257861635222,True,False,True,True,False,False,True
S1-615407096,S2-449849763,Seven Consultancy Private Limited,Seven Consultancy Private,"Room No - 1, Sarswati Niwas, Chakala, Shara Road, Nr Air Port Colony, Behind Bombay Cambridge School, Andheri East, Mumbai, Maharashtra",,0.75,0.0,1,,0,1,seven consultancy private limited,seven consultancy private,100.0,100.0,0.0,False,True,False,False,False,True,True
S1-615407096,S2-433015587,Seven Consultancy Private Limited,सेवन कंसल्टेंसी प्राइवेट लिमिटेड,"Room No - 1, Sarswati Niwas, Chakala, Shara Road, Nr Air Port Colony, Behind Bombay Cambridge School, Andheri East, Mumbai, Maharashtra","ROOM NO - 1, GREATER MUMBAI, महाराष्ट्र",0.0,0.16,1,1,1,0,seven consultancy private limited,sevn knslttensii praaivett limittedd,10.526315789473683,69.56521739130434,59.03890160183066,True,False,True,True,False,False,False
S1-26030755,S2-899187242,MUW Properties Private Limited,Private MUW Properties Ltd,"Flat No. 106, Westend Apartments, Masid Banda, Kondapur, Serilingampally, Rangareddy, Telangana","H.NO 106, HYDERABAD CITY REGION, తెలంగాణ",0.6,0.1052631578947368,106,106,1,0,muw properties private limited,private muw properties ltd,92.85714285714286,92.85714285714286,0.0,False,False,False,True,False,True,True
S1-578522304,S2-952144688,Apex Properties Private Limited,एपेक्स प्रॉपर्टीज प्राइवेट लिमिटेड,"Plot No 114, Ground Floor, Pkt-1, Sec-4, Bawana Dsidc, Near Ganga Toli Mandir, North West, Delhi, North West Delhi, Delhi","PLOT NO 114, NORTH WEST DELHI, Delhi",0.0,0.3333333333333333,"1,114,4",114,1,0,apex properties private limited,epeks pronprttiij praaivett limittedd,10.526315789473683,70.58823529411765,60.06191950464397,True,False,True,True,False,False,True
S1-653445420,S2-253524498,Shalom Brothers Private Limited,5HALOM BROTHERS PRIVATE,"No.4, Alayam Space, 4Th Floor, Part Ii, Ananda Road, Alwarpet, Chennai, Tamil Nadu","NO.4, MADRAS, CHENNAI, Tamil Nadu",0.4,0.3333333333333333,4,4,1,0,shalom brothers private limited,5halom brothers private,82.05128205128204,82.05128205128204,0.0,False,False,False,True,False,False,True
S1-195268531,S2-11040372,Sustainable International School Company,Sustainable  School Company Center,"A 70, Phase I Aya Nagar Exnt, New Delhi, South Delhi, Delhi",,0.6,0.0,70,,0,1,sustainable international school company,sustainable school company center,88.13559322033899,88.13559322033899,0.0,False,True,False,False,False,True,True
S1-36268722,S2-751065353,Nagya Investment Private Limited,Limited Nagya Investment Services,"No 5/3 3Rd Cross Street, New Colony, Chrompet, Sriperumbudur, Kanchipuram, Tamil Nadu","NO 5/3 3RD CROSS STREET, KANNCHEEPURAM, KANCHIPURAM, Tamil Nadu",0.6,0.6428571428571429,"3,5","3,5",2,0,nagya investment private limited,limited nagya investment services,86.15384615384616,86.15384615384616,0.0,False,False,False,True,True,True,True
S1-118525189,S2-291912532,Al Trading Limited,আল ট্রেডিং লিমিটেড,"21/1, Radhanath Chowdhuri Road, Kolkata, Kolkata, Howrah, West Bengal","21/1, KOLKATA, West Bengal",0.0,0.5555555555555556,"1,21","1,21",2,0,al trading limited,aal ttreddin limittedd,13.333333333333329,80.0,66.66666666666667,True,False,True,True,True,False,True
S1-118525189,S2-393548207,Al Trading Limited,আল ট্রেডিং লিমিটেড,"21/1, Radhanath Chowdhuri Road, Kolkata, Kolkata, Howrah, West Bengal","21/1, KOLKATA, West Bengal",0.0,0.5555555555555556,"1,21","1,21",2,0,al trading limited,aal ttreddin limittedd,13.333333333333329,80.0,66.66666666666667,True,False,True,True,True,False,True
S1-673449863,S2-904667833,Jai International Private Limited,Jai International Limited Center,"239, Mota Singh Nagar, Jalandhar, Punjab",,0.6,0.0,239,,0,1,jai international private limited,jai international limited center,87.71929824561403,87.71929824561403,0.0,False,True,False,False,False,True,True
S1-299803477,S2-350717219,Pi Agro Private Limited,Orbimira,"Dd 68, Narayantala (E), Aswininagar, Deshbandhunagar, North 24 Parganas, West Bengal","DD 68, NORTH 24 PARGANAS, West Bengal",0.0,0.6363636363636364,"24,68","24,68",2,0,pi agro private limited,orbimira,38.70967741935484,38.70967741935484,0.0,False,False,False,True,True,False,False
S1-292266527,S2-488044593,North Power Private Limited,నార్త్ పవర్ ప్రైవేట్ లిమిటెడ్,"Plot 61/B, 12-5-147/R/403, Rohit Avenue, Vijayapuri, Secunderabad, Hyderabad, Telangana","PLOT 61/B, N/A, SECUNDERABAD, Telangana",0.0,0.3125,"12,147,403,5,61",61,1,0,north power private limited,naart pvr praiveett limittedd,12.5,71.42857142857143,58.92857142857143,True,False,True,True,False,False,True
S1-499173091,S2-229474989,Lotus Enterprises Private Limited,लोटस एंटरप्राइजेज प्राइवेट लिमिटेड,"New Delhi, 4Th Floor Palam Extension Part-1, Sec-7, Dwarka, New Delhi, A-866/4, Delhi","A-866/4, null, NEW DELHI, दिल्ली",0.0,0.2941176470588235,"1,4,7,866","4,866",2,0,lotus enterprises private limited,lotts enttrpraaijej praaivett limittedd,9.836065573770496,75.0,65.1639344262295,True,False,True,True,False,False,True
S1-84750898,S2-782215986,Best Consultants,बेस्ट कंसल्टेंट्स,"J-10, Old No.4, F/F, J- Extn, Part-2, Gali No.12 Ramesh Park, Laxmi Nagar, Near Abdulla M, Asjid, New Delhi, East Delhi, Delhi","EAST DELHI, J-10, दिल्ली, NEW DELHI",0.0,0.2083333333333333,"10,12,2,4",10,1,0,best consultants,bestt knslttentts,7.692307692307693,72.72727272727273,65.03496503496504,True,False,True,True,False,False,True
S1-935495224,S2-982035613,Guru Multi Private Limited,GURU MTI PRIVATE LIMITED,"Shahdara, E-15, Shahdara, Delhi, Ug/F, Mansarovar Park, Near Shiv Mandir, Shahdara",,0.6,0.0,15,,0,1,guru multi private limited,guru mti private limited,96.0,96.0,0.0,False,True,False,False,False,True,True
S1-394660272,S2-888801981,Southern Sky Infrastructure Private Limited,సదర్న్ స్కై ఇన్‌ఫ్రాస్ట్రక్చర్ ప్రైవేట్ లిమిటెడ్,"Plot No. 78A, S V Co Op Industrial Estate, Balanagar, Hyderabad, Telangana","98A, BALANAGAR, Telangana",0.0,0.1538461538461538,78,98,0,0,southern sky infrastructure private limited,sdrn skai inphraasttrkcr praiveett limittedd,10.389610389610397,68.96551724137932,58.57590685176892,True,False,True,False,False,False,False
S1-648987333,S2-199486152,Black Foods Private Limited,ব্ল্যাক ফুডস প্রাইভেট লিমিটেড,"207, Sarat Bose Road, Flat No. 3B, Kolkata, Kolkata, Howrah, West Bengal","##207, KOLKATA, HOWRAH, পশ্চিমবঙ্গ",0.0,0.2,"207,3",207,1,0,black foods private limited,blyaak phudds praaibhett limittedd,11.538461538461531,65.57377049180329,54.03530895334176,True,False,True,True,False,False,False
S1-786084878,S2-555213729,Rk Engineers (India),Lumxylodrex,"H No. 13-1-65/A, First Floor, Subash Nivas Mothi Nagar Extn., Hyderabad, Telangana","13-1-65/A, HYDERABAD, తెలంగాణ",0.0,0.2631578947368421,"1,13,65","1,13,65",3,0,rk engineers india,lumxylodrex,13.793103448275868,13.793103448275868,0.0,False,False,False,True,False,False,False
S1-901788232,S2-569236983,Shree Infra Private Limited,श्री इंफ्रा प्राइवेट लिमिटेड,"Delhi, South Delhi, New Delhi, A-111 F/F, Defence Colony","A-111 F/F, NEW DELHI, SONIPAT, Delhi",0.0,0.5555555555555556,111,111,1,0,shree infra private limited,shrii inphraa praaivett limittedd,12.765957446808514,73.33333333333334,60.56737588652483,True,False,True,True,True,False,True
S1-335733346,S2-711344966,Shree Brothers Private Limited,... shreebrothers.com,"A-132, Second Floor Anand Vihar, New Delhi, East Delhi, Delhi","EAST DELHI, BLOCK B-B3/318 A-132, EAST DELHI, Delhi",0.0,0.3076923076923077,132,"132,3,318",1,0,shree brothers private limited,shreebrothers com,63.82978723404256,63.82978723404256,0.0,False,False,False,True,False,False,False
S1-550576688,S2-410453126,Big Foundation Private Limited,பிக் ஃபவுண்டேஷன் பிரைவேட் லிமிடெட்,"No.1, Royal Enclave, Besant Avenue, Adyar, Chennai, Tamil Nadu","NO.3, CHENNAI, Tamil Nadu",0.0,0.3636363636363636,1,3,0,0,big foundation private limited,pik hpvunntteessnnn piraiveett limittett,11.538461538461531,54.28571428571429,42.74725274725276,True,False,True,False,False,False,False
S1-363538821,S2-280467668,Share Commercial Private Limited,SHARE-COMMERCIAL PRIVATE,"Kasibugga, D No. 11-18-Ef K T Road, Srikakulam, Andhra Pradesh",,0.75,0.0,"11,18",,0,1,share commercial private limited,share commercial private,100.0,100.0,0.0,False,True,False,False,False,True,True
S1-821993950,S2-259159314,Sky Consultancy Private Limited,ಸ್ಕೈ ಕನ್ಸಲ್ಟೆನ್ಸಿ ಪ್ರೈವೇಟ್ ಲಿಮಿಟೆಡ್,"Bangalore South, Bangalore, Karnataka, No 10 16Th Main, 5Th C Cross Btm Layout 2N","BANGALORE, BANGALORE SOUTH, DOOR NO 10 16TH MAIN, ಕರ್ನಾಟಕ",0.0,0.3529411764705882,"10,16,2,5","10,16",2,0,sky consultancy private limited,skai knslttensi praiveett limittedd,10.714285714285708,66.66666666666667,55.95238095238096,True,False,True,True,False,False,False
S1-821993950,S2-484929360,Sky Consultancy Private Limited,ಸ್ಕೈ ಕನ್ಸಲ್ಟೆನ್ಸಿ ಪ್ರೈವೇಟ್ ಲಿಮಿಟೆಡ್,"Bangalore South, Bangalore, Karnataka, No 10 16Th Main, 5Th C Cross Btm Layout 2N","BANGALORE, Karnataka, 16TH MIAN",0.0,0.2142857142857142,"10,16,2,5",16,1,0,sky consultancy private limited,skai knslttensi praiveett limittedd,10.714285714285708,66.66666666666667,55.95238095238096,True,False,True,True,False,False,False
S1-928681156,S2-219155617,South Infra Pvt Ltd,ಸೌತ್ ಇನ್‌ಫ್ರಾ ಪ್ರೈವೇಟ್ ಲಿಮಿಟೆಡ್,"K.R. Garden Koramangala, Karnataka, 580, Bangalore","580, BANGALORE, BENGALURU, Karnataka",0.0,0.375,580,580,1,0,south infra pvt ltd,saut inphraa praiveett limittedd,14.63414634146342,62.74509803921568,48.11095169775226,True,False,True,True,False,False,False
S1-58605058,S2-474568215,Abhyuday Ventures Pvt. Ltd.,Ltd. Abhyuday Pvt. Center,"H No-59, F No- F-2, 1St Floor Modi Chamber, B Secter Kasturba, Bhopal, Madhya Pradesh","H NO-57, BHOPAL, Madhya Pradesh",0.6,0.3125,"1,2,59",57,0,0,abhyuday ventures pvt ltd,ltd abhyuday pvt center,87.5,87.5,0.0,False,False,False,False,False,True,True
S1-489098055,S2-859647001,Ace It Private Limited,Ace Private Limited Center Trading,"Plot 5B, 553/11, Second Floor, Adarsh Nagar, Near Tehri Pulia, Alam Bagh, Lucknow, Uttar Pradesh",,0.5,0.0,"11,5,553",,0,1,ace it private limited,ace private limited center trading,92.6829268292683,92.6829268292683,0.0,False,True,False,False,False,True,True
S1-852895797,S2-604585423,Balaji Global Impex LLP,बालाजी ग्लोबल इम्पेक्स एलएलपी,"Rajasthan, First Floor, Jaipur, 21/2, Vishvesariya Nagar, Near Triveni Pulia, Gopalpura By Pass Ro, Ad","Rajasthan, FIRST FLOOR, JAIPUR",0.0,0.25,"2,21",,0,0,balaji global impex llp,baalaajii globl impeks elelpii,12.5,79.24528301886792,66.74528301886792,True,False,True,False,False,False,True
S1-104135963,S2-761558878,Good Sree Technologies Limited,ગુડ શ્રી ટેક્નોલોજીસ લિમિટેડ,"C-4, Ganesh Township, Link Road, Bharuch, Gujarat","C-4, BHARUCH, Gujarat",0.0,0.5,4,4,1,0,good sree technologies limited,gudd shrii tteknolojiis limittedd,11.764705882352942,69.84126984126985,58.07656395891691,True,False,True,True,True,False,False
S1-234874495,S2-539675367,Bombay Consultants Private Limited,பம்பாய் கன்சல்டன்ட்ஸ் பிரைவேட் லிமிடெட்,"48/5, Majestic Studio Arcot Road, Saligramam, Chennai, Tamil Nadu","48/5/6, SALIGRAMAM, Tamil Nadu",0.0,0.4545454545454545,"48,5","48,5,6",2,0,bombay consultants private limited,pmpaay knnnclttnnntts piraiveett limittett,9.836065573770496,60.526315789473685,50.69025021570319,True,False,True,True,False,False,False
S1-182172265,S2-251949465,Indo Systems Private Limited,इंडो सिस्टम्स प्राइवेट लिमिटेड,"145 A/9, Kishangarh, Vasant Kunj, New Delhi, South West Delhi, Delhi","145 A/9, NEW DELHI, SOUTH WEST DELHI, Delhi",0.0,0.7,"145,9","145,9",2,0,indo systems private limited,inddo sisttms praaivett limittedd,12.244897959183676,78.68852459016394,66.44362663098026,True,False,True,True,True,False,True
S1-67975,S2-170796070,Great Builders Private Limited,கிரேட் பில்டர்ஸ் பிரைவேட் லிமிடெட்,"33/2, Kalaivanar Colony 2Nd Street Annanagar West Extension, Chennai, Tamil Nadu","0033/2, CHENNAI, Tamil Nadu",0.0,0.3076923076923077,"2,33","0033,2",1,0,great builders private limited,kireett pilttrs piraiveett limittett,12.5,63.63636363636363,51.13636363636363,True,False,True,True,False,False,False
S1-836435969,S2-222516616,Vista India,Vista India Corporation,"9B, 9Th Floor, Vandana Building 11 Tolstoy Road, New Delhi, Central Delhi, Delhi",,0.6666666666666666,0.0,"11,9",,0,1,vista india,vista india corporation,100.0,100.0,0.0,False,True,False,False,False,True,True
S1-607602964,S2-710542954,Daddy Brothers Limited,DADDY-BROTHERS LTD,"C-96, Sector- 50, Noida, Gautam Buddha Nagar, Noida, Gautam Buddha Nagar, Uttar Pradesh","C-9-6, SECTOR- 50, NOIDA, GAUTAM BUDDHA NAGAR, NOIDA, Uttar Pradesh",0.5,0.75,"50,96","50,6,9",1,0,daddy brothers limited,daddy brothers ltd,90.0,90.0,0.0,False,False,False,True,True,True,True
S1-747872753,S2-178743774,Ss Investment Private Limited,एसएस इन्वेस्टमेंट प्राइवेट लिमिटेड,"C-10 Maharani Bagh, New Delhi, Delhi","NEW DELHI, C-10 MAHARANI BGH, NEW DELHI, Delhi",0.0,0.7142857142857143,10,10,1,0,ss investment private limited,eses investtmentt praaivett limittedd,10.34482758620689,81.81818181818181,71.47335423197492,True,False,True,True,True,False,True
S1-636617547,S2-992683389,Aditya Food Private Limited,ಆದಿತ್ಯ ಫುಡ್ ಪ್ರೈವೇಟ್ ಲಿಮಿಟೆಡ್,"#7, 10Th Main, Jeevan Bheema Nagar Main Road, Off Indiranagar 80Ft Road, Bangalore, Karnataka","#A-7, BANGALORE, Karnataka",0.0,0.2307692307692307,"10,7,80",7,1,0,aditya food private limited,aadity phudd praiveett limittedd,12.244897959183676,71.1864406779661,58.94154271878243,True,False,True,True,False,False,True
S1-218205251,S2-910878762,White Apex Foundation Private Limited,व्हाइट एपेक्स फाउंडेशन प्राइवेट लिमिटेड,"90, Ashok Chambers, 5Th Floor, Devaji Ratanshi Marg, Danabunder, Masjid, Bunder(E), Mumbai, Mumbai City, Maharashtra","90, MUMBAI, MUMBAI CITY, महाराष्ट्र",0.0,0.1578947368421052,"5,90",90,1,0,white apex foundation private limited,vhaaitt epeks phaaunddeshn praaivett limittedd,11.111111111111114,60.24096385542168,49.12985274431057,True,False,True,True,False,False,False
S1-152067698,S2-563047932,Ss Investments Private Limited,एसएस इन्वेस्टमेंट्स प्राइवेट लिमिटेड,"A-18, Thane, Maharashtra, Nutan Niwas, Khodiyar Co Op Navyoug Na, Anand Nagar, Vasai Road (W), Thane","THANE, LUCKNOW, महाराष्ट्र, NULL, A-G-18",0.0,0.1304347826086956,18,18,1,0,ss investments private limited,eses investtmentts praaivett limittedd,10.169491525423725,82.35294117647058,72.18344965104686,True,False,True,True,False,False,True
S1-427587217,S2-943205131,South Global LLP,ಸೌತ್ ಗ್ಲೋಬಲ್ ಎಲ್ಎಲ್‌ಪಿ,"C 630, 6Th Floor, Mahaveer Rhyo Nyanappana Halli, Bangalore, Karnataka","NO. 184 C 630, BANGALORE, Karnataka",0.0,0.3333333333333333,"6,630","184,630",1,0,south global llp,saut gloobl elelpi,12.903225806451616,76.47058823529412,63.5673624288425,True,False,True,True,False,False,True
S1-289147025,S2-358279853,Pioneer Ventures Limited,पायोनियर वेंचर्स लिमिटेड,"Mumbai, Unit No.6, Ganjawala Apartment, Ganjawala Lane, Borivali West, Maharashtra","महाराष्ट्र, MUMBAI, UNTI NO.6, BORIVALI WEST",0.0,0.3333333333333333,6,6,1,0,pioneer ventures limited,paayoniyr vencrs limittedd,8.510638297872347,72.0,63.48936170212765,True,False,True,True,False,False,True
S1-55473385,S2-477246660,Om Logistics Private Limited,ॐ लॉजिस्टिक्स प्राइवेट लिमिटेड,"S-3, Platinum Avenue, Punam Chsl, 67A Linking Rd, Mumbai, Maharashtra","#417 S-3, BOMBAY, MUMBAI, Maharashtra",0.0,0.3076923076923077,"3,67","3,417",1,0,om logistics private limited,aum lonjisttiks praaivett limittedd,12.0,73.01587301587303,61.01587301587303,True,False,True,True,False,False,True
S1-916891338,S2-5050704,Kaverin (gokak) Private Limited,Kaverin (gokak) Limited Center,"Mumbai City, Mumbai, Janaki Niketan, Ground Floor, Dr.R.P. Road, Near Andheri Bus Stop, Mul, Und (West), 4, Maharashtra",,0.6,0.0,4,,0,1,kaverin gokak private limited,kaverin gokak limited center,85.71428571428571,85.71428571428571,0.0,False,True,False,False,False,True,True
S1-826564848,S2-903218597,Urban Exports LLP,അർബൻ എക്സ്പോർട്സ് എൽഎൽപി,"C/O Joseph Ta, Thattakath, Poyya, Site At Opp. Ksrtc, Mukundapuram, Thrissur, Kerala","C/O JOSEPH TA, THRISSUR, Keralam",0.0,0.3571428571428571,,,0,0,urban exports llp,ab ekspootts eepi,10.810810810810809,52.94117647058824,42.13036565977743,True,False,True,False,False,False,False
S1-511902078,S2-939759648,Swastik Systems Pvt Ltd,ஸ்வஸ்திக் சிஸ்டம்ஸ் பிரைவேட் லிமிடெட்,"No. 408, Manchester Towers, Avinashi Road, Coimbatore, Tamil Nadu","NO. 408, COIMBATORE, Tamil Nadu",0.0,0.5555555555555556,408,408,1,0,swastik systems pvt ltd,svstik cisttms piraiveett limittett,12.5,58.62068965517242,46.12068965517242,True,False,True,True,True,False,False
S1-996273329,S2-349325300,Perfect Business Private Limited,பர்ஃபெக்ட் பிசினஸ் பிரைவேட் லிமிடெட்,"New No: 28, Old No: 35/17 Kodambakkam, Chennai, Tamil Nadu","NEW NO: G-28, CHENNAI, Tamil Nadu",0.0,0.5454545454545454,"17,28,35",28,1,0,perfect business private limited,prhpektt picinnns piraiveett limittett,10.714285714285708,60.0,49.28571428571429,True,False,True,True,True,False,False
S1-996273329,S2-339104699,Perfect Business Private Limited,பர்ஃபெக்ட் பிசினஸ் பிரைவேட் லிமிடெட்,"New No: 28, Old No: 35/17 Kodambakkam, Chennai, Tamil Nadu","NEW NO: G-28, CHENNAI, Tamil Nadu",0.0,0.5454545454545454,"17,28,35",28,1,0,perfect business private limited,prhpektt picinnns piraiveett limittett,10.714285714285708,60.0,49.28571428571429,True,False,True,True,True,False,False
S1-619224612,S2-15857758,Great South Foods Pvt Ltd,ग्रेट साउथ फूड्स प्रा. लि.,"A 72, Sector 35, Noida, Gautam Buddha Nagar, Uttar Pradesh","GAUTAM BUDDHA NAGAR, NOIDA, Uttar Pradesh, BOLCK D-910 A 72",0.0,0.6153846153846154,"35,72","72,910",1,0,great south foods pvt ltd,grett saauth phuudds praa li,18.604651162790702,60.37735849056604,41.772707327775336,True,False,True,True,True,False,False
S1-7089836,S2-763758778,FKR Hospitality Private Limited,FKR Hospitality Private,"Cabin No 9, 4Th Floor Of 4, 5, And 6, Aditya Complex Gaurav Nagar, Kottanur Dinne, Main Road, Jp Nagar, Bangalore, Karnataka",,0.75,0.0,"4,5,6,9",,0,1,fkr hospitality private limited,fkr hospitality private,100.0,100.0,0.0,False,True,False,False,False,True,True
S1-528899943,S2-864386333,Good Hospitality Private Limited,ಗುಡ್ ಹಾಸ್ಪಿಟಾಲಿಟಿ ಪ್ರೈವೇಟ್ ಲಿಮಿಟೆಡ್,"#92, R V Road Basavanagudi, Bangalore, Karnataka","#92, BANGALORE, Karnataka",0.0,0.4285714285714285,92,92,1,0,good hospitality private limited,gudd haaspittaalitti praiveett limittedd,11.764705882352942,72.22222222222223,60.45751633986929,True,False,True,True,False,False,True
S1-528899943,S2-765805421,Good Hospitality Private Limited,ಗುಡ್ ಹಾಸ್ಪಿಟಾಲಿಟಿ ಪ್ರೈವೇಟ್ ಲಿಮಿಟೆಡ್,"#92, R V Road Basavanagudi, Bangalore, Karnataka","#92, BANGALORE, ಕರ್ನಾಟಕ",0.0,0.2,92,92,1,0,good hospitality private limited,gudd haaspittaalitti praiveett limittedd,11.764705882352942,72.22222222222223,60.45751633986929,True,False,True,True,False,False,True
S1-910938004,S2-222124463,Yamuavi Facility,Yamuavi Center,"8/276, Trilokpuri, Delhi, East Delhi, Delhi",,0.3333333333333333,0.0,"276,8",,0,1,yamuavi facility,yamuavi center,66.66666666666667,66.66666666666667,0.0,False,True,False,False,False,False,False
S1-666091354,S2-489035781,Mtl Consultancy LLP,LLP Mtl Cfostultmancy,"Unit No.226, Second Floor, Vipul Agora, Mg Road, Dlf Qe, Gurgaon, Haryana","GURHAON, N/A, Haryana, UNIT NO.#226",0.5,0.25,226,226,1,0,mtl consultancy llp,llp mtl cfostultmancy,90.0,90.0,0.0,False,False,False,True,False,True,True
S1-552527968,S2-425023438,Premier It,प्रीमियर It,"9, Delhi, South Delhi, D. D. A. Market, Vijaymandal Enclave, Sarvriya Vihar, New Delhi","PLOT 725 9, SOUTH DELHI, Delhi",0.1666666666666666,0.2307692307692307,9,"725,9",1,0,premier it,priimiyr it,33.33333333333333,76.19047619047619,42.85714285714286,True,False,True,True,False,False,True
S1-552527968,S2-734895122,Premier It,प्रीमियर आईटी,"9, Delhi, South Delhi, D. D. A. Market, Vijaymandal Enclave, Sarvriya Vihar, New Delhi","PLOT 725 9, SOUTH DELHI, Delhi",0.0,0.2307692307692307,9,"725,9",1,0,premier it,priimiyr aaiittii,9.090909090909092,59.25925925925926,50.168350168350166,True,False,True,True,False,False,False
S1-314117385,S2-683348838,Innovative Trading Private Limited,Innovative Teaidang Private Limited,"No.A-118, 1St Floor Kempegowdanagara Main Road, Chamarajapete, Bangalore South, Bangalore, Karnataka",,0.6,0.0,"1,118",,0,1,innovative trading private limited,innovative teaidang private limited,92.7536231884058,92.7536231884058,0.0,False,True,False,False,False,True,True
S1-841786542,S2-491156641,Fortune Developers Private Limited,फॉर्च्यून डेवलपर्स प्राइवेट लिमिटेड,"C-19, 2Nd Floor, Sector-4, Noida, Gautam Buddha Nagar, Uttar Pradesh","NOIDA, GAUTAM BUDDHA NAGAR, C-19, 2ND FLOOR, SECTOR-4, उत्तर प्रदेश",0.0,0.5882352941176471,"19,2,4","19,2,4",3,0,fortune developers private limited,phonrcyuun ddevlprs praaivett limittedd,9.523809523809518,71.23287671232876,61.70906718851924,True,False,True,True,True,False,True
S1-649660653,S2-113379465,Pashin Brothers Company,Pashin [Brothers] | www.pashinbr.com,"Kolkata, West Bengal, 18 S P Mukherjee Road, Calcutta","DOOR NO 18 S P MUKHERJEE ROAD, KOLKATA, West Bengal",0.3333333333333333,0.7272727272727273,18,18,1,0,pashin brothers company,pashin brothers www pashinbr com,80.0,80.0,0.0,False,False,False,True,True,False,True
S1-211096687,S2-705693431,Phulwari Property Private Limited,Phulwari Popeby Private Limited,"Jp Complex Building, Near Karlo Automobile, Phulwari, Patna, Bihar",,0.6,0.0,,,0,1,phulwari property private limited,phulwari popeby private limited,93.75,93.75,0.0,False,True,False,False,False,True,True
S1-426578924,S2-878988462,Zion Ventures Private Limited,Zetaaria,"Delhi, 124, Kh No. 1497 In, G/F, Vasant Kunj Enclave, South Delhi, A-123","South Delhi, Delhi, HN 958 A-123, <NULL>",0.0,0.2352941176470588,"123,124,1497","123,958",1,0,zion ventures private limited,zetaaria,32.432432432432435,32.432432432432435,0.0,False,False,False,True,False,False,False
S1-143796864,S2-142190281,Fortune Aditya Projects,ஃபார்ச்சூன் ஆதித்யா புராஜெக்ட்ஸ்,"No.8, Ii Street, New Colony West, Saidapet, Chennai, Tamil Nadu","H.NO 008, CHENNAI, Tamil Nadu",0.0,0.3076923076923077,8,008,0,0,fortune aditya projects,hpaarccuunnn aatityaa puraajektts,8.333333333333329,57.142857142857146,48.80952380952382,True,False,True,False,False,False,False
S1-517039874,S2-540152426,Blue Technology Pvt Ltd,బ్లూ టెక్నాలజీ ప్రైవేట్ లిమిటెడ్,"Flat No-21008, Janapriya-Utopia Attapur, Rajendra Nagar, Hyderabad, Telangana","Telangana, RAJENDRA NAGAR, FLAT NO",0.0,0.5,21008,,0,0,blue technology pvt ltd,bluu tteknaaljii praiveett limittedd,13.333333333333329,54.23728813559322,40.90395480225989,True,False,True,False,True,False,False
S1-314253253,S2-325279772,Lakshmi Technologies,લક્ષ્મી ટેક્નોલોજીસ,"R.S.No-2623, B758610360 Vill Visnagar Mog Tal Visnagar, Mahesana, Gujarat","R.S.NO-E623, MAHESANA, Gujarat",0.0,0.4166666666666667,"2623,758610360",623,0,0,lakshmi technologies,lkssmii tteknolojiis,5.263157894736848,70.0,64.73684210526315,True,False,True,False,False,False,True
S1-330347736,S2-433351865,Ven Home Private Limited,Limited Ven Private Center,"South City-1, A-50, Gurgaon, Sadar Bazar, Haryana","A-50, SOUTH CITY-1, GURGOAN, GURGAON, Haryana",0.6,0.7,"1,50","1,50",2,0,ven home private limited,limited ven private center,88.37209302325581,88.37209302325581,0.0,False,False,False,True,True,True,True
S1-441957710,S2-191343737,PN Source Private Limited,Limited PN Source Center,"29, Russa Road, Second Lane, Ground Floor P.S. Charu Market, Kolkata, Kolkata, Howrah, West Bengal","29, HOWRAH, পশ্চিমবঙ্গ",0.6,0.1052631578947368,29,29,1,0,pn source private limited,limited pn source center,82.92682926829268,82.92682926829268,0.0,False,False,False,True,False,True,True
S1-428751421,S2-437631751,Golden Impex Private Limited,गोल्डन इम्पेक्स प्राइवेट लिमिटेड,"2Nd Floor, Plot No 4, Minarch Tower, Sector-44 Haryana, Gurgaon, Haryana","2ND FLOOR, GURGAON, Haryana",0.0,0.3636363636363636,"2,4,44",2,1,0,golden impex private limited,golddn impeks praaivett limittedd,11.111111111111114,78.68852459016394,67.57741347905282,True,False,True,True,False,False,True
S1-428751421,S2-355753118,Golden Impex Private Limited,गोल्डन इम्पेक्स प्राइवेट लिमिटेड,"2Nd Floor, Plot No 4, Minarch Tower, Sector-44 Haryana, Gurgaon, Haryana","#2ND FLOOR, GURGAON, Haryana",0.0,0.3636363636363636,"2,4,44",2,1,0,golden impex private limited,golddn impeks praaivett limittedd,11.111111111111114,78.68852459016394,67.57741347905282,True,False,True,True,False,False,True
S1-509150584,S2-931190751,Singh Communications Pvt Ltd,Singh Pvt Ltd Services,"A-15, First Floor, New Delhi, South Delhi, Delhi","#0741 A-15, FIRST FLOOR, NEW DELHI, Delhi",0.6,0.75,15,"0741,15",1,0,singh communications pvt ltd,singh pvt ltd services,74.28571428571428,74.28571428571428,0.0,False,False,False,True,True,True,True
S1-314761186,S2-320471212,Next Polytechnic,M/s NEXT PO1YTECHNIC,"Flat No. F-1, Ground Floor, Anant Shree Sankul, Temple Road, Civil Lines, Nagpur, Maharashtra",,0.2,0.0,1,,0,1,next polytechnic,m s next po1ytechnic,83.33333333333334,83.33333333333334,0.0,False,True,False,False,False,False,True
S1-807764559,S2-707304356,International Seven Care,इंटरनेशनल सेवन केयर,"A/104, Centre Plaza - 1, Nana Nani Park, Nirabhai Patil Marg, Manvelpada Road, Vi, Rar East, Thane, Maharashtra","A/B3/104, RAR EAST, Maharashtra",0.0,0.2631578947368421,"1,104","104,3",1,0,international seven care,inttrneshnl sevn keyr,9.302325581395356,62.22222222222222,52.91989664082686,True,False,True,True,False,False,False
S1-807764559,S2-770518431,International Seven Care,इंटरनेशनल सेवन केयर,"A/104, Centre Plaza - 1, Nana Nani Park, Nirabhai Patil Marg, Manvelpada Road, Vi, Rar East, Thane, Maharashtra","A/B3/104, RAR EAST, Maharashtra",0.0,0.2631578947368421,"1,104","104,3",1,0,international seven care,inttrneshnl sevn keyr,9.302325581395356,62.22222222222222,52.91989664082686,True,False,True,True,False,False,False
S1-96058680,S2-972282127,Gold Projects Private Limited,गोल्ड प्रोजेक्ट्स प्राइवेट लिमिटेड,"Jabalpur, Madhya Pradesh, Jabalpur, New Ram Nagar, R1-81, Adhartal, A/2","BLOCK D-397 A/2, JABALPUR, JABALPUR ADHARTAL, मध्य प्रदेश",0.0,0.2105263157894736,"1,2,81","2,397",1,0,gold projects private limited,goldd projektts praaivett limittedd,11.764705882352942,81.25,69.48529411764706,True,False,True,True,False,False,True
S1-450678737,S2-689904673,Shiv Business Private Limited,शिव बिजनेस प्राइवेट लिमिटेड,"Zo-43, Basantpark Zopadpatti, Near Basant Park Police Station, Chembur, Mumbai, Mumbai City, Maharashtra","HN 72 ZO-43, <NULL>, MUMBAI, MUMBAI CITY, Maharashtra",0.0,0.3125,43,"43,72",1,0,shiv business private limited,shiv bijnes praaivett limittedd,11.111111111111114,80.0,68.88888888888889,True,False,True,True,False,False,True
S1-275775384,S2-659216326,Lotus Impex Pvt Ltd,लोटस इम्पेक्स प्रा. लि.,"House No. 286, Ground, Floor Harijan Basti., New Delhi, Delhi","HOUSE NO. 86, NEW DELHI, SOUTH WEST DELHI, Delhi",0.0,0.3333333333333333,286,86,0,0,lotus impex pvt ltd,lotts impeks praa li,17.647058823529406,66.66666666666667,49.01960784313727,True,False,True,False,False,False,False
S1-37260485,S2-15388823,Rare Finance Ltd,M/s Rare  Finance Limited,"C/O S.Dhandapani, Namakkal, 6/371 Maruthi Nagar, Trichi Road, Tamil Nadu",,0.3333333333333333,0.0,"371,6",,0,1,rare finance ltd,m s rare finance limited,85.71428571428571,85.71428571428571,0.0,False,True,False,False,False,False,True
S1-697403219,S2-136700250,Innovative Consulting Pvt Ltd,इनोवेटिव कंसल्टिंग प्रा. लि.,"220 B, Ground Floor, Block- Udhyog Kendra Extn-1, Sector-Ecotech-Iii, Noida, Gautam Buddha Nagar, Uttar Pradesh","220 B, GAUTAM BUDDHA NAGAR, उत्तर प्रदेश",0.0,0.217391304347826,"1,220",220,1,0,innovative consulting pvt ltd,inovettiv knsltting praa li,12.5,67.85714285714286,55.35714285714286,True,False,True,True,False,False,False
S1-476506949,S2-73597234,Vijay Logistics Private Limited,વિજય લોજિસ્ટિક્સ પ્રાઇવેટ લિમિટેડ,"Office No 11, Second Floor, Plot No 15, Rajdeep Complex, Ward 9A, Gandhidham, Kachchh, Gujarat","OFFICE NO 11, GANDHIDHAM, null, Gujarat",0.0,0.3333333333333333,"11,15,9",11,1,0,vijay logistics private limited,vijya lojisttiks praaivett limittedd,10.714285714285708,77.61194029850746,66.89765458422175,True,False,True,True,False,False,True
S1-270742097,S2-401505467,Sai Engineering Private Limited,Sai Engineering  Piarevhge Limited,"R-46, New Delhi, 2Nd Floor Greater Kailash - 1, Delhi","R-4-6, 2ND FLOOR GREATER KAILASH - 1, Delhi",0.6,0.6363636363636364,"1,2,46","1,2,4,6",2,0,sai engineering private limited,sai engineering piarevhge limited,87.5,87.5,0.0,False,False,False,True,True,True,True
S1-327514537,S2-105848166,Bharat Developers Private Limited,ভারত ডেভেলপারস প্রাইভেট লিমিটেড,"G.T. Road, M. Das Supar Market Bandel, Hooghly, West Bengal","HOOGHLY, G.T. ROAD, পশ্চিমবঙ্গ, HOOGHLY",0.0,0.2666666666666666,,,0,0,bharat developers private limited,bhaart ddebhelpaars praaibhett limittedd,10.34482758620689,71.23287671232876,60.88804912612187,True,False,True,False,False,False,True
S1-94825725,S2-836804395,Sree East Agro Private Limited,শ্রী ইস্ট অ্যাগ্রো প্রাইভেট লিমিটেড,"Howrah, Kolkata, Talpukur Road, Lokenath Bhavan Behala, Sorsuna Ghosh Para, Kolkata, 7/14, West Bengal","7/14, CALCUTTA, HOWRAH, West Bengal",0.0,0.3333333333333333,"14,7","14,7",2,0,sree east agro private limited,shrii istt ayaagro praaibhett limittedd,14.545454545454549,66.66666666666667,52.121212121212125,True,False,True,True,False,False,False
S1-94825725,S2-376128308,Sree East Agro Private Limited,শ্রী ইস্ট অ্যাগ্রো প্রাইভেট লিমিটেড,"Howrah, Kolkata, Talpukur Road, Lokenath Bhavan Behala, Sorsuna Ghosh Para, Kolkata, 7/14, West Bengal","7/14, CALCUTTA, HOWRAH, West Bengal",0.0,0.3333333333333333,"14,7","14,7",2,0,sree east agro private limited,shrii istt ayaagro praaibhett limittedd,14.545454545454549,66.66666666666667,52.121212121212125,True,False,True,True,False,False,False
S1-34649272,S2-115551573,Promise Consultancy Limited,Pr0mise Limited  Services,"#7, Nhai Complex, Near A2B Restaurant, Nh44, Bangalore To Chinnar Highway, Chinn, Ar, Shoolagiri, Krishnagiri, Dharmapuri, Tamil Nadu","#7, KRISHNAGIRI, DHARMAPURI, தமிழ்நாடு",0.2,0.1363636363636363,"2,44,7",7,1,0,promise consultancy limited,pr0mise limited services,54.90196078431373,54.90196078431373,0.0,False,False,False,True,False,False,False
S1-942066749,S2-418760541,Blue Constructions,బ్లూ కన్‌స్ట్రక్షన్స్,"1-98/5/2A, Sy No 85, Madhapur, Hitech City, Serilingampally, K.V.Rangareddy, Telangana","1-98/5/2, K.V.RANGAREDDY, Telangana",0.0,0.4375,"1,2,5,85,98","1,2,5,98",4,0,blue constructions,bluu knsttrkssns,5.882352941176464,58.82352941176471,52.941176470588246,True,False,True,True,False,False,False
S1-942066749,S2-87360336,Blue Constructions,బ్లూ కన్‌స్ట్రక్షన్స్,"1-98/5/2A, Sy No 85, Madhapur, Hitech City, Serilingampally, K.V.Rangareddy, Telangana","K.V.RANGAREDDY, 1-98/5/2, తెలంగాణ",0.0,0.3,"1,2,5,85,98","1,2,5,98",4,0,blue constructions,bluu knsttrkssns,5.882352941176464,58.82352941176471,52.941176470588246,True,False,True,True,False,False,False
S1-48745451,S2-765428998,Yamuiya Engineering,YAMUIYA CENTER,"Pole No. P38, Bliss Tours And Travel Vasai Virar City, Vasai West, Palghar, Thane, Maharashtra",,0.3333333333333333,0.0,38,,0,1,yamuiya engineering,yamuiya center,72.72727272727273,72.72727272727273,0.0,False,True,False,False,False,False,True
S1-703732266,S2-503272542,Carry Brothers Private Limited,Carry Brothers Private,"7 Bhaskar Smruti Roadfreire Bridge Low Level (South) Nana Chowk, Mumbai, Mumbai City, Maharashtra",,0.75,0.0,7,,0,1,carry brothers private limited,carry brothers private,100.0,100.0,0.0,False,True,False,False,False,True,True
S1-525042414,S2-607349018,Ram Jay Engineering Private Limited,राम जय इंजीनियरिंग प्राइवेट लिमिटेड,"Plot No 31, Cts No 1167, Ami Residency, Fl No 34, Yashashri Co-Op Hsg Society, Kothrud, Pune City, Pune, Maharashtra","PLOT NO 31, Maharashtra, PUNE CITY, UE",0.0,0.3157894736842105,"1167,31,34",31,1,0,ram jay engineering private limited,raam jy injiiniyring praaivett limittedd,12.698412698412696,74.66666666666667,61.968253968253975,True,False,True,True,False,False,True
S1-363391853,S2-595173417,Sadar Bazar Developers Center,Zetaquo,"E 203, Ireo Uptown, Sector 66, Sadar Bazar, Gurgaon, Haryana","E 203, SADAR BAZAR, GURGAON, हरियाणा",0.0,0.3846153846153846,"203,66",203,1,0,sadar bazar developers center,zetaquo,22.22222222222223,22.22222222222223,0.0,False,False,False,True,False,False,False
S1-127935965,S2-531226567,Tirupati Infrastructure Private Limited,तिरुपति इंफ्रास्ट्रक्चर प्राइवेट लिमिटेड,"Khata No. 33, Gata No. 520 K Bindaula, Mohanlalganj, Lucknow, Uttar Pradesh","KHATA NO. 33, RAE BARELI, LUCKNOW, Uttar Pradesh",0.0,0.4615384615384615,"33,520",33,1,0,tirupati infrastructure private limited,tirupti inphraasttrkcr praaivett limittedd,8.57142857142857,76.54320987654322,67.97178130511465,True,False,True,True,False,False,True
S1-434240060,S2-604754318,Jay Agro Private Limited,जय एग्रो प्राइवेट लिमिटेड,"E-193 Second Floor, Shaheen Bagh Abul Fazal Enclave Part-2, Jamia Nagar Okhla, New Delhi, South Delhi, Delhi","E-193 SECOND FLOOR, NEW DELHI, SOUTH DELHI, दिल्ली",0.0,0.3684210526315789,"193,2",193,1,0,jay agro private limited,jy egro praaivett limittedd,13.63636363636364,78.43137254901961,64.79500891265597,True,False,True,True,False,False,True
S1-700579262,S2-415935004,All Marketing Private Limited,ಆಲ್ ಮಾರ್ಕೆಟಿಂಗ್ ಪ್ರೈವೇಟ್ ಲಿಮಿಟೆಡ್,"#284, 3Rd Main, 11Th Cross, Kirloskar Layout Baanaavara Main Road Opp Saptagiri Colle, Ge, Bengaluru, Bangalore, Karnataka","#284, BANGALORE, Karnataka",0.0,0.1875,"11,284,3",284,1,0,all marketing private limited,aal maarketting praiveett limittedd,12.244897959183676,81.25,69.00510204081633,True,False,True,True,False,False,True
S1-700579262,S2-609853946,All Marketing Private Limited,Shri ALL-MARKETING PRIVATE LTD,"#284, 3Rd Main, 11Th Cross, Kirloskar Layout Baanaavara Main Road Opp Saptagiri Colle, Ge, Bengaluru, Bangalore, Karnataka",,0.5,0.0,"11,284,3",,0,1,all marketing private limited,shri all marketing private ltd,84.7457627118644,84.7457627118644,0.0,False,True,False,False,False,True,True
S1-45859508,S2-201596870,Lotus Power Private Limited,ಲೋಟಸ್ ಪವರ್ ಪ್ರೈವೇಟ್ ಲಿಮಿಟೆಡ್,"Sy. No 11/2/6, Puradapalya Village, Tavarekere Hobli, Bangalore, Karnataka","Karnataka, SY. NO 11/2/6, BANGALORE",0.0,0.6363636363636364,"11,2,6","11,2,6",3,0,lotus power private limited,lootts pvr praiveett limittedd,12.765957446808514,73.6842105263158,60.91825307950728,True,False,True,True,True,False,True
S1-396753330,S2-36941807,Tam Enterprises Private Limited,Sri Tam Tam [Énterprises],"3Rd Floor, Front Wing North Block, Manipal Centre, Bangalore, Karnataka",,0.1666666666666666,0.0,3,,0,1,tam enterprises private limited,sri tam tam enterprises,56.0,88.23529411764706,32.23529411764706,True,True,True,False,False,False,True
S1-161972408,S2-874469151,Baba Infrastructure Private Limited,बाबा इंफ्रास्ट्रक्चर प्राइवेट लिमिटेड,"207, Jhalawar Bldg, Patanwala Compd, Mumbai, Maharashtra","MUMBAI, 07, महाराष्ट्र",0.0,0.0833333333333333,207,07,0,0,baba infrastructure private limited,baabaa inphraasttrkcr praaivett limittedd,9.523809523809518,73.6842105263158,64.16040100250628,True,False,True,False,False,False,True
S1-602284355,S2-180958835,Laxmi South Healthcare Limited,लक्ष्मी साउथ हेल्थकेयर लिमिटेड,"C/4, Ganesh Prasad Chsl, L.M.Road Dahisar (West), Mumbai, Mumbai City, Maharashtra","C/04, MUMBAI, Maharashtra",0.0,0.2142857142857142,4,04,0,0,laxmi south healthcare limited,lkssmii saauth helthkeyr limittedd,10.909090909090908,71.875,60.96590909090909,True,False,True,False,False,False,True
S1-602284355,S2-101042043,Laxmi South Healthcare Limited,लक्ष्मी साउथ हेल्थकेयर लिमिटेड,"C/4, Ganesh Prasad Chsl, L.M.Road Dahisar (West), Mumbai, Mumbai City, Maharashtra","MUMBAI, THANE, C/04, Maharashtra",0.0,0.2,4,04,0,0,laxmi south healthcare limited,lkssmii saauth helthkeyr limittedd,10.909090909090908,71.875,60.96590909090909,True,False,True,False,False,False,True
S1-274085682,S2-337946663,Great Foundation Private Limited,ग्रेट फाउंडेशन प्राइवेट लिमिटेड,"37, 3Rd Floor Shreshtha Vihar, Delhi, East Delhi, Delhi","37, DELHI, EAST DELHI, Delhi",0.0,0.4285714285714285,"3,37",37,1,0,great foundation private limited,grett phaaunddeshn praaivett limittedd,10.909090909090908,65.71428571428571,54.8051948051948,True,False,True,True,False,False,False
S1-377632980,S2-64628167,Vijai (India) Build Pvt Ltd,Pyra0nyxveo,"Wz-1010, G/Floor, Old Plot No-10, Kh No-61/19/1, Palam Colony, Raj Nagar, New Delhi, South West Delhi, Delhi","WZ-A-1010, NEW DELHI, SOUTH WEST DELHI, दिल्ली",0.0,0.2608695652173913,"1,10,1010,19,61",1010,1,0,vijai india build pvt ltd,pyra0nyxveo,16.666666666666664,16.666666666666664,0.0,False,False,False,True,False,False,False
S1-867259305,S2-46026081,Royal Media Private Limited,रॉयल मीडिया प्राइवेट लिमिटेड,"C-197, G/F Plot No.- 15-B, New Ashok Nagar Near Hanuman Mandir, Delhi, East Delhi, Delhi","Delhi, C-197, EAST DELHI",0.0,0.25,"15,197",197,1,0,royal media private limited,ronyl miiddiyaa praaivett limittedd,13.043478260869565,74.19354838709677,61.150070126227206,True,False,True,True,False,False,True
S1-882601076,S2-473724299,Jai Public School Private Limited,Sri Jai School Private Limited  Center,"Shop No-A1, Bldg No82 Sri, Prastha Complex, Nsp(W), Vasai, Thane, Maharashtra",,0.5714285714285714,0.0,"1,82",,0,1,jai public school private limited,sri jai school private limited center,88.13559322033899,88.13559322033899,0.0,False,True,False,False,False,True,True
S1-2286601,S2-933363971,Om Investment Private Limited,ॐ इन्वेस्टमेंट प्राइवेट लिमिटेड,"3, Parvati Nivas, 1St Floor, 556/B, Adenwala Road, Matunga, Mumbai, Maharashtra","3, MUMBAI, MATUNGA, महाराष्ट्र",0.0,0.1875,"1,3,556",3,1,0,om investment private limited,aum investtmentt praaivett limittedd,10.909090909090908,80.0,69.0909090909091,True,False,True,True,False,False,True
S1-160476547,S2-530929264,Big Exports Private Limited,બિગ એક્સપોર્ટ્સ પ્રાઇવેટ લિમિટેડ,"Survey No 230, C/O Movish Motors, Shantipura Cross Road, Sarkhej-Okaf, Ahmedabad, Ahmedabad, Gujarat","#230, AHMEDABAD, Gujarat",0.0,0.2142857142857142,230,230,1,0,big exports private limited,big eksportts praaivett limittedd,11.320754716981128,80.0,68.67924528301887,True,False,True,True,False,False,True
S1-270070380,S2-676139126,Al Dynamic Food Private Limited,আল ডায়নামিক ফুড প্রাইভেট লিমিটেড,"C 62, West Bengal, Howrah, Survey Park, P.S.- Patuli, Kolkata, Kolkata","C 62, KOLKATA, HOWRAH, West Bengal",0.0,0.5454545454545454,62,62,1,0,al dynamic food private limited,aal ddaay naamik phudd praaibhett limittedd,14.285714285714292,64.86486486486487,50.57915057915058,True,False,True,True,True,False,False
S1-396884597,S2-20079564,Laxmi Finance Private Limited,लक्ष्मी फाइनेंस प्राइवेट लिमिटेड,"4, Chandramohini Apartment, Lane 4 Subhash Nagar, 1227 Shukrawar Pet, H, Pune, Maharashtra","BLOCK A-950 4, H, PUNE, Maharashtra",0.0,0.2666666666666666,"1227,4","4,950",1,0,laxmi finance private limited,lkssmii phaainens praaivett limittedd,10.909090909090908,63.63636363636363,52.72727272727273,True,False,True,True,False,False,False
S1-160761481,S2-380528725,KK Nest Limited,KK Nest [Ltd],"11/Ol, Tiruvengadaswamy Road, R.S. Puram, Coimbatore, Tamil Nadu",,0.5,0.0,11,,0,1,kk nest limited,kk nest ltd,84.61538461538461,84.61538461538461,0.0,False,True,False,False,False,True,True
S1-494405987,S2-40631837,Lakshmi Exports Private Limited,লক্ষ্মী এক্সপোর্টস প্রাইভেট লিমিটেড,"1 D Canal Road, 3Rd Floor Mahavirtalla, Kolkata, Kolkata, Howrah, West Bengal","H.NO 1 D CANAL RODA, KOLKATA, HOWRAH, West Bengal",0.0,0.5,"1,3",1,1,0,lakshmi exports private limited,lkssmii eksportts praaibhett limittedd,10.169491525423725,72.46376811594203,62.29427659051831,True,False,True,True,True,False,True
S1-801640806,S2-410357948,Fortune Hospitality Private Limited,ಫಾರ್ಚೂನ್ ಹಾಸ್ಪಿಟಾಲಿಟಿ ಪ್ರೈವೇಟ್ ಲಿಮಿಟೆಡ್,"No. 202, 2 Floor, Sai Shindhuj Residency 1 Crs, 7 Mn, Arehalli, Subramanyapura Po, Bangalore, Karnataka","NO. 202, BANGALORE, Karnataka, BANGALORE",0.0,0.25,"1,2,202,7",202,1,0,fortune hospitality private limited,phaarcuun haaspittaalitti praiveett limittedd,10.34482758620689,67.5,57.15517241379311,True,False,True,True,False,False,False
S1-801640806,S2-644005624,Fortune Hospitality Private Limited,ಫಾರ್ಚೂನ್ ಹಾಸ್ಪಿಟಾಲಿಟಿ ಪ್ರೈವೇಟ್ ಲಿಮಿಟೆಡ್,"No. 202, 2 Floor, Sai Shindhuj Residency 1 Crs, 7 Mn, Arehalli, Subramanyapura Po, Bangalore, Karnataka","BANGALORE, ಕರ್ನಾಟಕ, BANGALORE, NO. 202",0.0,0.1578947368421052,"1,2,202,7",202,1,0,fortune hospitality private limited,phaarcuun haaspittaalitti praiveett limittedd,10.34482758620689,67.5,57.15517241379311,True,False,True,True,False,False,False
S1-912587709,S2-681837426,Star Services Private Limited,स्टार सर्विसेज प्राइवेट लिमिटेड,"Unit No-339, 3Rd Floor, Ijmima Imitation Jewellery Market Csl, Off. Link Road Malad West, Mumbai, Mumbai City, Maharashtra","UNIT NO-339, MUMBAI CITY, MUMBAI, Maharashtra",0.0,0.3333333333333333,"3,339",339,1,0,star services private limited,sttaar srvisej praaivett limittedd,11.538461538461531,76.19047619047619,64.65201465201466,True,False,True,True,False,False,True
S1-795951186,S2-476836046,Baba Technology Private Limited,बाबा टेक्नोलॉजी प्राइवेट लिमिटेड,"Plot No. 13, N 8 Shriganesh Housing Society, Cidco, Aurangabad, Maharashtra","DOOR NO 13, AURANGABAD, Maharashtra",0.0,0.3333333333333333,"13,8",13,1,0,baba technology private limited,baabaa tteknolonjii praaivett limittedd,11.320754716981128,71.42857142857143,60.1078167115903,True,False,True,True,False,False,True
S1-108427354,S2-803482675,Sky Hospitality Limited,സ്കൈ ഹോസ്പിറ്റാലിറ്റി ലിമിറ്റഡ്,"No 39/2475-B1, Suite 487, Lr Towers, Sjrra 104, South Janatha Road, Palarivattom, Ernakulam, Kerala","ERNAKULAM, Keralam, NO 39/2475-B1",0.0,0.2941176470588235,"1,104,2475,39,487","1,2475,39",3,0,sky hospitality limited,skai hoospirrrraalirrrri limirrrrdd,10.256410256410264,58.62068965517242,48.36427939876216,True,False,True,True,False,False,False
S1-36802832,S2-466642095,First Energy Limited,First Energy,"6, M.C. Colony Rohtak Road, Bhiwani, Haryana","6, M.C. COLONY ROHTAK ROAD, हरियाणा",0.6666666666666666,0.5454545454545454,6,6,1,0,first energy limited,first energy,100.0,100.0,0.0,False,False,False,True,True,True,True
S1-172300611,S2-444788402,Cargo Investment Private Limited,Limited Cargo Investment Center,"C-16, C-Block Market, Vasant Vihar, South West Delhi, Delhi, New Delhi","C-16, SOUTH WEST DELHI, NEW DELHI, Delhi",0.6,0.6,16,16,1,0,cargo investment private limited,limited cargo investment center,87.27272727272728,87.27272727272728,0.0,False,False,False,True,True,True,True
S1-730245397,S2-694546109,Lakshmi Engineering,ಲಕ್ಷ್ಮಿ ಇಂಜಿನಿಯರಿಂಗ್,"Ground Floor, Door No291Ca, Hariyalamma Enterprises, Mysore, Karnataka","GROUND FLOOR, MYSURU, HEBBALU, Karnataka",0.0,0.3,291,,0,0,lakshmi engineering,lkssmi injiniyring,5.555555555555558,70.27027027027027,64.71471471471472,True,False,True,False,False,False,True
S1-302292010,S2-844632670,First Global Private Limited,First Global Private Ltd,"Telangana, 2D, 2Nd Floor, 23-24/A, Nandanavanam Complex, Vengal Rao Nagar, Hyderabad",,0.6,0.0,"2,23,24",,0,1,first global private limited,first global private ltd,92.3076923076923,92.3076923076923,0.0,False,True,False,False,False,True,True
S1-446223794,S2-120228909,East Bharat Consultancy Private Limited,ईस्ट भारत कंसल्टेंसी प्राइवेट लिमिटेड,"Unit No 4, 357, 3Rd Floor, Mansarovar Plaza, Jaipur, Rajasthan","UNIT NO 4, JAIPUR, Rajasthan",0.0,0.5,"3,357,4",4,1,0,east bharat consultancy private limited,iistt bhaart knslttensii praaivett limittedd,11.764705882352942,67.46987951807229,55.70517363571935,True,False,True,True,True,False,False
S1-388865464,S2-882424732,Green Tech Private Limited,Green Tech Private,"304, Attari Appartment, 78, New Fatehpura, Udaipur, Rajasthan",,0.75,0.0,"304,78",,0,1,green tech private limited,green tech private,100.0,100.0,0.0,False,True,False,False,False,True,True
S1-16992687,S2-782607380,Balaji Galaxy Exports Private Limited,बालाजी गैलेक्सी एक्सपोर्ट्स प्राइवेट लिमिटेड,"6, Siddhi Avenue Chs Ltd Shimpoli Road, Chikuwadi, Borivali(W), Mumbai, Mumbai City, Maharashtra","#6, MUMBAI, GREATER MUMBAI, महाराष्ट्र",0.0,0.1111111111111111,6,6,1,0,balaji galaxy exports private limited,baalaajii gaileksii eksportts praaivett limittedd,11.940298507462686,72.09302325581396,60.15272474835128,True,False,True,True,False,False,True
S1-16992687,S2-85590866,Balaji Galaxy Exports Private Limited,बालाजी गैलेक्सी एक्सपोर्ट्स प्राइवेट लिमिटेड,"6, Siddhi Avenue Chs Ltd Shimpoli Road, Chikuwadi, Borivali(W), Mumbai, Mumbai City, Maharashtra","#6, MUMBAI II, Maharashtra",0.0,0.2142857142857142,6,6,1,0,balaji galaxy exports private limited,baalaajii gaileksii eksportts praaivett limittedd,11.940298507462686,72.09302325581396,60.15272474835128,True,False,True,True,False,False,True
S1-464974088,S2-110700130,Sai Impex Private Limited,साईं इम्पेक्स प्राइवेट लिमिटेड,"D-3, Commerce Centre, Tardeo Road, Tardeo, Mumbai, Maharashtra","D-3, Tardeo, <NULL>, Maharashtra",0.0,0.4444444444444444,3,3,1,0,sai impex private limited,saaiin impeks praaivett limittedd,12.5,75.86206896551724,63.36206896551724,True,False,True,True,False,False,True
S1-464974088,S2-358105047,Sai Impex Private Limited,साईं इम्पेक्स प्राइवेट लिमिटेड,"D-3, Commerce Centre, Tardeo Road, Tardeo, Mumbai, Maharashtra","D-3, Tardeo, <NULL>, Maharashtra",0.0,0.4444444444444444,3,3,1,0,sai impex private limited,saaiin impeks praaivett limittedd,12.5,75.86206896551724,63.36206896551724,True,False,True,True,False,False,True
S1-678153859,S2-280426705,Shakti Media Pvt Ltd,சக்தி மீடியா பிரைவேட் லிமிடெட்,"New No.1, Old No.17, Bashyam Second Street Otteri, Chennai, Tamil Nadu","NEW NO.1, CHENNAI, Tamil Nadu",0.0,0.5,"1,17",1,1,0,shakti media pvt ltd,ckti miittiyaa piraiveett limittett,15.78947368421052,50.90909090909091,35.119617224880386,True,False,True,True,True,False,False
S1-222230733,S2-21352368,Bharat Builders Private Limited,Bharat Builders Prívate Ltd,"136, Begum Pur Panchsheel Park, Malviya Nagar, New Delhi, Delhi",,0.3333333333333333,0.0,136,,0,1,bharat builders private limited,bharat builders private ltd,89.65517241379311,93.10344827586206,3.4482758620689538,True,True,True,False,False,False,True
S1-457237304,S2-346237240,Shree Tech Private Limited,શ્રી ટેક પ્રાઇવેટ લિમિટેડ,"407, Rajhans -2, Ring Road, Surat City, Surat, Gujarat","H.NO 861 407, SURAT CITY, <NULL>, Gujarat",0.0,0.3333333333333333,"2,407","407,861",1,0,shree tech private limited,shrii ttek praaivett limittedd,13.63636363636364,71.42857142857143,57.79220779220779,True,False,True,True,False,False,True
S1-84834723,S2-436390221,Unwal Mills Pvt Ltd,Unwal Pvt Ltd Services,"405, Dharmyug Apt, Radha Nagar, Surat City, Surat, Gujarat",,0.6,0.0,405,,0,1,unwal mills pvt ltd,unwal pvt ltd services,81.25,81.25,0.0,False,True,False,False,False,True,True
S1-494377319,S2-423199118,International Tech Private Limited,ઇન્ટરનેશનલ ટેક પ્રાઇવેટ લિમિટેડ,"70, Gopinath Estate, Co-Op. Inindl. Society, Nh No. 8, Nr. Shyam Commercial, Odhav, Ahmedabad, Gujarat, Ahmedabad","PLOT 2-92 70, AHMEDABAD, Gujarat",0.0,0.1578947368421052,"70,8","2,70,92",1,0,international tech private limited,inttrneshnl ttek praaivett limittedd,9.836065573770496,68.57142857142857,58.73536299765807,True,False,True,True,False,False,False
S1-610470812,S2-254434920,Awesome Solutions Private Limited,Awesome Solutions Private Ltd,"Part 1 Of First Floor, Krishi Upaj Mandi, Mandore Road, D-1, Jodhpur, Rajasthan, Jodhpur",,0.6,0.0,1,,0,1,awesome solutions private limited,awesome solutions private ltd,93.5483870967742,93.5483870967742,0.0,False,True,False,False,False,True,True
S1-715049118,S2-45815550,Baba Developers Private Limited,বাবা ডেভেলপারস প্রাইভেট লিমিটেড,"Room No.734, 7Th Floor, Marshal House, 33/1, Netaji Subhas Road, Kolkata, Kolkata, Howrah, West Bengal","ROOM NO.734, KOLKATA, HOWRAH, পশ্চিমবঙ্গ",0.0,0.25,"1,33,7,734",734,1,0,baba developers private limited,baabaa ddebhelpaars praaibhett limittedd,10.909090909090908,70.4225352112676,59.51344430217669,True,False,True,True,False,False,True
S1-516839006,S2-720973160,Maa Black Infotech,ಮಾ ಬ್ಲ್ಯಾಕ್ ಇನ್‌ಫೋಟೆಕ್,"No:307, Murugesh Palayabangalore ., Bangalore, Karnataka","DOOR NO 7-962 NO:307, BENGALURU HQ REGION, BANGALORE, Karnataka",0.0,0.3333333333333333,307,"307,7,962",1,0,maa black infotech,maa blyaak inphoottek,11.764705882352942,71.7948717948718,60.03016591251885,True,False,True,True,False,False,True
S1-153572559,S2-412300660,Ram Constructions Private Limited,राम कंस्ट्रक्शंस प्राइवेट लिमिटेड,"Delhi, New Delh, 12Th Floor, New Delhi, Videocon Tower, Block E-1, Jhandewalan Extension","NO 2TH FLOOR, NEW DELH, NEW DELHI, Delhi",0.0,0.2857142857142857,"1,12",2,0,0,ram constructions private limited,raam knsttrkshns praaivett limittedd,10.714285714285708,69.56521739130434,58.85093167701864,True,False,True,False,False,False,False
S1-377916325,S2-396413469,Unique Products Private Limited,ಯುನೀಕ್ ಪ್ರೊಡಕ್ಟ್ಸ್ ಪ್ರೈವೇಟ್ ಲಿಮಿಟೆಡ್,"No 910, Ground Floor, 3Rd Cross, 9Th Main, Hrbr Layout 1St Block, Kalyan Nagar, Bangalore, Karnataka","##910, BANGALORE, Karnataka",0.0,0.1875,"1,3,9,910",910,1,0,unique products private limited,yuniik proddktts praiveett limittedd,10.909090909090908,71.64179104477613,60.73270013568522,True,False,True,True,False,False,True
S1-454639585,S2-839243806,Great Consultancy Private Limited,கிரேட் Consultancy பிரைவேட் லிமிடெட்,"No 33/65, 2Nd Floor, Padmanabha Nagar 5Th Street, Chennai City Corporation, Chennai, Tamil Nadu","#33/65, CHENNAI, Tamil Nadu",0.0909090909090909,0.3571428571428571,"2,33,5,65","33,65",2,0,great consultancy private limited,kireett consultancy piraiveett limittett,61.11111111111112,76.7123287671233,15.601217656012182,True,False,True,True,False,False,True
S1-96203719,S2-539995945,White Energy Private Limited,व्हाइट एनर्जी प्राइवेट लिमिटेड,"Sco-23, Faridabad, Haryana, Faridabad, Second Floor, Omaxe World Street, Sector-79","SCO-0023, FARIDABAD, Haryana",0.0,0.25,"23,79",0023,0,0,white energy private limited,vhaaitt enrjii praaivett limittedd,10.909090909090908,67.74193548387098,56.83284457478007,True,False,True,False,False,False,False
S1-629877047,S2-807140801,City Technologies Pvt Ltd,સિટી ટેક્નોલોજીસ પ્રા. લિ.,"101, Samit-2, Near Shaligram-2, Opp Reliance Petrol Pump, Vastrapur, Ahmedabad, Gujarat","101, AHMEDABAD, ગુજરાત",0.0,0.1333333333333333,"101,2",101,1,0,city technologies pvt ltd,sittii tteknolojiis praa li,15.0,57.692307692307686,42.692307692307686,True,False,True,True,False,False,False
S1-472044493,S2-35049086,One Global Estate Private Limited,oneglobalestate.com,"Plot No-132/C Sector-9, Cda, Cuttack, Orissa","PLOT NO-232/C SECTOR-9, CDA, CUTTACK, Odisha",0.0,0.6363636363636364,"132,9","232,9",1,0,one global estate private limited,oneglobalestate com,65.38461538461539,65.38461538461539,0.0,False,False,False,True,True,False,False
S1-148675547,S2-119158947,Lakshmi Lotus Investments Private Limited,लक्ष्मी लोटस इन्वेस्टमेंट्स प्राइवेट लिमिटेड,"Pocket-1, Mayur Vihar, Phase-1, East Delhi, Delhi, East Delhi, 74-B","HN 369 74-B, EAST DELHI, Delhi",0.0,0.3636363636363636,"1,74","369,74",1,0,lakshmi lotus investments private limited,lkssmii lotts investtmentts praaivett limittedd,10.958904109589042,81.81818181818181,70.85927770859277,True,False,True,True,False,False,True
S1-235211997,S2-796257120,Real Enterprises Private Limited,रियल एंटरप्राइजेज प्राइवेट लिमिटेड,"New Delhi, Delhi, A-65, 2Nd Floor, South Extension, Part-1","PLOT 822 A-65, GURGAON, दिल्ली, NEW DELHI",0.0,0.2666666666666666,"1,2,65","65,822",1,0,real enterprises private limited,riyl enttrpraaijej praaivett limittedd,10.0,71.42857142857143,61.42857142857143,True,False,True,True,False,False,True
S1-191961799,S2-556941505,Hitech Foods,हाईटेक फूड्स,"Flat No C-27 Plot-39, Ashishwong Cghs Indra Prastha Extn, East Delhi, Delhi","FLAT NO C-2-7 PLOT-39, EAST DELHI, Delhi",0.0,0.4666666666666667,"27,39","2,39,7",1,0,hitech foods,haaiittek phuudds,8.333333333333337,48.27586206896552,39.94252873563218,True,False,True,True,False,False,False
S1-378432262,S2-35858177,Presidency & Brothers Private Limited,Presidency & Private Limited Service,"Lotus Tower, No 85, Mount Road, Gunidy, Chennai City Corporation, Chennai, Tamil Nadu",,0.6666666666666666,0.0,85,,0,1,presidency and brothers private limited,presidency and private limited service,88.23529411764706,88.23529411764706,0.0,False,True,False,False,False,True,True
S1-7102837,S2-421836752,Aditya It Private Limited,আদিত্য আইটি প্রাইভেট লিমিটেড,"6H, Ho-Chi-Minh Sarani, Flat No-9, 3Rd Floor, Kolkata, Kolkata, Howrah, West Bengal","HOWRAH, West Bengal, 6H, KOLKATA",0.0,0.3571428571428571,"3,6,9",6,1,0,aditya it private limited,aadity aaitti praaibhett limittedd,12.0,71.1864406779661,59.1864406779661,True,False,True,True,False,False,True
S1-220776561,S2-296553077,United Marketing Private Limited,यूनाइटेड मार्केटिंग प्राइवेट लिमिटेड,"2B, Chintamani Apartment, Prathamesh Park, Chakankar Mala, Balewadi Phata, Baner, Pune, Maharashtra","H.NO #700 2B, POONA, PUNE, Maharashtra",0.0,0.1875,2,"2,700",1,0,united marketing private limited,yuunaaittedd maarketting praaivett limittedd,10.526315789473683,78.94736842105263,68.42105263157895,True,False,True,True,False,False,True
S1-188771630,S2-704730488,Tejansh Beverages Private Limited,-- Tejansh Beverages Private Ltd,"Unit No 9, 3Rd Floor, Prabhadevi Indl Estate, 408 V S Marg, Prabhadevi, Mumbai, Mumbai City, Maharashtra","<NULL>, UNIT NO 9, MUMBAI CITY, Maharashtra",0.6,0.375,"3,408,9",9,1,0,tejansh beverages private limited,tejansh beverages private ltd,93.5483870967742,93.5483870967742,0.0,False,False,False,True,False,True,True
S1-146386139,S2-125647439,Seven Consultancy Private Limited,ಸೆವೆನ್ ಕನ್ಸಲ್ಟೆನ್ಸಿ ಪ್ರೈವೇಟ್ ಲಿಮಿಟೆಡ್,"Bangalore, Karnataka, 18Th Main, 4Th Cross, 6Th Block, Koramangala, No. 198, Bangalore","19, BANGALORE, ಕರ್ನಾಟಕ",0.0,0.0666666666666666,"18,198,4,6",19,0,0,seven consultancy private limited,seven knslttensi praiveett limittedd,10.714285714285708,72.46376811594203,61.74948240165632,True,False,True,False,False,False,True
S1-214986776,S2-28147198,Gujarat Investments Private Limited,ગુજરાત ઇન્વેસ્ટમેન્ટ્સ પ્રાઇવેટ લિમિટેડ,"613, 6Th Floor, Luxuria Business Hub, Surat, Gujarat","613, SURAT, ગુજરાત",0.0,0.1818181818181818,"6,613",613,1,0,gujarat investments private limited,gujraat investtmentts praaivett limittedd,8.82352941176471,84.21052631578948,75.38699690402477,True,False,True,True,False,False,True
S1-944381944,S2-640401859,Great Infra Private Limited,ग्रेट इंफ्रा प्राइवेट लिमिटेड,"G-2, Parekh Apartments, A Wing, Plot No.87, 34 Sarojini Road, Vile Parle-West, Mumbai, Mumbai City, Maharashtra","G-2, MUMBAI, महाराष्ट्र",0.0,0.1363636363636363,"2,34,87",2,1,0,great infra private limited,grett inphraa praaivett limittedd,12.765957446808514,76.66666666666667,63.90070921985816,True,False,True,True,False,False,True
S1-323272727,S2-185572711,Eastern Constructions Private Limited,ईस्टर्न कंस्ट्रक्शंस प्राइवेट लिमिटेड,"Flat 702, Balaji Residency Pl 52 & 53, Sec 15, Kharghar, Raigarh, Maharashtra","FLAT 702., RAIGARH, KHARGHAR NAVI MUMBAI, महाराष्ट्र",0.0,0.2105263157894736,"15,52,53,702",702,1,0,eastern constructions private limited,iisttrn knsttrkshns praaivett limittedd,8.82352941176471,65.78947368421053,56.965944272445824,True,False,True,True,False,False,False
S1-820641111,S2-12640546,Supreme Producer Private Limited,सुप्रीम प्रोड्यूसर प्राइवेट लिमिटेड,"No - 002, Ground & First Floor, B-Wing, Ganga Jamna Sangam Chsl, 14Th Road, Khar, - (W), Mumbai, Mumbai City, Maharashtra","BOMBAY, Maharashtra, <NULL>, NO - 0-02, MUMBAI CITY",0.0,0.1739130434782608,"002,14","0,02",0,0,supreme producer private limited,supriim proddyuusr praaivett limittedd,11.320754716981128,74.28571428571429,62.96495956873317,True,False,True,False,False,False,True
S1-175991831,S2-589717878,Galaxy Infrastructure Private Limited,Galaxy Ignafarsftlmructure Private  Limited,"Gatt No 591 Hn 1625, Padoli, Osmanabad, Maharashtra",,0.6,0.0,"1625,591",,0,1,galaxy infrastructure private limited,galaxy ignafarsftlmructure private limited,91.13924050632912,91.13924050632912,0.0,False,True,False,False,False,True,True
S1-720784848,S2-109785044,Aditya Consultants Private Limited,ఆదిత్య కన్సల్టెంట్స్ ప్రైవేట్ లిమిటెడ్,"2Nd Floor, Plot No 5 Survey No 62 Durgam Chervu Road Madhapur, Hyderabad, Telangana","2ND  FLOOR, HYDERABAD, Telangana",0.0,0.3076923076923077,"2,5,62",2,1,0,aditya consultants private limited,aadity knslttentts praiveett limittedd,9.677419354838705,75.0,65.3225806451613,True,False,True,True,False,False,True
S1-482785732,S2-618123867,Eastern Technologies Private Limited,ईस्टर्न टेक्नोलॉजीज प्राइवेट लिमिटेड,"Unit 301, Linkway Estate Premises Chsl, New Link Road, Mindspace, Chincholi Bunder Road, Above Green Hotel, Malad West, Mumbai, Maharashtra","UNIT 301/4, MALAD WEST, महाराष्ट्र",0.0,0.1666666666666666,301,"301,4",1,0,eastern technologies private limited,iisttrn tteknolonjiij praaivett limittedd,9.677419354838705,67.53246753246754,57.85504817762883,True,False,True,True,False,False,False
S1-453003774,S2-292704977,Alpha Products Private Limited,अल्फा प्रोडक्ट्स प्राइवेट लिमिटेड,"212, A Wing, Kpct Commercial Complex Fatimanagar, Wanwadi Road, Hadpsar, Pune, Maharashtra","HN 889 212, TALEGAON DABHADE MH, Maharashtra",0.0,0.1176470588235294,212,"212,889",1,0,alpha products private limited,alphaa proddktts praaivett limittedd,11.111111111111114,78.78787878787878,67.67676767676767,True,False,True,True,False,False,True
S1-948406118,S2-538598706,Indo Consulting Private Limited,इंडो कंसल्टिंग प्राइवेट लिमिटेड,"293, 1St Floor Dhanmill Road, Chattarpur Hills Chattarpur, New Delhi, South West Delhi, Delhi","NEW DELHI, Delhi, 293, SOUTH WEST DELHI",0.0,0.4545454545454545,"1,293",293,1,0,indo consulting private limited,inddo knsltting praaivett limittedd,11.111111111111114,78.78787878787878,67.67676767676767,True,False,True,True,False,False,True
S1-524996033,S2-219901497,Shree Care Private Limited,శ్రీ కేర్ ప్రైవేట్ లిమిటెడ్,"21-11/4-5A, Saibaba Colony, 4Th Line, Vijayawada (Urban), Krishna, Andhra Pradesh","HN 407 21-11/4-5A, Andhra Pradesh, KRISHNA",0.0,0.4666666666666667,"11,21,4,5","11,21,4,407,5",4,0,shree care private limited,shrii keer praiveett limittedd,13.95348837209302,71.42857142857143,57.47508305647841,True,False,True,True,False,False,True
S1-507528138,S2-150062381,Indian Agro,Indian Service,"85 - Golf Links, New Delhi, Central Delhi, Delhi",,0.3333333333333333,0.0,85,,0,1,indian agro,indian service,70.58823529411765,70.58823529411765,0.0,False,True,False,False,False,False,True
S1-426905402,S2-514646996,Azure India Private Limited,Azure India Private Ltd,"8-3-234/82/A/5, L N Nagar, Yousufguda, Khairatabad, Hyderabad, Telangana",,0.6,0.0,"234,3,5,8,82",,0,1,azure india private limited,azure india private ltd,92.0,92.0,0.0,False,True,False,False,False,True,True
S1-539374956,S2-269318997,Shivam Consultancy Private Limited,शिवम कंसल्टेंसी प्राइवेट लिमिटेड,"Faridabad, Sf, Ip Ext-49, 4331, Haryana, Faridabad","43-31, FARIDABAD, Haryana",0.0,0.2222222222222222,"4331,49","31,43",0,0,shivam consultancy private limited,shivm knslttensii praaivett limittedd,10.0,70.4225352112676,60.4225352112676,True,False,True,False,False,False,True
S1-848379062,S2-900850530,Advance Developers Private Limited,ADVANCE DEVELOPERS PRIVATE LTD,"Vp/Xiii/125, Thathwamasi Choozhattukotta, Thiruvananthapuram, Trivandrum, Kerala",,0.6,0.0,125,,0,1,advance developers private limited,advance developers private ltd,93.75,93.75,0.0,False,True,False,False,False,True,True
S1-214988230,S2-626769011,Arihant Brothers Private Limited,Arihant Brothers Limited Service,"H.No. 36 Chatela, Muzaffarnagar, Uttar Pradesh",,0.6,0.0,36,,0,1,arihant brothers private limited,arihant brothers limited service,87.5,87.5,0.0,False,True,False,False,False,True,True
S1-66710782,S2-738170847,Supreme Services Private Limited,सुप्रीम सर्विसेज प्राइवेट लिमिटेड,"2Nd Floor, Raghuleela Mega Mall, Behind Poisar Bus Depot, Kandivali (West, ), Shop No. S157, Mumbai, Mumbai City, Maharashtra","SHOP NO. S157, MUMBAI, MUMBAI CITY, Maharashtra",0.0,0.3529411764705882,"157,2",157,1,0,supreme services private limited,supriim srvisej praaivett limittedd,10.909090909090908,74.6268656716418,63.71777476255089,True,False,True,True,False,False,True
S1-567079723,S2-324482637,City Logistics Private Limited,सिटी लॉजिस्टिक्स प्राइवेट लिमिटेड,"Shop No. A5, Ratandeep Tower, A-1, Indira Complex, Indore, Madhya Pradesh","SHOP NO. A1, JODHPUR, INDORE, Madhya Pradesh",0.0,0.3571428571428571,"1,5",1,1,0,city logistics private limited,sittii lonjisttiks praaivett limittedd,12.0,70.58823529411764,58.58823529411764,True,False,True,True,False,False,True
S1-782198214,S2-260832468,Sriperumbudur Hotels Limited,5riperumbudur Limited Services,"No 2C, No 113A/113B, Devdoss Street, Nandagopal Raja Salai, Gurusamy Nagar, Madhanandhapuram, Chennai, Sriperumbudur, Kanchipuram, Tamil Nadu","2C, SRIPERUMBUDUR, Tamil Nadu",0.2,0.2352941176470588,"113,2",2,1,0,sriperumbudur hotels limited,5riperumbudur limited services,68.96551724137932,68.96551724137932,0.0,False,False,False,True,False,False,False
S1-371275122,S2-134458829,Lakshmi Trading Private Limited,লক্ষ্মী ট্রেডিং প্রাইভেট লিমিটেড,"Kolkata, Howrah, West Bengal, Dimple Court, 2Nd Floor 26, Shakespeare Sarani, Kolkata, 2C","2C, KOLKATA, পশ্চিমবঙ্গ",0.0,0.125,"2,26",2,1,0,lakshmi trading private limited,lkssmii ttreddin praaibhett limittedd,12.0,70.58823529411764,58.58823529411764,True,False,True,True,False,False,True
S1-532412767,S2-820360037,Foods Daiwik Galaxy Private Limited,FOODS FOODS DAIWIK GALAXY LIMITED CENTER,"Landcraft- Golf Links Nh-24, Near Columbia Asia Hospital, Ghaziabad, Uttar Pradesh, Shop No. Ff 31, Ghaziabad",,0.6666666666666666,0.0,"24,31",,0,1,foods daiwik galaxy private limited,foods foods daiwik galaxy limited center,88.52459016393442,88.52459016393442,0.0,False,True,False,False,False,True,True
S1-279812909,S2-415639163,Shiv Global Limited,शिव ग्लोबल लिमिटेड,"259, 322, A To Z Industrial Estate, Ganpatrao Kadam Marg, Unit No.229, Maharashtra, Lower Parel, Mumbai","UNIT NO.229, LOWER PAREL, MUMBAI, Maharashtra",0.0,0.4117647058823529,"229,259,322",229,1,0,shiv global limited,shiv globl limittedd,11.42857142857143,92.3076923076923,80.87912087912088,True,False,True,True,False,False,True
S1-115862517,S2-735405858,Modern Control Private Limited,Nexflux,"Pune, Haveli, S No 5/1, Gangotri Nagar, Galli No 2, Pimple Gurav, Maharashtra","HN 496 S NO 5/1, HAVELI, SANGAVI, Maharashtra",0.0,0.375,"1,2,5","1,496,5",2,0,modern control private limited,nexflux,16.216216216216218,16.216216216216218,0.0,False,False,False,True,False,False,False
S1-666797508,S2-461747391,Black Products Private Limited,பிளாக் புராடக்ட்ஸ் பிரைவேட் லிமிடெட்,"Rmz Millenia Business Park, Phase 2 Campus 4B, Level6, Unit 602A, No143, Dr M.G.R Road, Perungudi, Chennai, Tamil Nadu","RMZ MILLENIA BUSINESS PARK, CHENNAI, Tamil Nadu",0.0,0.3333333333333333,"143,2,4,6,602",,0,0,black products private limited,pillaak puraattktts piraiveett limittett,12.0,60.0,48.0,True,False,True,False,False,False,False
S1-333891043,S2-962455924,South Engineering Private Limited,साउथ इंजीनियरिंग प्राइवेट लिमिटेड,"No. 208, Morya Land Mark I, New Link Road, Opposite Infinity 1, Andheri West, Mumbai, Mumbai City, Maharashtra","NO 208, MUMBAI, MUMBAI CITY, Maharashtra",0.0,0.2941176470588235,"1,208",208,1,0,south engineering private limited,saauth injiiniyring praaivett limittedd,9.523809523809518,72.22222222222223,62.69841269841271,True,False,True,True,False,False,True
S1-287141443,S2-91040291,Big International Pvt Ltd,बिग इंटरनेशनल प्रा. लि.,"A14, Devikripa, Third Flr, Gavanpada, Mulund East, Mumbai, Maharashtra","AB3/14, MUMBAI, Maharashtra",0.0,0.1818181818181818,14,"14,3",1,0,big international pvt ltd,big inttrneshnl praa li,13.63636363636364,62.5,48.86363636363636,True,False,True,True,False,False,False
S1-287141443,S2-973539937,Big International Pvt Ltd,बिग इंटरनेशनल प्रा. लि.,"A14, Devikripa, Third Flr, Gavanpada, Mulund East, Mumbai, Maharashtra","AB3/14, MUMBAI, Maharashtra",0.0,0.1818181818181818,14,"14,3",1,0,big international pvt ltd,big inttrneshnl praa li,13.63636363636364,62.5,48.86363636363636,True,False,True,True,False,False,False
S1-287141443,S2-349106056,Big International Pvt Ltd,बिग International प्रा. लि.,"A14, Devikripa, Third Flr, Gavanpada, Mulund East, Mumbai, Maharashtra","AB3/14, MUMBAI, Maharashtra",0.1111111111111111,0.1818181818181818,14,"14,3",1,0,big international pvt ltd,big international praa li,72.22222222222223,84.0,11.777777777777771,True,False,True,True,False,False,True
S1-463394809,S2-558898264,Home Services Private Limited,Home  Services,"1026, Mettupalayam Road R.S.Puram, Coimbatore, Tamil Nadu",,0.5,0.0,1026,,0,1,home services private limited,home services,100.0,100.0,0.0,False,True,False,False,False,True,True
S1-846021202,S2-970437610,Mudgal Brothers Private Limited,MUDGAL BROTHERS  PRIVATE LTD,"3596 G T Roadram Talai Amritsar, Punjab, Amritsar, Punjab",,0.6,0.0,3596,,0,1,mudgal brothers private limited,mudgal brothers private ltd,93.10344827586206,93.10344827586206,0.0,False,True,False,False,False,True,True
S1-387519977,S2-821454348,Maa Media Limited,ಮಾ ಮೀಡಿಯಾ ಲಿಮಿಟೆಡ್,"Karnataka, No. 4, Bangalore Rural, Ajjegowdanapalya, Sasveghatta Main Road, Bangalore North","NO. 4, BENGALURU URBAN, BANGALORE NORTH, Karnataka",0.0,0.4166666666666667,4,4,1,0,maa media limited,maa miiddiyaa limittedd,15.384615384615389,80.0,64.61538461538461,True,False,True,True,False,False,True
S1-217611265,S2-581418891,Divya Infrabuild Private Limited,Shri DIVYA INFRABUILD PRIVATE,"Maharashtra, Navi Mumbai, 1301, 13Th Floor, Sector 19 Satra Plaza, Vashi, Thane",,0.6,0.0,"13,1301,19",,0,1,divya infrabuild private limited,shri divya infrabuild private,90.56603773584904,90.56603773584904,0.0,False,True,False,False,False,True,True
S1-217611265,S2-57884311,Divya Infrabuild Private Limited,Limited Divya Infrabuild Center,"Maharashtra, Navi Mumbai, 1301, 13Th Floor, Sector 19 Satra Plaza, Vashi, Thane","1301, THANE, NAVI MUMBAI, महाराष्ट्र",0.6,0.25,"13,1301,19",1301,1,0,divya infrabuild private limited,limited divya infrabuild center,87.27272727272728,87.27272727272728,0.0,False,False,False,True,False,True,True
S1-513937466,S2-957713150,Live Mills Limited,LIVE LIMITED SERVICES,"Cts No. 22, 22/1 To 20, Village Chandivali, Sangarsh Nagar, Sakivihar Road, Kurla (W, ), Mumbai, Maharashtra",,0.5,0.0,"1,20,22",,0,1,live mills limited,live limited services,80.0,80.0,0.0,False,True,False,False,False,True,True
S1-365873072,S2-457106884,Mumbai India,Mumbai Ionsra,"Cts-796-A, Fleet Building, Opp.Marol Fire Station, Marol, Andheri (East), Mumbai, Maharashtra",,0.3333333333333333,0.0,796,,0,1,mumbai india,mumbai ionsra,80.0,80.0,0.0,False,True,False,False,False,False,True
S1-539004310,S2-627998131,Kala & Co,KLR + CO,"E 189, Lgf Sushant Lok 2, Gurgaon, Haryana","E 189, GURGAON, Haryana",0.25,0.5,"189,2",189,1,0,kala and co,klr co,58.82352941176471,58.82352941176471,0.0,False,False,False,True,True,False,False
S1-871441152,S2-95212307,Ashlesha Aviation Private Limited,aaprivate.com,"9-1-A1, Road No.14 Ida Nacharam, Hyderabad, Telangana","1-A1, HYDERABAD, Telangana",0.0,0.4,"1,14,9",1,1,0,ashlesha aviation private limited,aaprivate com,47.82608695652174,47.82608695652174,0.0,False,False,False,True,False,False,False
S1-548342416,S2-158448389,Mind Vidyalaya Private Limited,MlND VIDYALAYA PRIVATE,"No.17/B, Ground Floor, 1St Main Road, 1St C Cross, Manuvana, Vijayanagar, Bengaluru, Bangalore, Karnataka","BENGALURU, NO 0017/B, ಕರ್ನಾಟಕ",0.4,0.1578947368421052,"1,17",0017,0,0,mind vidyalaya private limited,mlnd vidyalaya private,87.17948717948718,87.17948717948718,0.0,False,False,False,False,False,False,True
S1-548342416,S2-88134768,Mind Vidyalaya Private Limited,Private Mind Vidyalaya Ltd,"No.17/B, Ground Floor, 1St Main Road, 1St C Cross, Manuvana, Vijayanagar, Bengaluru, Bangalore, Karnataka","0017/B, BENGALURU, ಕರ್ನಾಟಕ",0.6,0.1052631578947368,"1,17",0017,0,0,mind vidyalaya private limited,private mind vidyalaya ltd,92.85714285714286,92.85714285714286,0.0,False,False,False,False,False,True,True
S1-958301783,S2-650612936,Arihant Impex Pvt Ltd,ಅರಿಹಂತ್ ಇಂಪೆಕ್ಸ್ ಪ್ರೈವೇಟ್ ಲಿಮಿಟೆಡ್,"No.39, Survey No.2307/1789, 7Th Cross, Dasarahalli, Virupakshapura, Bangalore, Karnataka","BANGALORE, BENGALURU, Karnataka, NO.39",0.0,0.3333333333333333,"1789,2307,39,7",39,1,0,arihant impex pvt ltd,arihnt inpeks praiveett limittedd,12.765957446808514,66.66666666666667,53.90070921985816,True,False,True,True,False,False,False
S1-263835338,S2-390356306,Roger Steels Private Limited,Sri ROGER STEELS PRIVATE LTD,"53, Hari Nagar, Gokulpura, Kalwar Road, Jaipur, Rajasthan",,0.5,0.0,53,,0,1,roger steels private limited,sri roger steels private ltd,85.71428571428572,85.71428571428572,0.0,False,True,False,False,False,True,True
S1-714180151,S2-777473720,Arihant International Pvt Ltd,અરિહંત ઇન્ટરનેશનલ પ્રા. લિ.,"Gujarat, Plot No-17, T-01, Kachchh, W/12-B, Gandhidham","W/12-B, GANDHIDHAM, Gujarat",0.0,0.4545454545454545,"01,12,17",12,1,0,arihant international pvt ltd,arihnt inttrneshnl praa li,11.538461538461542,65.45454545454545,53.91608391608391,True,False,True,True,False,False,False
S1-479265881,S2-203275926,Aakash Vidyalaya,Dr Aakash Center,"No:105, Mount Road, Madras, Chennai, Tamil Nadu","NO:05, MOUNT ROAD, MADRAS, தமிழ்நாடு",0.25,0.3076923076923077,105,05,0,0,aakash vidyalaya,dr aakash center,54.54545454545455,54.54545454545455,0.0,False,False,False,False,False,False,False
S1-745839307,S2-148602546,Innovative Agro Private Limited,ಇನೋವೇಟಿವ್ ಅಗ್ರೋ ಪ್ರೈವೇಟ್ ಲಿಮಿಟೆಡ್,"No.1, Ground Floor, H I M Towers, 9Th Cross Kempegowd Layout Nageshwara Nagebahalli, Bangalore, Karnataka","Karnataka, BANGALORE, NO.1",0.0,0.25,"1,9",1,1,0,innovative agro private limited,inooveettiv agroo praiveett limittedd,12.0,76.47058823529412,64.47058823529412,True,False,True,True,False,False,True
S1-725400558,S2-613629262,International Consultancy Private Limited,इंटरनेशनल कंसल्टेंसी प्राइवेट लिमिटेड,"A/4 Garden View, Chs Ltd, 1St Floor, Borivali West Chandawarkar Cross Rd, Opp Rajmahal Hotel, Borivali, Mumbai, Mumbai City, Maharashtra","HN 849 A/4 GARDEN VIEW, MUMBAI, MUMBAI CITY, Maharashtra",0.0,0.3333333333333333,"1,4","4,849",1,0,international consultancy private limited,inttrneshnl knslttensii praaivett limittedd,8.333333333333329,64.28571428571428,55.95238095238095,True,False,True,True,False,False,False
S1-725400558,S2-98111992,International Consultancy Private Limited,इंटरनेशनल कंसल्टेंसी Private Limited,"A/4 Garden View, Chs Ltd, 1St Floor, Borivali West Chandawarkar Cross Rd, Opp Rajmahal Hotel, Borivali, Mumbai, Mumbai City, Maharashtra","महाराष्ट्र, MUMBAI, MUMBAI CITY, HN 849 A/4 GARDEN VIEW",0.1818181818181818,0.24,"1,4","4,849",1,0,international consultancy private limited,inttrneshnl knslttensii private limited,61.224489795918366,72.5,11.275510204081634,True,False,True,True,False,False,True
S1-492396674,S2-442724834,Surya Global Private Limited,সূর্য গ্লোবাল প্রাইভেট লিমিটেড,"1A, Grant Lane Room No.- 101, Kolkata, Kolkata, Howrah, West Bengal","#115 1A, CALCUTTA, West Bengal",0.0,0.25,"1,101","1,115",1,0,surya global private limited,suury globaal praaibhett limittedd,12.0,77.41935483870968,65.41935483870968,True,False,True,True,False,False,True
S1-745585346,S2-188410991,Neelam Marketingprivate Corporation,Neelam Corporation Center,"D No.5-37-112/A, Ganesh Bhavan 4Th Lane, 17Th Cross Road, Brodipet, Guntur, Andhra Pradesh",,0.5,0.0,"112,17,37,4,5",,0,1,neelam marketingprivate corporation,neelam corporation center,83.72093023255815,83.72093023255815,0.0,False,True,False,False,False,True,True
S1-415797049,S2-431244445,Red Producer Private Limited,रेड प्रोड्यूसर प्राइवेट लिमिटेड,"Shop No. S-7 And S-8, Singh Bhumi-13 Sector-A, Khatipura, Jaipur, Rajasthan","SLOP NO. S-7- AND S-8, JAIPUR, Rajasthan",0.0,0.4666666666666667,"13,7,8","7,8",2,0,red producer private limited,redd proddyuusr praaivett limittedd,12.765957446808514,76.19047619047619,63.42451874366768,True,False,True,True,False,False,True
S1-804507495,S2-569223518,New Delhi Castings Private Limited,NEW DELHI CASTINGS,"Ii I-96 G/F F/P, New Delhi, South Delhi, Delhi","II I-96 G/F F/P, NEW DELHI, Delhi",0.6,0.8888888888888888,96,96,1,0,new delhi castings private limited,new delhi castings,100.0,100.0,0.0,False,False,False,True,True,True,True
S1-484133280,S2-829102701,Bombay Foods Private Limited,बॉम्बे फूड्स प्राइवेट लिमिटेड,"H.No. C/5, Kendriya Vihar Plot No. 49, Sec-56, Gurgaon, Haryana","H.NO. C/5, GURGAON, Haryana",0.0,0.5,"49,5,56",5,1,0,bombay foods private limited,bonmbe phuudds praaivett limittedd,12.5,67.74193548387098,55.241935483870975,True,False,True,True,True,False,False
S1-955451241,S2-337664123,Premier Foundation Private Limited,प्रीमियर फाउंडेशन प्राइवेट लिमिटेड,"Mumbai City, Maharashtra, Mumbai, S/6 To 8, Khira Industrial Estate B.M. Bhargava Road, Santacruz W","MUMBAI, MUMBAI CITY, महाराष्ट्र, S/6 TO 8",0.0,0.3,"6,8","6,8",2,0,premier foundation private limited,priimiyr phaaunddeshn praaivett limittedd,10.34482758620689,64.0,53.65517241379311,True,False,True,True,False,False,False
S1-869918716,S2-9543031,Cosmos & Brothers Private Limited,Private Cosmos & Brothers Ltd,"143-C, Septaparni, 58/1, Ballygunge Circular Road, Kolkata, Howrah, West Bengal","West Bengal, HOWRAH, KOLKATA, 143-C",0.6666666666666666,0.5,"1,143,58",143,1,0,cosmos and brothers private limited,private cosmos and brothers ltd,93.93939393939394,93.93939393939394,0.0,False,False,False,True,True,True,True
S1-681266000,S2-684388797,Golden Healthcare Pvt Ltd,गोल्डन हेल्थकेयर प्रा. लि.,"343, Abhiyan Coop G/H Society, Plot No. 15, Sector-12, Dwarka, New Delhi, South West Delhi, Delhi","Delhi, NEW DELHI, 343, WEST DELHI",0.0,0.25,"12,15,343",343,1,0,golden healthcare pvt ltd,golddn helthkeyr praa li,13.95348837209302,65.3061224489796,51.352634076886574,True,False,True,True,False,False,False
S1-957207516,S2-570512638,Ram Infotech Pvt Ltd,राम इंफोटेक प्रा. लि.,"B-50 Midc, Waluj, Aurangabad, Maharashtra","B-50 MIDC, CHHATRAPATI SAMBHAJI NAGAR, AURANGABD, Maharashtra",0.0,0.4,50,50,1,0,ram infotech pvt ltd,raam inphottek praa li,17.14285714285714,61.90476190476191,44.761904761904766,True,False,True,True,False,False,False
S1-507689266,S2-280112040,Lotus Power Private Limited,लोटस पावर प्राइवेट लिमिटेड,"Bareilly, 431, Indra Nagar Izzatnagar, Uttar Pradesh, C/O Rajeev Saxena, Bareilly","C/O RAJEEV SAAENA, BAREILLY, Uttar Pradesh",0.0,0.5,431,,0,0,lotus power private limited,lotts paavr praaivett limittedd,12.765957446808514,72.41379310344828,59.64783565663977,True,False,True,False,True,False,True
S1-423563212,S2-784734286,Om It Private Limited,ಓಂ ಐಟಿ ಪ್ರೈವೇಟ್ ಲಿಮಿಟೆಡ್,"Old No. 83, New No.1418, 23Rd Cross, 12Th Main, 3Rd Block Jayanagar, Bangalore, Karnataka","OLD NO. 083, BANGALORE, ಕರ್ನಾಟಕ",0.0,0.1666666666666666,"12,1418,23,3,83",083,0,0,om it private limited,oon aitti praiveett limittedd,15.384615384615389,72.0,56.61538461538461,True,False,True,False,False,False,True
S1-423563212,S2-526456268,Om It Private Limited,ಓಂ ಐಟಿ ಪ್ರೈವೇಟ್ ಲಿಮಿಟೆಡ್,"Old No. 83, New No.1418, 23Rd Cross, 12Th Main, 3Rd Block Jayanagar, Bangalore, Karnataka","BANGALORE, DOOR NO 083, Karnataka, BANGALORE",0.0,0.1875,"12,1418,23,3,83",083,0,0,om it private limited,oon aitti praiveett limittedd,15.384615384615389,72.0,56.61538461538461,True,False,True,False,False,False,True
S1-643445658,S2-614976834,Dynamic Trading Private Limited,डायनामिक ट्रेडिंग प्राइवेट लिमिटेड,"67-A, Shiv Puri, Delhi, East Delhi, Delhi","EAST DELHI, 67-A, DELHI, दिल्ली",0.0,0.5,67,67,1,0,dynamic trading private limited,ddaaynaamik ttredding praaivett limittedd,11.538461538461531,75.0,63.46153846153847,True,False,True,True,True,False,True
S1-851924306,S2-520430675,Products Padmini Spices Private Limited,*** productspadminispices.com,"D/73/1, Ttc Indl. Area, Midc Road, Turbhe, Navi Mumbai, Thane, Maharashtra","D/73/1/7, NAVI MUMBAI, MANCHAR, Maharashtra",0.0,0.4,"1,73","1,7,73",2,0,products padmini spices private limited,productspadminispices com,71.875,71.875,0.0,False,False,False,True,False,False,True
S1-211591556,S2-50175092,Classic Logistics Private Limited,क्लासिक लॉजिस्टिक्स प्राइवेट लिमिटेड,"Mumbai, Maharashtra, Mohan Villa, Bajaj Road Next To Amrut Baug, 3B, Vile Parle West","VILE PARLE WEST, MUMBAI, महाराष्ट्र, 3B",0.0,0.2777777777777778,3,3,1,0,classic logistics private limited,klaasik lonjisttiks praaivett limittedd,11.320754716981128,72.22222222222223,60.9014675052411,True,False,True,True,False,False,True
S1-979618928,S2-26044328,Lotus It Pvt Ltd,लोटस आईटी प्रा. लि.,"H No-1, Kuldeep Vihar, Asadpur Kayam, Aligarh, Uttar Pradesh","H NO-1, ALIGARH, उत्तर प्रदेश",0.0,0.2666666666666666,1,1,1,0,lotus it pvt ltd,lotts aaiittii praa li,21.42857142857143,57.89473684210527,36.46616541353384,True,False,True,True,False,False,False
S1-823202566,S2-787246259,My Tech Private Limited,माय टेक प्राइवेट लिमिटेड,"S-89, Second Floor, Panchsheel Park, New Delhi, South Delhi, Delhi","PLOT 667 S-89, SOUTH DELHI, दिल्ली",0.0,0.3076923076923077,89,"667,89",1,0,my tech private limited,maay ttek praaivett limittedd,14.63414634146342,73.07692307692308,58.44277673545966,True,False,True,True,False,False,True
S1-745386731,S2-900116576,Supreme Foundation,সুপ্রিম ফাউন্ডেশন,"Room No : 601, Diamond Prestige 41A, A.J.C. Bose Road, Kolkatta, West Bengal","ROOM NO : 60, KOLKATA, KOLKATTA, West Bengal",0.0,0.3125,"41,601",60,0,0,supreme foundation,suprim phaaunddeshn,5.714285714285716,54.054054054054056,48.33976833976834,True,False,True,False,False,False,False
S1-575577075,S2-911289672,Swastik Projects Private Limited,स्वस्तिक प्रोजेक्ट्स प्राइवेट लिमिटेड,"Off-109, Neo Corporate Plaza, Cabin A Ramchandra Lane Ext, Opp Kapole Wadi, Malad(W) Mumbai, Mumbai City, Maharashtra","OFF-109, MALAD(W) MUMBAI, MUMBAI CITY, Maharashtra",0.0,0.3888888888888889,109,109,1,0,swastik projects private limited,svstik projektts praaivett limittedd,10.526315789473683,79.41176470588236,68.88544891640868,True,False,True,True,False,False,True
S1-29744004,S2-324531406,Big Trading Private Limited,বিগ ট্রেডিং প্রাইভেট লিমিটেড,"C/O N.K. Traders, 167, Old China Bazar Street, Kolkata, Kolkata, Howrah, West Bengal","পশ্চিমবঙ্গ, HOWRAH, C/O N.K. TRADERS, CALCUTTA",0.0,0.3157894736842105,167,,0,0,big trading private limited,big ttreddin praaibhett limittedd,13.333333333333329,73.33333333333334,60.000000000000014,True,False,True,False,False,False,True
S1-783177007,S2-964950890,Laxmi Impex Private Limited,लक्ष्मी Impex प्राइवेट लिमिटेड,"A-106, Dda Shed, Phase-Ii, Okhla Industrial Area, New Delhi, South Delhi, Delhi","#C-503 A-106, NEW DELHI, SOUTH DELHI, Delhi",0.0769230769230769,0.3571428571428571,106,"106,503",1,0,laxmi impex private limited,lkssmii impex praaivett limittedd,33.33333333333333,76.66666666666666,43.33333333333333,True,False,True,True,False,False,True
S1-975101795,S2-189032736,Fortune Infrastructure Private Limited,ఫార్చూన్ ఇన్‌ఫ్రాస్ట్రక్చర్ ప్రైవేట్ లిమిటెడ్,"Hyderabad, Singapore Township, Pocharam, Hyderabad, A-15/204, Telangana","A-15/204, HYDERABAD, Andhra Pradesh",0.0,0.4,"15,204","15,204",2,0,fortune infrastructure private limited,phaarcuun inphraasttrkcr praiveett limittedd,8.82352941176471,65.85365853658536,57.03012912482065,True,False,True,True,False,False,False
S1-975101795,S2-142675191,Fortune Infrastructure Private Limited,ఫార్చూన్ ఇన్‌ఫ్రాస్ట్రక్చర్ ప్రైవేట్ లిమిటెడ్,"Hyderabad, Singapore Township, Pocharam, Hyderabad, A-15/204, Telangana","A-15/204, HYDERABAD, Andhra Pradesh",0.0,0.4,"15,204","15,204",2,0,fortune infrastructure private limited,phaarcuun inphraasttrkcr praiveett limittedd,8.82352941176471,65.85365853658536,57.03012912482065,True,False,True,True,False,False,False
S1-899899962,S2-557465496,City International Private Limited,સિટી ઇન્ટરનેશનલ પ્રાઇવેટ લિમિટેડ,"T-G/2, 502, Shreedhar Residency, B/S. Sun Pharma Road, Vadodara, Gujarat","T-G/2, VADODARA, Gujarat",0.0,0.3846153846153846,"2,502",2,1,0,city international private limited,sittii inttrneshnl praaivett limittedd,9.836065573770496,66.66666666666667,56.830601092896174,True,False,True,True,False,False,False
S1-655267185,S2-181521845,Om Construction Private Limited,ॐ कंस्ट्रक्शन प्राइवेट लिमिटेड,"148, First Floor, Gali No. 1 Khajoori Khas, Delhi, East Delhi, Delhi","DELHI, EAST DELHI, Delhi, 148",0.0,0.3,"1,148",148,1,0,om construction private limited,aum knsttrkshn praaivett limittedd,10.526315789473683,64.61538461538461,54.08906882591093,True,False,True,True,False,False,False
S1-605784917,S2-349492074,White Producer Private Limited,व्हाइट प्रोड्यूसर प्राइवेट लिमिटेड,"B-1/B-2, Kirti Deep Building, D.D.A. Commercial Complex, Nangal Raya, New Delhi, Delhi","B-A-1/B-2, NANGAL RAYA, NEW DELHI, Delhi",0.0,0.5714285714285714,"1,2","1,2",2,0,white producer private limited,vhaaitt proddyuusr praaivett limittedd,10.714285714285708,70.58823529411765,59.87394957983194,True,False,True,True,True,False,True
S1-605784917,S2-855325976,White Producer Private Limited,व्हाइट प्रोड्यूसर प्राइवेट लिमिटेड,"B-1/B-2, Kirti Deep Building, D.D.A. Commercial Complex, Nangal Raya, New Delhi, Delhi","B-A-1/B-2, NEW DELHI, दिल्ली",0.0,0.375,"1,2","1,2",2,0,white producer private limited,vhaaitt proddyuusr praaivett limittedd,10.714285714285708,70.58823529411765,59.87394957983194,True,False,True,True,False,False,True
S1-605784917,S2-392196260,White Producer Private Limited,व्हाइट प्रोड्यूसर प्राइवेट लिमिटेड,"B-1/B-2, Kirti Deep Building, D.D.A. Commercial Complex, Nangal Raya, New Delhi, Delhi","B-A-1/B-2, NEW DELHI, Delhi",0.0,0.4285714285714285,"1,2","1,2",2,0,white producer private limited,vhaaitt proddyuusr praaivett limittedd,10.714285714285708,70.58823529411765,59.87394957983194,True,False,True,True,False,False,True
S1-16277328,S2-949677716,Devora Foods Private Limited,Devora Foods Private - 5420819617,"Door No Xiv/, 488/13, First Floor, Suncity Complex, Koorkencherry Post, Thrissur, Kerala",,0.6,0.0,"13,488",,0,1,devora foods private limited,devora foods private 5420819617,83.33333333333333,83.33333333333333,0.0,False,True,False,False,False,True,True
S1-747678832,S2-111833398,Royal Builders Private Limited,रॉयल बिल्डर्स प्राइवेट लिमिटेड,"A/701, Supernal Garden Kolshet Road, Dhokali, Thane, Maharashtra","DOOR NO 0574 A/701, THANE, Maharashtra",0.0,0.3333333333333333,701,"0574,701",1,0,royal builders private limited,ronyl bilddrs praaivett limittedd,11.111111111111114,79.36507936507937,68.25396825396825,True,False,True,True,False,False,True
S1-54682243,S2-74945266,Perfect Unique Trading,Perfect Unqliue Trading,"2/149, Shanthi House, Madras Bye Pass Road Krishnagiri, Dharmapuri Distt., Krishnagiri, Dharmapuri, Tamil Nadu",,0.5,0.0,"149,2",,0,1,perfect unique trading,perfect unqliue trading,93.33333333333331,93.33333333333331,0.0,False,True,False,False,False,True,True
S1-926738812,S2-785012094,Prime Media Pvt Ltd,Pvt Prime Melai Ltd,"274, D.B.Road R.S.Puram, Coimbatore, Tamil Nadu","273, COIMBATORE, D.B.ROAD R.S.PURAM, தமிழ்நாடு",0.6,0.4666666666666667,274,273,0,0,prime media pvt ltd,pvt prime melai ltd,89.47368421052632,89.47368421052632,0.0,False,False,False,False,False,True,True
S1-101993739,S2-397558235,Serve & Associates Pvt Ltd,SERVE & ASSOCIATES PVT LIMITED,"Block-No-9-F-506 Raintree Park Kphb, Hyderabad, Rangareddy, Telangana",,0.6666666666666666,0.0,"506,9",,0,1,serve and associates pvt ltd,serve and associates pvt limited,93.33333333333331,93.33333333333331,0.0,False,True,False,False,False,True,True
S1-571467031,S2-691787772,Indo Infra Private Limited,ઇન્ડો ઇન્ફ્રા પ્રાઇવેટ લિમિટેડ,"A 801, Block -A, West Gate Business Bay, Nr Makarba Cross Road, Beside Signature -1, Makarba, Ahmadabad City, Ahmedabad, Gujarat","A 301, AHMADABAD CITY, N/A, Gujarat",0.0,0.2,"1,801",301,0,0,indo infra private limited,inddo inphraa praaivett limittedd,13.333333333333329,77.96610169491525,64.63276836158192,True,False,True,False,False,False,True
S1-489411170,S2-806741541,Creative Foundation,क्रिएटिव फाउंडेशन,"12 To 15, Rainbow Hsg Society, Park Royal, Flat No C-1102, Rahatani, Pune City, Pune, Maharashtra","NO 12  TO 15, PUNE CITY, PUNE, महाराष्ट्र",0.0,0.3,"1102,12,15","12,15",2,0,creative foundation,kriettiv phaaunddeshn,5.555555555555558,50.0,44.44444444444444,True,False,True,True,False,False,False
S1-197460830,S2-247042006,Tft Traders Limited,Tft Tatrebrs Limited,"Janki Niwas Pirmohoni, Lane, No. 2.Kadam Kuan Patna. P.S.Kadam Kuan.Patna., Patna, Bihar",,0.5,0.0,2,,0,1,tft traders limited,tft tatrebrs limited,87.17948717948718,87.17948717948718,0.0,False,True,False,False,False,True,True
S1-185755232,S2-571840787,Crystal & Brothers Public Limited,Crystal & Brothers Pbbsl Limited,"1, Jawahar Nagar, B.P.Road, Saibaba Colony, Coimbatore North, Coimbatore, Tamil Nadu",,0.6666666666666666,0.0,1,,0,1,crystal and brothers public limited,crystal and brothers pbbsl limited,92.7536231884058,92.7536231884058,0.0,False,True,False,False,False,True,True
S1-341737868,S2-379781455,Four Ocean Private Limited,Dr F0UR OCEAN PRIVATE,"306, Sangeet Plaza, Opp. Marol Fire Brigade, Marol Maroshi Road, Marol, Andheri (East, )., Mumbai, Mumbai City, Maharashtra","306/2, MUMBAI, MUMBAI CITY, महाराष्ट्र",0.3333333333333333,0.1578947368421052,306,"2,306",1,0,four ocean private limited,dr f0ur ocean private,76.47058823529412,76.47058823529412,0.0,False,False,False,True,False,False,True
S1-770447641,S2-138889843,Hotel Foundation Limited,होटल फाउंडेशन लिमिटेड,"Plot No. 108, Flat No.901, Savidham Chs, Sector 50E, Thane, Maharashtra","PLOT NO. 108, THANE, Maharashtra",0.0,0.4545454545454545,"108,50,901",108,1,0,hotel foundation limited,hottl phaaunddeshn limittedd,9.302325581395351,65.38461538461539,56.08228980322004,True,False,True,True,False,False,False
S1-565807522,S2-23986660,Eastern Infotech Private Limited,ईस्टर्न इंफोटेक प्राइवेट लिमिटेड,"Unit No.102, Trapezoid It Park, Noida Sector-62, Noida, Gautam Buddha Nagar, Uttar Pradesh","UNIT NO.1-02, LUCKNOW  HQ REGION, GAUTAM BUDDHA NAGAR, Uttar Pradesh",0.0,0.3684210526315789,"102,62","02,1",0,0,eastern infotech private limited,iisttrn inphottek praaivett limittedd,10.0,69.56521739130434,59.56521739130434,True,False,True,False,False,False,False
S1-86482252,S2-134279244,Vijay Lakshmi Solutions Private Limited,বিজয় লক্ষ্মী সলিউশনস প্রাইভেট লিমিটেড,"Kolkata, First Floor 21, Rishi Aurobinda Sarani, Kolkata, West Bengal, Howrah, No. 201","NO. 201, KOLKATA REGION, HOWRAH, West Bengal",0.0,0.4615384615384615,"201,21",201,1,0,vijay lakshmi solutions private limited,bijy lkssmii sliushns praaibhett limittedd,11.267605633802816,69.1358024691358,57.86819683533298,True,False,True,True,False,False,False
S1-680882411,S2-921193697,Om Engineering Limited,ఓం ఇంజనీరింగ్ లిమిటెడ్,"B2, Sri Venkata Ramarao Flora, Lakshmipuram, Nellore, Nellore, Andhra Pradesh","B2, KAVALI, ఆంధ్రప్రదేశ్, NELLORE",0.0,0.1333333333333333,2,2,1,0,om engineering limited,oon injniiring limittedd,10.0,69.56521739130434,59.56521739130434,True,False,True,True,False,False,False
S1-826907416,S2-854308916,Laxmi Food Private Limited,લક્ષ્મી ફૂડ પ્રાઇવેટ લિમિટેડ,"12, Somnath Nagar Society, Nr Sanghani School, Ahmadabad City, Ahmedabad, Gujarat","DOOR NO 608 12, SANAND GJ, Gujarat",0.0,0.125,12,"12,608",1,0,laxmi food private limited,lkssmii phuudd praaivett limittedd,12.765957446808514,63.33333333333333,50.567375886524815,True,False,True,True,False,False,False
S1-826907416,S2-574109533,Laxmi Food Private Limited,લક્ષ્મી ફૂડ પ્રાઇવેટ લિમિટેડ,"12, Somnath Nagar Society, Nr Sanghani School, Ahmadabad City, Ahmedabad, Gujarat","608 12, ZAK TAL DEHGAM  GUJARATH, Gujarat",0.0,0.125,12,"12,608",1,0,laxmi food private limited,lkssmii phuudd praaivett limittedd,12.765957446808514,63.33333333333333,50.567375886524815,True,False,True,True,False,False,False
S1-527519157,S2-345416699,Red Shree Finance Pvt Ltd,रेड श्री फाइनेंस प्रा. लि.,"Ground Floor, House No 94, Block - Ru, Pitampura, Delhi, North West Delhi, Delhi","GROUND FLOOR, DELHI, SARASWATI VIHAR PITAMPURA, Delhi",0.0,0.3076923076923077,94,,0,0,red shree finance pvt ltd,redd shrii phaainens praa li,19.512195121951223,56.60377358490566,37.09157846295444,True,False,True,False,False,False,False
S1-882525659,S2-452449749,UQF Narain Private Limited,UQF  Narain,"Hig - 11 And 12, Flat No. 301, Anusha Enclave Dharma Reddy Colony, Phase - Iii, Kphp C, Olony, Hyderabad, Telangana",,0.5,0.0,"11,12,301",,0,1,uqf narain private limited,uqf narain,100.0,100.0,0.0,False,True,False,False,False,True,True
S1-479493400,S2-853025738,Shiva Systems Private Limited,Shiva  Systems Private Ltd,"27, Gopal Ghat Road, Berhampore, Murshidabad, West Bengal",,0.6,0.0,27,,0,1,shiva systems private limited,shiva systems private ltd,92.5925925925926,92.5925925925926,0.0,False,True,False,False,False,True,True
S1-321820310,S2-601870651,Pearl Cement Private Limited,Private Pearl Cnmt Limited,"H.No-3725, Raja Park, Shakur Basti, New Delhi, North West, Delhi","NORTH WEST, H.NO B3/300 H.NO-3725, NEW DELHI, दिल्ली",0.6,0.4666666666666667,3725,"3,300,3725",1,0,pearl cement private limited,private pearl cnmt limited,92.5925925925926,92.5925925925926,0.0,False,False,False,True,False,True,True
S1-19456381,S2-485196522,Maha Products Private Limited,Maha Products Private Ltd,"1916 A, Raviwar Peth, Wai Tal Wai, Wai, Satara, Maharashtra",,0.6,0.0,1916,,0,1,maha products private limited,maha products private ltd,92.5925925925926,92.5925925925926,0.0,False,True,False,False,False,True,True
S1-840994883,S2-956041209,Red Exports Private Limited,ரெட் எக்ஸ்போர்ட்ஸ் பிரைவேட் லிமிடெட்,"No. 10 & No. 13, Srinivasan Street Anna Nagar, Tollgate, Little Kanchipuram, Kanchipuram, Kancheepuram, Tamil Nadu","Tamil Nadu, N/A, NO 30 & NO. 13, KANCHIPURAM",0.0,0.3529411764705882,"10,13","13,30",1,0,red exports private limited,rett ekspoortts piraiveett limittett,13.95348837209302,69.84126984126985,55.88778146917683,True,False,True,True,False,False,False
S1-225709627,S2-709496836,Jay Trading,ಜೇ ಟ್ರೇಡಿಂಗ್,"No 25, Bangalore North, Karnataka, 1St Floor, 1St Main, 2Nd Stage, E Block, Bangalore","NO #25, BANGALORE, Karnataka",0.0,0.3333333333333333,"1,2,25",25,1,0,jay trading,jee ttreedding,10.0,64.0,54.0,True,False,True,True,False,False,False
S1-258972459,S2-721012924,Sampati & Brothers Pvt Ltd,Sri Sampati & Brothers Pvt Limited,"Chennai, Old No.13, 18Th Avenue Ashok Nagar, Tamil Nadu, New No.17",,0.5714285714285714,0.0,"13,17,18",,0,1,sampati and brothers pvt ltd,sri sampati and brothers pvt limited,92.3076923076923,92.3076923076923,0.0,False,True,False,False,False,True,True
S1-717415327,S2-405130758,First Hotel Technologies Private Limited,फर्स्ट होटल टेक्नोलॉजीज प्राइवेट लिमिटेड,"Mumbai, Maharashtra, Mumbai, 1301, Anon Sapphire Mulund, Bharatkunj, Vp Road Mulund","1301/1, BOMBAY, MUMBAI, महाराष्ट्र",0.0,0.1333333333333333,1301,"1,1301",1,0,first hotel technologies private limited,phrstt hottl tteknolonjiij praaivett limittedd,11.42857142857143,69.76744186046511,58.33887043189368,True,False,True,True,False,False,False
S1-615558445,S2-165594455,Innovista Services Limited,Jaxbelo,"B-24, Sahajanand Industrial Estate Mujmahuda, Vadodara, Gujarat","B-24, MUMBAI, VADODARA, Gujarat",0.0,0.4444444444444444,24,24,1,0,innovista services limited,jaxbelo,18.181818181818176,18.181818181818176,0.0,False,False,False,True,False,False,False
S1-682340565,S2-307244003,Gold Consultancy Private Limited,गोल्ड कंसल्टेंसी प्राइवेट लिमिटेड,"116, Devi Nagar, Harnathpura, Kalwar Road Jhotwara, Jaipur, Rajasthan","0116, JAIPUR, BAGARANA, राजस्थान",0.0,0.0666666666666666,116,0116,0,0,gold consultancy private limited,goldd knslttensii praaivett limittedd,10.909090909090908,69.56521739130434,58.65612648221344,True,False,True,False,False,False,False
S1-927335779,S2-180577097,Modern Black It Pvt Ltd,ಮಾಡರ್ನ್ ಬ್ಲ್ಯಾಕ್ ಐಟಿ ಪ್ರೈವೇಟ್ ಲಿಮಿಟೆಡ್,"No. 1, Madarsab Lane, Bangalore-53., Bangalore, Karnataka","Karnataka, NO. 1, MADARSAB LANE, HOSKOTE",0.0,0.625,"1,53",1,1,0,modern black it pvt ltd,maaddrn blyaak aitti praiveett limittedd,16.0,63.49206349206349,47.49206349206349,True,False,True,True,True,False,False
S1-747689605,S2-10737772,Great Consulting Private Limited,ग्रेट कंसल्टिंग प्राइवेट लिमिटेड,"House No-76, Ward No-4, First Floor, Kh No- 1151/3, Mehrauli, Delhi, South Delhi, Delhi","HOUSE NO-76, DELHI, SOUTH DELHI, दिल्ली",0.0,0.3333333333333333,"1151,3,4,76",76,1,0,great consulting private limited,grett knsltting praaivett limittedd,11.320754716981128,77.61194029850746,66.29118558152634,True,False,True,True,False,False,True
S1-964943183,S2-255854643,Victory Publication Private Limited,Shri Victory Publication Private Ltd,"T-2315 & T-2315A Ashok Nagar, Faiz Road, Karol Bagh, New Delhi, North Delhi, Delhi",,0.5,0.0,2315,,0,1,victory publication private limited,shri victory publication private ltd,87.32394366197182,87.32394366197182,0.0,False,True,False,False,False,True,True
S1-481373292,S2-105129103,Unique Investments Private Limited,यूनिक इन्वेस्टमेंट्स प्राइवेट लिमिटेड,"S. No 40, Flat No. D 1005, Royale Imperio Rahatani, Pune City, Pune, Maharashtra","NO. 400 S. NO 40, PUNE CITY, PUNE, Maharashtra",0.0,0.4615384615384615,"1005,40","40,400",1,0,unique investments private limited,yuunik investtmentts praaivett limittedd,9.375,78.37837837837839,69.00337837837839,True,False,True,True,False,False,True
S1-481373292,S2-377899763,Unique Investments Private Limited,यूनिक इन्वेस्टमेंट्स प्राइवेट लिमिटेड,"S. No 40, Flat No. D 1005, Royale Imperio Rahatani, Pune City, Pune, Maharashtra","400 S. NO 40, PUNE CITY, PUNE, Maharashtra",0.0,0.4615384615384615,"1005,40","40,400",1,0,unique investments private limited,yuunik investtmentts praaivett limittedd,9.375,78.37837837837839,69.00337837837839,True,False,True,True,False,False,True
S1-824953747,S2-193021715,Best Consulting Private Limited,बेस्ट कंसल्टिंग प्राइवेट लिमिटेड,"Fl No-202, Sr No-26/1/9, Omkar Residency, Munjabawa, Pune, Maharashtra","DIGHI, FL NO-02, PUNE, Maharashtra",0.0,0.2857142857142857,"1,202,26,9",02,0,0,best consulting private limited,bestt knsltting praaivett limittedd,10.714285714285708,78.78787878787878,68.07359307359307,True,False,True,False,False,False,True
S1-200642399,S2-251738195,Modern Good Consulting LLP,मॉडर्न गुड कंसल्टिंग एलएलपी,"311, 3Rd Floor, Shivlok House-1 Commercial Complex, Karampura, New Delhi, Delhi","NEW DELHI, KARAMPURA, 11, Delhi, null",0.0,0.2307692307692307,"1,3,311",11,0,0,modern good consulting llp,monddrn gudd knsltting elelpii,12.244897959183676,71.42857142857143,59.18367346938776,True,False,True,False,False,False,True
S1-422504392,S2-886946110,Shyam Care Private Limited,श्याम केयर प्राइवेट लिमिटेड,"Ag-172, 54-Scheme, Vijay Nagar, Indore, Madhya Pradesh","AG-172, INDORE, Madhya Pradesh",0.0,0.5555555555555556,"172,54",172,1,0,shyam care private limited,shyaam keyr praaivett limittedd,12.244897959183676,73.6842105263158,61.43931256713212,True,False,True,True,True,False,True
S1-123719431,S2-979211526,Veekay Exim Private Limited,Private Veekay Exim Ltd,"Flat 05, Plot 25, Ward 3/B, Adipur, Kachchh, Gujarat","FLAT 05, RAJKOT REGION, Gujarat",0.6,0.25,"05,25,3",05,1,0,veekay exim private limited,private veekay exim ltd,92.0,92.0,0.0,False,False,False,True,False,True,True
S1-574555795,S2-142230445,Sai Software Private Limited,ಸಾಯಿ ಸಾಫ್ಟ್‌ವೇರ್ ಪ್ರೈವೇಟ್ ಲಿಮಿಟೆಡ್,"#44, 3Rd Cross, Devappa Layout, Ramchandrapuram, Jalahalli Po, Bangalore, Karnataka","#44, BANGALORE, Karnataka",0.0,0.3,"3,44",44,1,0,sai software private limited,saayi saaphttveer praiveett limittedd,12.765957446808514,64.61538461538461,51.8494271685761,True,False,True,True,False,False,False
S1-206626620,S2-28639135,Bharat Engineering Private Limited,ভারত ইঞ্জিনিয়ারিং প্রাইভেট লিমিটেড,"1, Ashu Biswas Road Chakraberia (South), Kolkata, Kolkata, Howrah, West Bengal","1, KOLKATA, HOWRAH, পশ্চিমবঙ্গ",0.0,0.2142857142857142,1,1,1,0,bharat engineering private limited,bhaart inyjiniy aarin praaibhett limittedd,9.677419354838705,65.78947368421053,56.11205432937183,True,False,True,True,False,False,False
S1-517335787,S2-700250832,Red Media Private Limited,RED MEDIA PRINATTE LIMITED,"Ca-126 Salt Lake, Sector-1, Sakltlake, North 24 Parganas, West Bengal","CA-127 SALT LAKE, SECTOR-1, SAKLTLAKE, West Bengal",0.6,0.6153846153846154,"1,126,24","1,127",1,0,red media private limited,red media prinatte limited,94.11764705882354,94.11764705882354,0.0,False,False,False,True,True,True,True
S1-517335787,S2-972036859,Red Media Private Limited,Red Media Private Ltd,"Ca-126 Salt Lake, Sector-1, Sakltlake, North 24 Parganas, West Bengal","পশ্চিমবঙ্গ, CA-127 SALT LAKE, SECTOR-1, SAKLTLAKE",0.6,0.3529411764705882,"1,126,24","1,127",1,0,red media private limited,red media private ltd,91.30434782608695,91.30434782608695,0.0,False,False,False,True,False,True,True
S1-959306036,S2-767447277,White Good Builders Private Limited,White Good Builders Private Ltd,"Ground Floor, Shope No 3, Orchid Residency, H.P. Stn Rd, Parganas, Parganas North, West Bengal",,0.6666666666666666,0.0,3,,0,1,white good builders private limited,white good builders private ltd,93.93939393939394,93.93939393939394,0.0,False,True,False,False,False,True,True
S1-769824570,S2-740816302,City Impex Private Limited,सिटी इम्पेक्स प्राइवेट लिमिटेड,"503, Silver Ark Chs Ltd, 62 Convent Avenue Near St. Tresa Convent, Santa Cruz West, Mumbai, Mumbai City, Maharashtra","MUMBAI CITY, MUMBAI, #289 503, Maharashtra",0.0,0.2222222222222222,"503,62","289,503",1,0,city impex private limited,sittii impeks praaivett limittedd,12.765957446808514,71.1864406779661,58.42048323115759,True,False,True,True,False,False,True
S1-769824570,S2-949836966,City Impex Private Limited,सिटी इम्पेक्स प्राइवेट लिमिटेड,"503, Silver Ark Chs Ltd, 62 Convent Avenue Near St. Tresa Convent, Santa Cruz West, Mumbai, Mumbai City, Maharashtra","#289 503, MUMBAI, MUMBAI CITY, Maharashtra",0.0,0.2222222222222222,"503,62","289,503",1,0,city impex private limited,sittii impeks praaivett limittedd,12.765957446808514,71.1864406779661,58.42048323115759,True,False,True,True,False,False,True
S1-164417618,S2-557287803,Bombay Industries Pvt Ltd,बॉम्बे इंडस्ट्रीज प्रा. लि.,"E-687, Delhi, Gali No. 21 Kh No.823 Ashok Nagar Shahdara, Delhi, North East","E-D/687, DELHI, NORTH EAST, Delhi",0.0,0.3571428571428571,"21,687,823",687,1,0,bombay industries pvt ltd,bonmbe inddsttriij praa li,13.95348837209302,62.74509803921568,48.79160966712266,True,False,True,True,False,False,False
S1-993957295,S2-609957197,CPT Estates Limited,CPT Limited Center,"A-85, New Delhi, West Delhi, Om Vihar Phase 5, Delhi","A-8-5, OM VIHAR PHASE 5, NEW DELHI, दिल्ली",0.5,0.5833333333333334,"5,85","5,8",1,0,cpt estates limited,cpt limited center,81.08108108108108,81.08108108108108,0.0,False,False,False,True,True,True,True
S1-993957295,S2-301650292,CPT Estates Limited,CPT ESTATES LTD,"A-85, New Delhi, West Delhi, Om Vihar Phase 5, Delhi","A-8-5, OM VIHAR PHASE 5, NEW DELHI, दिल्ली",0.5,0.5833333333333334,"5,85","5,8",1,0,cpt estates limited,cpt estates ltd,88.23529411764706,88.23529411764706,0.0,False,False,False,True,True,True,True
S1-878476990,S2-432260431,Ss North Products Private Limited,एसएस नॉर्थ प्रोडक्ट्स प्राइवेट लिमिटेड,"Flat No. 516, Sr. 77/48//1A, Cedar Court, Parmar Park Phase I, Pune City, Pune, Maharashtra","H.NO 0516, PUNE CITY, PUNE, महाराष्ट्र",0.0,0.1363636363636363,"1,48,516,77",0516,0,0,ss north products private limited,eses nonrth proddktts praaivett limittedd,13.114754098360647,78.37837837837837,65.26362428001772,True,False,True,False,False,False,True
S1-63043337,S2-82523542,Sun Urban Industries Private Limited,सन अर्बन इंडस्ट्रीज प्राइवेट लिमिटेड,"Maharashtra, Lakshmi Nagar, Behind Sheetal Restaurant Ne Ar City Pride Theatre, Bibvewadi, Pune S, Atara Road, Sr. No. 692/2A, Pune","SR. NO. G-692/2A, PUNE, Maharashtra",0.0,0.2857142857142857,"2,692","2,692",2,0,sun urban industries private limited,sn arbn inddsttriij praaivett limittedd,12.121212121212125,74.66666666666666,62.54545454545453,True,False,True,True,False,False,True
S1-63043337,S2-532645034,Sun Urban Industries Private Limited,सन अर्बन इंडस्ट्रीज प्राइवेट लिमिटेड,"Maharashtra, Lakshmi Nagar, Behind Sheetal Restaurant Ne Ar City Pride Theatre, Bibvewadi, Pune S, Atara Road, Sr. No. 692/2A, Pune","SR. NO. G-692/2A, PUNE, Maharashtra",0.0,0.2857142857142857,"2,692","2,692",2,0,sun urban industries private limited,sn arbn inddsttriij praaivett limittedd,12.121212121212125,74.66666666666666,62.54545454545453,True,False,True,True,False,False,True
S1-398379060,S2-346780929,Red Systems Private Limited,ரெட் சிஸ்டம்ஸ் பிரைவேட் லிமிடெட்,"F/41-A, Anna Nagar East, Chennai, Tamil Nadu","F/41-A, MADRAS, CHENNAI, Tamil Nadu",0.0,0.6,41,41,1,0,red systems private limited,rett cisttms piraiveett limittett,13.333333333333329,66.66666666666667,53.33333333333334,True,False,True,True,True,False,False
S1-459232280,S2-865465335,Ruby Academy,Shri Ruby Services Services,"1827, 4Th Cross, Mcechs Layout Ph-2, Bangalore North, Bangalore, Karnataka",,0.25,0.0,"1827,2,4",,0,1,ruby academy,shri ruby services services,50.0,50.0,0.0,False,True,False,False,False,False,False
S1-254424163,S2-535839838,APS Foundation Pvt Ltd,APS APS Pvt Ltd Partners,"Flat No. 123 Sfs, Munirka Vihar, Opp. Jnu, New Delhi, South West Delhi, Delhi",,0.6,0.0,123,,0,1,aps foundation pvt ltd,aps aps pvt ltd partners,71.42857142857143,71.42857142857143,0.0,False,True,False,False,False,True,True
S1-34788351,S2-4145249,Ace Business Private Limited,ace business private limited Enterprises,"914-B, 9Th Floor, Block A, The Arcadia, South City-2, Gurgaon, Haryana",,0.8,0.0,"2,9,914",,0,1,ace business private limited,ace business private limited enterprises,100.0,100.0,0.0,False,True,False,False,False,True,True
S1-34788351,S2-73145817,Ace Business Private Limited,एस बिजनेस प्राइवेट लिमिटेड,"914-B, 9Th Floor, Block A, The Arcadia, South City-2, Gurgaon, Haryana","914-B, GURGAON, हरियाणा",0.0,0.1875,"2,9,914",914,1,0,ace business private limited,es bijnes praaivett limittedd,11.538461538461531,73.6842105263158,62.14574898785426,True,False,True,True,False,False,True
S1-640645397,S2-122395705,Ventures New Appliances Private Limited,appliancesventuresnew.com,"No.22, 1St Main, 4Th Cross, 5Th Phase West Of Chard Road, Rajajinagar, Bangalore, Karnataka","NO.22, null, RAJAJINAGAR, BANGALORE, ಕರ್ನಾಟಕ",0.0,0.2105263157894736,"1,22,4,5",22,1,0,ventures new appliances private limited,appliancesventuresnew com,56.25,56.25,0.0,False,False,False,True,False,False,False
S1-275990138,S2-995101211,Rb Laundry Limited,Miracalocira,"Bangalore Rural, 33/3, Singasandra, Ward No 7, No 5 And 6, Bangalore South, Karnataka","BANGALORE SOUTH, #5 AND 6, ಕರ್ನಾಟಕ, BANGALORE RURAL",0.0,0.375,"3,33,5,6,7","5,6",2,0,rb laundry limited,miracalocira,26.66666666666667,26.66666666666667,0.0,False,False,False,True,False,False,False
S1-584663288,S2-895085365,Silver Services Private Limited,સિલ્વર સર્વિસીસ પ્રાઇવેટ લિમિટેડ,"B/434, Gujarat, Ahmedabad, 4Th Floor, Opp.Swaminarayan Mandir Advance Mill Compound, Shahibaug","B/34, AHMEDABAD, Gujarat",0.0,0.2142857142857142,"4,434",34,0,0,silver services private limited,silvr srvisiis praaivett limittedd,10.909090909090908,76.92307692307692,66.01398601398601,True,False,True,False,False,False,True
S1-584663288,S2-817462756,Silver Services Private Limited,Silver Private Limited-Center | www.silverpri.com,"B/434, Gujarat, Ahmedabad, 4Th Floor, Opp.Swaminarayan Mandir Advance Mill Compound, Shahibaug",,0.375,0.0,"4,434",,0,1,silver services private limited,silver private limited center www silverpri com,83.01886792452831,83.01886792452831,0.0,False,True,False,False,False,False,True
S1-335533963,S2-493330939,Real Management Private Limited,Real Management Limited Services,"Second Floor, Vinod Plaza, Plot No. 1659 Sector-I Aashiyana Colony, Lucknow, Uttar Pradesh",,0.6,0.0,1659,,0,1,real management private limited,real management limited services,85.71428571428571,85.71428571428571,0.0,False,True,False,False,False,True,True
S1-335533963,S2-398660447,Real Management Private Limited,रियल मैनेजमेंट प्राइवेट लिमिटेड,"Second Floor, Vinod Plaza, Plot No. 1659 Sector-I Aashiyana Colony, Lucknow, Uttar Pradesh","SECOND FLOOR, LUCKNOW, Uttar Pradesh",0.0,0.3571428571428571,1659,,0,0,real management private limited,riyl mainejmentt praaivett limittedd,11.320754716981128,74.6268656716418,63.30611095466067,True,False,True,False,False,False,True
S1-474370556,S2-617016363,Fortune Hospitality Private Limited,Fortune Hospitality Prlvhate [Limited],"C-10/4 Block-C, Krishna Nagar, Delhi, East Delhi, Delhi","NO 210 C-10/4 BLOCK-C, KRISHNA NAGAR, DELHI, दिल्ली",0.6,0.5833333333333334,"10,4","10,210,4",2,0,fortune hospitality private limited,fortune hospitality prlvhate limited,95.77464788732397,95.77464788732397,0.0,False,False,False,True,True,True,True
S1-115036512,S2-451904828,Lotus Technology,லோட்டஸ் டெக்னாலஜி,"No 25, Chennai, Tamil Nadu, Ellis Road, Mount Road, Chennai","DOOR NO 25, MADRAS, CHENNAI, தமிழ்நாடு",0.0,0.2142857142857142,25,25,1,0,lotus technology,lootttts tteknnnaalji,6.896551724137936,48.64864864864865,41.75209692451072,True,False,True,True,False,False,False
S1-461573240,S2-514246017,Apollo Farms Private Limited,Apollo Farms Farms Private,"C/O Krishna Govind Nandi 3/7, Bijoygarh, Kolkatta, West Bengal",,0.75,0.0,"3,7",,0,1,apollo farms private limited,apollo farms farms private,100.0,100.0,0.0,False,True,False,False,False,True,True
S1-683861274,S2-920258266,Cotton (India) Marketing Private Limited,Cotton (India) Markdtign Private Limited,"C1-902 Parsvnath Exotica Sector 53 Golf Course Road, Gurgaon, Haryana",,0.6666666666666666,0.0,"1,53,902",,0,1,cotton india marketing private limited,cotton india markdtign private limited,94.73684210526316,94.73684210526316,0.0,False,True,False,False,False,True,True
S1-81949954,S2-550650473,Indian Investment Limited,இந்தியன் இன்வெஸ்ட்மெண்ட் லிமிடெட்,"Chennai, Tamil Nadu, 4Th Floor, Chennai, Spic House No.88, Mount Road, Guindy","4TH FLOOR, CHENNAI, தமிழ்நாடு",0.0,0.1875,"4,88",4,1,0,indian investment limited,intiynnn innnvesttmenntt limittett,8.510638297872347,74.57627118644068,66.06563288856833,True,False,True,True,False,False,True
S1-775859484,S2-215908535,Hdl & Co,hdl.com,"33A Tara Chand Dutt Street, Kolkata, Calcutta, West Bengal",,0.25,0.0,33,,0,1,hdl and co,hdl com,70.58823529411765,70.58823529411765,0.0,False,True,False,False,False,False,True
S1-801101718,S2-207020482,Surya Fortune Care Private Limited,સૂર્ય ફોર્ચ્યુન કેર પ્રાઇવેટ લિમિટેડ,"203, Anurag Commercial Centre, Inside Bombay Shopping Centre, Race Cour, Se, Vadodara, Gujarat","203, VADODARA, Gujarat",0.0,0.25,203,203,1,0,surya fortune care private limited,suurya phorcyaun ker praaivett limittedd,13.333333333333329,70.27027027027026,56.93693693693693,True,False,True,True,False,False,True
S1-801101718,S2-500544801,Surya Fortune Care Private Limited,સૂર્ય ફોર્ચ્યુન કેર પ્રાઇવેટ લિમિટેડ,"203, Anurag Commercial Centre, Inside Bombay Shopping Centre, Race Cour, Se, Vadodara, Gujarat","203, VADODARA, Gujarat",0.0,0.25,203,203,1,0,surya fortune care private limited,suurya phorcyaun ker praaivett limittedd,13.333333333333329,70.27027027027026,56.93693693693693,True,False,True,True,False,False,True
S1-801101718,S2-585512820,Surya Fortune Care Private Limited,સૂર્ય ફોર્ચ્યુન કેર પ્રાઇવેટ લિમિટેડ,"203, Anurag Commercial Centre, Inside Bombay Shopping Centre, Race Cour, Se, Vadodara, Gujarat","VADODARA, Gujarat, 203",0.0,0.25,203,203,1,0,surya fortune care private limited,suurya phorcyaun ker praaivett limittedd,13.333333333333329,70.27027027027026,56.93693693693693,True,False,True,True,False,False,True
S1-658391325,S2-889573407,Big Infrastructure Private Limited,बिग इंफ्रास्ट्रक्चर प्राइवेट लिमिटेड,"Unit No. 1 To 4, Rectangle -1, Plot No. D-4, Saket District Centre, New Delhi, South Delhi, Delhi","H.NO 474 UNIT NO. 1 TO 4, NEW DELHI, SAKET, Delhi",0.0,0.5,"1,4","1,4,474",2,0,big infrastructure private limited,big inphraasttrkcr praaivett limittedd,9.375,75.0,65.625,True,False,True,True,True,False,True
S1-658391325,S2-409762953,Big Infrastructure Private Limited,बिग इंफ्रास्ट्रक्चर प्राइवेट लिमिटेड,"Unit No. 1 To 4, Rectangle -1, Plot No. D-4, Saket District Centre, New Delhi, South Delhi, Delhi","H.NO 474 UNIT NO. 1 TO 4, SOUTH DELHI, SAKET, Delhi",0.0,0.5,"1,4","1,4,474",2,0,big infrastructure private limited,big inphraasttrkcr praaivett limittedd,9.375,75.0,65.625,True,False,True,True,True,False,True
S1-964816965,S2-834834694,Anand Systems Private Limited,आनंद सिस्टम्स प्राइवेट लिमिटेड,"C-1/127, Ground Floor Janak Puri, New Delhi, West Delhi, Delhi","C-01/127, WEST DELHI, दिल्ली",0.0,0.3076923076923077,"1,127","01,127",1,0,anand systems private limited,aannd sisttms praaivett limittedd,11.320754716981128,77.41935483870968,66.09860012172855,True,False,True,True,False,False,True
S1-606201143,S2-732689513,Smart Builders Limited,स्मार्ट बिल्डर्स लिमिटेड,"Room No.2 Lower Ground, Plot No. 93, Sector 32 Institutional Area, Gurgaon, Haryana","हरियाणा, GURGAON, SIKHERA NAGLA KABIR, ROOM NO.2 LOWER GROUND",0.0,0.3157894736842105,"2,32,93",2,1,0,smart builders limited,smaartt bilddrs limittedd,10.526315789473683,85.1063829787234,74.58006718924972,True,False,True,True,False,False,True
S1-717166616,S2-323170486,Shree Sree Marketing Private Limited,শ্রী শ্রী মার্কেটিং প্রাইভেট লিমিটেড,"11, Dacres Lane, Kolkata, Kolkata, Kolkata, Howrah, West Bengal","11, HOWRAH, KOLKATA, West Bengal",0.0,0.7142857142857143,11,11,1,0,shree sree marketing private limited,shrii shrii maarkettin praaibhett limittedd,14.81481481481481,70.88607594936708,56.07126113455227,True,False,True,True,True,False,True
S1-717166616,S2-557827528,Shree Sree Marketing Private Limited,শ্রী শ্রী মার্কেটিং প্রাইভেট লিমিটেড,"11, Dacres Lane, Kolkata, Kolkata, Kolkata, Howrah, West Bengal","HOWRAH, পশ্চিমবঙ্গ, 11",0.0,0.1818181818181818,11,11,1,0,shree sree marketing private limited,shrii shrii maarkettin praaibhett limittedd,14.81481481481481,70.88607594936708,56.07126113455227,True,False,True,True,False,False,True
S1-506604178,S2-891748787,Lotus Software Limited,लोटस सॉफ्टवेयर लिमिटेड,"230, Somdutt Chamber-Ii 9, Bhikaji Cama Place, New Delhi, Delhi","230, NEW DELHI, Delhi",0.0,0.3,"230,9",230,1,0,lotus software limited,lotts sonphttveyr limittedd,9.523809523809518,69.38775510204081,59.863945578231295,True,False,True,True,False,False,False
S1-276031278,S2-637459864,Blue Products,ब्लू प्रोडक्ट्स,"A1, F3 Budh Vihar M Corp, Budhsinghpura, Sanganer, Jaipur, Rajasthan","A1, JAIPUR, Rajasthan",0.0,0.3,"1,3",1,1,0,blue products,bluu proddktts,7.4074074074074066,74.07407407407408,66.66666666666667,True,False,True,True,False,False,True
S1-679967523,S2-572593113,Dhwaj & Sons Limited,Dhwaj & Sons,"Door No.13/420/5Gt3/5Ht3, Fifth Floor, Tower 3 Alfa Horizon, Goshree Road, Ernakulam, Kerala",,0.75,0.0,"13,3,420,5",,0,1,dhwaj and sons limited,dhwaj and sons,100.0,100.0,0.0,False,True,False,False,False,True,True
S1-452159747,S2-788832113,WEH Trading Limited,WEH LÍMITED CENTER,"173/174 2Nd Floor, Ashoka Shopping Centre, G. T. Hospital, L. T. Marg, Mumbai, Mumbai City, Maharashtra",,0.2,0.0,"173,174,2",,0,1,weh trading limited,weh limited center,54.054054054054056,75.86206896551724,21.808014911463182,True,True,True,False,False,False,True
S1-843786503,S2-54313157,Indian Healthcare Limited,Indian Healthcare,"Tiruvallur, Tamil Nadu, Ambattur, Near Mmm Hospital, 2 Block Jj Police Station, 2/116",,0.6666666666666666,0.0,"116,2",,0,1,indian healthcare limited,indian healthcare,100.0,100.0,0.0,False,True,False,False,False,True,True
S1-989735789,S2-734920864,Image Traders Private Limited,lmage-Trtres Private Limited,"C/O Gurukool, Under Gr. P, Aurangabad, Maharashtra","C/O GURKUOOL, MUMBAI, AURANGABAD, महाराष्ट्र",0.3333333333333333,0.2142857142857142,,,0,0,image traders private limited,lmage trtres private limited,87.71929824561404,87.71929824561404,0.0,False,False,False,False,False,False,True
S1-680280161,S2-15852294,Mahavir & Brothers Private Limited,Dr Mahavir & Brothers Private,"C/Okalpanabendinesh Lodayavill Sandhavta Abdasa Kutch Villkothara Talabdasa, Bhuj, Kachchh, Gujarat",,0.6666666666666666,0.0,,,0,1,mahavir and brothers private limited,dr mahavir and brothers private,94.91525423728814,94.91525423728814,0.0,False,True,False,False,False,True,True
S1-791003178,S2-14267685,Southern Al Infra Private Limited,सदर्न अल इंफ्रा प्राइवेट लिमिटेड,"Wework Futura, Maharashtra, Pune, Sr No 133(P), Cts No 4944, Magarpatta Road, Kirtane Baugh, Magarpatta, Hadapsar, Pune, Pune","WEWORK FUOURA, PUNE, Maharashtra",0.0,0.1875,"133,4944",,0,0,southern al infra private limited,sdrn al inphraa praaivett limittedd,13.333333333333329,73.52941176470588,60.19607843137256,True,False,True,False,False,False,True
S1-206847123,S2-507201992,Hotel Software Limited,होटल सॉफ्टवेयर लिमिटेड,"A-3/404, Saraf Choudhari Nagar, Thakur Complex, Kandivali (East), Mumbai, Mumbai City, Maharashtra","A-#3/404, KANDIVALI EAST, Maharashtra",0.0,0.4615384615384615,"3,404","3,404",2,0,hotel software limited,hottl sonphttveyr limittedd,9.090909090909092,69.38775510204081,60.29684601113172,True,False,True,True,False,False,False
S1-506887784,S2-284455949,Surya Care Private Limited,सूर्या केयर प्राइवेट लिमिटेड,"17/109, Basement, Vikram Vihar, Lajpat Nagar Iv, New Delhi, South Delhi, Delhi","17/10, NEW DELHI, SOUTH DELHI, Delhi",0.0,0.3333333333333333,"109,17","10,17",1,0,surya care private limited,suuryaa keyr praaivett limittedd,12.244897959183676,72.41379310344828,60.16889514426461,True,False,True,True,False,False,True
S1-725813536,S2-863032285,Perfect Investment Private Limited,परफेक्ट इन्वेस्टमेंट प्राइवेट लिमिटेड,"Shop No -Lg-72, Plot No -30, Vardhman Plaza, Road No. 44, Rani Bagh, Pitampura, New Delhi, North Delhi, Delhi","SHOP NO -LG-72, NEW DELHI, NORTH DELHI, दिल्ली",0.0,0.3888888888888889,"30,44,72",72,1,0,perfect investment private limited,prphektt investtmentt praaivett limittedd,9.375,77.33333333333333,67.95833333333333,True,False,True,True,False,False,True
S1-884357675,S2-259705324,Good Unique Tech Private Limited,Good Unique Tech Private Ltd,"16-4-261, 1St Floor, Building, Chanchalguda, Saidabad, Hyderabad, Telangana",,0.6666666666666666,0.0,"1,16,261,4",,0,1,good unique tech private limited,good unique tech private ltd,93.33333333333331,93.33333333333331,0.0,False,True,False,False,False,True,True
S1-633078412,S2-244542560,Hotel International Pvt Ltd,होटल इंटरनेशनल प्रा. लि.,"Gat No 501, Nr Aavishkar Borhate Wasti, Pune Nashik Highway, Moshi, Pune, Maharashtra","GAT NO 5-01, PUNE, महाराष्ट्र",0.0,0.1666666666666666,501,"01,5",0,0,hotel international pvt ltd,hottl inttrneshnl praa li,12.765957446808514,61.53846153846154,48.77250409165303,True,False,True,False,False,False,False
S1-713796788,S2-108075545,Aayush Management Private Limited,Smt Aayush Management,"C/O Mithlesh, Laxman Colony, Near Jai Bharti School, Narkatari Road, Thanesar, Kurukshetra, Haryana",,0.4,0.0,,,0,1,aayush management private limited,smt aayush management,89.47368421052632,89.47368421052632,0.0,False,True,False,False,False,False,True
S1-468158692,S2-523865398,Great Developers Private Limited,ग्रेट डेवलपर्स प्राइवेट लिमिटेड,"Gut No 02, Wahegaon Gangapur, Aurangabad, Maharashtra","GUT NO 02, CHHATRAPATI SAMBHAJI NAGAR, AURANGABAD, Maharashtra",0.0,0.5,02,02,1,0,great developers private limited,grett ddevlprs praaivett limittedd,10.909090909090908,78.78787878787878,67.87878787878788,True,False,True,True,True,False,True
S1-319363739,S2-82687370,Alpha Healthcare Private Limited,ଆଲଫା ହେଲ୍ଥକେୟାର୍ ପ୍ରାଇଭେଟ୍ ଲିମିଟେଡ୍,"C/O. Mr. Biswanath Sahoo, Plot-202 Scr, Unit-1, Bhubaneswar, Khordha, Orissa","KHORDHA, C/O. MR. BISWANATH SAHOO, Odisha",0.0,0.4285714285714285,"1,202",,0,0,alpha healthcare private limited,aalphaa helthkeyyaar praaibhett limittedd,10.526315789473683,71.23287671232876,60.70656092285508,True,False,True,False,False,False,True
S1-219495713,S2-549816327,DB Infratech Limited,DB-INFRATECH,"Plot No. E-2 Epip, Neemrana, Alwar, Rajasthan","ALWAR, राजस्थान, ALWAR, PLOT NO. E-1-2 EPIP",0.6666666666666666,0.4615384615384615,2,"1,2",1,0,db infratech limited,db infratech,100.0,100.0,0.0,False,False,False,True,False,True,True
S1-39102851,S2-869475052,UY Metro Private Limited,UY PRIVATE LIMITED SERVICES,"Plot No 35 Basement Floor, Blk-Bt Shalimar Bagh, Delhi, North West Delhi, Delhi",,0.6,0.0,35,,0,1,uy metro private limited,uy private limited services,85.71428571428571,85.71428571428571,0.0,False,True,False,False,False,True,True
S1-535660089,S2-338413267,Jay Finance Private Limited,ജയ് ഫിനാൻസ് പ്രൈവറ്റ് ലിമിറ്റഡ്,"Dotspace Business Center, Tc 24/3088, Ushasandya Building, Kowdiar Devasam Bo, Ard, Thiruvananthapuram, Thiruvananthapuram, Trivandrum, Kerala","Kerala, TRIVANDRUM, #845 DOTSPACE BUSINESS CENTER, THIRUVANANTHAPURAM",0.0,0.375,"24,3088",845,0,0,jay finance private limited,jy phinaas praivrrrr limirrrrdd,11.538461538461531,58.62068965517242,47.08222811671089,True,False,True,False,False,False,False
S1-263586678,S2-735252841,Sk Memorial Trust,Mr Sk Trust Partners,"Office No. 120, Ground Floor, Block-D, Pocket 11, Near Sai Baba Mandir, Sector-7, Rohini, Delhi, Delhi, North West Delhi, Delhi",,0.4,0.0,"11,120,7",,0,1,sk memorial trust,mr sk trust partners,64.86486486486487,64.86486486486487,0.0,False,True,False,False,False,False,False
S1-163747629,S2-337166855,Creative Developers Private Limited,ক্রিয়েটিভ ডেভেলপারস প্রাইভেট লিমিটেড,"0410, Gourangonagar, Notun Pally Near Avijan Sporting Club, Ps-New Town, Kolkata, Kolkata, Howrah, West Bengal","0410, 24 PARAGANAS NORTH, West Bengal",0.0,0.1666666666666666,0410,"0410,24",1,0,creative developers private limited,kriy ettibh ddebhelpaars praaibhett limittedd,9.836065573770496,62.5,52.6639344262295,True,False,True,True,False,False,False
S1-163747629,S2-890447132,Creative Developers Private Limited,ক্রিয়েটিভ Developers Private Limited,"0410, Gourangonagar, Notun Pally Near Avijan Sporting Club, Ps-New Town, Kolkata, Kolkata, Howrah, West Bengal","0410, KOLKATA REGION, HOWRAH, West Bengal",0.3333333333333333,0.3125,0410,0410,1,0,creative developers private limited,kriy ettibh developers private limited,85.24590163934427,85.24590163934427,0.0,True,False,True,True,False,False,True
S1-432696698,S2-725838931,Bright Developers Private Limited,ब्राइट डेवलपर्स प्राइवेट लिमिटेड,"603, Ram Chhaya Chs Ltd, Ram Mandir Road, Borivali West, Mumbai, Maharashtra","DOOR NO 608  603, BORIVALI WEST, Maharashtra",0.0,0.2857142857142857,603,"603,608",1,0,bright developers private limited,braaitt ddevlprs praaivett limittedd,10.169491525423725,75.36231884057972,65.192827315156,True,False,True,True,False,False,True
S1-459221699,S2-717761723,Om Food Private Limited,ૐ ફૂડ પ્રાઇવેટ લિમિટેડ,"Shop- 2, Narayan Appartment, Near, Kuber Bhavan, Kothi Kachari, Vadodara, Gujarat","SHOP- 2, VADODARA, ગુજરાત",0.0,0.2142857142857142,2,2,1,0,om food private limited,aum phuudd praaivett limittedd,14.63414634146342,64.15094339622642,49.516797054763,True,False,True,True,False,False,False
S1-18608154,S2-489551016,India Perfect Ai Private Limited,INDIA PERFECT AI PRIVATE LTD,"Flat No 103 Hno 3-6-590 Anasuya Apartments, Himayathnagar, Hyderabad, Telangana",,0.6666666666666666,0.0,"103,3,590,6",,0,1,india perfect ai private limited,india perfect ai private ltd,93.33333333333331,93.33333333333331,0.0,False,True,False,False,False,True,True
S1-105742435,S2-640251199,Slv Foundation of Ahmedabad Private Limited,Véodova,"C-401, Silver Gardenia, Jagatpur, Gota Gandhinagar, Ahmedabad, Gujarat","C-401, AHMEDABAD, Gujarat",0.0,0.4444444444444444,401,401,1,0,slv foundation of ahmedabad private limited,veodova,24.0,24.0,0.0,True,False,True,True,False,False,False
S1-233173553,S2-430570647,Future Star Media Private Limited,फ्यूचर स्टार मीडिया प्राइवेट लिमिटेड,"23, Dr. Ambedkar Nagar, Indore, Madhya Pradesh","#23, INDORE, Madhya Pradesh",0.0,0.5714285714285714,23,23,1,0,future star media private limited,phyuucr sttaar miiddiyaa praaivett limittedd,14.285714285714292,70.12987012987013,55.84415584415584,True,False,True,True,True,False,True
S1-780886428,S2-600925568,Digital It Private Limited,ડિજિટલ આઈટી પ્રાઇવેટ લિમિટેડ,"Jindal House, Opp. Dmart I.O.C Petrol Pump Lane, Shivranjani, Shyamal, 132 Ft Ring Road, Satellite, Ahmedabad, Gujarat","675 JINDAL HOUSE, Gujarat, AHMEDABAD",0.0,0.2,132,675,0,0,digital it private limited,ddijittl aaiittii praaivett limittedd,12.244897959183676,69.84126984126983,57.59637188208616,True,False,True,False,False,False,False
S1-741835468,S2-830955804,Krishna Services,Krishna Services Corporation,"Nashik, Maharashtra, Plot No.804/A/7, Near Hotelprakash Mumbai Agra Road, 1",,0.6666666666666666,0.0,"1,7,804",,0,1,krishna services,krishna services corporation,100.0,100.0,0.0,False,True,False,False,False,True,True
S1-954292530,S2-821169808,United It Pvt Ltd,యునైటెడ్ ఐటీ ప్రైవేట్ లిమిటెడ్,"P Number 4 And 4A, 8-2-293/174/4B/1A, Road Number 14, Banjara Hills, Khairatabad, Hyderabad, Telangana","P NUMBER 4 AND 4A, HYDERABAD, తెలంగాణ",0.0,0.2727272727272727,"1,14,174,2,293,4,8",4,1,0,united it pvt ltd,yunaittedd aittii praiveett limittedd,16.21621621621621,62.96296296296296,46.74674674674675,True,False,True,True,False,False,False
S1-115772120,S2-889328686,Novel Services Private Limited,Novel Services,"Naharakanta, Bhubaneswar, Khordha, Orissa","NAHARAKANTA, BHUBANESWAR, ଓଡ଼ିଶା",0.5,0.3333333333333333,,,0,0,novel services private limited,novel services,100.0,100.0,0.0,False,False,False,False,False,True,True
S1-297632456,S2-533498907,Digital Marketing Private Limited,डिजिटल मार्केटिंग प्राइवेट लिमिटेड,"Ft. No. C-6, Unity Park, College Road Nashik, Nashik, Maharashtra","FT. NO. C-6/4, NASHIK, Maharashtra",0.0,0.5454545454545454,6,"4,6",1,0,digital marketing private limited,ddijittl maarketting praaivett limittedd,10.714285714285708,79.45205479452055,68.73776908023484,True,False,True,True,True,False,True
S1-646580804,S2-611680956,One Builders Limited,वन बिल्डर्स लिमिटेड,"179/3, Western Avenue Sainik Farms, New Delhi, South Delhi, Delhi","179/3, NEW DELHI, SOUTH DELHI, Delhi",0.0,0.5555555555555556,"179,3","179,3",2,0,one builders limited,vn bilddrs limittedd,10.810810810810809,80.0,69.1891891891892,True,False,True,True,True,False,True
S1-693776805,S2-209093443,Swastik Infra Private Limited,5wastik Infra  Private,"103, A, B, C, Vindhya Complex, First Floor, Plot No. 1, Sector 11, Cbd Belapur., Navi Mumbai, Thane, Maharashtra","103, THANE, NAVI MUMBAI, Maharashtra",0.4,0.2631578947368421,"1,103,11",103,1,0,swastik infra private limited,5wastik infra private,80.0,80.0,0.0,False,False,False,True,False,False,True
S1-142157623,S2-318542993,Sumati Diamond Pvt Ltd,Sumati Dmdn Pvt Ltd,"95 Mile Stone, Near Toll Plaza, Panipat, Haryana",,0.6,0.0,95,,0,1,sumati diamond pvt ltd,sumati dmdn pvt ltd,87.8048780487805,87.8048780487805,0.0,False,True,False,False,False,True,True
S1-632746994,S2-907861348,Shyam Consultancy,श्याम कंसल्टेंसी,"Rajasthan, Jaipur, P-216, Mahaveer Nagar-Ii, Maharani Farm, Jaipur","P-216, JAIPUR, Rajasthan",0.0,0.4444444444444444,216,216,1,0,shyam consultancy,shyaam knslttensii,6.451612903225811,62.85714285714285,56.40552995391704,True,False,True,True,False,False,False
S1-160361130,S2-150709877,Fortune Global Pvt Ltd,ஃபார்ச்சூன் குளோபல் பிரைவேட் லிமிடெட்,"G-4, Gems Court, No.25/14, Khader Nawaz Khan Road, Nungambakkam, Chennai, Tamil Nadu","G-4, CHENNAI, Tamil Nadu",0.0,0.3333333333333333,"14,25,4",4,1,0,fortune global pvt ltd,hpaarccuunnn kulloopl piraiveett limittett,12.765957446808514,43.75,30.98404255319149,True,False,True,True,False,False,False
S1-659283518,S2-379928674,Suyog Pharma Private Limited,Kórarianyla,"New Delhi, Bhikaji Cama Place, Delhi, B-22, Ansal Chambers-1, 3","B-22, NEW DELHI, दिल्ली",0.0,0.3076923076923077,"1,22,3",22,1,0,suyog pharma private limited,korarianyla,30.769230769230774,35.89743589743589,5.128205128205117,True,False,True,True,False,False,False
S1-505076726,S2-340814974,Maa Finance LLP,ಮಾ ಫೈನಾನ್ಸ್ ಎಲ್ಎಲ್‌ಪಿ,"Flr-3, Hakimi Edifice, 5Th Cross Rd, Vinayaka Ngr, Bangalore South, Bangalore, Karnataka","HN 515 FLR-3, BANGALORE SOUTH, BANGALORE, Karnataka",0.0,0.3571428571428571,"3,5","3,515",1,0,maa finance llp,maa phainaans elelpi,14.81481481481481,68.57142857142857,53.75661375661376,True,False,True,True,False,False,False
S1-13176411,S2-561872700,Siddiqui Polytechnic,Dr Siddiqui  Poylctfcnnbfc,"Plot No. 8, Sandika Sadan, Bhoite Nagar, Jalgaon, Maharashtra",,0.25,0.0,8,,0,1,siddiqui polytechnic,dr siddiqui poylctfcnnbfc,71.11111111111111,71.11111111111111,0.0,False,True,False,False,False,False,True
S1-560189983,S2-466281381,Yamuam Trading Private Limited,YAMUAM TRADING PRIVATE LTD,"207, Konark Arcade Bldg, Nizampura, Bhiwandi, Bhiwandi, Thane, Maharashtra",,0.6,0.0,207,,0,1,yamuam trading private limited,yamuam trading private ltd,92.85714285714286,92.85714285714286,0.0,False,True,False,False,False,True,True
S1-183836776,S2-941957648,East Finance Limited,EAST LIMITED (CENTER),"Atithi Abasan G/2 C Block 43 G T Road Post Konnagar, Hooghly, West Bengal",,0.5,0.0,"2,43",,0,1,east finance limited,east limited center,77.41935483870968,77.41935483870968,0.0,False,True,False,False,False,True,True
S1-482298129,S2-708308217,Bombay Traders Private Limited,Bombay Traders Private Ltd,"21, Saffron Indstrl Park I, Indore Ahmedabad Highway, Dascroi, Ahmedabad, Gujarat",,0.6,0.0,21,,0,1,bombay traders private limited,bombay traders private ltd,92.85714285714286,92.85714285714286,0.0,False,True,False,False,False,True,True
S1-3450662,S2-594651389,East Logistics Limited,East  Logistics,"401, Gazdar House Building 629-A, J.S.S Road, Mumbai, Maharashtra",,0.6666666666666666,0.0,"401,629",,0,1,east logistics limited,east logistics,100.0,100.0,0.0,False,True,False,False,False,True,True
S1-291156909,S2-102892721,New Engineering Private Limited,ನ್ಯೂ ಇಂಜಿನಿಯರಿಂಗ್ ಪ್ರೈವೇಟ್ ಲಿಮಿಟೆಡ್,"# 31, Swarna Sree, S B Road, V V Puram, Bangalore, Karnataka","# 31., BANGALORE, BENGALURU, Karnataka",0.0,0.2727272727272727,31,31,1,0,new engineering private limited,nyuu injiniyring praiveett limittedd,10.526315789473683,68.65671641791045,58.13040062843676,True,False,True,True,False,False,False
S1-746759170,S2-58870357,Tech Services Limited,Tech  Services,"Jabalpur, D 8 Rajul Paradise Tilhari Mandla Road, Madhya Pradesh, Jabalpur",,0.6666666666666666,0.0,8,,0,1,tech services limited,tech services,100.0,100.0,0.0,False,True,False,False,False,True,True
S1-133782612,S2-617370590,Maa Global Private Limited,મા ગ્લોબલ પ્રાઇવેટ લિમિટેડ,"Gujarat, Near Sola Over Bridge, S. G. Highway, Sola, 5-A Anand Complex, Ahmedabad","DOOR NO 4-5-A ANAND COMPLEX, AHMEDABAD, Gujarat",0.0,0.375,5,"4,5",1,0,maa global private limited,maa globl praaivett limittedd,13.333333333333329,83.63636363636364,70.30303030303031,True,False,True,True,False,False,True
S1-147557360,S2-242090291,Creative Developers Private Limited,ক্রিয়েটিভ ডেভেলপারস প্রাইভেট লিমিটেড,"1, Ho Chi Minh Sarani 8Th Floor, Metro Plaza, Kolkata, Kolkata, Howrah, West Bengal","1, KOLKATA, HOWRAH, West Bengal",0.0,0.3846153846153846,"1,8",1,1,0,creative developers private limited,kriy ettibh ddebhelpaars praaibhett limittedd,9.836065573770496,62.5,52.6639344262295,True,False,True,True,False,False,False
S1-77519707,S2-146875273,New Impex Private Limited,ನ್ಯೂ ಇಂಪೆಕ್ಸ್ ಪ್ರೈವೇಟ್ ಲಿಮಿಟೆಡ್,"No 501, A2, Yamuna Block, National Games Village, Koramangala, Bangalore North, Bangalore, Karnataka","BANGALORE, 501, BANGALORE NORTH, Karnataka",0.0,0.3333333333333333,"2,501",501,1,0,new impex private limited,nyuu inpeks praiveett limittedd,12.5,67.85714285714286,55.35714285714286,True,False,True,True,False,False,False
S1-77519707,S2-521777715,New Impex Private Limited,Private New Impex Ltd,"No 501, A2, Yamuna Block, National Games Village, Koramangala, Bangalore North, Bangalore, Karnataka","H.NO 501, BANGALORE NORTH, BANGALORE, ಕರ್ನಾಟಕ",0.6,0.25,"2,501",501,1,0,new impex private limited,private new impex ltd,91.30434782608695,91.30434782608695,0.0,False,False,False,True,False,True,True
S1-987962894,S2-72530169,Ar Design Ltd,Ar Ar Design Limited,"Plot No E74 2Nd Floor, Souryapuram Bahmeta, Ghaziabad, Uttar Pradesh",,0.5,0.0,"2,74",,0,1,ar design ltd,ar ar design limited,86.66666666666667,86.66666666666667,0.0,False,True,False,False,False,True,True
S1-364598694,S2-846849237,Lotus Marketing Limited,लोटस मार्केटिंग लिमिटेड,"Office No. 3B, Ground Floor, Vasundhara B Chs, Amrut Ngr, Chakala, A K Rd, Nr Gurudwara, Andheri E, Mumbai, Mumbai City, Maharashtra","H.NO 694 OFFICE NO. 3B, MUMBAI, MUMBAI CITY, Maharashtra",0.0,0.2608695652173913,3,"3,694",1,0,lotus marketing limited,lotts maarketting limittedd,10.256410256410264,88.0,77.74358974358974,True,False,True,True,False,False,True
S1-884989078,S2-352550271,Super Infra LLP,सुपर इंफ्रा एलएलपी,"L 25, First Floor Kalka Ji, New Delhi, South Delhi, Delhi","L 25, NEW DELHI, CR PARK  MARKET ONE, Delhi",0.0,0.3076923076923077,25,25,1,0,super infra llp,supr inphraa elelpii,12.903225806451616,74.28571428571429,61.38248847926268,True,False,True,True,False,False,True
S1-990934367,S2-994986401,Bharat Blue Tech Private Limited,भारत ब्लू टेक प्राइवेट लिमिटेड,"H-701, Jewels Of India Opp. Gaurav Tower, Jln Marg, Malviya Nagar, Jaipur, Rajasthan","H-B3/701, JAIPUR, N/A, Rajasthan",0.0,0.2352941176470588,701,"3,701",1,0,bharat blue tech private limited,bhaart bluu ttek praaivett limittedd,14.545454545454549,76.47058823529412,61.92513368983957,True,False,True,True,False,False,True
S1-340092395,S2-956703346,Baba It Private Limited,বাবা আইটি প্রাইভেট লিমিটেড,"9/12, Lalbazar Streete Block4Th Floor, Kolkata, Howrah, West Bengal","HOWRAH, PLOT 181 9/12, পশ্চিমবঙ্গ",0.0,0.1875,"12,4,9","12,181,9",2,0,baba it private limited,baabaa aaitti praaibhett limittedd,13.95348837209302,70.17543859649122,56.2219502243982,True,False,True,True,False,False,True
S1-340092395,S2-391221088,Baba It Private Limited,বাবা আইটি প্রাইভেট লিমিটেড,"9/12, Lalbazar Streete Block4Th Floor, Kolkata, Howrah, West Bengal","PLOT 181 9/12, পশ্চিমবঙ্গ, HOWRAH, KOLKATA",0.0,0.25,"12,4,9","12,181,9",2,0,baba it private limited,baabaa aaitti praaibhett limittedd,13.95348837209302,70.17543859649122,56.2219502243982,True,False,True,True,False,False,True
S1-998903278,S2-710827826,Alpha Energy Private Limited,ALPHA ENERGY PIRVASET  LIMITED,"Unit No 12, 2Nd Floor, Block C-18, Sanjay Place, Agra, Uttar Pradesh",,0.6,0.0,"12,18,2",,0,1,alpha energy private limited,alpha energy pirvaset limited,91.2280701754386,91.2280701754386,0.0,False,True,False,False,False,True,True
S1-467600309,S2-576593449,Hr (India) Technologies Limited,Hr (cgonadni) Technologies Limited,"Plot No-1454/1652 Near Maruti Villa, Patia, Bhubaneswar, Khordha, Orissa",,0.6,0.0,"1454,1652",,0,1,hr india technologies limited,hr cgonadni technologies limited,88.52459016393442,88.52459016393442,0.0,False,True,False,False,False,True,True
S1-820449414,S2-891086001,Indian International Limited,इंडियन इंटरनेशनल लिमिटेड,"B Wing, Ground Flr, Office 002, Silver Utopia Bldg, Chakala Road, Opp P And G, Mumbai, Maharashtra","B WNG, MUMBAISUBURBAN, MUMBAI, Maharashtra",0.0,0.1578947368421052,002,,0,0,indian international limited,inddiyn inttrneshnl limittedd,8.333333333333329,73.6842105263158,65.35087719298247,True,False,True,False,False,False,True
S1-214870056,S2-595232199,Sree Sun Investments Limited,श्री सन इन्वेस्टमेंट्स Limited,"New Delhi, Delhi, 2/F, Gali-54-C Molarband Extn. Badarpur, Near 2Nd 60 Fo, Ota, H.No.1827, South Delhi","H.NO.1828, NEW DELHI, SOUTH DELHI, Delhi",0.0833333333333333,0.25,"1827,2,54,60",1828,0,0,sree sun investments limited,shrii sn investtmentts limited,42.42424242424242,86.20689655172414,43.78265412748172,True,False,True,False,False,False,True
S1-422045328,S2-419714943,Aditya Vision Ventures Private Limited,ಆದಿತ್ಯ ವಿಷನ್ ವೆಂಚರ್ಸ್ ಪ್ರೈವೇಟ್ ಲಿಮಿಟೆಡ್,"#106/28, Shree Nilayam 2Nd Cross, Samrat Layout, Bannergatta Roa, D, Arakere, Bangalore, Karnataka","#106/28/2, BANGALORE, ಕರ್ನಾಟಕ",0.0,0.1666666666666666,"106,2,28","106,2,28",3,0,aditya vision ventures private limited,aadity vissn vencrs praiveett limittedd,12.121212121212125,77.92207792207793,65.80086580086581,True,False,True,True,False,False,True
S1-207166103,S2-629135677,Regen Wealth Pvt. Ltd.,Regen Pvt. Ltd. Center,"Lucknow, Uttar Pradesh, 394, Lucknow, Malak Road, Hariharpur, Near Railway Crossing",,0.6,0.0,394,,0,1,regen wealth pvt ltd,regen pvt ltd center,80.0,80.0,0.0,False,True,False,False,False,True,True
S1-165999016,S2-542039231,Aatreya Infrastructure Private Limited,AATREYA INFRASTRUCTURE,"1236 Madhav Nagar S/Dn Sangli Sangli, Sangli, Maharashtra",,0.5,0.0,1236,,0,1,aatreya infrastructure private limited,aatreya infrastructure,100.0,100.0,0.0,False,True,False,False,False,True,True
S1-853563506,S2-726190685,Crossland Brothers Private Limited,Crossland Bttes Private Limited,"112&113 Shed 8&9 Mini Industrial Estate, 10, Muthalamada, Govindapuram Post, Palakkad, Kerala",,0.6,0.0,"10,112,113,8,9",,0,1,crossland brothers private limited,crossland bttes private limited,92.3076923076923,92.3076923076923,0.0,False,True,False,False,False,True,True
S1-685337304,S2-582676580,Hari Products Private Limited,हरि प्रोडक्ट्स प्राइवेट लिमिटेड,"G-10, Saraswati Enclacve Pataudi Road, Gurgaon, Haryana","H.NO 138 G-10, GURGAON, Haryana",0.0,0.3636363636363636,10,"10,138",1,0,hari products private limited,hri proddktts praaivett limittedd,11.764705882352942,77.41935483870968,65.65464895635674,True,False,True,True,False,False,True
S1-685337304,S2-821472349,Hari Products Private Limited,Hari Products Praivfte Limited,"G-10, Saraswati Enclacve Pataudi Road, Gurgaon, Haryana",,0.6,0.0,10,,0,1,hari products private limited,hari products praivfte limited,94.91525423728814,94.91525423728814,0.0,False,True,False,False,False,True,True
S1-685337304,S2-766506374,Hari Products Private Limited,हरि प्रोडक्ट्स प्राइवेट लिमिटेड,"G-10, Saraswati Enclacve Pataudi Road, Gurgaon, Haryana","DOOR NO 138 G-10, GURGAON, हरियाणा",0.0,0.2142857142857142,10,"10,138",1,0,hari products private limited,hri proddktts praaivett limittedd,11.764705882352942,77.41935483870968,65.65464895635674,True,False,True,True,False,False,True
S1-950112797,S2-660088533,Vijay Exports Private Limited,विजय एक्सपोर्ट्स प्राइवेट लिमिटेड,"27Bkc, 7Thfloor, Plotno.C-27, G Block Bandra-Kurla Complex, Bandra(East), Mumbai, Mumbai City, Maharashtra","27BKC, MUMBAI CITY, MUMBAI METRO, महाराष्ट्र",0.0,0.1578947368421052,"27,7",27,1,0,vijay exports private limited,vijy eksportts praaivett limittedd,10.714285714285708,79.36507936507937,68.65079365079366,True,False,True,True,False,False,True
S1-721951042,S2-54958665,Arti Products (India) Private Limited,Arti Prcts (India) Private [Limited],"Vill. & Post- Gadoj Teh.- Behror, Alwar, Rajasthan",,0.6666666666666666,0.0,,,0,1,arti products india private limited,arti prcts india private limited,95.5223880597015,95.5223880597015,0.0,False,True,False,False,False,True,True
S1-14823286,S2-382522526,Green Bharat Constructions Private Limited,ग्रीन भारत कंस्ट्रक्शंस प्राइवेट लिमिटेड,"401, 4Th Floor, Plot 63, Kadri Manzil, Dontad Street, Mumbai, Maharashtra","401, MUMBAI, महाराष्ट्र",0.0,0.1333333333333333,"4,401,63",401,1,0,green bharat constructions private limited,griin bhaart knsttrkshns praaivett limittedd,10.810810810810809,69.76744186046511,58.95663104965431,True,False,True,True,False,False,False
S1-14823286,S2-621478239,Green Bharat Constructions Private Limited,ग्रीन भारत कंस्ट्रक्शंस प्राइवेट लिमिटेड,"401, 4Th Floor, Plot 63, Kadri Manzil, Dontad Street, Mumbai, Maharashtra","401, MUMBAI, Maharashtra",0.0,0.2727272727272727,"4,401,63",401,1,0,green bharat constructions private limited,griin bhaart knsttrkshns praaivett limittedd,10.810810810810809,69.76744186046511,58.95663104965431,True,False,True,True,False,False,False
S1-525912803,S2-729622327,Blue Technologies Private Limited,81ue Technologies Private Limited,"No. 140/3, Shivanapura Village, Dasanapura Hobli, Bangalore, Bangalore Rural, Karnataka","140/3, BENGALURU, ಕರ್ನಾಟಕ, DABASPET",0.6,0.1333333333333333,"140,3","140,3",2,0,blue technologies private limited,81ue technologies private limited,93.93939393939394,93.93939393939394,0.0,False,False,False,True,False,True,True
S1-309251679,S2-262900851,Sai Foods Private Limited,साई फूड्स प्राइवेट लिमिटेड,"'F No 1, S No P- 59/7, Navsahyadri Society Karvenagar, Hingane, Pune, Maharashtra","'F NO 1, PUNE, Maharashtra",0.0,0.3846153846153846,"1,59,7",1,1,0,sai foods private limited,saaii phuudds praaivett limittedd,13.333333333333329,68.96551724137932,55.63218390804599,True,False,True,True,False,False,False
S1-382810312,S2-767498377,Rainbow Realtech Limited,Rainbow Rhalrbhc Limited,"No.2, Rangasri, Gkvk Main Road, Canara Bank Layout Rajivgandhinagar, Oppvivekananda School, K, Odigehalli, Bengaluru, Bangalore, Karnataka",,0.5,0.0,2,,0,1,rainbow realtech limited,rainbow rhalrbhc limited,83.33333333333334,83.33333333333334,0.0,False,True,False,False,False,True,True
S1-137092361,S2-954605130,Gold Real Technology Private Limited,गोल्ड रियल टेक्नोलॉजी प्राइवेट लिमिटेड,"Room No.309, Sujata Shopping Centre, Navghar Road, Opp. Aradhana Bldg, Sector 3, Bhayander, (E), Thane, Maharashtra","PLOT 184 ROOM NO.309, THANE, Maharashtra",0.0,0.2631578947368421,"3,309","184,309",1,0,gold real technology private limited,goldd riyl tteknolonjii praaivett limittedd,13.114754098360647,70.8860759493671,57.77132185100645,True,False,True,True,False,False,True
S1-137092361,S2-166475861,Gold Real Technology Private Limited,गोल्ड रियल टेक्नोलॉजी प्राइवेट लिमिटेड,"Room No.309, Sujata Shopping Centre, Navghar Road, Opp. Aradhana Bldg, Sector 3, Bhayander, (E), Thane, Maharashtra","PLOT 184 ROOM NO.309, THANE, महाराष्ट्र",0.0,0.1739130434782608,"3,309","184,309",1,0,gold real technology private limited,goldd riyl tteknolonjii praaivett limittedd,13.114754098360647,70.8860759493671,57.77132185100645,True,False,True,True,False,False,True
S1-546226952,S2-25139759,Viva Hotels Pvt Ltd,VIVA PVT LTD SERVICES,"No.106, Block Brinda, Sm Malika Appartment Golden George Nagar, Chennai, Tamil Nadu",,0.6,0.0,106,,0,1,viva hotels pvt ltd,viva pvt ltd services,77.41935483870968,77.41935483870968,0.0,False,True,False,False,False,True,True
S1-101455301,S2-879015751,Great Trading Private Limited,ग्रेट ट्रेडिंग प्राइवेट लिमिटेड,"Plot No. 20, Anand Vihar-C, Machera, Jaipur, Rajasthan","020, JAIPUR, Rajasthan",0.0,0.2,20,020,0,0,great trading private limited,grett ttredding praaivett limittedd,13.333333333333329,78.125,64.79166666666667,True,False,True,False,False,False,True
S1-714273609,S2-997984229,FUD It Private Limited,LIMITED FUD PRÍVATE [SERVICES],"Sy. No. 121, Vivekandanagara, Machohalli Gate, Dasanapura Hobli, Magadi Main Road, Bangalore North, Bangalore, Karnataka","Karnataka, SY. NO. 121, BANGALORE, BANGALORE NORTH",0.3333333333333333,0.4285714285714285,121,121,1,0,fud it private limited,limited fud private services,72.0,92.6829268292683,20.682926829268297,True,False,True,True,False,False,True
S1-474604746,S2-469126846,Lohia Infinity Pvt Ltd,Lohia Pvt Ltd Partners,"Office No. Si-G-B055, Shilp Incubation Centre, Plot 11T 3 & 11T 5, Block 11, Gift Sez, Gandhi Nagar, Gujarat",,0.6,0.0,"055,11,3,5",,0,1,lohia infinity pvt ltd,lohia pvt ltd partners,74.28571428571428,74.28571428571428,0.0,False,True,False,False,False,True,True
S1-837425271,S2-254902960,Universal Business Pvt Ltd,ಯುನಿವರ್ಸಲ್ ಬಿಸಿನೆಸ್ ಪ್ರೈವೇಟ್ ಲಿಮಿಟೆಡ್,"Bangalore, Bangalore South, Karnataka, Indiqube Edge, Ground Floor (Work Unit-10), No. 571/630/6/4 Sy No 6/4 Ambalipura(V)","INDIQUBE EDGE, BANGALORE SOUTH, HSR LAYOUT, Karnataka",0.0,0.25,"10,4,571,6,630",,0,0,universal business pvt ltd,yunivrsl bisines praiveett limittedd,11.320754716981128,70.96774193548387,59.64698721850274,True,False,True,False,False,False,True
S1-837425271,S2-597658891,Universal Business Pvt Ltd,Shri businessuniversal.com,"Bangalore, Bangalore South, Karnataka, Indiqube Edge, Ground Floor (Work Unit-10), No. 571/630/6/4 Sy No 6/4 Ambalipura(V)","INDIQUBE EDGE, BANGALORE SOUTH, HSR LAYOUT, ಕರ್ನಾಟಕ",0.0,0.1739130434782608,"10,4,571,6,630",,0,0,universal business pvt ltd,shri businessuniversal com,65.38461538461539,65.38461538461539,0.0,False,False,False,False,False,False,False
S1-3810084,S2-146391747,Life Construction Private Limited,लाइफ कंस्ट्रक्शन प्राइवेट लिमिटेड,"Mangal Nagar, Wakad Road, Pune, Survey No. 17/4A/2, Pune City, Maharashtra","SURVEY NO. 17/4A/2, WASHIM, PUNE, Maharashtra",0.0,0.5384615384615384,"17,2,4","17,2,4",3,0,life construction private limited,laaiph knsttrkshn praaivett limittedd,10.0,62.85714285714285,52.85714285714285,True,False,True,True,True,False,False
S1-726341420,S2-893970386,Dynamic Care Private Limited,डायनामिक केयर प्राइवेट लिमिटेड,"Delhi, Ratiya Marg, Sangam Vihar, G-9/220 Ground Floor, South Delhi, Delhi","G-9/220 GROUND FLOOR, DELHI, दिल्ली, SOUTH DELHI",0.0,0.5384615384615384,"220,9","220,9",2,0,dynamic care private limited,ddaaynaamik keyr praaivett limittedd,12.0,68.75,56.75,True,False,True,True,True,False,False
S1-544334039,S2-474979074,East Ss Services,ਈਸਟ ਐੱਸਐੱਸ ਸਰਵਿਸਿਜ਼,"Kothi No. 563, Urban Estate Phase-2, Jalandhar, Punjab","KOTHI NO. 561, JALANDHAR, Punjab",0.0,0.4,"2,563",561,0,0,east ss services,iistt aihsaihs srvisij,12.5,57.89473684210527,45.39473684210527,True,False,True,False,False,False,False
S1-271598426,S2-563673513,Vijay Producer Limited,વિજય પ્રોડ્યુસર લિમિટેડ,"10, Rudravan Bunglows, Opp. Someshwar Part 3, Thaltej, Ahmedabad, Gujarat","0010, AHMEDABAD, ગુજરાત",0.0,0.0714285714285714,"10,3",0010,0,0,vijay producer limited,vijya proddyausr limittedd,9.302325581395351,79.16666666666667,69.86434108527132,True,False,True,False,False,False,True
S1-225197508,S2-856166128,Nisarg Brothers Private Limited,Nisarg Bróthers,"Fl05 Wing-A Kaweri Apt, Kondhawa, Pune City, Pune, Maharashtra",,0.2,0.0,05,,0,1,nisarg brothers private limited,nisarg brothers,60.86956521739131,100.0,39.13043478260869,True,True,True,False,False,False,True
S1-461275615,S2-413579811,Tirupati Care Private Limited,तिरुपति केयर प्राइवेट लिमिटेड,"Rz F-16, G/F Kh No.74, Main Road, Mahavir Enclave, Palam, New Delhi, Tek Chand, West Delhi, Delhi","TEK CHAND, NEW DELHI, WEST DELHI, Delhi",0.0,0.2941176470588235,"16,74",,0,0,tirupati care private limited,tirupti keyr praaivett limittedd,11.320754716981128,75.40983606557377,64.08908134859264,True,False,True,False,False,False,True
S1-461275615,S2-967777573,Tirupati Care Private Limited,तिरुपति केयर प्राइवेट लिमिटेड,"Rz F-16, G/F Kh No.74, Main Road, Mahavir Enclave, Palam, New Delhi, Tek Chand, West Delhi, Delhi","TEK CHAND, NEW DELHI, WEST DELHI, Delhi",0.0,0.2941176470588235,"16,74",,0,0,tirupati care private limited,tirupti keyr praaivett limittedd,11.320754716981128,75.40983606557377,64.08908134859264,True,False,True,False,False,False,True
S1-553286477,S2-62215752,Aditya Agro Private Limited,ಆದಿತ್ಯ ಅಗ್ರೋ ಪ್ರೈವೇಟ್ ಲಿಮಿಟೆಡ್,"4Th Cross, Chikkadugodi, Tavarekere, No 94/26, Bangalore, Karnataka","NO 94/26, BANGALORE, Karnataka",0.0,0.5555555555555556,"26,4,94","26,94",2,0,aditya agro private limited,aadity agroo praiveett limittedd,12.0,81.35593220338984,69.35593220338984,True,False,True,True,True,False,True
S1-912972863,S2-113359101,United Media Private Limited,યુનાઇટેડ મીડિયા પ્રાઇવેટ લિમિટેડ,"Office No. 62, 6Th Floor, Titanium, Corporate Road, Prahladnagar Ahmedabad, Ahmadabad City, Ahmedabad, Gujarat","H.NO 933 OFFICE NO. 62, AHMADABAD CITY, AHMEDABAD, Gujarat",0.0,0.4666666666666667,"6,62","62,933",1,0,united media private limited,yaunaaittedd miiddiyaaa praaivett limittedd,12.244897959183676,70.4225352112676,58.177637252083926,True,False,True,True,False,False,True
S1-461866674,S2-398389490,Global Services Limited,குளோபல் சர்வீசஸ் லிமிடெட்,"Vanninagar 168/1A, Vellakinar Pirivu, Mettupalayam Ro, Coimbatore, Ad, Tamil Nadu, Saraf House","COIMBATORE, THUDIYALUR COIMBATORE, தமிழ்நாடு, ##340 SARAF HOUSE",0.0,0.1578947368421052,"1,168",340,0,0,global services limited,kulloopl crviics limittett,9.302325581395351,65.3061224489796,56.00379686758424,True,False,True,False,False,False,False
S1-266523361,S2-292737759,Indian Consultancy LLP,इंडियन कंसल्टेंसी LLP,"801, Aggarwal Millennium Tower-1, Netaji Subhash Place, Pitampura, Delhi, North West Delhi, Delhi","801, DELHI, NORTH WEST DELHI, Delhi",0.1,0.3333333333333333,"1,801",801,1,0,indian consultancy llp,inddiyn knslttensii llp,27.272727272727263,66.66666666666667,39.393939393939405,True,False,True,True,False,False,False
S1-266523361,S2-817162533,Indian Consultancy LLP,इंडियन कंसल्टेंसी एलएलपी,"801, Aggarwal Millennium Tower-1, Netaji Subhash Place, Pitampura, Delhi, North West Delhi, Delhi","DELHI, 801, NORTH WEST DELHI, Delhi",0.0,0.3333333333333333,"1,801",801,1,0,indian consultancy llp,inddiyn knslttensii elelpii,9.302325581395356,61.224489795918366,51.92216421452301,True,False,True,True,False,False,False
S1-495195934,S2-412723629,Premier Infotech Private Limited,Premier ইনফোটেক প্রাইভেট লিমিটেড,"C/O Sudhir Sarkar, 29 Tarakeshwar Pally, Singur, Hooghly, West Bengal",,0.0769230769230769,0.0,29,,0,1,premier infotech private limited,premier inphottek praaibhett limittedd,40.0,74.28571428571429,34.28571428571429,True,True,True,False,False,False,True
S1-1993820,S2-229246942,Ii Technology Partners,Ii Technology,"D-154 Maya Puri Phase - Ii, New Delhi, South West Delhi, Delhi","D-54 MAYA PURI PHASE - II, NEW DELHI, दिल्ली",0.6666666666666666,0.5384615384615384,154,54,0,0,ii technology partners,ii technology,100.0,100.0,0.0,False,False,False,False,True,True,True
S1-1993820,S2-883836278,Ii Technology Partners,Ii  Technology Partners Corporation,"D-154 Maya Puri Phase - Ii, New Delhi, South West Delhi, Delhi",,0.75,0.0,154,,0,1,ii technology partners,ii technology partners corporation,100.0,100.0,0.0,False,True,False,False,False,True,True
S1-813974803,S2-586559545,What Housing Private Limited,What Housing Private,"N/No1, O/No.71/3 Ramapuram, Main Rd, Valasaravakkam, Tiruvallur, Tamil Nadu",,0.75,0.0,"1,3,71",,0,1,what housing private limited,what housing private,100.0,100.0,0.0,False,True,False,False,False,True,True
S1-912926296,S2-886287706,One Silver Systems Private Limited,One Silver Systems Limited Partners,"Bangalore, Bangalore North, Cheemasandra Village, Karnataka, Site No 19",,0.6666666666666666,0.0,19,,0,1,one silver systems private limited,one silver systems limited partners,89.85507246376811,89.85507246376811,0.0,False,True,False,False,False,True,True
S1-874450204,S2-522280712,Star It Private Limited,स्टार आईटी प्राइवेट लिमिटेड,"Jardin C - Flat No. 302, Sr. No. 15 Pune Mahalunge, Pune City, Pune, Maharashtra","JARDIN C - FLAT NO. 302, PUNE CITY, PUNE, महाराष्ट्र",0.0,0.4666666666666667,"15,302",302,1,0,star it private limited,sttaar aaiittii praaivett limittedd,13.95348837209302,72.41379310344828,58.46030473135527,True,False,True,True,False,False,True
S1-248002844,S2-573352817,Hitech Industries Private Limited,ஹைடெக் இண்டஸ்ட்ரீஸ் பிரைவேட் லிமிடெட்,"2/7A, 4Th Cross, 3Rd Main, Near Balaji Mahal, New Colony, Chrompet, Chennai, Tamil Nadu","2/7A, CHENNAI, Tamil Nadu",0.0,0.3333333333333333,"2,3,4,7","2,7",2,0,hitech industries private limited,haittek innttsttriis piraiveett limittett,10.714285714285708,67.56756756756756,56.85328185328186,True,False,True,True,False,False,False
S1-248002844,S2-38362459,Hitech Industries Private Limited,ஹைடெக் இண்டஸ்ட்ரீஸ் பிரைவேட் லிமிடெட்,"2/7A, 4Th Cross, 3Rd Main, Near Balaji Mahal, New Colony, Chrompet, Chennai, Tamil Nadu","CHENNAI, Tamil Nadu, 2/7A",0.0,0.3333333333333333,"2,3,4,7","2,7",2,0,hitech industries private limited,haittek innttsttriis piraiveett limittett,10.714285714285708,67.56756756756756,56.85328185328186,True,False,True,True,False,False,False
S1-220313787,S2-239002407,Sree Finance Private Limited,श्री फाइनेंस प्राइवेट लिमिटेड,"Bohir Chawl, Sahar Road, Chakala, Opp Gpi Factory, Mumbai, Maharashtra","महाराष्ट्र, BOHIR CHAWL, MUMBAI",0.0,0.2142857142857142,,,0,0,sree finance private limited,shrii phaainens praaivett limittedd,11.764705882352942,63.49206349206349,51.72735760971055,True,False,True,False,False,False,False
S1-238239996,S2-660182034,Life Finance,લાઇફ ફાઇનાન્સ,"Vadodara, Nr. Panchratna, Building, Subhanpura, Vadodara, Gujarat, Plot No.04","ગુજરાત, VADODARA, NO 04",0.0,0.25,04,04,1,0,life finance,laaiph phaainaans,8.0,48.27586206896552,40.27586206896552,True,False,True,True,False,False,False
S1-468333503,S2-31974530,Era (India) Workforce Private Limited,Smt Era (India) Workforce Limited Services,"803/804, Bldg. No. 14, Indradarshan, New Link Road Andheri West, Mumbai, Maharashtra",,0.5714285714285714,0.0,"14,803,804",,0,1,era india workforce private limited,smt era india workforce limited services,87.09677419354838,87.09677419354838,0.0,False,True,False,False,False,True,True
S1-576503218,S2-640458071,Bright Care Private Limited,ब्राइट केयर प्राइवेट लिमिटेड,"1901-A, Oberoi Gardens, Thakur Village Near Western Express Highway, Kandivali(, E), Mumbai, Maharashtra","1901-A, MUMBAI, E), Maharashtra",0.0,0.3571428571428571,1901,1901,1,0,bright care private limited,braaitt keyr praaivett limittedd,11.764705882352942,67.79661016949152,56.03190428713857,True,False,True,True,False,False,False
S1-922457566,S2-287620246,Kalashsidhi Trading Private Limited,Ka1ashsidhi Taebgn Private Limited,"Karnataka, Bangalore North, Bangalore, 44/8 Ground Floor, 15Th Cross Malleshwaram","74/8 GROUND FLOOR, BANGALORE NORTH, BANGALORE, ಕರ್ನಾಟಕ",0.3333333333333333,0.3571428571428571,"15,44,8","74,8",1,0,kalashsidhi trading private limited,ka1ashsidhi taebgn private limited,86.95652173913044,86.95652173913044,0.0,False,False,False,True,False,False,True
S1-926874607,S2-697185720,Vijay Software,विजय सॉफ्टवेयर,"Plot 678B, Mahavir, Chs Nm Marg, Byculla West, Maharashtra, Mumbai, 15/0","15/0, MUMBAI, महाराष्ट्र",0.0,0.1875,"0,15,678","0,15",2,0,vijay software,vijy sonphttveyr,7.14285714285714,60.0,52.85714285714286,True,False,True,True,False,False,False
S1-105546352,S2-172998764,Assets Welfare Private Limited,Assets Welfare Private Ltd,"Shivaji Nagar 1194/4Pune, Pune, Maharashtra","SHIVAJI NAGAR/4PUNE, PUNE, महाराष्ट्र",0.6,0.4,"1194,4",4,1,0,assets welfare private limited,assets welfare private ltd,92.85714285714286,92.85714285714286,0.0,False,False,False,True,False,True,True
S1-736030235,S2-237152958,Future Red Investments Private Limited,ಫ್ಯೂಚರ್ ರೆಡ್ ಇನ್ವೆಸ್ಟ್‌ಮೆಂಟ್ಸ್ ಪ್ರೈವೇಟ್ ಲಿಮಿಟೆಡ್,"No. 9, Bismillah Nagar, Bannerghatta Road, Bangalore, Karnataka","NO. 9, BANGALORE, Karnataka",0.0,0.5,9,9,1,0,future red investments private limited,phyuucr redd investtmentts praiveett limittedd,12.698412698412696,78.57142857142857,65.87301587301587,True,False,True,True,True,False,True
S1-609409673,S2-846217678,Jain Infotech Private Limited,जैन इंफोटेक प्राइवेट लिमिटेड,"105, Picasso Plaza, S. No. 1A/1/2 Plot 45-46, Kondhawa Khurd, Pune, Maharashtra","#105, PUNE, Maharashtra",0.0,0.2,"1,105,2,45,46",105,1,0,jain infotech private limited,jain inphottek praaivett limittedd,11.320754716981128,76.19047619047619,64.86972147349506,True,False,True,True,False,False,True
S1-571642002,S2-584619137,Anand Estate Private Limited,आनंद Estate Private Limited,"Flat No 142-D, 3Rd Floor, Sec 26, Pkt B Ph-2, Dwarka, New Delhi, South West Delhi, Delhi","Delhi, #142-D, SOUTH WEST DELHI, NEW DELHI",0.5,0.3529411764705882,"142,2,26,3",142,1,0,anand estate private limited,aannd estate private limited,89.79591836734694,96.42857142857144,6.632653061224488,True,False,True,True,False,True,True
S1-707726084,S2-953792080,Baba Construction Private Limited,बाबा कंस्ट्रक्शन प्राइवेट लिमिटेड,"9/A 9/B, Manoramaganj, 604 Vibrent Business Tower, Indore, Madhya Pradesh","A 9/B, INDORE, Madhya Pradesh",0.0,0.5454545454545454,"604,9",9,1,0,baba construction private limited,baabaa knsttrkshn praaivett limittedd,10.169491525423725,68.57142857142857,58.401937046004846,True,False,True,True,True,False,False
S1-82763027,S2-979759498,Sky Products Private Limited,స్కై ప్రొడక్ట్స్ ప్రైవేట్ లిమిటెడ్,"3Rd Floor, Flat No. 301, House No. 7-1-75, Sree Sree Tower, Dk Road, Ameerpet, Hyderabad, Telangana","3RD FLOOR, HYDERABAD, తెలంగాణ",0.0,0.15,"1,3,301,7,75",3,1,0,sky products private limited,skai proddktts praiveett limittedd,12.5,74.19354838709677,61.69354838709677,True,False,True,True,False,False,True
S1-767653344,S2-89485509,Red Energy Private Limited,రెడ్ ఎనర్జీ ప్రైవేట్ లిమిటెడ్,"5-3-203/1, Zehra, Ranigunj, Secunderabad, Hyderabad, Telangana","6-3-203/1, SECUNDERABAD, HYDERABAD, తెలంగాణ",0.0,0.3571428571428571,"1,203,3,5","1,203,3,6",3,0,red energy private limited,redd enrjii praiveett limittedd,13.333333333333329,73.6842105263158,60.35087719298247,True,False,True,True,False,False,True
S1-132104748,S2-388062767,Northern & Brothers Private Limited,NORTHERN + BROTHERS PRIVATE LTD,"Top Khod, Bungalow, Valivali, Maharashtra, 734 Mokashipada, Thane",,0.5,0.0,734,,0,1,northern and brothers private limited,northern brothers private ltd,92.5925925925926,92.5925925925926,0.0,False,True,False,False,False,True,True
S1-112162313,S2-342754577,Young & Brothers Private Limited,Young Brothers Private Limited Center,"C/O Rakesh Kumar Ravidass Nagar, Sailayee, Firozabad, Uttar Pradesh",,0.6666666666666666,0.0,,,0,1,young and brothers private limited,young brothers private limited center,93.75,93.75,0.0,False,True,False,False,False,True,True
S1-30968148,S2-563944203,Lakshmi Food Private Limited,लक्ष्मी फूड प्राइवेट लिमिटेड,"47 Atrauli, Kursi Road, Lucknow, Uttar Pradesh","ATRAULI, LUCKNOW, उत्तर प्रदेश",0.0,0.1666666666666666,47,,0,0,lakshmi food private limited,lkssmii phuudd praaivett limittedd,12.244897959183676,67.74193548387098,55.4970375246873,True,False,True,False,False,False,False
S1-101995261,S2-770109805,Bharat Hitech Systems,भारत हाईटेक सिस्टम्स,"Delhi, Deepali Enclave Pitampura, North West Delhi, Delhi, House No 230 3Rd Floor","HOUSE NO 30 3RD FLOOR, DELHI, NORTH WEST DELHI, दिल्ली",0.0,0.5,"230,3","3,30",1,0,bharat hitech systems,bhaart haaiittek sisttms,10.810810810810809,71.11111111111111,60.30030030030031,True,False,True,True,True,False,True
S1-346080385,S2-86277217,Best Technologies Pvt Ltd,ಬೆಸ್ಟ್ ಟೆಕ್ನಾಲಜೀಸ್ ಪ್ರೈವೇಟ್ ಲಿಮಿಟೆಡ್,"21, F-2, Giri Apartmentsvinayaka Lay Out Iii Stage, Vijayanagar, Bangalore, Karnataka","NO #254 21, BANGALORE, VIJAYANAGAR, ಕರ್ನಾಟಕ",0.0,0.1764705882352941,"2,21","21,254",1,0,best technologies pvt ltd,bestt tteknaaljiis praiveett limittedd,12.244897959183676,60.31746031746032,48.07256235827665,True,False,True,True,False,False,False
S1-648347642,S2-587592149,Gold Consultants Private Limited,गोल्ड कंसल्टेंट्स प्राइवेट लिमिटेड,"473-E, Phase-Ii, Hsiidc, Industrial Estate, Barhi, Sonepat, Haryana","473-E, SONEPAT, हरियाणा",0.0,0.2307692307692307,473,473,1,0,gold consultants private limited,goldd knslttentts praaivett limittedd,10.909090909090908,75.36231884057972,64.45322793148881,True,False,True,True,False,False,True
S1-603233969,S2-110889052,Jai Aditya Developers Limited,जय आदित्य डेवलपर्स लिमिटेड,"Pune, S. No. 38, Pune, Maharashtra, H. No. 5A/2/5B (P), Office No. 101 Ko Pune City Pune Pune (Cb)","PUNE REGION, PUNE, Maharashtra, S. NO. 38",0.0,0.3125,"101,2,38,5",38,1,0,jai aditya developers limited,jy aadity ddevlprs limittedd,11.320754716981128,80.70175438596492,69.38099966898379,True,False,True,True,False,False,True
S1-124426658,S2-88587630,Alpha Logistics Private Limited,अल्फा लॉजिस्टिक्स प्राइवेट लिमिटेड,"Hardoi, Add- Dhear Maholiya Rly.Ganj Hardoi, S/O Shiv Dayal, Hardoi, Uttar Pradesh","S/O SHIV DYAL, HARDOI, उत्तर प्रदेश",0.0,0.2222222222222222,,,0,0,alpha logistics private limited,alphaa lonjisttiks praaivett limittedd,10.714285714285708,78.26086956521739,67.54658385093168,True,False,True,False,False,False,True
S1-23649159,S2-343725795,Cosmos & Sons Private Limited,Cosmos Sons Private Limited Service,"59/22A, 1St Main Road, Jawahar Nagar, Madras Jawahar Nagar, Madras, Jawahar Nagar, Madras, Tamil Nadu",,0.6666666666666666,0.0,"1,22,59",,0,1,cosmos and sons private limited,cosmos sons private limited service,93.10344827586206,93.10344827586206,0.0,False,True,False,False,False,True,True
S1-281825556,S2-773988524,Aditya Hospitality Private Limited,आदित्य हॉस्पिटैलिटी प्राइवेट लिमिटेड,"P No.11, Scheme No.8, Devi Nagar, New Sanganer Road, Jaipur, Rajasthan","P NO.G-11, JAIPUR, JAIPUR M CORP, राजस्थान",0.0,0.2105263157894736,"11,8",11,1,0,aditya hospitality private limited,aadity honspittailittii praaivett limittedd,10.169491525423725,77.92207792207793,67.75258639665421,True,False,True,True,False,False,True
S1-537862197,S2-286281541,Shree Technologies Private Limited,श्री टेक्नोलॉजीज प्राइवेट लिमिटेड,"Navnit Nagar, Above Gandhi Market, M. G. Road Ghatkopar East, Mumbai, Mumbai City, 5/A, Maharashtra","MUMBAI, MUMBAI CITY, 5/A, Maharashtra",0.0,0.3333333333333333,5,5,1,0,shree technologies private limited,shrii tteknolonjiij praaivett limittedd,10.714285714285708,68.49315068493152,57.77886497064581,True,False,True,True,False,False,False
S1-620426552,S2-387507770,Jai Solutions Limited,LTD JAI SOLUTIONS,"Standford Plaza, Pltot B/65, Off. New Link Road Andheri (West), Mumbai, 5, Maharashtra, Mumbai City","5/6, null, MUMBAI CITY, MUMBAI, Maharashtra",0.5,0.2352941176470588,"5,65","5,6",1,0,jai solutions limited,ltd jai solutions,89.47368421052632,89.47368421052632,0.0,False,False,False,True,False,True,True
S1-254636268,S2-255721691,Tech Global Pvt Ltd,टेक ग्लोबल प्रा. लि.,"F No-8-P No B-1, Neeraj Cghs Vasundhara Enclave Delhi, East Delhi, Delhi","#290 F NO-8-P NO B-1, MUMBAI, EAST DELHI, Delhi",0.0,0.5714285714285714,"1,8","1,290,8",2,0,tech global pvt ltd,ttek globl praa li,18.181818181818187,64.86486486486487,46.68304668304668,True,False,True,True,True,False,False
S1-96422283,S2-793867220,South Shyam Infotech Private Limited,साउथ श्याम इंफोटेक प्राइवेट लिमिटेड,"F/1004, Neptune Enterpris, Horizon, L..B.S. Raad, Mumbai, Maharashtra","Maharashtra, MUMBAI, F/1004, BHANDUP",0.0,0.3333333333333333,1004,1004,1,0,south shyam infotech private limited,saauth shyaam inphottek praaivett limittedd,12.307692307692308,75.9493670886076,63.641674780915295,True,False,True,True,False,False,True
S1-315668781,S2-328183855,Al Infotech Pvt Ltd,Ltd Al Pvt Center,"10 Floor-2 Plot-320, 33A, Jagat Bhuvan Shree Bhairamdev Mandir Rd Behind Wadala Marke, T Wadala-W, Mumbai, Mumbai City, Maharashtra","Maharashtra, MUMBAI, H.NO #10 FLOOR-2 PLOT-320",0.6,0.3181818181818182,"10,2,320,33","10,2,320",3,0,al infotech pvt ltd,ltd al pvt center,77.77777777777779,77.77777777777779,0.0,False,False,False,True,False,True,True
S1-315668781,S2-449490925,Al Infotech Pvt Ltd,अल इंफोटेक प्रा. लि.,"10 Floor-2 Plot-320, 33A, Jagat Bhuvan Shree Bhairamdev Mandir Rd Behind Wadala Marke, T Wadala-W, Mumbai, Mumbai City, Maharashtra","H.NO #10 FLOOR-2 PLOT-320, MUMBAI, Maharashtra",0.0,0.3181818181818182,"10,2,320,33","10,2,320",3,0,al infotech pvt ltd,al inphottek praa li,17.14285714285714,61.53846153846154,44.3956043956044,True,False,True,True,False,False,False
S1-696724726,S2-888713003,Premier Food Private Limited,#PREMIERFOOD,"C-126, Phase-I Naraina Industrial Area, New Delhi, South West Delhi, Delhi","C-26, PHASE-I NARAINA INDUSTRIAL AREA, NEW DELHI, दिल्ली",0.0,0.5714285714285714,126,26,0,0,premier food private limited,premierfood,56.41025641025641,56.41025641025641,0.0,False,False,False,False,True,False,False
S1-632454257,S2-539552715,Indore Solutions Pvt Ltd,TAVOKORONYX,"Plot No 23, Omaxe City Ex, Omaxe City 1, Indore, Madhya Pradesh","NO 23, null, INDORE, Madhya Pradesh",0.0,0.4545454545454545,"1,23",23,1,0,indore solutions pvt ltd,tavokoronyx,28.57142857142857,28.57142857142857,0.0,False,False,False,True,False,False,False
S1-893313036,S2-176002530,Gujarat Impex Private Limited,Gujarat  Private Limited Services,"5-A, Peenya Industrial Area, Tumkur Road, Bangalore, Karnataka","#675 5-A, PEENYA INDUSTRIAL AREA, BANGALORE, ಕರ್ನಾಟಕ",0.6,0.4615384615384615,5,"5,675",1,0,gujarat impex private limited,gujarat private limited services,88.46153846153847,88.46153846153847,0.0,False,False,False,True,False,True,True
S1-316498144,S2-609080923,Lotus Infrastructure Private Limited,লোটাস ইনফ্রাস্ট্রাকচার প্রাইভেট লিমিটেড,"85, Prince Anwar Shah Road, City High, Tower - 3, Flat No - 14J, Kolkata, Howrah, West Bengal","85, HOWRAH, CALCUTTA, West Bengal",0.0,0.2352941176470588,"14,3,85",85,1,0,lotus infrastructure private limited,lottaas inphraasttraakcaar praaibhett limittedd,10.169491525423725,65.06024096385542,54.8907494384317,True,False,True,True,False,False,False
S1-799009226,S2-988965998,Shakti Management Limited,शक्ति मैनेजमेंट लिमिटेड,"A602, Floor-6Thplot-706/, 707, A Wing, Issardas, Mumbai, Maharashtra","Maharashtra, MUMBAI, A602, MUMBAI",0.0,0.3,"6,602,706,707",602,1,0,shakti management limited,shkti mainejmentt limittedd,9.523809523809518,84.61538461538461,75.0915750915751,True,False,True,True,False,False,True
S1-703349570,S2-947965758,Star Healthcare,స్టార్ హెల్త్‌కేర్,"111-3, Dhruvathara Apartments6-3-652, Somajiguda Hyderabad, Hyderabad, Telangana","111-3, HYDERABAD CITY REGION, HYDERABAD, Telangana",0.0,0.4,"111,3,6,652","111,3",2,0,star healthcare,sttaar heltkeer,7.142857142857139,66.66666666666667,59.52380952380953,True,False,True,True,False,False,False
S1-703349570,S2-63487385,Star Healthcare,స్టార్ హెల్త్‌కేర్,"111-3, Dhruvathara Apartments6-3-652, Somajiguda Hyderabad, Hyderabad, Telangana","111-3, HYDERABAD CITY REGION, HYDERABAD, Telangana",0.0,0.4,"111,3,6,652","111,3",2,0,star healthcare,sttaar heltkeer,7.142857142857139,66.66666666666667,59.52380952380953,True,False,True,True,False,False,False
S1-28253008,S2-684804696,Mm Ac Limited,mmac.com,"34, Shiv Srushti Society, Kalavad Rd, Behind Ioc Qtr, Rajkot, Gujarat","RAJKOT, 34, RAJKOT, Gujarat",0.0,0.2727272727272727,34,34,1,0,mm ac limited,mmac com,57.14285714285714,57.14285714285714,0.0,False,False,False,True,False,False,False
S1-719046008,S2-216576581,Laxmi Hitech Marketing Limited,লক্ষ্মী হাইটেক মার্কেটিং লিমিটেড,"7/1A, Grant Lane, 1St Floor, Room No. 09, Kolkata, Kolkata, Howrah, West Bengal","7/1A, null, HOWRAH, CALCUTTA, West Bengal",0.0,0.3333333333333333,"09,1,7","1,7",2,0,laxmi hitech marketing limited,lkssmii haaittek maarkettin limittedd,11.764705882352942,74.62686567164178,62.86215978928884,True,False,True,True,False,False,True
S1-13958396,S2-36803198,Fortune It Private Limited,Fortune It Limited Center Center,"Shop No A-1, A-2 Plot No - 1143, Rithala Industrial Area, Rohini, Delhi, North West, Delhi",,0.6,0.0,"1,1143,2",,0,1,fortune it private limited,fortune it limited center center,83.72093023255815,83.72093023255815,0.0,False,True,False,False,False,True,True
S1-405899356,S2-810341606,Arihant Business Private Limited,ಅರಿಹಂತ್ ಬಿಸಿನೆಸ್ ಪ್ರೈವೇಟ್ ಲಿಮಿಟೆಡ್,"No. D1, 703, Shriram White House Apartment, 15Th Cross, 6Th Main, Bangalore North, Bangalore, Karnataka","NO. D1, BANGALORE, Karnataka",0.0,0.2857142857142857,"1,15,6,703",1,1,0,arihant business private limited,arihnt bisines praiveett limittedd,10.34482758620689,81.81818181818181,71.47335423197492,True,False,True,True,False,False,True
S1-434020685,S2-243789838,United Industries Group Private Limited,United Industries Group Private Ltd,"B4-201, Supertech, Meerut Sports City, Meerut, Uttar Pradesh",,0.6666666666666666,0.0,"201,4",,0,1,united industries group private limited,united industries group private ltd,94.5945945945946,94.5945945945946,0.0,False,True,False,False,False,True,True
S1-274008457,S2-25838683,Shivam Builders Private Limited,शिवम बिल्डर्स प्राइवेट लिमिटेड,"F-203/4 Third Floor, Back Side, Shaheen Bagh, Abul Fazal Enclave-Ii Jamia Nagar, Okhla, South Delhi, Delhi","F-203/4/7 THIRD FLOOR, DELHI",0.0,0.3157894736842105,"203,4","203,4,7",2,0,shivam builders private limited,shivm bilddrs praaivett limittedd,10.526315789473683,81.25,70.72368421052632,True,False,True,True,False,False,True
S1-617521167,S2-841655849,Dynamic Exports Private Limited,डायनामिक एक्सपोर्ट्स प्राइवेट लिमिटेड,"3/12 East Patel Nagar, New Delhi, Central Delhi, Delhi","3/12 EAST PATEL NAGAR, NEW DELHI, NORTH WEST DELHI, दिल्ली",0.0,0.5833333333333334,"12,3","12,3",2,0,dynamic exports private limited,ddaaynaamik eksportts praaivett limittedd,10.34482758620689,75.0,64.65517241379311,True,False,True,True,True,False,True
S1-617521167,S2-880273948,Dynamic Exports Private Limited,डायनामिक एक्सपोर्ट्स प्राइवेट लिमिटेड,"3/12 East Patel Nagar, New Delhi, Central Delhi, Delhi","3/12 EAST PATEL NAGAR, NEW DELHI, NORTH WEST DELHI, दिल्ली",0.0,0.5833333333333334,"12,3","12,3",2,0,dynamic exports private limited,ddaaynaamik eksportts praaivett limittedd,10.34482758620689,75.0,64.65517241379311,True,False,True,True,True,False,True
S1-542248510,S2-613834630,Albatross Trust,atrust.com,"Bangalore, No. 6/36, Bengaluru, Karnataka, 3Rd Block, 59Th Cross, Rajajinagar, Bengaluru","7/36, BENGALURU, BANGALORE, ಕರ್ನಾಟಕ",0.0,0.2,"3,36,59,6","36,7",1,0,albatross trust,atrust com,48.0,48.0,0.0,False,False,False,True,False,False,False
S1-958275934,S2-906499083,United Tirupati Consulting Private Limited,યુનાઇટેડ તિરુપતિ કન્સલ્ટિંગ પ્રાઇવેટ લિમિટેડ,"B - 505, Soham Sanidhya Near Soham Sanidhya Raghav Complex, Ramol, Ahmedabad, Gujarat","B - 505, AHMEDABAD HQ REGION, AHMEDABAD, Gujarat",0.0,0.3333333333333333,505,505,1,0,united tirupati consulting private limited,yaunaaittedd tirupti knsltting praaivett limittedd,10.526315789473683,78.26086956521739,67.7345537757437,True,False,True,True,False,False,True
S1-670880220,S2-236085166,Kingston & Brothers Private Limited,BROSKINGSTON.COM,"Sr. No 3/1, Satpala Naka, Vasai, Vasai Virar City, Vasai, Thane, Maharashtra","PLOT 489 SR. NO 3/1, VASAI, महाराष्ट्र",0.0,0.2941176470588235,"1,3","1,3,489",2,0,kingston and brothers private limited,broskingston com,52.83018867924528,52.83018867924528,0.0,False,False,False,True,False,False,False
S1-772605234,S2-125694113,Al Investment Private Limited,अल इन्वेस्टमेंट प्राइवेट लिमिटेड,"B-101, Kartik Residency, Waghbill Road, Thane, Maharashtra","B-01, THANE, Maharashtra",0.0,0.3333333333333333,101,01,0,0,al investment private limited,al investtmentt praaivett limittedd,10.714285714285708,84.375,73.66071428571429,True,False,True,False,False,False,True
S1-772605234,S2-129585636,Al Investment Private Limited,अल इन्वेस्टमेंट प्राइवेट लिमिटेड,"B-101, Kartik Residency, Waghbill Road, Thane, Maharashtra","Maharashtra, B-01, THANE",0.0,0.3333333333333333,101,01,0,0,al investment private limited,al investtmentt praaivett limittedd,10.714285714285708,84.375,73.66071428571429,True,False,True,False,False,False,True
S1-811203579,S2-439480616,Silk Tools Pvt Ltd,Silk-T0ols Pvt,"E-4, 3Rd Floor, Amar Colony, Lajpat Nagar-Iv, New Delhi, Delhi, South Delhi, Delhi","E-4., 3RD FLOOR, AMAR COLONY, LAJPAT NAGAR-IV, NEW DELHI, DELHI, दिल्ली",0.4,0.7857142857142857,"3,4","3,4",2,0,silk tools pvt ltd,silk t0ols pvt,81.25,81.25,0.0,False,False,False,True,True,False,True
S1-913919419,S2-930819220,Ace Projects Private Limited,एस प्रोजेक्ट्स प्राइवेट लिमिटेड,"B-9, 2Nd Floor, Sector 27, Noida, Gautam Buddha Nagar, Uttar Pradesh","B-9, NOIDA, GAUTAM BUDDHA NAGAR, उत्तर प्रदेश",0.0,0.3529411764705882,"2,27,9",9,1,0,ace projects private limited,es projektts praaivett limittedd,11.764705882352942,76.66666666666667,64.90196078431373,True,False,True,True,False,False,True
S1-20263680,S2-185309547,Super Solutions Private Limited,सुपर सॉल्यूशंस प्राइवेट लिमिटेड,"Shop No 2, Jindal Market, Near Radha Krishan Mandir, Main Sohna Road, Badshahpur, Gur, Gaon, Gurgaon, Haryana","2, GURGAON, GANAUR, Haryana",0.0,0.1666666666666666,2,2,1,0,super solutions private limited,supr sonlyuushns praaivett limittedd,11.111111111111114,74.6268656716418,63.51575456053068,True,False,True,True,False,False,True
S1-21723126,S2-995225465,Royal International,रॉयल इंटरनेशनल,"3Rd Floor, Orchid Centre, Near Iilm Institute, Sector 53, Gurgaon, Haryana","3RD FLOOR, GURUGRAM, GURGAON, Haryana",0.0,0.3333333333333333,"3,53",3,1,0,royal international,ronyl inttrneshnl,6.060606060606062,66.66666666666667,60.60606060606061,True,False,True,True,False,False,False
S1-214170410,S2-720957709,Call Products (India) Private Limited,Call Products Private Limited Services,"Kerala, Room No. 2-1149/A104, Kozhikode, 6Th Floor, Business Park, Kozhikode",,0.6666666666666666,0.0,"104,1149,2,6",,0,1,call products india private limited,call products private limited services,90.625,90.625,0.0,False,True,False,False,False,True,True
S1-478202247,S2-210537244,City Hospitality Private Limited,City Private  Limited Partners,"Plot No 5, Meerut, Mohkampur, Industrial Phase 1, Uttar Pradesh",,0.6,0.0,"1,5",,0,1,city hospitality private limited,city private limited partners,81.63265306122449,81.63265306122449,0.0,False,True,False,False,False,True,True
S1-42302281,S2-345037050,New Exports Limited,ನ್ಯೂ ಎಕ್ಸ್‌ಪೋರ್ಟ್ಸ್ ಲಿಮಿಟೆಡ್,"Office No. 432, Second Floor, 4Th Cross, 2Nd Block Hrbr Layout, Kalyan Nagar, Bangalore, Karnataka","BANGALORE, OFFICE NO. 432, Karnataka, BANGALORE",0.0,0.3333333333333333,"2,4,432",432,1,0,new exports limited,nyuu ekspoortts limittedd,10.256410256410264,72.72727272727273,62.47086247086247,True,False,True,True,False,False,True
S1-664239711,S2-334238753,Classic Hospitality Private Limited,क्लासिक हॉस्पिटैलिटी प्राइवेट लिमिटेड,"K-44, Masjid Khalilullah Batla House, Okhla, New Delhi, Delhi","K-44, SOUTH DELHI, NEW DELHI, Delhi",0.0,0.4,44,44,1,0,classic hospitality private limited,klaasik honspittailittii praaivett limittedd,10.909090909090908,73.41772151898735,62.50863060989644,True,False,True,True,False,False,True
S1-749823232,S2-14897090,High Software Private Limited,ಹೈ ಸಾಫ್ಟ್‌ವೇರ್ ಪ್ರೈವೇಟ್ ಲಿಮಿಟೆಡ್,"No. 529, No. 3/2, Second Floor, Bellandur Gate, Ambalipura Sarjapura Roa, D, Bangalore, Karnataka","H.NO 52, <NULL>, BANGALORE, Karnataka",0.0,0.1764705882352941,"2,3,529",52,0,0,high software private limited,hai saaphttveer praiveett limittedd,12.5,62.5,50.0,True,False,True,False,False,False,False
S1-651214888,S2-444346110,Hyderabad Solutions Limited,Limited Hyderabad So1utions,"1-8-308/4, Pattigadda, Begumpet, Hyderabad, Telangana","C-1-8-308/4, HYDERABAD, Andhra Pradesh",0.5,0.4545454545454545,"1,308,4,8","1,308,4,8",4,0,hyderabad solutions limited,limited hyderabad so1utions,96.2962962962963,96.2962962962963,0.0,False,False,False,True,False,True,True
S1-747430826,S2-170272340,Om Analytics Limited,Ltd Om Analytics,"Nr. Gate No. 4, Opp. Vadwala Ramapir Mandir, New Fruit Market Yard, Naroda Road, Ahmedabad, Gujarat","BLOK A-161 NR. GATE NO. 4, AHMEDABAD, Gujarat",0.5,0.3157894736842105,4,"161,4",1,0,om analytics limited,ltd om analytics,88.88888888888889,88.88888888888889,0.0,False,False,False,True,False,True,True
S1-158658754,S2-718559710,Bangalore North Elements Pvt Ltd,HALOYUMA,"711, 7 Floor Estate Bldg, 121 Dickenson Rd Yellepa, Bangalore North, Bangalore, Karnataka","711, BANGALORE NORTH, Karnataka",0.0,0.3333333333333333,"121,7,711",711,1,0,bangalore north elements pvt ltd,haloyuma,20.0,20.0,0.0,False,False,False,True,False,False,False
S1-613152121,S2-817751785,Ace Marketing Limited,ACE MARKETING  LTD,"Hno. 1999, Maruti Kunj Bhondsi Teh Sohna, Gurgaon, Haryana",,0.5,0.0,1999,,0,1,ace marketing limited,ace marketing ltd,89.47368421052632,89.47368421052632,0.0,False,True,False,False,False,True,True
S1-526828285,S2-900333493,Ayush Electro Private Limited,Ayush Private  Limited Services,"Shop No.73, Aggarsain Market Near Parijat Chowk, Hisar, Hissar, Haryana",,0.6,0.0,73,,0,1,ayush electro private limited,ayush private limited services,84.0,84.0,0.0,False,True,False,False,False,True,True
S1-428324014,S2-947243436,Dream Trading Private Limited,டிரீம் டிரேடிங் பிரைவேட் லிமிடெட்,"Krishnagiri, Dharmapuri, Krishnagiri, Tamil Nadu, 70 Sidco Industrial Estate","DHARMAPURI, தமிழ்நாடு, #1/3 SIDCO INDUSTRIAL ESTATE",0.0,0.2857142857142857,70,"1,3",0,0,dream trading private limited,ttiriim ttireetting piraiveett limittett,14.285714285714292,60.86956521739131,46.58385093167702,True,False,True,False,False,False,False
S1-199783929,S2-308950156,Noor & Brothers Associates,Noor & Brothers Services,"Cabin No. 03, 511, Prime Tower Okhla Industrial Area Phase - 1, New Delhi, South Delhi, Delhi",,0.6,0.0,"03,1,511",,0,1,noor and brothers associates,noor and brothers services,81.4814814814815,81.4814814814815,0.0,False,True,False,False,False,True,True
S1-873373487,S2-23944452,Renovision Brothers Private Limited,Dr Renovision-Brothers,"39/Apmc Market, Alampur, Gandhinagar, Gandhinagar, Gandhi Nagar, Gujarat",,0.4,0.0,39,,0,1,renovision brothers private limited,dr renovision brothers,92.6829268292683,92.6829268292683,0.0,False,True,False,False,False,False,True
S1-789204667,S2-152068934,Thane Services Private Limited,Thane  Services Private,"1504, 15Th Floor, A-Wing, Laxmi Narayan Residency, Unnathi Garden, Pokh Rd-2, Off Maa Niket, An, Thane, Maharashtra",,0.75,0.0,"15,1504,2",,0,1,thane services private limited,thane services private,100.0,100.0,0.0,False,True,False,False,False,True,True
S1-737612164,S2-940047471,Dynamic Healthcare,डायनामिक हेल्थकेयर,"C/O Shirji Dubey, Vill-Rasulpur Tola Rasalpur, Panch-Asahmi, Block-Ekma, Saran, Bihar","C/O SHIRIJ DUBEY, SARAN, Bihar",0.0,0.3333333333333333,,,0,0,dynamic healthcare,ddaaynaamik helthkeyr,5.555555555555558,66.66666666666667,61.11111111111112,True,False,True,False,False,False,False
S1-711862671,S2-456207990,Black Constructions Private Limited,બ્લેક કન્સ્ટ્રક્શન્સ પ્રાઇવેટ લિમિટેડ,"407, Gala Empire, 407, Nilmani Society, Gurukul, Ahmadabad City, Ahmedabad, Gujarat","AHMADABAD CITY, AHMEDABAD, 407, ગુજરાત",0.0,0.3076923076923077,407,407,1,0,black constructions private limited,blek knsttrkshns praaivett limittedd,9.375,67.6056338028169,58.2306338028169,True,False,True,True,False,False,False
S1-888556932,S2-72064687,Sunrise Media Private Limited,సన్‌రైజ్ మీడియా ప్రైవేట్ లిమిటెడ్,"Ground 1St, 2Nd And 3Rd Floors, Jyothi Arina, Mch No.8-2-120/86/2, Shaikpet Village, Road No 2, Khairatabad, Hyderabad, Telangana","GRUOND #1ST, HYDERABAD, KHAIRATABAD, Andhra Pradesh",0.0,0.1304347826086956,"1,120,2,3,8,86",1,1,0,sunrise media private limited,snraij miiddiyaa praiveett limittedd,12.244897959183676,70.76923076923077,58.5243328100471,True,False,True,True,False,False,True
S1-888556932,S2-708147596,Sunrise Media Private Limited,సన్‌రైజ్ మీడియా ప్రైవేట్ లిమిటెడ్,"Ground 1St, 2Nd And 3Rd Floors, Jyothi Arina, Mch No.8-2-120/86/2, Shaikpet Village, Road No 2, Khairatabad, Hyderabad, Telangana","GROUND #1ST, KHAIRATABAD, HYDERABAD, Andhra Pradesh",0.0,0.1818181818181818,"1,120,2,3,8,86",1,1,0,sunrise media private limited,snraij miiddiyaa praiveett limittedd,12.244897959183676,70.76923076923077,58.5243328100471,True,False,True,True,False,False,True
S1-678873884,S2-298802885,BSO Lab Private Limited,PRIVATE BSO LAB LTD,"H No. E - 15 First Floor, Geetanjali Enclave, New Delhi, South Delhi, Delhi","H NO. E - 15 FIRST FLOOR, SOUTH DELHI, NEW DELHI, दिल्ली",0.6,0.6923076923076923,15,15,1,0,bso lab private limited,private bso lab ltd,90.47619047619048,90.47619047619048,0.0,False,False,False,True,True,True,True
S1-500622060,S2-27254194,Bagrodia Services Private Limited,Bagrodia Services Private Ltd,"Flat No 113, Vishvas Appt Plot No 6A, Sector-23, Dwarka, New Delhi, South West Delhi, Delhi",,0.6,0.0,"113,23,6",,0,1,bagrodia services private limited,bagrodia services private ltd,93.5483870967742,93.5483870967742,0.0,False,True,False,False,False,True,True
S1-361734641,S2-68322778,Rahul Brothers Private Limited,Private Rahul Brothers Ltd,"762, Housing Board Colony In Front Of Sai Mandir, Narsinghpur, Madhya Pradesh","NARSINGHPUR, मध्य प्रदेश, 62",0.6,0.0555555555555555,762,62,0,0,rahul brothers private limited,private rahul brothers ltd,92.85714285714286,92.85714285714286,0.0,False,False,False,False,False,True,True
S1-198441741,S2-844184388,Mumbai Club Limited,MUMBAI CLUB LTD | www.mumbaiclu.com,"4, Floor-Grd, Plot-115, Satyagiri Building, G, Dadasaheb Phalke Road, Dadar (E), Mumbai, Maharashtra",,0.2857142857142857,0.0,"115,4",,0,1,mumbai club limited,mumbai club ltd www mumbaiclu com,73.33333333333333,73.33333333333333,0.0,False,True,False,False,False,False,True
S1-904065886,S2-266486958,Galaxy Consultancy Private Limited,గెలాక్సీ కన్సల్టెన్సీ ప్రైవేట్ లిమిటెడ్,"H No. 5-4/6, Balaji Towers, Chanda Nagar, Sherlingampally, Hyderabad, Rangareddy, Telangana","5-4/6, RANGAREDDY, Telangana",0.0,0.3846153846153846,"4,5,6","4,5,6",3,0,galaxy consultancy private limited,gelaaksii knslttensii praiveett limittedd,9.836065573770496,61.33333333333333,51.49726775956283,True,False,True,True,False,False,False
S1-904065886,S2-955715583,Galaxy Consultancy Private Limited,గెలాక్సీ కన్సల్టెన్సీ ప్రైవేట్ లిమిటెడ్,"H No. 5-4/6, Balaji Towers, Chanda Nagar, Sherlingampally, Hyderabad, Rangareddy, Telangana","H NO. 5-4/6, RANGAREDDY, Telangana",0.0,0.5384615384615384,"4,5,6","4,5,6",3,0,galaxy consultancy private limited,gelaaksii knslttensii praiveett limittedd,9.836065573770496,61.33333333333333,51.49726775956283,True,False,True,True,True,False,False
S1-755792256,S2-365821239,East Solutions,ईस्ट सॉल्यूशंस,"S-9-A, 3Rd Floor, Sagar Ratna, Jaipur, Rajasthan","S-9-A, JAIPUR, Rajasthan",0.0,0.5555555555555556,"3,9",9,1,0,east solutions,iistt sonlyuushns,7.692307692307693,58.064516129032256,50.37220843672456,True,False,True,True,True,False,False
S1-416691959,S2-490958565,UN Consultants Private Limited,UN Consultants Private Ltd,"At Post- Astha, Taluka-Walwa, Sangli, Maharashtra",,0.6,0.0,,,0,1,un consultants private limited,un consultants private ltd,92.85714285714286,92.85714285714286,0.0,False,True,False,False,False,True,True
S1-692133167,S2-998375791,Sun Infra,ಸನ್ ಇನ್‌ಫ್ರಾ,"T-315, Purva Park Apartments, 53 Mso Colony, Jeevabahlli Main Road, Bangalore North, Bangalore, Karnataka","T-315, BANGALORE, Karnataka",0.0,0.2857142857142857,"315,53",315,1,0,sun infra,sn inphraa,11.111111111111116,73.6842105263158,62.57309941520468,True,False,True,True,False,False,True
S1-812857732,S2-195861099,Mysore Producer Private Limited,Private Mysore Prducor Limited,"No 2818 1K, Ground Floor, 1St Cross, Chamundipuram, Mysore, Karnataka","MYSURU, 281 1K, MYSORE, Karnataka",0.6,0.25,"1,2818","1,281",1,0,mysore producer private limited,private mysore prducor limited,95.08196721311477,95.08196721311477,0.0,False,False,False,True,False,True,True
S1-960303615,S2-284626164,Supreme Infrastructure Private Limited,సుప్రీమ్ ఇన్‌ఫ్రాస్ట్రక్చర్ ప్రైవేట్ లిమిటెడ్,"H.No. 7-35, Madhurapuri Colony, Road No.2, Dilsukhnagar, Hyderabad, Telangana","H.NO. 7-35, HYDERABAD, Telangana",0.0,0.5454545454545454,"2,35,7","35,7",2,0,supreme infrastructure private limited,supriim inphraasttrkcr praiveett limittedd,9.375,72.5,63.125,True,False,True,True,True,False,True
S1-581697251,S2-192744253,GDK Producer Pvt Ltd,GDK Pcrdusdre Pvt Ltd,"404, 4Th Floor, Naurang House, 21 K. G. Marg, New Delhi, Central Delhi, Delhi",,0.6,0.0,"21,4,404",,0,1,gdk producer pvt ltd,gdk pcrdusdre pvt ltd,82.92682926829268,82.92682926829268,0.0,False,True,False,False,False,True,True
S1-449582890,S2-768475342,Vijay Infotech Private Limited,વિજય ઇન્ફોટેક પ્રાઇવેટ લિમિટેડ,"Alif Hights, Nr, Husani Park Gorwa, Vadodara, Gujarat, B-401","B-0401, VADODARA, Gujarat",0.0,0.2727272727272727,401,0401,0,0,vijay infotech private limited,vijya inphottek praaivett limittedd,10.714285714285708,73.84615384615385,63.13186813186815,True,False,True,False,False,False,True
S1-743759469,S2-874131737,Khemi (India) Consultants Private Limited,Khemi (India) Consultants Private Ltd,"Room No 04 Vittal Vadi Sopan Sakharam Kute, Near Seeta Rec. Akurdi, Pune, Maharashtra",,0.6666666666666666,0.0,04,,0,1,khemi india consultants private limited,khemi india consultants private ltd,94.5945945945946,94.5945945945946,0.0,False,True,False,False,False,True,True
S1-751851950,S2-871809791,Hotel Investments Private Limited,होटल इन्वेस्टमेंट्स प्राइवेट लिमिटेड,"New Delhi, J-11/89, Rajouri Garden, Delhi","J-12/89, DIVREPORTINGCIRCLE, NEW DELHI, Delhi",0.0,0.4444444444444444,"11,89","12,89",1,0,hotel investments private limited,hottl investtmentts praaivett limittedd,9.677419354838705,83.33333333333334,73.65591397849464,True,False,True,True,False,False,True
S1-471927189,S2-852571625,Ky Vinimay Private Limited,Ky Vinimay Private,"Delhi, 4 Park Avenue Maharani Bagh, South Delhi, New Delhi","H.NO 4 PARK AVENUE MAHARNI BAGH, NEW DELHI, Delhi",0.75,0.5454545454545454,4,4,1,0,ky vinimay private limited,ky vinimay private,100.0,100.0,0.0,False,False,False,True,True,True,True
S1-904402625,S2-418829205,East Consultancy Private Limited,ईस्ट कंसल्टेंसी प्राइवेट लिमिटेड,"Haryana, Gurgaon, Fourth Floor, Time Tower, Mehrauli Gurgaon Road, 402, Gurgaon","#399 402, GURGAON, Haryana",0.0,0.3,402,"399,402",1,0,east consultancy private limited,iistt knslttensii praaivett limittedd,10.714285714285708,63.76811594202898,53.05383022774327,True,False,True,True,False,False,False
S1-469495633,S2-89576270,Balaji Foods Pvt Ltd,बालाजी फूड्स प्रा. लि.,"D-93 S/F, Old No-201, Kh No, 404/272, New Ashok Nagar, East Delhi, Delhi","D-93. S/F, EAST DELHI, Delhi",0.0,0.4,"201,272,404,93",93,1,0,balaji foods pvt ltd,baalaajii phuudds praa li,17.14285714285714,57.77777777777777,40.63492063492063,True,False,True,True,False,False,False
S1-888010678,S2-683909577,Indian Estate Private Limited,इंडियन एस्टेट प्राइवेट लिमिटेड,"Apartment No 006, Tower T4, Park View Residency, Palam Vihar, Gurgaon, Haryana","BLOCK F-970 APARTMENT NO 006, GURUGRAM, GURGAON, Haryana",0.0,0.3125,"006,4","006,970",1,0,indian estate private limited,inddiyn esttett praaivett limittedd,11.764705882352942,78.125,66.36029411764706,True,False,True,True,False,False,True
S1-692657417,S2-189479342,NOO Broking Private Limited,NOO  Broking,"Tf-4, Vinayak Triveni Tower Kanpur Road, Civil Lines, Allahabad, Uttar Pradesh",,0.5,0.0,4,,0,1,noo broking private limited,noo broking,100.0,100.0,0.0,False,True,False,False,False,True,True
S1-304192321,S2-131995672,Sree Shakti Products Private Limited,শ্রী শক্তি প্রোডাক্টস প্রাইভেট লিমিটেড,"7/1A, Grant Lane, 3Rd Floor, Room No. 320, Kolkata, Kolkata, Howrah, West Bengal","7/1A, <NULL>, HOWRAH, KOLKATA, West Bengal",0.0,0.4285714285714285,"1,3,320,7","1,7",2,0,sree shakti products private limited,shrii shkti proddaaktts praaibhett limittedd,12.903225806451616,70.0,57.096774193548384,True,False,True,True,False,False,True
S1-850270436,S2-879141942,Raj Exports Private Limited,राज एक्सपोर्ट्स प्राइवेट लिमिटेड,"A-197, Shri Ram Nagar Kalwar Road, Jhotwara, Jaipur, Rajasthan","A-197, JAIPUR, Rajasthan",0.0,0.4,197,197,1,0,raj exports private limited,raaj eksportts praaivett limittedd,11.764705882352942,78.68852459016394,66.923818707811,True,False,True,True,False,False,True
S1-792242582,S2-435749350,Space By Corporation,Space By Corp,"Nr Dingeshwar Mandir Kandivali West, Maharashtra, Mumbai, Room No.5 Chl N-D Dingeshwar Chl Charkop Vlg, Mumbai City",,0.5,0.0,5,,0,1,space by corporation,space by corp,78.78787878787878,78.78787878787878,0.0,False,True,False,False,False,True,True
S1-247378955,S2-114186484,Indo Bright Construction Private Limited,ઇન્ડો બ્રાઇટ કન્સ્ટ્રક્શન પ્રાઇવેટ લિમિટેડ,"B-206, Ananya Heights, B/S, Siddharth Nagar Vip Road, Vadodara, Gujarat","B-206, BARODA, VADODARA, Gujarat",0.0,0.3333333333333333,206,206,1,0,indo bright construction private limited,inddo braaitt knsttrkshn praaivett limittedd,10.958904109589042,69.04761904761905,58.08871493803001,True,False,True,True,False,False,False
S1-217157719,S2-563604153,Pune Designs Limited,Pune Designs Ltd,"Maharashtra, B-5, Pune, Flat No. 301, Park Island, Shastrinagar, Yerwada",,0.5,0.0,"301,5",,0,1,pune designs limited,pune designs ltd,88.88888888888889,88.88888888888889,0.0,False,True,False,False,False,True,True
S1-238284814,S2-918758829,Angels Traders Private Limited,Angels Trls Private Limited,"Vadodara, Gujarat, A-100 G/F, F/F Pranav Soc, Lalbag Makarpura Road Vad",,0.6,0.0,100,,0,1,angels traders private limited,angels trls private limited,91.2280701754386,91.2280701754386,0.0,False,True,False,False,False,True,True
S1-731559314,S2-778839146,Super Care Private Limited,ಸೂಪರ್ ಕೇರ್ ಪ್ರೈವೇಟ್ ಲಿಮಿಟೆಡ್,"No. 20, 3Rd Main, Raghavendra Layout, Ward No.2, Jalahalli, Yeshwanthpur, Bangalore, Karnataka","BANGALORE, NO. 20, ಕರ್ನಾಟಕ, BANGALORE",0.0,0.2,"2,20,3",20,1,0,super care private limited,suupr keer praiveett limittedd,13.043478260869565,71.42857142857143,58.38509316770187,True,False,True,True,False,False,True
S1-242288479,S2-111776381,AL Construction Ltd,AL CAAONSDFRUCTOIN LTD,"Uttar Pradesh, Office No. 1 Ground Floor, Aligarh, Kk Market Jail Road, Aligarh",,0.5,0.0,1,,0,1,al construction ltd,al caaonsdfructoin ltd,82.92682926829268,82.92682926829268,0.0,False,True,False,False,False,True,True
S1-103081166,S2-59314525,Gold Care Private Limited,गोल्ड केयर प्राइवेट लिमिटेड,"S-2, B, 4/25Devansh Enclave, Sector-4, Chitrakoot, Jaipur, Rajasthan","BLOCK A-224 S-2, JAIPUR, Rajasthan",0.0,0.3076923076923077,"2,25,4","2,224",1,0,gold care private limited,goldd keyr praaivett limittedd,13.043478260869565,72.72727272727273,59.68379446640317,True,False,True,True,False,False,True
S1-275190395,S2-722050639,Anand Estate Private Limited,આનંદ એસ્ટેટ પ્રાઇવેટ લિમિટેડ,"4Th Floor(New) 6Th Floor(Old) New Sardar Traders Mkt, Puna Kumbhariya Road. Block, -33 To 34, Gujarat, Shop-4026, Surat","SURAT, HN 26 SHOP-4026, SURAT, Gujarat",0.0,0.1904761904761904,"33,34,4,4026,6","26,4026",1,0,anand estate private limited,aannd esttett praaivett limittedd,12.0,78.68852459016394,66.68852459016394,True,False,True,True,False,False,True
S1-975582759,S2-699856953,Mumbai Services Pvt Ltd,Mumbai Pvt Ltd Service,"Mumbai, Prabhat Chambers, Plot No 92, S.V. Road, Mumbai, Maharashtra, Off-401",,0.6,0.0,"401,92",,0,1,mumbai services pvt ltd,mumbai pvt ltd service,97.77777777777776,97.77777777777776,0.0,False,True,False,False,False,True,True
S1-246807093,S2-100120371,Jai Solutions Private Limited,जय सॉल्यूशंस प्राइवेट लिमिटेड,"C/O Ilf Advocates, 1A, Ground Floor Building 10B, Dlf Cyber City Ii, Gurgaon, Haryana","C/O ILF ADVOCATES, GURGAON, GURGOAN, हरियाणा",0.0,0.2631578947368421,"1,10",,0,0,jai solutions private limited,jy sonlyuushns praaivett limittedd,11.538461538461531,69.84126984126985,58.30280830280832,True,False,True,False,False,False,False
S1-218186388,S2-62025650,Modern Technology Private Limited,मॉडर्न टेक्नोलॉजी प्राइवेट लिमिटेड,"F-9, Okhla Industrial Area Phase-I, New Delhi, South Delhi, Delhi","F-8-9, NEW DELHI, SOUTH DELHI, Delhi",0.0,0.4545454545454545,9,"8,9",1,0,modern technology private limited,monddrn tteknolonjii praaivett limittedd,10.714285714285708,71.23287671232876,60.51859099804305,True,False,True,True,False,False,True
S1-754522219,S2-822376684,Hotel Solutions Pvt Ltd,ಹೋಟೆಲ್ ಸೊಲ್ಯೂಷನ್ಸ್ ಪ್ರೈವೇಟ್ ಲಿಮಿಟೆಡ್,"No. 10/12, Wework - Prestige Atlanta, 80 Feet Main Road, Koramangala 1A Block, Bangalore South, Bangalore, Karnataka","DOOR NO D/10/12, BANGALORE, BANGALORE SOUTH, Karnataka",0.0,0.3333333333333333,"1,10,12,80","10,12",2,0,hotel solutions pvt ltd,hoottel solyuussns praiveett limittedd,13.333333333333329,65.57377049180329,52.24043715846996,True,False,True,True,False,False,False
S1-754522219,S2-214163419,Hotel Solutions Pvt Ltd,ಹೋಟೆಲ್ ಸೊಲ್ಯೂಷನ್ಸ್ ಪ್ರೈವೇಟ್ ಲಿಮಿಟೆಡ್,"No. 10/12, Wework - Prestige Atlanta, 80 Feet Main Road, Koramangala 1A Block, Bangalore South, Bangalore, Karnataka","NO. D/10/12, BANGALORE SOUTH, BANGALORE, Karnataka",0.0,0.3529411764705882,"1,10,12,80","10,12",2,0,hotel solutions pvt ltd,hoottel solyuussns praiveett limittedd,13.333333333333329,65.57377049180329,52.24043715846996,True,False,True,True,False,False,False
S1-922093079,S2-465416333,Continental Investments,Continental Isnveemnts,"S/O. Shri Bulbule Annasaheb Mukhtram At. Haratkheda, Ambad, Jalna, Maharashtra",,0.3333333333333333,0.0,,,0,1,continental investments,continental isnveemnts,88.88888888888889,88.88888888888889,0.0,False,True,False,False,False,False,True
S1-870737139,S2-412229376,Kutch Oil Private Limited,Mr KUTCH  OIL PIRVEATE LIMITED,"Maharashtra, Pune, Sno-97/124/11 Ramtekadi Industrial Eastate Nr-Rmc (M Corp.)",,0.5,0.0,"11,124,97",,0,1,kutch oil private limited,mr kutch oil pirveate limited,88.88888888888889,88.88888888888889,0.0,False,True,False,False,False,True,True
S1-839105685,S2-158216363,White Systems Private Limited,व्हाइट सिस्टम्स प्राइवेट लिमिटेड,"3, Shiv Arti Society, Saikheda Road, Shailani Baba Chowk, Jail Road, Nasik Road, Nashik, Maharashtra","#3, NASIK ROAD, NASHIK, महाराष्ट्र",0.0,0.2352941176470588,3,3,1,0,white systems private limited,vhaaitt sisttms praaivett limittedd,10.909090909090908,71.875,60.96590909090909,True,False,True,True,False,False,True
S1-658531186,S2-628635775,Silver Services,सिल्वर सर्विसेज,"West Delhi, Delhi, New Delhi, Parampuri, Uttam Nagar, S-140","S-140, NEW DELHI, WEST DELHI, दिल्ली",0.0,0.5,140,140,1,0,silver services,silvr srvisej,7.142857142857139,78.57142857142857,71.42857142857143,True,False,True,True,True,False,True
S1-658531186,S2-159510446,Silver Services,सिल्वर सर्विसेज,"West Delhi, Delhi, New Delhi, Parampuri, Uttam Nagar, S-140","S-140, NEW DELHI, WEST DELHI, दिल्ली",0.0,0.5,140,140,1,0,silver services,silvr srvisej,7.142857142857139,78.57142857142857,71.42857142857143,True,False,True,True,True,False,True
S1-67615574,S2-105854616,Best Media Pvt Ltd,बेस्ट मीडिया प्रा. लि.,"Shiv Plaza, Station Road, Kandivali(W), Mumbai, Kandivali West, Maharashtra, 210 2Nd Floor","21 2ND FLOOR, null, KANDIVALI WEST, MUMBAI, महाराष्ट्र",0.0,0.2777777777777778,"2,210","2,21",1,0,best media pvt ltd,bestt miiddiyaa praa li,17.14285714285714,63.41463414634146,46.27177700348432,True,False,True,True,False,False,False
S1-337924522,S2-799181871,XLD Life Public Limited,XLD Life  Public Ltd,"Delhi, I-185 Garhwali Mohalla Block-1 Laxmi Nagar, East Delhi, New Delhi","I-85 GARHWALI MOHALLA BLOCK-1 LAXMI NAGAR, NEW DELHI, दिल्ली",0.6,0.6428571428571429,"1,185","1,85",1,0,xld life public limited,xld life public ltd,90.47619047619048,90.47619047619048,0.0,False,False,False,True,True,True,True
S1-883796619,S2-513533523,Upkaar Finvest Private Limited,UPKAAR [FINVEST],"No. 92F/17A, First Floor Mahamai Building, Devarpuram Road, Tuticorin, Thoothukudi, Tamil Nadu",,0.5,0.0,"17,92",,0,1,upkaar finvest private limited,upkaar finvest,100.0,100.0,0.0,False,True,False,False,False,True,True
S1-70728787,S2-632551703,Gujarat Infotech,குஜராத் இன்ஃபோடெக்,"3/1, Iyervilai, Thoothukkudi, Tuticorin, Tamil Nadu","3/1, TUTICORIN, THOOTHUKKUDI, தமிழ்நாடு",0.0,0.3636363636363636,"1,3","1,3",2,0,gujarat infotech,kujraat innnhpoottek,6.666666666666671,61.11111111111112,54.44444444444444,True,False,True,True,False,False,False
S1-236752484,S2-866838646,Hitech Marketing LLP,హైటెక్ మార్కెటింగ్ ఎల్‌ఎల్‌పీ,"Plot No 12, Bharath Nagar, Mallikarjun Colony Kowkoor, Tirumalagiri, Hyderabad, Telangana","PLOT NO ##12, HYDERABAD, తెలంగాణ",0.0,0.2666666666666666,12,12,1,0,hitech marketing llp,haittek maarketting elelpii,11.111111111111114,76.59574468085107,65.48463356973996,True,False,True,True,False,False,True
S1-236752484,S2-115686722,Hitech Marketing LLP,హైటెక్ మార్కెటింగ్ ఎల్‌ఎల్‌పీ,"Plot No 12, Bharath Nagar, Mallikarjun Colony Kowkoor, Tirumalagiri, Hyderabad, Telangana","HYDERABAD, NO ##12, Telangana",0.0,0.3636363636363636,12,12,1,0,hitech marketing llp,haittek maarketting elelpii,11.111111111111114,76.59574468085107,65.48463356973996,True,False,True,True,False,False,True
S1-236752484,S2-734508968,Hitech Marketing LLP,LLP Hitech Mraktgg,"Plot No 12, Bharath Nagar, Mallikarjun Colony Kowkoor, Tirumalagiri, Hyderabad, Telangana","PLOT NO ##12, HYDERABAD, తెలంగాణ",0.5,0.2666666666666666,12,12,1,0,hitech marketing llp,llp hitech mraktgg,84.21052631578948,84.21052631578948,0.0,False,False,False,True,False,True,True
S1-404923438,S2-672000908,Jain Marketing Pvt Ltd,-- Jain Marketing,"No.8028, Tower-8, 1St Floor, Prestige Court Yards Model School Road, Sholinganallur, Chennai, Tamil Nadu","தமிழ்நாடு, CHENNAI, NO.8028",0.5,0.15,"1,8,8028",8028,1,0,jain marketing pvt ltd,jain marketing,100.0,100.0,0.0,False,False,False,True,False,True,True
S1-39238699,S2-388786435,Shree New It Private Limited,Shree New It Private,"A-26-F, Shree Villa Apartment Bhartiya Path, K.C. Road, Banipark, Jaipur, Rajasthan, Jaipur, 504",,0.8,0.0,"26,504",,0,1,shree new it private limited,shree new it private,100.0,100.0,0.0,False,True,False,False,False,True,True
S1-39238699,S2-223029428,Shree New It Private Limited,श्री न्यू आईटी प्राइवेट लिमिटेड,"A-26-F, Shree Villa Apartment Bhartiya Path, K.C. Road, Banipark, Jaipur, Rajasthan, Jaipur, 504","50, JAIPUR, Rajasthan",0.0,0.125,"26,504",50,0,0,shree new it private limited,shrii nyuu aaiittii praaivett limittedd,15.384615384615389,65.67164179104478,50.28702640642939,True,False,True,False,False,False,False
S1-885661473,S2-5437076,Premier Ventures Private Limited,प्रीमियर वेंचर्स प्राइवेट लिमिटेड,"R-71, Sec-12, Railway Co, Ghaziabad, Ghaziabad, Uttar Pradesh","R-0071, GHAZIABAD, Uttar Pradesh",0.0,0.4,"12,71",0071,0,0,premier ventures private limited,priimiyr vencrs praaivett limittedd,10.714285714285708,74.62686567164178,63.91257995735607,True,False,True,False,False,False,True
S1-830709217,S2-250462738,Great Hospitality Private Limited,ಗ್ರೇಟ್ ಹಾಸ್ಪಿಟಾಲಿಟಿ ಪ್ರೈವೇಟ್ ಲಿಮಿಟೆಡ್,"112/113/114, First Floor, North Block Manipal Centre, Dickenson Road, Bangalore, Karnataka","12/113/114, BANGALORE, Karnataka",0.0,0.2857142857142857,"112,113,114","113,114,12",2,0,great hospitality private limited,greett haaspittaalitti praiveett limittedd,11.538461538461531,74.66666666666667,63.12820512820514,True,False,True,True,False,False,True
S1-62525853,S2-573217146,Sfc & Brothers Private Limited,Sfc & Brothers Private,"Cst No. 8/23/B/2, Nr. Tarang Petrol Pump, Ratan Park, Borsad, Anand, Gujarat",,0.8,0.0,"2,23,8",,0,1,sfc and brothers private limited,sfc and brothers private,100.0,100.0,0.0,False,True,False,False,False,True,True
S1-780328445,S2-989678429,Smart Infrastructure,ಸ್ಮಾರ್ಟ್ ಇನ್‌ಫ್ರಾಸ್ಟ್ರಕ್ಚರ್,"Iind Floor, Prestige Omega No 104, Epip Zone, Whitefield, Banglore, Bangalore, Karnataka","IIND FLOOR, BANGLORE, BANGALORE, Karnataka",0.0,0.4166666666666667,104,,0,0,smart infrastructure,smaartt inphraasttrkcr,5.263157894736835,71.42857142857143,66.1654135338346,True,False,True,False,False,False,True
S1-519208461,S2-601911817,Shavi Energy Company,>> shavienergy.com,"D 704, Titanium Sqare. Nr. B.M.W Show R S.G. Highway Thaltej Chokdi, Ahmedabad, Gujarat","D 704, AHMEDABAD, Gujarat",0.0,0.2352941176470588,704,704,1,0,shavi energy company,shavienergy com,85.71428571428572,85.71428571428572,0.0,False,False,False,True,False,False,True
S1-338244810,S2-176011706,Nine & Brothers Limited,NINE & BROHTFRS LIMITED,"Ernakulam, Muscat Tower, Pc Road, Chalikkavattom, Vyttila, Ernakulam, Ernakulam, 47/764-H, Kerala",,0.6,0.0,"47,764",,0,1,nine and brothers limited,nine and brohtfrs limited,92.0,92.0,0.0,False,True,False,False,False,True,True
S1-16410495,S2-615419618,Hari Consultants Private Limited,हरि कंसल्टेंट्स प्राइवेट लिमिटेड,"House No-92, Anandpuri, Near Manorama Apartment West Boring Canal Road, Patna, Bihar","HOUSE NO-92, PATNA, Bihar",0.0,0.3846153846153846,92,92,1,0,hari consultants private limited,hri knslttentts praaivett limittedd,10.714285714285708,74.62686567164178,63.91257995735607,True,False,True,True,False,False,True
S1-446092176,S2-622708119,Eastern Producer Private Limited,ইস্টার্ন প্রডিউসার প্রাইভেট লিমিটেড,"Bc-18, Anurupa Pally Prafulla Kanan, Kestopur, Kolkata, Kolkata, Howrah, West Bengal","BC-018, HOWRAH, KOLKATA, West Bengal",0.0,0.4166666666666667,18,018,0,0,eastern producer private limited,isttaarn prddiusaar praaibhett limittedd,10.526315789473683,63.888888888888886,53.3625730994152,True,False,True,False,False,False,False
S1-424036980,S2-873760387,Seven Enterprises Private Limited,सेवन एंटरप्राइजेज प्राइवेट लिमिटेड,"F 17/4, Dlf Phase 1 Shiv Nadar School, Gurugram, Gurgaon, Haryana","F 17/4, GURUGRAM, GURGAON, हरियाणा",0.0,0.3333333333333333,"1,17,4","17,4",2,0,seven enterprises private limited,sevn enttrpraaijej praaivett limittedd,9.523809523809518,76.05633802816902,66.5325285043595,True,False,True,True,False,False,True
S1-688847208,S2-793419391,Gujarat Foundation Private Limited,गुजरात फाउंडेशन प्राइवेट लिमिटेड,"151, Second Floor, Sarai Julena Okhla Road, New Delhi, South Delhi, Delhi","151, NEW DELHI, SOUTH DELHI, Delhi",0.0,0.4,151,151,1,0,gujarat foundation private limited,gujraat phaaunddeshn praaivett limittedd,9.677419354838705,67.56756756756756,57.89014821272886,True,False,True,True,False,False,False
S1-102609562,S2-217000041,Shakthi Brothers,M/s Shakthi  Partners,"Prarthana Complex Fateh Bahadur Shiwala Road, Gaya, Bihar",,0.2,0.0,,,0,1,shakthi brothers,m s shakthi partners,72.22222222222223,72.22222222222223,0.0,False,True,False,False,False,False,True
S1-642409738,S2-473487634,Black Solutions Private Limited,ब्लैक सॉल्यूशंस प्राइवेट लिमिटेड,"Devi Nagar, New Sanganer, Sodala, Jaipur, Rajasthan, Plot No. 123","PLOT NO. #123, JAIPUR, Rajasthan, JAIPUR",0.0,0.5,123,123,1,0,black solutions private limited,blaik sonlyuushns praaivett limittedd,10.909090909090908,73.52941176470588,62.62032085561498,True,False,True,True,True,False,True
S1-909263352,S2-211919907,Royal Jai Products,रॉयल जय प्रोडक्ट्स,"Flat No 204, 2Nd Floor, B1, Vishaldeep Residency, Pune, Maharashtra","H.NO D/204, POONA, PUNE, महाराष्ट्र",0.0,0.1764705882352941,"1,2,204",204,1,0,royal jai products,ronyl jy proddktts,11.764705882352942,72.22222222222223,60.45751633986929,True,False,True,True,False,False,True
S1-340099220,S2-362063283,Star Shivam Food Private Limited,స్టార్ శివం ఫుడ్ ప్రైవేట్ లిమిటెడ్,"New P No 75, Apple Avenue Colony, Injapur, Telangana, Rangareddy, Hyderabad, Old P No 70","OLD P NO ##70, HYDERABAD, IBRAHIMPATNAM, తెలంగాణ",0.0,0.2777777777777778,"70,75",70,1,0,star shivam food private limited,sttaar shivn phudd praiveett limittedd,15.686274509803924,71.42857142857143,55.74229691876751,True,False,True,True,False,False,True
S1-340099220,S2-956054608,Star Shivam Food Private Limited,స్టార్ శివం ఫుడ్ ప్రైవేట్ లిమిటెడ్,"New P No 75, Apple Avenue Colony, Injapur, Telangana, Rangareddy, Hyderabad, Old P No 70","OLD P NO ##70, HYDERABAD, IBRAHIMPATNAM, తెలంగాణ",0.0,0.2777777777777778,"70,75",70,1,0,star shivam food private limited,sttaar shivn phudd praiveett limittedd,15.686274509803924,71.42857142857143,55.74229691876751,True,False,True,True,False,False,True
S1-323141204,S2-552286113,Vision Builders Private Limited,விஷன் பில்டர்ஸ் பிரைவேட் லிமிடெட்,"New No.21, Old No.13/1, Ground Floor Karpagambal Nagar, Mylapore, Chennai, Tamil Nadu","Tamil Nadu, MADRAS, NEW NO.21, CHENNAI",0.0,0.4,"1,13,21",21,1,0,vision builders private limited,vissnnn pilttrs piraiveett limittett,12.0,65.67164179104478,53.67164179104478,True,False,True,True,False,False,False
S1-178910053,S2-567482757,Apex Big Builders Pvt Ltd,एपेक्स Big बिल्डर्स प्रा. लि.,"B-104, Pnb Apartment, Plot No 11, Sector 4 Dwarka, New Delhi, West Delhi, Delhi","B-104, NEW DELHI, WEST DELHI, Delhi",0.0769230769230769,0.3846153846153846,"104,11,4",104,1,0,apex big builders pvt ltd,epeks big bilddrs praa li,30.434782608695656,68.0,37.56521739130434,True,False,True,True,False,False,False
S1-707377083,S2-858566992,Frisco Trading Pvt Ltd,ECTOPYRA,"A 401-402, 4Th Floor, Prince Apartment, Plot No.54, I P Extn, Patparganj, Delhi, East Delhi, Delhi","A 401-402, DELHI, EAST DELHI, Delhi",0.0,0.3125,"4,401,402,54","401,402",2,0,frisco trading pvt ltd,ectopyra,33.333333333333336,33.333333333333336,0.0,False,False,False,True,False,False,False
S1-718193849,S2-915110498,Green Trading Limited,Green Trading Limited Enterprises,"A/104 Gokul Arcadenear Garware House Sahar Road Vile Parle East, Mumbai, Maharashtra",,0.75,0.0,104,,0,1,green trading limited,green trading limited enterprises,100.0,100.0,0.0,False,True,False,False,False,True,True
S1-363126104,S2-519653690,Innovative Consultants Limited,ઇનોવેટિવ કન્સલ્ટન્ટ્સ લિમિટેડ,"Surat, 5Th Floor, Empire State Building, Ring Road, Gujarat, Office No. 512","PLOT 636 OFFICE NO. 512, SURAT, Gujarat",0.0,0.3571428571428571,"5,512","512,636",1,0,innovative consultants limited,inovettiv knslttntts limittedd,7.547169811320757,76.66666666666666,69.1194968553459,True,False,True,True,False,False,True
S1-884728803,S2-791228835,Tirupati Industries Private Limited,തിരുപ്പതി ഇൻഡസ്ട്രീസ് പ്രൈവറ്റ് ലിമിറ്റഡ്,"3Rd Floor, Pulimootil Arcade Building No.2957, Edapally South, Ernakulam, Kerala","3RD FLOOR, ERNAKULAM, Keralam",0.0,0.25,"2957,3",3,1,0,tirupati industries private limited,tiruppti iddsttriis praivrrrr limirrrrdd,9.375,69.33333333333334,59.95833333333334,True,False,True,True,False,False,False
S1-628411590,S2-281804426,Big Industries Private Limited,बिग इंडस्ट्रीज प्राइवेट लिमिटेड,"A1, Survey No. 120/3/A And B, 120/4, 120/7, 120/10/B, Lodha Industrial And Logistics Park, Usatane, Ambarnath, Thane, Kalyan, Thane, Maharashtra","A1, KALYAN, THANE, महाराष्ट्र",0.0,0.125,"1,10,120,3,4,7",1,1,0,big industries private limited,big inddsttriij praaivett limittedd,10.909090909090908,76.92307692307692,66.01398601398601,True,False,True,True,False,False,True
S1-701475615,S2-941082111,Laxmi Builders Pvt Ltd,லக்ஷ்மி பில்டர்ஸ் பிரைவேட் லிமிடெட்,"No.63, Balaji Nagar, Mehta Avenue Padikuppam Road, Anna Nagar West, Chennai, Tamil Nadu","H.NO #63, CHENNAI, Tamil Nadu",0.0,0.3571428571428571,63,63,1,0,laxmi builders pvt ltd,lkssmi pilttrs piraiveett limittett,13.95348837209302,52.63157894736843,38.67809057527541,True,False,True,True,False,False,False
S1-576478895,S2-281460527,Big Exports Pvt Ltd,बिग एक्सपोर्ट्स प्रा. लि.,"A-527, Gharoli Dairy Farm, Mayur Vihar, Phase-3, Delhi, East Delhi, Delhi","A-527, null, DELHI, EAST DELHI, Delhi",0.0,0.3333333333333333,"3,527",527,1,0,big exports pvt ltd,big eksportts praa li,15.78947368421052,70.0,54.21052631578948,True,False,True,True,False,False,True
S1-847877853,S2-739803514,Le Films Private Limited,Miranoviecto,"13, Morsaligali Indore, Indore, Madhya Pradesh","13, INDORE, मध्य प्रदेश",0.0,0.2,13,13,1,0,le films private limited,miranoviecto,27.77777777777778,27.77777777777778,0.0,False,False,False,True,False,False,False
S1-239333949,S2-275885928,Shiva Anand Systems Private Limited,शिवा आनंद सिस्टम्स प्राइवेट लिमिटेड,"6Th Flr, 601 Shree Shakambhari Corporate Park Chakravarty Ashok Society, Jbnagar, Andhe, Ri (East), Mumbai, Mumbai City, Maharashtra","ANDHERI WEH, H.NO 006TH FLR, Maharashtra, MUMBAI CITY",0.0,0.1818181818181818,"6,601",006,0,0,shiva anand systems private limited,shivaa aannd sisttms praaivett limittedd,12.698412698412696,80.0,67.3015873015873,True,False,True,False,False,False,True
S1-225693239,S2-702693054,Icon & Sons Private Limited,Private Icon & Sons Ltd,"Gajanan Apts, Tanaji Nagar, Pune City, Maharashtra, Pune, 282/10","PUNE CITY, Maharashtra, 282/1",0.6666666666666666,0.4,"10,282","1,282",1,0,icon and sons private limited,private icon and sons ltd,92.5925925925926,92.5925925925926,0.0,False,False,False,True,False,True,True
S1-236472794,S2-384183008,Southern Balaji Consulting Pvt Ltd,सदर्न बालाजी कंसल्टिंग प्रा. लि.,"S.No. 204/4, Pl 29, Fl B 5, Ashoka Triplax, Kalyaninagar, Pune, Maharashtra","S.NO. 0204/4, PUNE, महाराष्ट्र",0.0,0.2105263157894736,"204,29,4,5","0204,4",1,0,southern balaji consulting pvt ltd,sdrn baalaajii knsltting praa li,13.793103448275858,66.66666666666667,52.873563218390814,True,False,True,True,False,False,False
S1-956803954,S2-885167882,Shiva Logistics,ശിവ ലോജിസ്റ്റിക്സ്,"39/2475-B1, Suite 455, Lr Towers, Sjrra 104, South Janatha Road, Ernakulam, Kerala","39/2475-B1, ERNAKULAM, Keralam, ERNAKULAM",0.0,0.2666666666666666,"1,104,2475,39,455","1,2475,39",3,0,shiva logistics,shiv loojisrrrriks,7.142857142857139,66.66666666666667,59.52380952380953,True,False,True,True,False,False,False
S1-930840146,S2-179393252,Ficus (India) Projects Care,Shri fiprojects.com,"Office No.909, 9Th Floor, Plot-211, Dalamal Tower, Free Press Journal Marg, Nariman Point, Mumbai, Mumbai, Maharashtra","OFFICE NO.909, MUMBAI, महाराष्ट्र",0.0,0.1904761904761904,"211,9,909",909,1,0,ficus india projects care,shri fiprojects com,59.09090909090908,59.09090909090908,0.0,False,False,False,True,False,False,False
S1-888058460,S2-726405054,Genius Welfare Society Company,PYRAZEPH,"F-101, Rashmi Appts Harsh Vihar, Pitampura, Delhi","F-101, PITAMPURA, Delhi",0.0,0.5,101,101,1,0,genius welfare society company,pyrazeph,21.05263157894737,21.05263157894737,0.0,False,False,False,True,True,False,False
S1-813889205,S2-271376059,Media Leons Manpower Private Limited,mlmanpower.com,"C-211/A, Basement, Greater Kailash Part-1, New Delhi, South Delhi, Delhi","C-11/A, NEW DELHI, SOUTH DELHI, Delhi",0.0,0.4166666666666667,"1,211",11,0,0,media leons manpower private limited,mlmanpower com,48.0,48.0,0.0,False,False,False,False,False,False,False
S1-592679133,S2-905308370,City Trading Private Limited,સિટી ટ્રેડિંગ પ્રાઇવેટ લિમિટેડ,"Gujarat, Rajkot, C/O. Synergy Hospital, Rajkot, Plot No. 7/8, Opp. Gokul Mathura Appt., Ayodhya Chowk","C/O. SYNERGY HOSPITAL, GANDHINAGAR, RAJKOT, ગુજરાત",0.0,0.25,"7,8",,0,0,city trading private limited,sittii ttredding praaivett limittedd,13.043478260869565,71.875,58.83152173913044,True,False,True,False,False,False,True
S1-372539136,S2-138907391,Al Systems Private Limited,अल सिस्टम्स प्राइवेट लिमिटेड,"House No. 113, Sector-18, Housing Board Colony, Faridabad, Haryana","HOUME NO. 113, FARIDABAD, Haryana",0.0,0.3636363636363636,"113,18",113,1,0,al systems private limited,al sisttms praaivett limittedd,12.5,78.57142857142857,66.07142857142857,True,False,True,True,False,False,True
S1-239882424,S2-161437809,Glorious Designs,Glorious Dbsigacs,"No. 28, 1St Floor, 16Th Main, 38Th Cross, Jayanagar 4Th T Block, Bangalore South, Bangalore, Karnataka",,0.3333333333333333,0.0,"1,16,28,38,4",,0,1,glorious designs,glorious dbsigacs,84.84848484848484,84.84848484848484,0.0,False,True,False,False,False,False,True
S1-698240637,S2-203147017,Suryaiya Transportation Co,Suryaiya Trfaspmortction (Co),"Khasara No. 97, 101, 190, Village Salori Yensa Post Chinora, Tah. Warora, Chandrapur, Maharashtra",,0.5,0.0,"101,190,97",,0,1,suryaiya transportation co,suryaiya trfaspmortction co,90.56603773584906,90.56603773584906,0.0,False,True,False,False,False,True,True
S1-230245249,S2-314025822,Ujwal Industries Private Limited,Mr UJWAL PRIVATE-LIMITED CENTER,"Polybond End Of Hasan Wadimain Road Atika Area, Rajkot, Gujarat",,0.5,0.0,,,0,1,ujwal industries private limited,mr ujwal private limited center,80.76923076923077,80.76923076923077,0.0,False,True,False,False,False,True,True
S1-740513706,S2-299303819,Shree Developers Private Limited,শ্রী ডেভেলপারস প্রাইভেট লিমিটেড,"Kolkata, Hemanta Basu Sarani, 3Rd Floor Room No.306, Kolkata, No.21, Howrah, West Bengal","NO.2-1, KOLKATA, West Bengal",0.0,0.2666666666666666,"21,3,306","1,2",0,0,shree developers private limited,shrii ddebhelpaars praaibhett limittedd,10.714285714285708,67.6056338028169,56.89134808853119,True,False,True,False,False,False,False
S1-476449205,S2-212011383,Mumbai Properties Limited,Caloxylo,"26A, Floor-2, Plot No. 237/239, Rustom Hendre Bldg Ganpatrao Kadam Marg, Lower Parel, Mumbai, Mumbai City, Maharashtra","26A, NALA SOPARA DIST THANE, MUMBAI CITY, Maharashtra",0.0,0.1818181818181818,"2,237,239,26",26,1,0,mumbai properties limited,caloxylo,18.181818181818176,18.181818181818176,0.0,False,False,False,True,False,False,False
S1-654479249,S2-823438222,Krishna Energy Private Limited,Dr Irikelo,"New Delhi, South West Delhi, H.No - G 1, Delhi, Plot- 134 Opp Tivoli Garden, Chattarpur","H.NO - G 1, SOUTH WEST DELHI, Delhi",0.0,0.5,"1,134",1,1,0,krishna energy private limited,dr irikelo,30.000000000000004,30.000000000000004,0.0,False,False,False,True,True,False,False
S1-654479249,S2-707159515,Krishna Energy Private Limited,कृष्ण एनर्जी प्राइवेट लिमिटेड,"New Delhi, South West Delhi, H.No - G 1, Delhi, Plot- 134 Opp Tivoli Garden, Chattarpur","NEW DELHI, FATEH PUR BERI, दिल्ली, H.NO - G 1",0.0,0.3157894736842105,"1,134",1,1,0,krishna energy private limited,krssnn enrjii praaivett limittedd,10.714285714285708,69.84126984126985,59.12698412698414,True,False,True,True,False,False,False
S1-887332329,S2-407438556,HPP Solutions Private Limited,HPP Solutions Private,"H.No. Mh 071/28/001/2016, Mahakali Ward, Chandrapur, Maharashtra",,0.75,0.0,"001,071,2016,28",,0,1,hpp solutions private limited,hpp solutions private,100.0,100.0,0.0,False,True,False,False,False,True,True
S1-252887919,S2-779274340,Nexus Trust,Shri Caloariaonyx,"Tamil Nadu, Old No. 81, Manickam Lane, Mount Road, Guindy, New No. 116, Chennai, Chennai City Corporation","16, CHENNAI CITY CORPORATION, CHENNAI, Tamil Nadu",0.0,0.3125,"116,81",16,0,0,nexus trust,shri caloariaonyx,28.57142857142857,28.57142857142857,0.0,False,False,False,False,False,False,False
S1-855935017,S2-35476442,Sree Traders Private Limited,Sree Traders Private Ltd,"11/1 Prem Nagar Near Tilak Ngrflyover Najafgarh, New Delhi, West Delhi, Delhi",,0.6,0.0,"1,11",,0,1,sree traders private limited,sree traders private ltd,92.3076923076923,92.3076923076923,0.0,False,True,False,False,False,True,True
S1-586246585,S2-758987664,Surya Business Private Limited,सूर्य बिजनेस प्राइवेट लिमिटेड,"409, Kohinoor Apartment S.T. Road, Chembur Naka, Mumbai, Maharashtra","#C-456 409, MUMBAI, Maharashtra",0.0,0.25,409,"409,456",1,0,surya business private limited,suury bijnes praaivett limittedd,11.320754716981128,77.41935483870968,66.09860012172855,True,False,True,True,False,False,True
S1-333226557,S2-10607464,Indian Energy Pvt Ltd,இந்தியன் எனர்ஜி பிரைவேட் லிமிடெட்,"Tamil Nadu, Chennai, 4A, Chennai, Block-1, Dra Tuxedo Elite, Inner Ring Road, Velachery","5A, CHENNAI, Tamil Nadu",0.0,0.2142857142857142,"1,4",5,0,0,indian energy pvt ltd,intiynnn ennnrji piraiveett limittett,13.043478260869565,51.72413793103448,38.68065967016492,True,False,True,False,False,False,False
S1-652808119,S2-227189852,Alpha Creative Consultancy Private Limited,ಆಲ್ಫಾ ಕ್ರಿಯೇಟಿವ್ ಕನ್ಸಲ್ಟೆನ್ಸಿ ಪ್ರೈವೇಟ್ ಲಿಮಿಟೆಡ್,"289, Arogyamma, Layout, Venkateshpuram, Bangalore, Karnataka","#13 289, BENGALURU, <NULL>, Karnataka",0.0,0.2222222222222222,289,"13,289",1,0,alpha creative consultancy private limited,aalphaa kriyeettiv knslttensi praiveett limittedd,10.810810810810809,68.13186813186813,57.32105732105733,True,False,True,True,False,False,False
S1-57404516,S2-240040300,Shree Developers Limited,श्री डेवलपर्स लिमिटेड,"103, Plot No 6, 1St Floor, Anupam Plaza-1, Lsc, Ghaziapur, East Delhi, Delhi","103, EAST DELHI, दिल्ली",0.0,0.2,"1,103,6",103,1,0,shree developers limited,shrii ddevlprs limittedd,9.523809523809518,79.16666666666667,69.64285714285715,True,False,True,True,False,False,True
S1-349731385,S2-781598988,Jss Coimbatore Private Limited,Smt Jss  Coimbatore Private Ltd,"158/22 Aswini Kumar Mondal Road, Howrah, West Bengal",,0.5,0.0,"158,22",,0,1,jss coimbatore private limited,smt jss coimbatore private ltd,86.66666666666667,86.66666666666667,0.0,False,True,False,False,False,True,True
S1-583234049,S2-636119594,Sky Consulting LLP,स्काई कंसल्टिंग एलएलपी,"P. No. 136, Flat No. 402, Ganesh Nagar, Mansarovar, Jaipur, Rajasthan","JAIPUR, P. NO. 136, Rajasthan",0.0,0.5,"136,402",136,1,0,sky consulting llp,skaaii knsltting elelpii,11.111111111111114,66.66666666666667,55.55555555555556,True,False,True,True,True,False,False
S1-878708144,S2-225514806,Eastern Agro Limited,ईस्टर्न एग्रो लिमिटेड,"Shop N 15, New Grain, Market Shahabad Markanda, Shahabad, Kurukshetra, Haryana","SHOP N 15, KURUKSHETRA, Haryana",0.0,0.5,15,15,1,0,eastern agro limited,iisttrn egro limittedd,10.0,76.19047619047619,66.19047619047619,True,False,True,True,True,False,True
S1-597128851,S2-141763534,Epr Welfare Society,Epr Society Center,"Jeshing Para, Valapara St4, Babariya Pada, Amreli, Gujarat",,0.5,0.0,4,,0,1,epr welfare society,epr society center,75.86206896551724,75.86206896551724,0.0,False,True,False,False,False,True,True
S1-597128851,S2-429488689,Epr Welfare Society,Epr We1fare Society Corporation,"Jeshing Para, Valapara St4, Babariya Pada, Amreli, Gujarat",,0.4,0.0,4,,0,1,epr welfare society,epr we1fare society corporation,73.33333333333333,73.33333333333333,0.0,False,True,False,False,False,False,True
S1-402474257,S2-958014607,Genius Traders Private Limited,Genius Traders Limited  Center,"52-1-17, Floor-Grd, Vijay Nagar Sangh, Shaikh Misree Road, Antop Hill, Mumbai, Mumbai City, Maharashtra",,0.6,0.0,"1,17,52",,0,1,genius traders private limited,genius traders limited center,86.27450980392157,86.27450980392157,0.0,False,True,False,False,False,True,True
S1-345981173,S2-178192138,Life Business Private Limited,लाइफ बिजनेस प्राइवेट लिमिटेड,"Wz-275C, Plot No. 9, Kh N, 41/17, Add Floor 1St, Delhi, North West Delhi, Delhi","WZ-275, NORTH WEST, DELHI",0.0,0.25,"1,17,275,41,9",275,1,0,life business private limited,laaiph bijnes praaivett limittedd,11.320754716981128,70.96774193548387,59.64698721850274,True,False,True,True,False,False,True
S1-345981173,S2-411813811,Life Business Private Limited,लाइफ बिजनेस प्राइवेट लिमिटेड,"Wz-275C, Plot No. 9, Kh N, 41/17, Add Floor 1St, Delhi, North West Delhi, Delhi","NORTH WEST, NORTH WEST DELHI, दिल्ली, WZ-275",0.0,0.2222222222222222,"1,17,275,41,9",275,1,0,life business private limited,laaiph bijnes praaivett limittedd,11.320754716981128,70.96774193548387,59.64698721850274,True,False,True,True,False,False,True
S1-401554493,S2-747296161,Dream Consultants Private Limited,டிரீம் கன்சல்டன்ட்ஸ் பிரைவேட் லிமிடெட்,"97, New Market St, Chennai, Tamil Nadu","Tamil Nadu, CHENNAI, 97, CHENNAI",0.0,0.5714285714285714,97,97,1,0,dream consultants private limited,ttiriim knnnclttnnntts piraiveett limittett,10.909090909090908,57.89473684210527,46.98564593301436,True,False,True,True,True,False,False
S1-596897200,S2-991787068,Skanda (India) Consultants Private Limited,Dr SKANDA (INDIA) CONSULTANTS PRDGTAE LIMITED,"74, Bimman Mudali Street, Alwarpet, Chennai, Tamil Nadu",,0.5714285714285714,0.0,74,,0,1,skanda india consultants private limited,dr skanda india consultants prdgtae limited,89.1566265060241,89.1566265060241,0.0,False,True,False,False,False,True,True
S1-632444468,S2-515297104,Apex Consultancy Limited,অ্যাপেক্স কনসালটেন্সি লিমিটেড,"115, Bosepukur Road, Kolkata, Howrah, West Bengal","#184 115, KOLKATA, null, West Bengal",0.0,0.4444444444444444,115,"115,184",1,0,apex consultancy limited,ayaapeks knsaalttensi limittedd,8.0,61.81818181818182,53.81818181818182,True,False,True,True,False,False,False
S1-324178274,S2-326072727,Shiv Marketing Private Limited,શિવ માર્કેટિંગ પ્રાઇવેટ લિમિટેડ,"Adani Corporate House, Shantigram, Near Vaishno Devi Circle, S G Highway, Daskroi, Ahmedabad, Gujarat","HN 00928 AFANI CORPORATE HOUSE, DASKROI, AHMEDABAD, Gujarat",0.0,0.2941176470588235,,00928,0,0,shiv marketing private limited,shiv maarketting praaivett limittedd,11.538461538461531,84.84848484848484,73.31002331002331,True,False,True,False,False,False,True
S1-446128651,S2-852236417,JNG Exim Ltd,JNG Eai Ltd,"Laxmi Niwas, Room No.3, Pipe Line, Saffaid Pool, Nr. St. Judes High School, Mumbai, Mumbai City, Maharashtra",,0.5,0.0,3,,0,1,jng exim ltd,jng eai ltd,86.95652173913044,86.95652173913044,0.0,False,True,False,False,False,True,True
S1-619725236,S2-515983397,Shiv Systems Private Limited,शिव सिस्टम्स प्राइवेट लिमिटेड,"House No. 75/1, Floor Ground, Block-2, Whs Kirti Nagar Ind Area, New Delhi, West Delhi, Delhi","HOUSE NO. 75/1, WEST DELHI, NEW DELHI, दिल्ली",0.0,0.3888888888888889,"1,2,75","1,75",2,0,shiv systems private limited,shiv sisttms praaivett limittedd,11.764705882352942,80.0,68.23529411764706,True,False,True,True,False,False,True
S1-176333978,S2-458461499,Black Foundation Private Limited,ब्लैक फाउंडेशन प्राइवेट लिमिटेड,"E-13, Sapphire Earth, Flat No. 103, Bihari Marg, Banipark Jaipur, Jaipur, Rajasthan","E-13, JAIPUR, Rajasthan",0.0,0.3333333333333333,"103,13",13,1,0,black foundation private limited,blaik phaaunddeshn praaivett limittedd,10.526315789473683,65.71428571428571,55.18796992481202,True,False,True,True,False,False,False
S1-893959644,S2-108726082,Super Infra Private Limited,सुपर इंफ्रा प्राइवेट लिमिटेड,"C-14/2, Wazirpur Industrial Area, Delhi, North West Delhi, Delhi","PLOT 550 C-14/2, DELHI, NORTH WEST DELHI, दिल्ली",0.0,0.4615384615384615,"14,2","14,2,550",2,0,super infra private limited,supr inphraa praaivett limittedd,12.0,77.96610169491525,65.96610169491525,True,False,True,True,False,False,True
S1-205845252,S2-212077868,Future Builders Private Limited,ಫ್ಯೂಚರ್ ಬಿಲ್ಡರ್ಸ್ ಪ್ರೈವೇಟ್ ಲಿಮಿಟೆಡ್,"No 4, N.S.Lyengar Street, 1St Main Road Sheshadripuram, Bangalore, Karnataka","DOOR NO 4, BANGALORE, Karnataka",0.0,0.3076923076923077,"1,4",4,1,0,future builders private limited,phyuucr bilddrs praiveett limittedd,10.34482758620689,72.72727272727273,62.38244514106584,True,False,True,True,False,False,True
S1-225093894,S2-277694376,Smart Engineering Private Limited,स्मार्ट इंजीनियरिंग प्राइवेट लिमिटेड,"Wa-86, First Floor Shakarpur Near Atta Chakki, New Delhi, East Delhi, Delhi","WA-86, NEW DELHI, EAST DELHI, Delhi",0.0,0.4545454545454545,86,86,1,0,smart engineering private limited,smaartt injiiniyring praaivett limittedd,10.0,73.97260273972603,63.97260273972603,True,False,True,True,False,False,True
S1-650268415,S2-90098823,Ramesh Traders Private Limited,PRIVATE RAMESH TRADERS LTD,"S.N-2A, Kno -07, Sy No 60 2, Horamavu Vill, Bangalore North, Bangalore, Karnataka","S.N-2A, BANGALORE, BENGALURU, Karnataka",0.6,0.3333333333333333,"07,2,60",2,1,0,ramesh traders private limited,private ramesh traders ltd,92.85714285714286,92.85714285714286,0.0,False,False,False,True,False,True,True
S1-702639832,S2-849355529,Unique Software Private Limited,यूनिक सॉफ्टवेयर प्राइवेट लिमिटेड,"A-253Mall Road Sarita Vihar, New Delhi, South Delhi, Delhi","A-252MALL ROAD SARITA VIHAR, NEW DELHI, MATHURA, दिल्ली",0.0,0.5,253,252,0,0,unique software private limited,yuunik sonphttveyr praaivett limittedd,9.836065573770496,63.76811594202898,53.93205036825849,True,False,True,False,True,False,False
S1-702639832,S2-823050277,Unique Software Private Limited,Unique Software Private,"A-253Mall Road Sarita Vihar, New Delhi, South Delhi, Delhi","A-252MALL ROAD SARITA VIHAR, NEW DELHI, दिल्ली",0.75,0.5454545454545454,253,252,0,0,unique software private limited,unique software private,100.0,100.0,0.0,False,False,False,False,True,True,True
S1-537511351,S2-754655632,Jain Software Private Limited,ಜೈನ್ ಸಾಫ್ಟ್‌ವೇರ್ ಪ್ರೈವೇಟ್ ಲಿಮಿಟೆಡ್,"No.63/2, Gm Garden, 1St Floor, 6Th Cross, Sarakki Main Road, J P Nagar, 1St Phase, Bengaluru, Bangalore, Karnataka","#0063/2, BANGALORE, BENGALURU, Karnataka",0.0,0.2,"1,2,6,63","0063,2",1,0,jain software private limited,jain saaphttveer praiveett limittedd,12.0,67.6923076923077,55.69230769230769,True,False,True,True,False,False,False
S1-383712942,S2-39854879,New Systems Private Limited,न्यू सिस्टम्स प्राइवेट लिमिटेड,"Plot No.6, Second Floor, Sector-13, Dwarka, New Delhi, South West Delhi, Delhi","H.NO 6, NEWDELHI, NEW DELHI, Delhi",0.0,0.2857142857142857,"13,6",6,1,0,new systems private limited,nyuu sisttms praaivett limittedd,12.0,71.1864406779661,59.1864406779661,True,False,True,True,False,False,True
S1-102550527,S2-756688001,Balaji Builders Private Limited,বালাজি বিল্ডার্স প্রাইভেট লিমিটেড,"3B, Lal Bazar Street, 2Nd Floor, Kolkata, Howrah, West Bengal","3B, HOWRAH, West Bengal",0.0,0.4,"2,3",3,1,0,balaji builders private limited,baalaaji bilddaars praaibhett limittedd,11.764705882352942,74.28571428571429,62.52100840336135,True,False,True,True,False,False,True
S1-915912117,S2-514845056,Shiv Construction Pvt Ltd,శివ్ కన్‌స్ట్రక్షన్ ప్రైవేట్ లిమిటెడ్,"Unit No 813, 8Th Floor, Sandhya Techno 1 Building, Shaikpet, Hyderabad, Telangana","UNIT NO 813, SHAIKPET, Telangana",0.0,0.4166666666666667,"1,8,813",813,1,0,shiv construction pvt ltd,shiv knsttrkssn praiveett limittedd,11.764705882352942,60.0,48.23529411764706,True,False,True,True,False,False,False
S1-915912117,S2-935339403,Shiv Construction Pvt Ltd,శివ్ కన్‌స్ట్రక్షన్ ప్రైవేట్ లిమిటెడ్,"Unit No 813, 8Th Floor, Sandhya Techno 1 Building, Shaikpet, Hyderabad, Telangana","UNIT NO 813, SHAIKPET, Telangana",0.0,0.4166666666666667,"1,8,813",813,1,0,shiv construction pvt ltd,shiv knsttrkssn praiveett limittedd,11.764705882352942,60.0,48.23529411764706,True,False,True,True,False,False,False
S1-44056158,S2-882172379,Om Producer Pvt Ltd,ओम प्रोड्यूसर प्रा. लि.,"210/2Nd Floor Sun Industrial Estate, Sun Mill Compound Block Sector, Lower Parel S J M, Arg, Mumbai, Mumbai City, Maharashtra","PALGHAR DT THANE MAHARASHTRA, 210/2ND FLOOR SUN INDUSTRIAL ESTATE, Maharashtra, MUMBAI CITY",0.0,0.4090909090909091,"2,210","2,210",2,0,om producer pvt ltd,om proddyuusr praa li,17.647058823529406,65.0,47.352941176470594,True,False,True,True,False,False,False
S1-896505744,S2-346546691,Sun Power Private Limited,ಸನ್ ಪವರ್ ಪ್ರೈವೇಟ್ ಲಿಮಿಟೆಡ್,"#1207/1, First Floor, Nanjappa Main Road, 2Nd Block Vidyaranyapura, Bel Layout, Narasipura Village, Yelahanka, Bangalore North, Bangalore, Karnataka","#1207/1, BANGALORE, BANGALORE NORTH, Karnataka",0.0,0.2777777777777778,"1,1207,2","1,1207",2,0,sun power private limited,sn pvr praiveett limittedd,13.333333333333329,74.50980392156863,61.1764705882353,True,False,True,True,False,False,True
S1-896505744,S2-227269906,Sun Power Private Limited,ಸನ್ ಪವರ್ ಪ್ರೈವೇಟ್ ಲಿಮಿಟೆಡ್,"#1207/1, First Floor, Nanjappa Main Road, 2Nd Block Vidyaranyapura, Bel Layout, Narasipura Village, Yelahanka, Bangalore North, Bangalore, Karnataka","#1207/1, BANGALORE NORTH, BANGALORE, ಕರ್ನಾಟಕ",0.0,0.1904761904761904,"1,1207,2","1,1207",2,0,sun power private limited,sn pvr praiveett limittedd,13.333333333333329,74.50980392156863,61.1764705882353,True,False,True,True,False,False,True
S1-194250024,S2-30454420,Swastik Marketing Private Limited,स्वस्तिक मार्केटिंग प्राइवेट लिमिटेड,"Khasra No.712/1, Rampura Road, Jaisinghpura, Ajmer Road, Bhankrota, Jaipur, Rajasthan","DOOR NO 712/1, JAIPUR, Rajasthan",0.0,0.4166666666666667,"1,712","1,712",2,0,swastik marketing private limited,svstik maarketting praaivett limittedd,10.34482758620689,81.69014084507043,71.34531325886354,True,False,True,True,False,False,True
S1-675550541,S2-778068036,Black Sai Consultancy Limited,பிளாக் சாய் கன்சல்டன்சி லிமிடெட்,"Tamil Nadu, Vettumpuli Lanae, Woraiyur, Trichy 620 003, 13-H","13-H, TIRUCHIRAPPALLI, Tamil Nadu",0.0,0.3636363636363636,"003,13,620",13,1,0,black sai consultancy limited,pillaak caay knnnclttnnnci limittett,11.320754716981128,55.38461538461539,44.06386066763426,True,False,True,True,False,False,False
S1-675550541,S2-287011720,Black Sai Consultancy Limited,பிளாக் சாய் கன்சல்டன்சி லிமிடெட்,"Tamil Nadu, Vettumpuli Lanae, Woraiyur, Trichy 620 003, 13-H","13-H, TIRUCHIRAPPALLI, Tamil Nadu",0.0,0.3636363636363636,"003,13,620",13,1,0,black sai consultancy limited,pillaak caay knnnclttnnnci limittett,11.320754716981128,55.38461538461539,44.06386066763426,True,False,True,True,False,False,False
S1-675550541,S2-553709409,Black Sai Consultancy Limited,பிளாக் சாய் கன்சல்டன்சி லிமிடெட்,"Tamil Nadu, Vettumpuli Lanae, Woraiyur, Trichy 620 003, 13-H","13-H, TIRUCHIRAPPALLI, Tamil Nadu",0.0,0.3636363636363636,"003,13,620",13,1,0,black sai consultancy limited,pillaak caay knnnclttnnnci limittett,11.320754716981128,55.38461538461539,44.06386066763426,True,False,True,True,False,False,False
S1-576434864,S2-569207066,East Great Consultancy Private Limited,ईस्ट ग्रेट कंसल्टेंसी प्राइवेट लिमिटेड,"1St Floor, Wing B, Manikchand, Ikon, Sangamvadi, Pune City, Pune, Maharashtra","#1ST FLOOR, PUNE, महाराष्ट्र",0.0,0.2142857142857142,1,1,1,0,east great consultancy private limited,iistt grett knslttensii praaivett limittedd,12.5,66.66666666666667,54.16666666666667,True,False,True,True,False,False,False
S1-789387073,S2-235095161,Modern Dynamic Software LLP,मॉडर्न डायनामिक सॉफ्टवेयर एलएलपी,"S-117A, Sunder Block, Shakarpur, Delhi","SUNDER BLOCK, DELHI, S-0117A, Delhi",0.0,0.5714285714285714,117,0117,0,0,modern dynamic software llp,monddrn ddaaynaamik sonphttveyr elelpii,10.714285714285708,63.63636363636363,52.922077922077925,True,False,True,False,True,False,False
S1-910701303,S2-219714204,Shanti Industries Group,*** SHANTIINDUSTRIESGROUP.COM,"Drv Plaza, 1St Floor, B. V. Road, Near Old Bus Stand, Devanaha, Lli, Bangalore, Bangalore Rural, Karnataka","BANGALORE, ಕರ್ನಾಟಕ, DRV PALZA",0.0,0.1,1,,0,0,shanti industries group,shantiindustriesgroup com,87.5,87.5,0.0,False,False,False,False,False,False,True
S1-764554351,S2-140267983,Katihar Industries Group,Partners Group Katihar,"Ug-1 Rz-L-5, Upper Ground Floor Mahavir Enclave Opposite Shiv Vani Publi, C School, Delhi, South West Delhi, Delhi","UG-1 RZ-L-5, Delhi",0.5,0.3157894736842105,"1,5","1,5",2,0,katihar industries group,partners group katihar,74.28571428571428,74.28571428571428,0.0,False,False,False,True,False,True,True
S1-417093904,S2-486680695,Gleam Welfare Society,Gleam Welfare,"Blossam House, Plot No. 217/218, Sector 6 Opp. Palm Beach Road, Nerul, Navi Mumbai, Maharashtra",,0.6666666666666666,0.0,"217,218,6",,0,1,gleam welfare society,gleam welfare,100.0,100.0,0.0,False,True,False,False,False,True,True
S1-792234500,S2-540389106,Seven Engineering Private Limited,સેવન એન્જિનિયરિંગ પ્રાઇવેટ લિમિટેડ,"C/O Adani Corporate House, Shantigram, S.G Highway, Daskroi, Ahmedabad, Gujarat","C/O ADANI CORPORATE HOUSE, AHMEDABAD, DASKROI, ગુજરાત",0.0,0.4666666666666667,,,0,0,seven engineering private limited,sevn enjiniyaring praaivett limittedd,9.375,77.14285714285715,67.76785714285715,True,False,True,False,False,False,True
S1-931893659,S2-384589088,Black Impex Private Limited,బ్లాక్ ఇంపెక్స్ ప్రైవేట్ లిమిటెడ్,"Plot No.95A, Kavuri Hills, Guttala Begumpet, Shaikpet, Hyderabad, Telangana","PLOT NO.95A, SHAIKPET, HYDERABAD, Telangana",0.0,0.6,95,95,1,0,black impex private limited,blaak inpeks praiveett limittedd,12.5,74.57627118644068,62.07627118644068,True,False,True,True,True,False,True
S1-134251486,S2-453946821,Good Systems Private Limited,गुड सिस्टम्स प्राइवेट लिमिटेड,"T 6, Faqir Mohammad Chawl No. 4, Subhash Road (Dakshin), Jogeshwari (East, ), Mumbai, Mumbai City, Maharashtra","T 6, MUMBAI CITY, MUMBAI, Maharashtra",0.0,0.3333333333333333,"4,6",6,1,0,good systems private limited,gudd sisttms praaivett limittedd,12.244897959183676,73.33333333333334,61.08843537414967,True,False,True,True,False,False,True
S1-132688884,S2-269883260,One Om Properties Private Limited,One Om Properties Limited Center,"Hyderabad, Hyderguda, Telangana, 3-5-839/61St Floor Lr Plaza",,0.6666666666666666,0.0,"3,5,61,839",,0,1,one om properties private limited,one om properties limited center,87.71929824561403,87.71929824561403,0.0,False,True,False,False,False,True,True
S1-429164286,S2-210224289,Ram Infra Private Limited,రామ్ ఇన్‌ఫ్రా ప్రైవేట్ లిమిటెడ్,"Road No 5 Banjara Hills, Hyderabad, Telangana, H. No. 8-2-472/B/2/1","H. NO. 8-2-472/B/2/1, HYDERABAD, Telangana",0.0,0.6923076923076923,"1,2,472,5,8","1,2,472,8",4,0,ram infra private limited,raam inphraa praiveett limittedd,13.95348837209302,77.19298245614036,63.23949408404734,True,False,True,True,True,False,True
S1-947129047,S2-476887804,New Global Private Limited,ન્યૂ ગ્લોબલ પ્રાઇવેટ લિમિટેડ,"Shop No. 607, 6Th Floor, Ridham Plaza, Nikol, Ahmedabad, Gujarat","SHOP NO. #607, AHMEDABAD, ગુજરાત",0.0,0.3076923076923077,"6,607",607,1,0,new global private limited,nyauu globl praaivett limittedd,12.244897959183676,73.6842105263158,61.43931256713212,True,False,True,True,False,False,True
S1-709707863,S2-550252543,Vision Management Pvt Ltd,विजन मैनेजमेंट प्रा. लि.,"801 Kamla Hub, N.S. Road No. 1, Jvpd, Vileparle West, Mumbai, Maharashtra","NO 9-801 KMLA HUB, BOMBAY, MUMBAI, Maharashtra",0.0,0.3125,"1,801","801,9",1,0,vision management pvt ltd,vijn mainejmentt praa li,13.63636363636364,65.3061224489796,51.66975881261595,True,False,True,True,False,False,False
S1-771136916,S2-565090297,Silver Enterprises Private Limited,SILVER ENTERPRISES PRIVATE,"905 Unicorn Chandak Commercial Bldg, Maharashtra, Village Ambivali Off Veera Desai Road We. Nr Janki Centre, Mumbai",,0.75,0.0,905,,0,1,silver enterprises private limited,silver enterprises private,100.0,100.0,0.0,False,True,False,False,False,True,True
S1-694333245,S2-985605409,Super Ss Estate Private Limited,சூப்பர் எஸ்எஸ் எஸ்டேட் பிரைவேட் லிமிடெட்,"1I, First Floor, Prince Arcade 29, Cathedral Road, Chennai, Tamil Nadu","CHENNAI, ##1I, Tamil Nadu",0.0,0.3636363636363636,"1,29",1,1,0,super ss estate private limited,cuuppr eses estteett piraiveett limittett,16.0,69.44444444444444,53.44444444444444,True,False,True,True,False,False,False
S1-927266112,S2-95290353,Prime Industries Private Limited,प्राइम इंडस्ट्रीज प्राइवेट लिमिटेड,"House No 104, Block B, New Delhi, West Delhi, Delhi","HOUSE NO 104, BLOCK B, GAUTAM BUDDHA NAGAR, WEST DELHI, Delhi",0.0,0.6363636363636364,104,104,1,0,prime industries private limited,praaim inddsttriij praaivett limittedd,10.714285714285708,74.28571428571429,63.57142857142858,True,False,True,True,True,False,True
S1-836334903,S2-554358358,PZ Developers Associates,PZ Asosciaets Developers,"Jhansi, Uttar Pradesh, House No. 1752, Jhansi, Chandra Vihar Colony",,0.5,0.0,1752,,0,1,pz developers associates,pz asosciaets developers,91.66666666666669,91.66666666666669,0.0,False,True,False,False,False,True,True
S1-331713565,S2-406230778,Fresh Global Private Limited,Fresh Global Private-Ltd,"192/4, 180 Hoodi, Bangalore, Karnataka",,0.6,0.0,"180,192,4",,0,1,fresh global private limited,fresh global private ltd,92.3076923076923,92.3076923076923,0.0,False,True,False,False,False,True,True
S1-990071226,S2-10314136,Indian Power Private Limited,इंडियन पावर प्राइवेट लिमिटेड,"Office No 125, Pragati Industrial Estate, Pragati Primises Co-Op Soc Ltd. Delisle Rd, N M, Joshi Marg, Mumbai, Mumbai City, Maharashtra","OFFICE NO 125, BOMBAY, MUMBAI CITY, Maharashtra",0.0,0.2857142857142857,125,125,1,0,indian power private limited,inddiyn paavr praaivett limittedd,12.0,72.1311475409836,60.131147540983605,True,False,True,True,False,False,True
S1-470974823,S2-369859845,Apex Healthcare LLP,ఏపెక్స్ హెల్త్‌కేర్ ఎల్‌ఎల్‌పీ,"H No 3-4--758, First Floor Laxmi Bala Krishna Nivas, Barkatpura, Hyderabad, Telangana","DOOR NO 3-4--75, HYDERABAD, Telangana",0.0,0.3125,"3,4,758","3,4,75",2,0,apex healthcare llp,eepeks heltkeer elelpii,10.526315789473683,57.14285714285714,46.616541353383454,True,False,True,True,False,False,False
S1-672834079,S2-454081602,Uppal Dairy Private Limited,dairyprivate.com,"H No. 2-1-32, 2Nd Floor, Sudha Arcde Complex, Uppal, K.V.Rangareddy, Telangana","H.NO 2-1-32, MEDCHAL MALKAJGIRI, Telangana",0.0,0.3529411764705882,"1,2,32","1,2,32",3,0,uppal dairy private limited,dairyprivate com,65.11627906976744,65.11627906976744,0.0,False,False,False,True,False,False,False
S1-231939528,S2-542044935,Anand Marketing Limited,Anand-Mrlaoeating Limited,"Saya Zenith, Gh-11, Ahinsa Khand2, Indirapuram, B-1305, Ghaziabad, Uttar Pradesh, Ghaziabad",,0.5,0.0,"11,1305,2",,0,1,anand marketing limited,anand mrlaoeating limited,87.5,87.5,0.0,False,True,False,False,False,True,True
S1-231939528,S2-974955596,Anand Marketing Limited,आनंद मार्केटिंग लिमिटेड,"Saya Zenith, Gh-11, Ahinsa Khand2, Indirapuram, B-1305, Ghaziabad, Uttar Pradesh, Ghaziabad","PLOT D/406 B-1305, GHAZIABAD, उत्तर प्रदेश",0.0,0.15,"11,1305,2","1305,406",1,0,anand marketing limited,aannd maarketting limittedd,9.756097560975604,88.0,78.2439024390244,True,False,True,True,False,False,True
S1-175795888,S2-535473884,Blue Consulting Private Limited,బ్లూ కన్సల్టింగ్ ప్రైవేట్ లిమిటెడ్,"Plot No. 187, Road No. 72, Prashasan Nagar, Jubilee Hills, Hyderabad, Telangana","PLOT NO. 187, HYDERABAD, Telangana",0.0,0.4545454545454545,"187,72",187,1,0,blue consulting private limited,bluu knsltting praiveett limittedd,11.111111111111114,76.92307692307692,65.8119658119658,True,False,True,True,False,False,True
S1-175795888,S2-162379928,Blue Consulting Private Limited,Private Blue Cfodnsulting Limited,"Plot No. 187, Road No. 72, Prashasan Nagar, Jubilee Hills, Hyderabad, Telangana","187, HYDERABAD, Telangana",0.6,0.2727272727272727,"187,72",187,1,0,blue consulting private limited,private blue cfodnsulting limited,96.875,96.875,0.0,False,False,False,True,False,True,True
S1-175795888,S2-416264052,Blue Consulting Private Limited,Limited Blue Consulting Services,"Plot No. 187, Road No. 72, Prashasan Nagar, Jubilee Hills, Hyderabad, Telangana","HYDERABAD, PLOT NO. 187, Telangana",0.6,0.4545454545454545,"187,72",187,1,0,blue consulting private limited,limited blue consulting services,85.71428571428572,85.71428571428572,0.0,False,False,False,True,False,True,True
S1-175795888,S2-278292276,Blue Consulting Private Limited,బ్లూ కన్సల్టింగ్ ప్రైవేట్ లిమిటెడ్,"Plot No. 187, Road No. 72, Prashasan Nagar, Jubilee Hills, Hyderabad, Telangana","DOOR NO 187, HYDERABAD, Telangana",0.0,0.3333333333333333,"187,72",187,1,0,blue consulting private limited,bluu knsltting praiveett limittedd,11.111111111111114,76.92307692307692,65.8119658119658,True,False,True,True,False,False,True
S1-175795888,S2-422397868,Blue Consulting Private Limited,బ్లూ కన్సల్టింగ్ ప్రైవేట్ లిమిటెడ్,"Plot No. 187, Road No. 72, Prashasan Nagar, Jubilee Hills, Hyderabad, Telangana","DOOR NO 187, HYDERABAD, Telangana",0.0,0.3333333333333333,"187,72",187,1,0,blue consulting private limited,bluu knsltting praiveett limittedd,11.111111111111114,76.92307692307692,65.8119658119658,True,False,True,True,False,False,True
S1-972830178,S2-543405026,City Enterprises Private Limited,सिटी एंटरप्राइजेज प्राइवेट लिमिटेड,"501, Royal Heritage, 5Th Floor Opp. Basant Bahar Theater, Kolhapur, Maharashtra","महाराष्ट्र, KOLHAPUR, H.NO A-785 501",0.0,0.1052631578947368,"5,501","501,785",1,0,city enterprises private limited,sittii enttrpraaijej praaivett limittedd,10.169491525423725,69.44444444444444,59.27495291902072,True,False,True,True,False,False,False
S1-978604405,S2-281030658,Hitech Best Finance Private Limited,ಹೈಟೆಕ್ ಬೆಸ್ಟ್ ಫೈನಾನ್ಸ್ ಪ್ರೈವೇಟ್ ಲಿಮಿಟೆಡ್,"95/2 Domlur, 2Nd Stage, 2Nd Phase, Bangalore, Karnataka","DOOR NO 5/2 DOMLUR, BANGALORE, Karnataka",0.0,0.3636363636363636,"2,95","2,5",1,0,hitech best finance private limited,haittek bestt phainaans praiveett limittedd,13.333333333333329,71.7948717948718,58.46153846153847,True,False,True,True,False,False,True
S1-612280396,S2-750468004,Zydus Brothers Pvt. Ltd.,Pvt Zydus Brgehsr Ltd,"Office No. 202, 2Nd Floor, C-Wing, Neelkanth Business Park, Vidyavihar West, Mumbai, Mumbai City, Maharashtra","Maharashtra, MUMBAI, OFFICE NO. 0202",0.6,0.25,"2,202",0202,0,0,zydus brothers pvt ltd,pvt zydus brgehsr ltd,83.72093023255815,83.72093023255815,0.0,False,False,False,False,False,True,True
S1-36989790,S2-148653970,Hitech Estate Private Limited,హైటెక్ ఎస్టేట్ ప్రైవేట్ లిమిటెడ్,"Villa No.22, Telangana, Serilingampally, Plot No.2, Palm Ridge Villas, Survey No. 195, 195/1, Hyderabad","HN 615 VCLLA NO.22, N/A, SERILINGAMPALLY, KONDAPUR, Telangana",0.0,0.2,"1,195,2,22","22,615",1,0,hitech estate private limited,haittek estteett praiveett limittedd,12.244897959183676,73.84615384615385,61.60125588697018,True,False,True,True,False,False,True
S1-36989790,S2-704672804,Hitech Estate Private Limited,Hitech Estate Preet Limited,"Villa No.22, Telangana, Serilingampally, Plot No.2, Palm Ridge Villas, Survey No. 195, 195/1, Hyderabad",,0.6,0.0,"1,195,2,22",,0,1,hitech estate private limited,hitech estate preet limited,89.28571428571429,89.28571428571429,0.0,False,True,False,False,False,True,True
S1-274290647,S2-59244192,Bharat Wheels Private Limited,Bharat  Private Limited Service,"C/O Sandeep Singh, Shashtri Nagar, Spn Road, Powayan, Shahjahanpur, Uttar Pradesh",,0.6,0.0,,,0,1,bharat wheels private limited,bharat private limited service,86.27450980392157,86.27450980392157,0.0,False,True,False,False,False,True,True
S1-690819718,S2-709123075,Tech Foods Private Limited,டெக் ஃபுட்ஸ் பிரைவேட் லிமிடெட்,"No.61, I Floor, Vivekanandacolony, Vadapalani, Chennai, Tamil Nadu","NO.#61, CHENNAI, Tamil Nadu",0.0,0.5555555555555556,61,61,1,0,tech foods private limited,ttek hputts piraiveett limittett,13.63636363636364,58.62068965517242,44.98432601880878,True,False,True,True,True,False,False
S1-86757921,S2-659671297,Golden Properties Private Limited,ಗೋಲ್ಡನ್ ಪ್ರಾಪರ್ಟೀಸ್ ಪ್ರೈವೇಟ್ ಲಿಮಿಟೆಡ್,"7, Hall Road, Richards Town, Bangalore, Karnataka","7, BENGALURU URBAN, BANGALORE, Karnataka",0.0,0.3333333333333333,7,7,1,0,golden properties private limited,goolddn praaprttiis praiveett limittedd,10.714285714285708,75.0,64.28571428571429,True,False,True,True,False,False,True
S1-737768086,S2-411162298,Bharat Exports Private Limited,భారత్ ఎక్స్‌పోర్ట్స్ ప్రైవేట్ లిమిటెడ్,"Flat No.W-109, Svss Nivas, Opp.Gokul Thea Czech Colony, Street No.1, Sanath Nagar, Hyderabad, Telangana","HYDERABAD, Andhra Pradesh, HYDERABAD, FLAT NO.W-1-09",0.0,0.25,"1,109","09,1",1,0,bharat exports private limited,bhaart ekspoortts praiveett limittedd,11.320754716981128,77.61194029850746,66.29118558152634,True,False,True,True,False,False,True
S1-737768086,S2-594151889,Bharat Exports Private Limited,భారత్ ఎక్స్‌పోర్ట్స్ ప్రైవేట్ లిమిటెడ్,"Flat No.W-109, Svss Nivas, Opp.Gokul Thea Czech Colony, Street No.1, Sanath Nagar, Hyderabad, Telangana","FLAT NO.W-1-09, HYDERABAD, Andhra Pradesh",0.0,0.25,"1,109","09,1",1,0,bharat exports private limited,bhaart ekspoortts praiveett limittedd,11.320754716981128,77.61194029850746,66.29118558152634,True,False,True,True,False,False,True
S1-737768086,S2-510826083,Bharat Exports Private Limited,భారత్ ఎక్స్‌పోర్ట్స్ ప్రైవేట్ లిమిటెడ్,"Flat No.W-109, Svss Nivas, Opp.Gokul Thea Czech Colony, Street No.1, Sanath Nagar, Hyderabad, Telangana","FLAT NO.W-1-09, HYDERABAD, Andhra Pradesh",0.0,0.25,"1,109","09,1",1,0,bharat exports private limited,bhaart ekspoortts praiveett limittedd,11.320754716981128,77.61194029850746,66.29118558152634,True,False,True,True,False,False,True
S1-640352727,S2-132747694,Best Products Private Limited,BEST-PRODUCTS PRIVATE,"3 Patel Chowkopp Patiala Carrier Near Old Truck Union, Jalandhar, Punjab",,0.75,0.0,3,,0,1,best products private limited,best products private,100.0,100.0,0.0,False,True,False,False,False,True,True
S1-140302329,S2-198486068,Urban Engineering,अर्बन इंजीनियरिंग,"Plot Np. 6, Reliable Water Compound Road Krishna Nagar, Kanpur Road, Lucknow, Uttar Pradesh","PLOT NP. 6, LUCKNOW, उत्तर प्रदेश",0.0,0.2222222222222222,6,6,1,0,urban engineering,arbn injiiniyring,6.060606060606062,64.70588235294117,58.64527629233511,True,False,True,True,False,False,False
S1-623263273,S2-731838171,Mukesh Polytechnic Co,Mukesh Po1ytechnic,"C/O Shri Ram Dhyan Chaurasia, S/O Brij Chaurasia, Sonbhadra, Kashi More, Anpara, Sonbhadra, Uttar Pradesh",,0.25,0.0,,,0,1,mukesh polytechnic co,mukesh po1ytechnic,87.17948717948718,87.17948717948718,0.0,False,True,False,False,False,False,True
S1-192217503,S2-625114099,Balaji Infra Private Limited,Mr Balaji Infra Limited Services,"Block-B / 409, Krish Cubical, Nr Govardhan Party Plot, Opp Avalon Hotel, Thaltej, Daskroi, Ahmedabad, Gujarat",,0.5,0.0,409,,0,1,balaji infra private limited,mr balaji infra limited services,83.33333333333333,83.33333333333333,0.0,False,True,False,False,False,True,True
S1-122260072,S2-450893150,Al Consultancy Limited,Al Consultancy Ltd,"Flat No.102, H.No.7-2-1813, South Wing S V S S Nivas, Czech Colony, Sanathnagar, Hyderabad, Telangana",,0.5,0.0,"102,1813,2,7",,0,1,al consultancy limited,al consultancy ltd,90.0,90.0,0.0,False,True,False,False,False,True,True
S1-136956907,S2-757013394,Four Brothers Pvt. Ltd.,Four Brothers-Pvt. Limited,"205, 2Nd Floor, Embassy Centre, Nariman Point, Mumbai, Mumbai City, Maharashtra",,0.6,0.0,"2,205",,0,1,four brothers pvt ltd,four brothers pvt limited,91.30434782608695,91.30434782608695,0.0,False,True,False,False,False,True,True
S1-818437253,S2-12759816,Big Impex Pvt Ltd,Smt Big Ixpa Pvt Ltd,"Maharashtra, Plot No 122-Cd Govtindustrial Estate Kandivali West, Mumbai",,0.5,0.0,122,,0,1,big impex pvt ltd,smt big ixpa pvt ltd,78.57142857142857,78.57142857142857,0.0,False,True,False,False,False,True,True
S1-555911586,S2-575457590,Dream Food Private Limited,ड्रीम फूड प्राइवेट लिमिटेड,"Flat No. 403, Plot No. 11, Sector 21, Navi Mumbai, Rabale, Thane, Maharashtra","FLAT NO. 00403, RABALE, THANE, Maharashtra",0.0,0.3846153846153846,"11,21,403",00403,0,0,dream food private limited,ddriim phuudd praaivett limittedd,14.285714285714292,64.40677966101696,50.12106537530266,True,False,True,False,False,False,False
S1-937431056,S2-725269912,City Technology Private Limited,सिटी टेक्नोलॉजी प्राइवेट लिमिटेड,"A-2302, 23Rd Floor, A-Wing, Orchid Tower Jbb Marg, Opp. Mumbai Central Bus Depot, Mumbai, Mumbai City, Maharashtra","BLOCK G-340 A-2302, MUMBAI, MUMBAI CITY, Maharashtra",0.0,0.2631578947368421,"23,2302","2302,340",1,0,city technology private limited,sittii tteknolonjii praaivett limittedd,11.320754716981128,65.71428571428571,54.39353099730458,True,False,True,True,False,False,False
S1-77671185,S2-900519072,Kleem Natural Corp,M/s Kleem Corp Services,"108 Vinayak Apartments, C-1 Prithviraj Road, Jaipur, Rajasthan",,0.3333333333333333,0.0,"1,108",,0,1,kleem natural corp,m s kleem corp services,71.42857142857143,71.42857142857143,0.0,False,True,False,False,False,False,True
S1-389858262,S2-961926237,Raj Super Software Private Limited,রাজ সুপার সফটওয়্যার প্রাইভেট লিমিটেড,"2 Nd Floor Room No 212 A, 4, Fairlie Place Road, Kolkata, Kolkata, Howrah, West Bengal","2 ND FLOOR ROOM NO 212 A, KOLKATA, HOWRAH, West Bengal",0.0,0.7333333333333333,"2,212,4","2,212",2,0,raj super software private limited,raaj supaar sphttoy yaar praaibhett limittedd,13.333333333333329,65.82278481012658,52.48945147679325,True,False,True,True,True,False,False
S1-743464489,S2-142120856,Lakshmi Developers Limited,लक्ष्मी डेवलपर्स लिमिटेड,"902, Spenta, Hiranandani, Estate, Ghodbunder Road, Thane, Maharashtra","HN 657 902, THANE, Maharashtra",0.0,0.3,902,"657,902",1,0,lakshmi developers limited,lkssmii ddevlprs limittedd,8.888888888888886,80.76923076923077,71.88034188034189,True,False,True,True,False,False,True
S1-64689704,S2-114147547,UR Food Private Limited,UR  FOOD,"Block E, 108, Swan Regale Batamangala, Puri, Orissa",,0.5,0.0,108,,0,1,ur food private limited,ur food,100.0,100.0,0.0,False,True,False,False,False,True,True
S1-654632454,S2-3508902,Delhi Consulting Company,delhiconsulting.com,"House 157, 2Nd Floor, Block-Bq, Delhi, North West Delhi, Delhi","HOUSE 157 , 2ND FLOOR, BLOCK-BQ, DELHI, दिल्ली",0.0,0.6363636363636364,"157,2","157,2",2,0,delhi consulting company,delhiconsulting com,88.37209302325581,88.37209302325581,0.0,False,False,False,True,True,False,True
S1-788928385,S2-397416832,Aarvtech Technologies Private Limited,Aarvtech-Technologies Private (ID: 7492),"D-48, 2Nd Floor, New Delhi, South Delhi, Delhi","D-#48, 2ND FLOOR, NEW DELHI, Delhi",0.5,0.8571428571428571,"2,48","2,48",2,0,aarvtech technologies private limited,aarvtech technologies private id 7492,87.87878787878788,87.87878787878788,0.0,False,False,False,True,True,True,True
S1-39294724,S2-91408921,Shyam Bright Infrastructure Limited,श्याम ब्राइट इंफ्रास्ट्रक्चर लिमिटेड,"Pk-1, Sector-71, Near New Police Station Sector-71, Noida, Gautam Buddha Nagar, Uttar Pradesh","#998 PK-1, NOIDA, GAUTAM BUDDHA NAGAR, Uttar Pradesh",0.0,0.5333333333333333,"1,71","1,998",1,0,shyam bright infrastructure limited,shyaam braaitt inphraasttrkcr limittedd,9.230769230769226,75.67567567567568,66.44490644490645,True,False,True,True,True,False,True
S1-378849508,S2-488765562,Great Solutions Private Limited,ग्रेट सॉल्यूशंस प्राइवेट लिमिटेड,"A 24/9, Mohan Co-Operative, Industrial Estate, Mathura Road, Saidabad Mohan Co-Operative, New Delhi, South Delhi, Delhi","#518 A 24/9, SOUTH DELHI, Delhi",0.0,0.3333333333333333,"24,9","24,518,9",2,0,great solutions private limited,grett sonlyuushns praaivett limittedd,11.320754716981128,73.52941176470588,62.20865704772476,True,False,True,True,False,False,True
S1-319341854,S2-969573836,Mariya Venture Private Limited,Private Mariya Venture Ltd,"D/10/11, Mantri Manor Society Kawadewadi Koregaon Park, Pune, Maharashtra","PUNE, Maharashtra, D/10/11, PUNE",0.6,0.4545454545454545,"10,11","10,11",2,0,mariya venture private limited,private mariya venture ltd,92.85714285714286,92.85714285714286,0.0,False,False,False,True,False,True,True
S1-615896038,S2-542345956,Graphic Hospital Private Limited,GRAPHIC HOSPITAL PRIVATE LTD,"Door No. 250/51, Near Al Shifa Hospital Manathumangalam, Bypass Road, Perinthalmanna, Malappuram, Malapuram, Kerala",,0.6,0.0,"250,51",,0,1,graphic hospital private limited,graphic hospital private ltd,93.33333333333331,93.33333333333331,0.0,False,True,False,False,False,True,True
S1-971116912,S2-404167621,Seven Enterprises,सेवन एंटरप्राइजेज,"1St Floor, G-9, Lawrance Road, New Delhi, Delhi","#1ST FLOOR, G-9, NORTH WEST DELHI, NEW DELHI, Delhi",0.0,0.6,"1,9","1,9",2,0,seven enterprises,sevn enttrpraaijej,5.882352941176472,74.28571428571429,68.40336134453781,True,False,True,True,True,False,True
S1-561118340,S2-980284676,Good It Private Limited,ഗുഡ് ഐടി പ്രൈവറ്റ് ലിമിറ്റഡ്,"7/330 D, Vkc Tower P.O. Kolathara, Calicut, Kozhikode, Kerala","NO 7/33 D, KOZHIKODE, Keralam",0.0,0.2142857142857142,"330,7","33,7",1,0,good it private limited,gudd aitti praivrrrr limirrrrdd,13.333333333333329,59.25925925925925,45.92592592592592,True,False,True,True,False,False,False
S1-277444121,S2-47208889,Thane Supply Private Limited,Private Thane Supply Ltd,"320, Orion Business Park, Ghodbunder Road, Thane, Maharashtra","Maharashtra, 320, THANE",0.6,0.375,320,320,1,0,thane supply private limited,private thane supply ltd,92.3076923076923,92.3076923076923,0.0,False,False,False,True,False,True,True
S1-39686103,S2-960468606,Gujarat Software Pvt Ltd,গুজরাট সফটওয়্যার প্রাইভেট লিমিটেড,"Singhi Regency, Flat No 303 3Rd Floor 48/1A Gariahat Road, Kolkata, Kolkata, Howrah, West Bengal","SINGHI REGENCY, KOLKATA, West Bengal",0.0,0.3333333333333333,"1,3,303,48",,0,0,gujarat software pvt ltd,gujraatt sphttoy yaar praaibhett limittedd,11.764705882352942,54.54545454545455,42.780748663101605,True,False,True,False,False,False,False
S1-810048997,S2-267438873,Silver Trading Private Limited,सिल्वर ट्रेडिंग प्राइवेट लिमिटेड,"227-228, Vardhaman Indust, Complex, Nr Royal Inn Hot, Thane, Maharashtra","N/A, Maharashtra, C-227-228, THANE, GREATER BOMBAY",0.0,0.25,"227,228","227,228",2,0,silver trading private limited,silvr ttredding praaivett limittedd,11.764705882352942,80.0,68.23529411764706,True,False,True,True,False,False,True
S1-540644287,S2-623067387,Vijay Trading Pvt Ltd,विजय ट्रेडिंग प्रा. लि.,"House No 163, Floor Ground Block- C Pitam Pura New Delhi, Delhi, North West, Delhi","NO. 442 HOUSE NO 163, DELHI, NORTH WEST, दिल्ली",0.0,0.375,163,"163,442",1,0,vijay trading pvt ltd,vijy ttredding praa li,16.21621621621621,69.76744186046511,53.5512256442489,True,False,True,True,False,False,False
S1-169862141,S2-662811112,Theta & Brothers Private Limited,Theta & Brothtms Private Limited,"New Delhi, B-97, Lajpat Nagar-1, Delhi",,0.6666666666666666,0.0,"1,97",,0,1,theta and brothers private limited,theta and brothtms private limited,94.11764705882354,94.11764705882354,0.0,False,True,False,False,False,True,True
S1-592650491,S2-793568092,Coronet Dee Private Limited,-- Coronet Dee Phrviale Limited,"Ranihat Mangalabag, Cuttack, Medical Road, Orissa, Cuttack","MEDICAL RAOD, CUTTACK, Odisha",0.6,0.25,,,0,0,coronet dee private limited,coronet dee phrviale limited,90.9090909090909,90.9090909090909,0.0,False,False,False,False,False,True,True
S1-211030826,S2-479624701,Vaibhav & Co,Vbfhfa & Co,"1507, Ambadeep Building 14, Kasturba Gandhi Marg, New Delhi, Central Delhi, Delhi","1507., NEW DELHI, CENTRAL DELHI, Delhi",0.5,0.4,"14,1507",1507,1,0,vaibhav and co,vbfhfa and co,81.4814814814815,81.4814814814815,0.0,False,False,False,True,False,True,True
S1-73435754,S2-928225134,Tech Projects Private Limited,टेक प्रोजेक्ट्स प्राइवेट लिमिटेड,"101, Sf, A2 Block Janak Puri, New Delhi, South West Delhi, Delhi","101, NEW DELHI, WEST DELHI, Delhi",0.0,0.4,"101,2",101,1,0,tech projects private limited,ttek projektts praaivett limittedd,12.244897959183676,76.19047619047619,63.94557823129252,True,False,True,True,False,False,True
S1-336996571,S2-971701621,Landmark Brothers Pvt Ltd,Shri Landmark Pvt Ltd 5ervices,"12 Gunbow Street, Mumbai, Maharashtra, Mumbai-400 001.(Wef-27/8/2001), Fort","0012 GUNBOW STREET, FORT, MUMBAI, महाराष्ट्र",0.5,0.2352941176470588,"001,12,2001,27,400,8",0012,0,0,landmark brothers pvt ltd,shri landmark pvt ltd 5ervices,78.04878048780488,78.04878048780488,0.0,False,False,False,False,False,True,True
S1-336996571,S2-354530413,Landmark Brothers Pvt Ltd,Landmark Pvt Ltd Service,"12 Gunbow Street, Mumbai, Maharashtra, Mumbai-400 001.(Wef-27/8/2001), Fort","0012 GUNBOW STREET, FORT, MUMBAI, महाराष्ट्र",0.6,0.2352941176470588,"001,12,2001,27,400,8",0012,0,0,landmark brothers pvt ltd,landmark pvt ltd service,80.0,80.0,0.0,False,False,False,False,False,True,True
S1-129851765,S2-583709710,Maa Agro LLP,Maa Agro L.L.P.,"Coimbatore, No.1D1, Tirupur, Tamil Nadu, K.S.Building, Panapalayam Tirupur Road, Palladam",,0.4,0.0,1,,0,1,maa agro llp,maa agro l l p,92.3076923076923,92.3076923076923,0.0,False,True,False,False,False,False,True
S1-861507607,S2-67060849,Supreme It Private Limited,सुप्रीम आईटी प्राइवेट लिमिटेड,"Rl -116, Midc Resi Zone, Dombivli (East), Kalyan, Thane, Maharashtra","RL -11, KALYAN, Maharashtra",0.0,0.2727272727272727,116,11,0,0,supreme it private limited,supriim aaiittii praaivett limittedd,13.043478260869565,70.96774193548387,57.92426367461431,True,False,True,False,False,False,True
S1-841159149,S2-180076372,North One Power Private Limited,नॉर्थ वन पावर प्राइवेट लिमिटेड,"C/O Chandan Kumar, Balesh, War Prasad, Gautam Nagar, Bodhgaya, Gaya, Bihar","C/O CHANDAN KUMAR, DIVREPORTINGCIRCLE, Bihar",0.0,0.3846153846153846,,,0,0,north one power private limited,nonrth vn paavr praaivett limittedd,14.545454545454549,72.72727272727273,58.18181818181819,True,False,True,False,False,False,True
S1-825447960,S2-76609564,Hari It Limited,हरि आईटी लिमिटेड,"Khasra No.903, Near Sr. Sec. School Wazirabad, Sector-52, Gurgaon, Haryana","403, GURGAON, Haryana",0.0,0.1538461538461538,"52,903",403,0,0,hari it limited,hri aaiittii limittedd,13.793103448275868,75.67567567567568,61.882572227399805,True,False,True,False,False,False,True
S1-257245878,S2-276421003,North Consultants Pvt Ltd,नॉर्थ कंसल्टेंट्स प्रा. लि.,"130, Ist Floor, Plot No. 3 Vardhman Diamond Plaza, D.B Gupta Road, Paharganj, New Delhi, Central Delhi, Delhi","130, NEW DELHI, CENTRAL DELHI, Delhi",0.0,0.2352941176470588,"130,3",130,1,0,north consultants pvt ltd,nonrth knslttentts praa li,13.95348837209302,66.66666666666667,52.71317829457365,True,False,True,True,False,False,False
S1-60798237,S2-995331570,Smart Consultants Private Limited,സ്മാർട്ട് കൺസൾട്ടന്റ്സ് പ്രൈവറ്റ് ലിമിറ്റഡ്,"Kerala, Thiruvananthapuram, Ptpallimukku, Thiruvananthapuram, Trivandrum, Sreepadmam Vp 2/21-D","SREEPABMAM VP 2/21-D, THIRUVANANTHAPURAM, TRIVANDRUM, Keralam",0.0,0.5454545454545454,"2,21","2,21",2,0,smart consultants private limited,smaatttt ksttttnrrs praivrrrr limirrrrdd,9.375,54.7945205479452,45.4195205479452,True,False,True,True,True,False,False
S1-35928423,S2-717377391,Shiv Infrastructure Pvt Ltd,शिव इंफ्रास्ट्रक्चर प्रा. लि.,"Office No. 403 Sr No. 105, H No. 3, Plot No. 1, Aundh, Maharashtra, Amar Business Park, Pune","AMAR BUSINESS PARK, PUNE, Maharashtra",0.0,0.3333333333333333,"1,105,3,403",,0,0,shiv infrastructure pvt ltd,shiv inphraasttrkcr praa li,12.0,66.66666666666667,54.66666666666667,True,False,True,False,False,False,False
S1-20158090,S2-919038585,Indian Academy Private Limited,Indian Academy Limited Services,"A-2/1517 15Th Floor Tower, 10 Purvanchal Royal Park, Noida, Gautam Buddha Nagar, Uttar Pradesh",,0.6,0.0,"10,15,1517,2",,0,1,indian academy private limited,indian academy limited services,85.24590163934427,85.24590163934427,0.0,False,True,False,False,False,True,True
S1-764756041,S2-340864032,Delhi Solutions Private Limited,Delhi Solutions Provelha Limited,"C-56, Friends Colony, New Delhi, Delhi, South Delhi, Delhi","C-56, FRIENTS COLONY, NEW DELHI, DELHI, दिल्ली",0.6,0.5,56,56,1,0,delhi solutions private limited,delhi solutions provelha limited,88.88888888888889,88.88888888888889,0.0,False,False,False,True,True,True,True
S1-822975144,S2-154709352,First Properties Pvt Ltd,ફર્સ્ટ પ્રોપર્ટીઝ પ્રા. લિ.,"A1-Shop No. 5, Ashraya-10, Gst Compound, New Ranip, Ahmadabad City, Ahmedabad, Gujarat","A1-SHOP NO. 5, ગુજરાત, AHMEDABAD, AHMADABAD CITY",0.0,0.4117647058823529,"1,10,5","1,5",2,0,first properties pvt ltd,phrstt proprttiijh praa li,14.63414634146342,60.0,45.36585365853658,True,False,True,True,False,False,False
S1-420137203,S2-174887701,Gajanana & Co,Gjaana  & Co,"Plot No.1/44, Flat No.S2, Parvathy Apartments, Bazzar Road, Mogappair East, Chennai, Tamil Nadu","PLOT NO.1/44, CHENNAI, Tamil Nadu",0.5,0.4666666666666667,"1,2,44","1,44",2,0,gajanana and co,gjaana and co,92.85714285714286,92.85714285714286,0.0,False,False,False,True,False,True,True
S1-601403599,S2-656338947,Urban Technologies Private Limited,अर्बन टेक्नोलॉजीज प्राइवेट लिमिटेड,"Ho.No.286, 3Rd Floor, Dda Janta Flat Vasant Gaon, Near Niryat Bhawan, Delhi, New Delhi, Delhi","HO.NO.286, DELHI, NEW DELHI, दिल्ली",0.0,0.2941176470588235,"286,3",286,1,0,urban technologies private limited,arbn tteknolonjiij praaivett limittedd,10.0,69.44444444444444,59.44444444444444,True,False,True,True,False,False,False
S1-531547234,S2-735399955,Raj International Private Limited,राज इंटरनेशनल प्राइवेट लिमिटेड,"Flt No - 903, Building No. Lig 2 H, Cts No 118/119/D/2, Cts 1/A, Vikhroli Link Road, Off Village Tungwa, Near Union Bank, Powai, Mumbai, Maharashtra","FLT NO - 903, MUMBAI, Maharashtra",0.0,0.2,"1,118,119,2,903",903,1,0,raj international private limited,raaj inttrneshnl praaivett limittedd,10.169491525423725,72.46376811594203,62.29427659051831,True,False,True,True,False,False,True
S1-359469072,S2-507760656,Real Impex Private Limited,રિયલ ઇમ્પેક્સ પ્રાઇવેટ લિમિટેડ,"401, Kalyan Comm. Hub, Nr. Harinagar, Gotri Roa, Vadodara, Gujarat","PLOT ##604 401, VADODARA, Gujarat",0.0,0.25,401,"401,604",1,0,real impex private limited,riyal impeks praaivett limittedd,12.0,75.86206896551724,63.86206896551724,True,False,True,True,False,False,True
S1-944413426,S2-144154807,Pooja Engineers Private Limited,Pooja Engineers Private Ltd,"Part 2 Of 3 Of The 4Th Floor At Apex Tower Plot No 3, New Delhi, Delhi, Sec-A, Pocket Ii Near Car Market Vasant Kunj, New Delhi",,0.6,0.0,"2,3,4",,0,1,pooja engineers private limited,pooja engineers private ltd,93.10344827586206,93.10344827586206,0.0,False,True,False,False,False,True,True
S1-893648177,S2-796355863,Aj Finance Private Limited,ajfinance.com,"Sf-07, Ajnara Arcade Crossing Republik, Ghaziabad, Uttar Pradesh","SF-07, GHAZIABAD, Uttar Pradesh",0.0,0.5555555555555556,07,07,1,0,aj finance private limited,ajfinance com,56.41025641025641,56.41025641025641,0.0,False,False,False,True,True,False,False
S1-272131061,S2-409330435,Good Enterprises Private Limited,গুড এন্টারপ্রাইজেস প্রাইভেট লিমিটেড,"Room No 23, Model House, 40, Strand Road, Kolkata, Kolkata, Howrah, West Bengal","ROSM NO 23, KOLKATA, HOWRAH, পশ্চিমবঙ্গ",0.0,0.2352941176470588,"23,40",23,1,0,good enterprises private limited,gudd enttaarpraaijes praaibhett limittedd,10.169491525423725,68.49315068493152,58.3236591595078,True,False,True,True,False,False,False
S1-113541174,S2-217850681,Alpha Infrastructure Private Limited,ఆల్ఫా ఇన్‌ఫ్రాస్ట్రక్చర్ ప్రైవేట్ లిమిటెడ్,"Block-Q4, Flat No.A1&A2, 2Nd Level, Cyber Towers, Hitech City, Shaikpet, Hyderabad, Telangana","BLOCK-Q4, SHAIKPET, Telangana",0.0,0.25,"1,2,4",4,1,0,alpha infrastructure private limited,aalphaa inphraasttrkcr praiveett limittedd,9.230769230769226,74.35897435897436,65.12820512820514,True,False,True,True,False,False,True
S1-113541174,S2-774328276,Alpha Infrastructure Private Limited,ఆల్ఫా ఇన్‌ఫ్రాస్ట్రక్చర్ ప్రైవేట్ లిమిటెడ్,"Block-Q4, Flat No.A1&A2, 2Nd Level, Cyber Towers, Hitech City, Shaikpet, Hyderabad, Telangana","BLOCK-Q4, HYDERABAD, Telangana",0.0,0.25,"1,2,4",4,1,0,alpha infrastructure private limited,aalphaa inphraasttrkcr praiveett limittedd,9.230769230769226,74.35897435897436,65.12820512820514,True,False,True,True,False,False,True
S1-534902259,S2-42883138,Sky It Private Limited,स्काई आईटी प्राइवेट लिमिटेड,"Varanasi, Uttar Pradesh, Block No. 1 Krishna Bag Apartment, Lanka, Plot No. 1, Varanasi","1, VARANASI, Uttar Pradesh",0.0,0.3636363636363636,1,1,1,0,sky it private limited,skaaii aaiittii praaivett limittedd,13.043478260869565,66.66666666666667,53.62318840579711,True,False,True,True,False,False,False
S1-751806208,S2-428422408,Itech Hospitality LLP,Itech LLP Sérvices,"No. 472/7 Balaji Arcade, A.V.S. Compound Layout, Bangalore South, Bangalore, Karnataka",,0.5,0.0,"472,7",,0,1,itech hospitality llp,itech llp services,66.66666666666666,66.66666666666666,0.0,True,True,True,False,False,True,False
S1-954425692,S2-947816259,Tech Industries Private Limited,टेक इंडस्ट्रीज प्राइवेट लिमिटेड,"H.No 1-A, Sainik Enclave, Crpf Camp, New Delhi, South West Delhi, Delhi","H.NO 1-A, SOUTH WEST DELHI, PINDWALA KALAN, Delhi",0.0,0.5,1,1,1,0,tech industries private limited,ttek inddsttriij praaivett limittedd,11.111111111111114,71.64179104477613,60.53067993366501,True,False,True,True,True,False,True
S1-330163241,S2-939509143,Laxmi Estate Private Limited,लक्ष्मी एस्टेट प्राइवेट लिमिटेड,"Block-E/12A01, Celebrity Greens, Sushant Golf City Ansal Api, Sultanpur Road, Lucknow, Uttar Pradesh","BLOCK-E/12A01, LUCKNOW, Uttar Pradesh",0.0,0.4,"01,12","01,12",2,0,laxmi estate private limited,lkssmii esttett praaivett limittedd,12.0,73.01587301587303,61.01587301587303,True,False,True,True,False,False,True
S1-755064181,S2-85004772,New & Sons Co,New [and],"9E Jagannath Puri, Kalwar Road Opp Bank Of Maharashtra, Jhotwara, Jaipur, Rajasthan",,0.5,0.0,9,,0,1,new and sons co,new and,100.0,100.0,0.0,False,True,False,False,False,True,True
S1-87067399,S2-277479426,Shubham & Co,Mr SHUBHAM CO [CENTER],"43A, Chennai.., Chennai, Tamil Nadu, Bazalullah Roadt.Nagar Chennai..",,0.4,0.0,43,,0,1,shubham and co,mr shubham co center,83.33333333333333,83.33333333333333,0.0,False,True,False,False,False,False,True
S1-525421030,S2-758702654,Swastik Products Private Limited,स्वस्तिक प्रोडक्ट्स प्राइवेट लिमिटेड,"Madhya Pradesh, Indore, 05-A Kailash Park","H.NO B3/05-A KAILASH PARK, INDORE, KALANINAGAR, मध्य प्रदेश",0.0,0.3125,05,"05,3",1,0,swastik products private limited,svstik proddktts praaivett limittedd,10.34482758620689,76.47058823529412,66.12576064908723,True,False,True,True,False,False,True
S1-917194349,S2-324330512,Grand Organics Private Limited,Pbrmvate Grand Organics Limited,"South West Delhi, New Delhi, Mlu Pocket, Manish Locatn Plaza Sec12, Delhi, G-2 Plot No.1","HN 357 G-2 PLOT NO.1, NEWDELHI, SOUTH WEST DELHI, Delhi",0.6,0.4444444444444444,"1,12,2","1,2,357",2,0,grand organics private limited,pbrmvate grand organics limited,95.08196721311477,95.08196721311477,0.0,False,False,False,True,False,True,True
S1-959688076,S2-860155773,Ace Maa Estate Private Limited,एस मां एस्टेट प्राइवेट लिमिटेड,"Safdarjung Enclave, Delhi, New Delhi, B1/14 Lgf","BA-1/14 LGF, DIVREPORTINGCIRCLE, NEW DELHI, दिल्ली",0.0,0.3333333333333333,"1,14","1,14",2,0,ace maa estate private limited,es maan esttett praaivett limittedd,17.02127659574468,76.92307692307692,59.90180032733224,True,False,True,True,False,False,True
S1-28610207,S2-486630314,Gujarat Solutions Private Limited,-- GUJARAT  SOLUTIONS PRIVATE LTD,"Delhi, K - Block, Phase - Ii Gopal Nagar, Najafgarh, R-226, West Delhi","R-226, DELHI, WEST DELHI, Delhi",0.6,0.3636363636363636,226,226,1,0,gujarat solutions private limited,gujarat solutions private ltd,93.5483870967742,93.5483870967742,0.0,False,False,False,True,False,True,True
S1-813559065,S2-640548297,Seven Properties Private Limited,सेवन प्रॉपर्टीज प्राइवेट लिमिटेड,"701, Gorai Divine Light Chs Ltd, Plot No:22, Opp Gorai Bus D Epot, Gorai-1, Borivali(West), Mumbai, Maharashtra","MUMBAI, Maharashtra, BORIVALI(WEST), 701",0.0,0.2777777777777778,"1,22,701",701,1,0,seven properties private limited,sevn pronprttiij praaivett limittedd,10.714285714285708,76.47058823529412,65.75630252100841,True,False,True,True,False,False,True
S1-580866629,S2-750975759,Anand Finance Pvt Ltd,आनंद फाइनेंस प्रा. लि.,"A25, Shubhankar, Near Kothrud Telephone Exchange, Kothrud, Pune, Maharashtra","AD/25, KOTHRUD, PUNE, महाराष्ट्र",0.0,0.1428571428571428,25,25,1,0,anand finance pvt ltd,aannd phaainens praa li,15.789473684210533,54.54545454545454,38.75598086124401,True,False,True,True,False,False,False
S1-531012885,S2-382802071,Life Foods,लाइफ फूड्स,"B-177 Block-B, Okhla Industrial Area, Phase-I, New Delhi, South Delhi, Delhi","दिल्ली, NEW DELHI, B-77 BLOCK-B, SOUTH DELHI",0.0,0.3571428571428571,177,77,0,0,life foods,laaiph phuudds,10.0,41.66666666666666,31.666666666666664,True,False,True,False,False,False,False
S1-495576398,S2-786236306,Kamal & Brothers Private Limited,KAMAL & BROTHERS PRIVATE (LTD),"Room No.44, 200/206, 202 Chintamani Building, Kika Street, Gulalwadi, Mumbai, Mumbai City, Maharashtra",,0.6666666666666666,0.0,"200,202,206,44",,0,1,kamal and brothers private limited,kamal and brothers private ltd,93.75,93.75,0.0,False,True,False,False,False,True,True
S1-747807616,S2-86983969,High Great Developers,HIGH GREAT SERVICES,"2, Bhaktinagar Station Plot, Rajkot, Gujarat",,0.5,0.0,2,,0,1,high great developers,high great services,75.0,75.0,0.0,False,True,False,False,False,True,True
S1-747807616,S2-83571338,High Great Developers,હાઇ ગ્રેટ ડેવલપર્સ,"2, Bhaktinagar Station Plot, Rajkot, Gujarat","DOOR NO 373 2, BHAKTINAGAR STATION PLOT, RAJKOT, ગુજરાત",0.0,0.4166666666666667,2,"2,373",1,0,high great developers,haai grett ddevlprs,10.256410256410264,75.0,64.74358974358974,True,False,True,True,False,False,True
S1-698671058,S2-510428299,Eco & Associates Pvt Ltd,Eco Associates Pvt Ltd Service,"B-1090 (Basement) G D Colony Mayur Vihar Phase-Iii, New Delhi, East Delhi, Delhi",,0.6666666666666666,0.0,1090,,0,1,eco and associates pvt ltd,eco associates pvt ltd service,91.66666666666669,91.66666666666669,0.0,False,True,False,False,False,True,True
S1-596111693,S2-260742329,Mumbai Technologies,Mumbai Technologies Trading,"Floor-1, Plot -68, Stretchlon House, Sheriff Devji Street, Chakala Market, Ma, Ndvi, Mumbai, Mumbai City, Maharashtra",,0.6666666666666666,0.0,"1,68",,0,1,mumbai technologies,mumbai technologies trading,100.0,100.0,0.0,False,True,False,False,False,True,True
S1-43664897,S2-264356200,Perfect Technology Limited,ಪರ್ಫೆಕ್ಟ್ ಟೆಕ್ನಾಲಜಿ ಲಿಮಿಟೆಡ್,"Varanashi, No.35/A31Stacross, 7Thblock, Jayanagar, Bangalore, Flatno.401, Karnataka, Bangalore","H.NO 401, BANGALORE, Karnataka",0.0,0.3636363636363636,"31,35,401,7",401,1,0,perfect technology limited,prphektt tteknaalji limittedd,8.888888888888886,61.81818181818182,52.92929292929293,True,False,True,True,False,False,False
S1-721066097,S2-436144473,Good Business Private Limited,குட் பிசினஸ் பிரைவேட் லிமிடெட்,"Vellore, No. 11, Sidco Industrial Estate M.R. Puram, Tamil Nadu, Ranipet","NO. 11, VELLORE, தமிழ்நாடு",0.0,0.1875,11,11,1,0,good business private limited,kutt picinnns piraiveett limittett,12.765957446808514,53.968253968253975,41.20229652144546,True,False,True,True,False,False,False
S1-53921396,S2-528001244,Seven Life Investments Private Limited,সেভেন লাইফ ইনভেস্টমেন্টস প্রাইভেট লিমিটেড,"Flat No 1A, Jutika Appratment 11/1 Sunny Park, Kolkata, Howrah, West Bengal","H.NO 1A, KOLKATA, HOWRAH, West Bengal",0.0,0.4285714285714285,"1,11",1,1,0,seven life investments private limited,sebhen laaiph inbhesttmentts praaibhett limittedd,11.267605633802816,71.26436781609196,59.996762182289146,True,False,True,True,False,False,True
S1-552438833,S2-345870688,DQ Buildcon LLP,DQ LLP Services,"No.65, Urdu School Javad Tal Sakri, Dist Dhule Adinath Nagar, Nizampur, Dhule, Maharashtra",,0.5,0.0,65,,0,1,dq buildcon llp,dq llp services,60.0,60.0,0.0,False,True,False,False,False,True,False
S1-885988565,S2-42745275,Smart Logistics Private Limited,સ્માર્ટ લોજિસ્ટિક્સ પ્રાઇવેટ લિમિટેડ,"Gujarat, Surat, Plot No.82, Surat, 1St Flr, Shop-1034-35, 1051 To 53 Anmol Textile Market, Anjana Road, Nr Silk, Plaza Mkt","Gujarat, SURAT, 82/6",0.0,0.1304347826086956,"1,1034,1051,35,53,82","6,82",1,0,smart logistics private limited,smaartt lojisttiks praaivett limittedd,11.764705882352942,78.26086956521739,66.49616368286445,True,False,True,True,False,False,True
S1-720486201,S2-176738956,Shree Engineering Private Limited,श्री इंजीनियरिंग प्राइवेट लिमिटेड,"Ff 5-B, First Floor, Mansarover Complex, Huzur, Bhopal, Madhya Pradesh","PLOT 991 FF 5-B, HUZUR, Madhya Pradesh",0.0,0.4615384615384615,5,"5,991",1,0,shree engineering private limited,shrii injiiniyring praaivett limittedd,10.0,70.4225352112676,60.4225352112676,True,False,True,True,False,False,True
S1-604205948,S2-862407784,Shree Marketing Pvt Ltd,શ્રી માર્કેટિંગ પ્રા. લિ.,"201, 2Nd Floor, Royal Arcade, Dongare Wadi, Varachha Road., Surat, Gujarat","201, SURAT, Gujarat",0.0,0.2727272727272727,"2,201",201,1,0,shree marketing pvt ltd,shrii maarketting praa li,15.78947368421052,70.83333333333333,55.04385964912281,True,False,True,True,False,False,True
S1-818414913,S2-850273819,Adway Security Private Limited,ADWAY SECURITY PRIVATE,"11/13, Rupa Sadan, Malhar Wadi, 3Rd Floor Dadisheth Agyari Lane, Mumbai, Mumbai City, Maharashtra",,0.75,0.0,"11,13,3",,0,1,adway security private limited,adway security private,100.0,100.0,0.0,False,True,False,False,False,True,True
S1-256093986,S2-874005889,Pioneer Projects LLP,पायोनियर प्रोजेक्ट्स एलएलपी,"113, Foor-1, Plot-9A/B, Mauli Jaganathrao Bhatankar Marg, Vani Chawl, Parel, Mumbai, Mumbai City, Maharashtra","B3/113, MUMBAI, GANESHPURI, Maharashtra",0.0,0.1666666666666666,"1,113,9","113,3",1,0,pioneer projects llp,paayoniyr projektts elelpii,9.090909090909092,68.08510638297872,58.99419729206963,True,False,True,True,False,False,False
S1-256093986,S2-280297282,Pioneer Projects LLP,पायोनियर Projects एलएलपी,"113, Foor-1, Plot-9A/B, Mauli Jaganathrao Bhatankar Marg, Vani Chawl, Parel, Mumbai, Mumbai City, Maharashtra","B3/113, MUMBAI, GANESHPURI, महाराष्ट्र",0.125,0.0909090909090909,"1,113,9","113,3",1,0,pioneer projects llp,paayoniyr projects elelpii,57.142857142857146,73.91304347826087,16.77018633540373,True,False,True,True,False,False,True
S1-98835800,S2-660368284,Good Consultancy Pvt Ltd,குட் கன்சல்டன்சி பிரைவேட் லிமிடெட்,"Tamil Nadu, Sriperumbudur, No.2, Kanchipuram, Sathyavani Muthu Street","NO.#2, SRIPERUMBUDUR, Tamil Nadu",0.0,0.5555555555555556,2,2,1,0,good consultancy pvt ltd,kutt knnnclttnnnci piraiveett limittett,12.5,41.26984126984127,28.769841269841272,True,False,True,True,True,False,False
S1-884340209,S2-898384081,Sree Care Private Limited,5ree Care Pcefve Limited,"Rajkot, Plot 200, Sukhsagar Society-11, Near Angan Residency, 150 Ft Ring Road, Gujarat, Vinayak, Rajkot","VINAYAK, RAJKOT, ગુજરાત",0.3333333333333333,0.1111111111111111,"11,150,200",,0,0,sree care private limited,5ree care pcefve limited,81.63265306122449,81.63265306122449,0.0,False,False,False,False,False,False,True
S1-362199029,S2-544672198,Star Balaji Solutions Private Limited,स्टार Balaji सॉल्यूशंस प्राइवेट लिमिटेड,"402, Yashshree Building, Nr Guru Nanak Hosp Bkc, Mumbai, Maharashtra","402, MUMBAI, BANDRA, Maharashtra",0.0666666666666666,0.2727272727272727,402,402,1,0,star balaji solutions private limited,sttaar balaji sonlyuushns praaivett limittedd,36.36363636363637,78.04878048780488,41.68514412416851,True,False,True,True,False,False,True
S1-991474333,S2-186148511,Black Consultants Private Limited,ब्लैक कंसल्टेंट्स प्राइवेट लिमिटेड,"B-88, Gulab Bagh, Matiala Road Uttam Nagar, New Delhi, West Delhi, Delhi","NEW DELHI, WEST DELHI, Delhi, B-90",0.0,0.3333333333333333,88,90,0,0,black consultants private limited,blaik knslttentts praaivett limittedd,10.714285714285708,74.28571428571429,63.57142857142858,True,False,True,False,False,False,True
S1-135552536,S2-608474103,Green Builders Private Limited,গ্রীন বিল্ডার্স প্রাইভেট লিমিটেড,"Howrah, Kolkata, 7/B, Crematorium St, Kolkata, West Bengal","KOLKATA, West Bengal, ##7/B, DUM DUM",0.0,0.5555555555555556,7,7,1,0,green builders private limited,griin bilddaars praaibhett limittedd,11.538461538461531,69.6969696969697,58.15850815850817,True,False,True,True,True,False,False
S1-178408264,S2-434844180,Southern Healthcare,સધર્ન હેલ્થકેર,"I 104, 148 Lig Flats, Nr. Gajanand Park, Gotri Rd, Vadodara (M Corp Og), Vadodara, Gujarat","I 104, BARODA, VADODARA, Gujarat",0.0,0.25,"104,148",104,1,0,southern healthcare,sdhrn helthker,6.060606060606062,66.66666666666667,60.60606060606061,True,False,True,True,False,False,False
S1-205948925,S2-348475936,Ss Marketing Private Limited,एसएस मार्केटिंग प्राइवेट लिमिटेड,"43, Shop No.-8 (307A), 3Rd/F, Veer Sawarkar Block, Vikash Marg, Sharkarpur, Opp-Metro Pill-55, East Delhi, Delhi","43, EAST DELHI, PREET VIHAR, Delhi",0.0,0.1428571428571428,"3,307,43,55,8",43,1,0,ss marketing private limited,eses maarketting praaivett limittedd,11.764705882352942,81.25,69.48529411764706,True,False,True,True,False,False,True
S1-544888717,S2-106929908,Premier Trading Private Limited,ಪ್ರೀಮಿಯರ್ ಟ್ರೇಡಿಂಗ್ ಪ್ರೈವೇಟ್ ಲಿಮಿಟೆಡ್,"No.257, 9Th A Main 3Rd Block, Jayanagar, Bangalore, Karnataka","Karnataka, H.NO #257, JAYANAGAR, BANGALORE",0.0,0.4545454545454545,"257,3,9",257,1,0,premier trading private limited,priimiyr ttreedding praiveett limittedd,12.244897959183676,74.28571428571429,62.04081632653062,True,False,True,True,False,False,True
S1-499631520,S2-243089920,My Energy Private Limited,माय एनर्जी प्राइवेट लिमिटेड,"C/O, Mr. Ram Dhan, 304, Karamchari Nagar, Gali No. 6, Bareilly, Izzat Nagar, Bareilly, Uttar Pradesh","C/O, BAREILLY, Uttar Pradesh",0.0,0.3333333333333333,"304,6",,0,0,my energy private limited,maay enrjii praaivett limittedd,12.765957446808514,71.42857142857143,58.66261398176292,True,False,True,False,False,False,True
S1-714481369,S2-203502281,Bake & Brothers Limited,Bake + Brothers [Ltd],"Bangalore, 26 Coles Road Bangalore, Karnataka, Bangalore",,0.4,0.0,26,,0,1,bake and brothers limited,bake brothers ltd,86.66666666666667,86.66666666666667,0.0,False,True,False,False,False,False,True
S1-434659562,S2-508064259,Bangalore North Exports Private Limited,Bangalore North Exports,"Hustle Space Co-Work, Bangalore, Bangalore North, Karnataka, No 1, K No.3316, Ground And 1St Floor, Ayana Tree Building, Dasarahalli Main Road",,0.6,0.0,"1,3316",,0,1,bangalore north exports private limited,bangalore north exports,100.0,100.0,0.0,False,True,False,False,False,True,True
S1-609575608,S2-211572020,Sakshi Allied,SAKSHI (SERVICE),"1/67Wazir Hasan Road Lucknow, Uttar Pradessh, Lucknow, Uttar Pradesh",,0.3333333333333333,0.0,"1,67",,0,1,sakshi allied,sakshi service,66.66666666666667,66.66666666666667,0.0,False,True,False,False,False,False,False
S1-740386477,S2-988417665,South Software Private Limited,সাউথ সফটওয়্যার প্রাইভেট লিমিটেড,"Rawdon Street Shubham''10Th Floor, Roomno.-1004, Kolkata, West Bengal, Howrah, Kolkata, 1","PLOT B3/164 1, HOWRAH, West Bengal",0.0,0.2666666666666666,"1,10,1004","1,164,3",1,0,south software private limited,saauth sphttoy yaar praaibhett limittedd,10.526315789473683,62.85714285714285,52.33082706766917,True,False,True,True,False,False,False
S1-740386477,S2-138421814,South Software Private Limited,সাউথ সফটওয়্যার প্রাইভেট লিমিটেড,"Rawdon Street Shubham''10Th Floor, Roomno.-1004, Kolkata, West Bengal, Howrah, Kolkata, 1","PLOT B3/164 1, HOWRAH, West Bengal",0.0,0.2666666666666666,"1,10,1004","1,164,3",1,0,south software private limited,saauth sphttoy yaar praaibhett limittedd,10.526315789473683,62.85714285714285,52.33082706766917,True,False,True,True,False,False,False
S1-740386477,S2-108898330,South Software Private Limited,সাউথ সফটওয়্যার প্রাইভেট লিমিটেড,"Rawdon Street Shubham''10Th Floor, Roomno.-1004, Kolkata, West Bengal, Howrah, Kolkata, 1","CALCUTTA, West Bengal, PLOT B3/164 1, HOWRAH",0.0,0.25,"1,10,1004","1,164,3",1,0,south software private limited,saauth sphttoy yaar praaibhett limittedd,10.526315789473683,62.85714285714285,52.33082706766917,True,False,True,True,False,False,False
S1-293942648,S2-57266371,All Classic Care Private Limited,ఆల్ క్లాసిక్ కేర్ ప్రైవేట్ లిమిటెడ్,"H. No. 8-2-248/A/5, Plot No. 26, Sri Venkateswara- Hills Colony, Road No. 3, Banjara Hills, Hyderabad, Telangana","H. NO. 9-8-2-248/A/5, HYDERABAD, Telangana",0.0,0.4736842105263157,"2,248,26,3,5,8","2,248,5,8,9",4,0,all classic care private limited,aal klaasik keer praiveett limittedd,15.384615384615389,67.64705882352942,52.26244343891403,True,False,True,True,False,False,False
S1-293942648,S2-23823827,All Classic Care Private Limited,ఆల్ క్లాసిక్ Care ప్రైవేట్ లిమిటెడ్,"H. No. 8-2-248/A/5, Plot No. 26, Sri Venkateswara- Hills Colony, Road No. 3, Banjara Hills, Hyderabad, Telangana","9-8-2-248/A/5, HYDERABAD, Telangana",0.0666666666666666,0.3684210526315789,"2,248,26,3,5,8","2,248,5,8,9",4,0,all classic care private limited,aal klaasik care praiveett limittedd,28.070175438596493,76.47058823529412,48.40041279669762,True,False,True,True,False,False,True
S1-503378587,S2-324465568,Tech Solutions Pvt Ltd,ಟೆಕ್ ಸೊಲ್ಯೂಷನ್ಸ್ ಪ್ರೈವೇಟ್ ಲಿಮಿಟೆಡ್,"9/1, K.No. 132, 2Nd Cross Green Garden, Layout Kundanhalli Gate, Bangalore, Karnataka","9/1, BANGALORE, Karnataka",0.0,0.2857142857142857,"1,132,2,9","1,9",2,0,tech solutions pvt ltd,ttek solyuussns praiveett limittedd,13.63636363636364,59.64912280701755,46.01275917065391,True,False,True,True,False,False,False
S1-931166453,S2-985784229,Supreme Software LLP,सुप्रीम सॉफ्टवेयर एलएलपी,"Janpath, Delhi","JNPATH, JANPATH, DELHI CONNAUGHT PLACE, Delhi",0.0,0.4,,,0,0,supreme software llp,supriim sonphttveyr elelpii,9.756097560975604,59.57446808510638,49.81837052413078,True,False,True,False,False,False,False
S1-952898857,S2-132949056,Shivam Global Private Limited,शिवम ग्लोबल प्राइवेट लिमिटेड,"H.No 1311 Urban Estate, Jind, Haryana","#311 URBAN ESTATE, JIND, हरियाणा",0.0,0.2727272727272727,1311,311,0,0,shivam global private limited,shivm globl praaivett limittedd,11.320754716981128,83.33333333333334,72.01257861635222,True,False,True,False,False,False,True
S1-718699703,S2-622415654,Sds Services Private Limited,ssprivate.com,"Wz 18, No. 51, Radhey Krishan Building, Manohar Park, Ashoka Park Main Metro Stn., Opp. Pillar, Delhi, New Delhi","WZ 0018, NO. 51, दिल्ली",0.0,0.15,"18,51","0018,51",1,0,sds services private limited,ssprivate com,53.65853658536586,53.65853658536586,0.0,False,False,False,True,False,False,False
S1-579731951,S2-311926665,Unique Software Private Limited,യുണീക്ക് സോഫ്റ്റ്‌വെയർ പ്രൈവറ്റ് ലിമിറ്റഡ്,"Door No.D 6, Pillaveedu Nagar, Kesavadasapuram Pattom P.O, Kerala, Thiruvananthapuram, Trivandrum","DOR NO.D 6, THIRUVANANTHAPURAM, TRIVANDRUM, Kerala",0.0,0.4285714285714285,6,6,1,0,unique software private limited,yunniikk soophrrrrvey praivrrrr limirrrrdd,9.836065573770496,52.05479452054795,42.21872894677745,True,False,True,True,False,False,False
S1-605465565,S2-620107716,Black Business Private Limited,Black Business Preiavote Limited,"Uttar Pradesh, A-7/98, Ghaziabad, G.T. Road, Industrial Area, South Side, Roza Yakubpur",,0.6,0.0,"7,98",,0,1,black business private limited,black business preiavote limited,93.5483870967742,93.5483870967742,0.0,False,True,False,False,False,True,True
S1-719007935,S2-461592271,All Food Limited,অল ফুড লিমিটেড,"Simplex House, Ground Floor 27, Shakespeare Sarani, Kolkata, Howrah, West Bengal","PLOT 582 SIMPLEX HOUSE, HOWRAH, KOLKATA, West Bengal",0.0,0.4615384615384615,27,582,0,0,all food limited,al phudd limittedd,14.285714285714292,70.58823529411764,56.30252100840335,True,False,True,False,False,False,True
S1-719007935,S2-494292672,All Food Limited,অল ফুড লিমিটেড,"Simplex House, Ground Floor 27, Shakespeare Sarani, Kolkata, Howrah, West Bengal","PLOT 582 SIMPLEX HOUSE, KOLKATA, HOWRAH, West Bengal",0.0,0.4615384615384615,27,582,0,0,all food limited,al phudd limittedd,14.285714285714292,70.58823529411764,56.30252100840335,True,False,True,False,False,False,True
S1-314905960,S2-622044053,Holani Investment LLP,H0lani Investment,"A/1305, Akruti Elegance 90 Road Gawan Pada Ande, Mumbai, Maharashtra","A/1305, GREATER MUMBAI, MUMBAI, महाराष्ट्र",0.25,0.1875,"1305,90",1305,1,0,holani investment llp,h0lani investment,84.21052631578948,84.21052631578948,0.0,False,False,False,True,False,False,True
S1-119693886,S2-52928194,Lotus Media Private Limited,लोटस मीडिया प्राइवेट लिमिटेड,"Plot No.14, Kh.No. 25/22, 2Nd Floor, Vill. Jharoda Majra Burari No 10, Sangam Vihar, Delhi, North Delhi, Delhi","PLOT NO.14., NORTH DELHI, दिल्ली",0.0,0.2631578947368421,"10,14,2,22,25",14,1,0,lotus media private limited,lotts miiddiyaa praaivett limittedd,13.043478260869565,74.19354838709677,61.150070126227206,True,False,True,True,False,False,True
S1-553330268,S2-105389153,Tech Care Private Limited,Tech Care প্রাইভেট লিমিটেড,"41, Jeliapara Lane, Po Salkia, Lp 57/16, Howrah, Howrah, West Bengal",,0.1818181818181818,0.0,"16,41,57",,0,1,tech care private limited,tech care praaibhett limittedd,54.54545454545455,80.0,25.454545454545453,True,True,True,False,False,False,True
S1-886399476,S2-898648993,Seven Producer Limited,SEVEN PRODUCER,"Kp Iv/157 Villa Razan Vadakkumbhagom Kazakuttom, Thiruvananthapuram, Trivandrum, Kerala",,0.6666666666666666,0.0,157,,0,1,seven producer limited,seven producer,100.0,100.0,0.0,False,True,False,False,False,True,True
S1-87483291,S2-973857935,Eastern Impex Private Limited,ईस्टर्न इम्पेक्स प्राइवेट लिमिटेड,"Office No C-101, Big Splash, Plot 78-79, Vashi, Thane, Maharashtra","BLOCK D-41  OFFICE NO C-101, THANE, Maharashtra",0.0,0.4,"101,78,79","101,41",1,0,eastern impex private limited,iisttrn impeks praaivett limittedd,10.34482758620689,73.01587301587303,62.67104542966614,True,False,True,True,False,False,True
S1-641459048,S2-628199986,Patna Hospital Private Limited,Patna Prívate Limited Services,"Nepali Nagar, Chandra Vihar Colony Khajpura, Patna, Bihar",,0.3333333333333333,0.0,,,0,1,patna hospital private limited,patna private limited services,66.66666666666667,82.35294117647058,15.686274509803908,True,True,True,False,False,False,True
S1-859540597,S2-847758613,Arihant Consultants Private Limited,अरिहंत कंसल्टेंट्स प्राइवेट लिमिटेड,"S No 86/1/1/2, Pune, Maharashtra, Sahakar Nagar 2 B 503 9 Green Park, Pune","S NO 86/1/1/2, PUNE, महाराष्ट्र",0.0,0.3333333333333333,"1,2,503,86,9","1,2,86",3,0,arihant consultants private limited,arihnt knslttentts praaivett limittedd,9.523809523809518,76.7123287671233,67.18851924331378,True,False,True,True,False,False,True
S1-663907539,S2-329808360,Tulip Social Private Limited,Private Tulip Scomal Limited,"52/5, Strand Road Ground Floor, Kolkata, Howrah, West Bengal","52/5, HOWRAH, KOLKATA, পশ্চিমবঙ্গ",0.6,0.2857142857142857,"5,52","5,52",2,0,tulip social private limited,private tulip scomal limited,92.85714285714286,92.85714285714286,0.0,False,False,False,True,False,True,True
S1-59494322,S2-943128703,Gold Tech Ltd,Gold Ltd Partners,"Sri Ranga Arcade, No 2, 2Nd Floor, Opp To Padmavati Kalyana Mantapa Madanayakanaha, Lli, Bangalore North, Bangalore, Karnataka",,0.5,0.0,2,,0,1,gold tech ltd,gold ltd partners,76.19047619047619,76.19047619047619,0.0,False,True,False,False,False,True,True
S1-605540109,S2-895107853,Southern Power Private Limited,ಸದರ್ನ್ ಪವರ್ ಪ್ರೈವೇಟ್ ಲಿಮಿಟೆಡ್,"#20, 1St Main, Bangalore North, Bangalore, Karnataka","BANGALORE NORTH, #20, NAGARABAVI, Karnataka, 1ST MAIN",0.0,0.8571428571428571,"1,20","1,20",2,0,southern power private limited,sdrn pvr praiveett limittedd,11.320754716981128,68.96551724137932,57.64476252439819,True,False,True,True,True,False,False
S1-605540109,S2-106434518,Southern Power Private Limited,ಸದರ್ನ್ ಪವರ್ ಪ್ರೈವೇಟ್ ಲಿಮಿಟೆಡ್,"#20, 1St Main, Bangalore North, Bangalore, Karnataka","1ST MAIN, NO 20, NAGARABAVI, ಕರ್ನಾಟಕ, BANGALORE NORTH",0.0,0.4545454545454545,"1,20","1,20",2,0,southern power private limited,sdrn pvr praiveett limittedd,11.320754716981128,68.96551724137932,57.64476252439819,True,False,True,True,False,False,False
S1-605540109,S2-157302817,Southern Power Private Limited,ಸದರ್ನ್ ಪವರ್ ಪ್ರೈವೇಟ್ ಲಿಮಿಟೆಡ್,"#20, 1St Main, Bangalore North, Bangalore, Karnataka","#20, BANGALORE NORTH, NAGARABAVI, Karnataka",0.0,0.5714285714285714,"1,20",20,1,0,southern power private limited,sdrn pvr praiveett limittedd,11.320754716981128,68.96551724137932,57.64476252439819,True,False,True,True,True,False,False
S1-605540109,S2-127438185,Southern Power Private Limited,ಸದರ್ನ್ ಪವರ್ ಪ್ರೈವೇಟ್ ಲಿಮಿಟೆಡ್,"#20, 1St Main, Bangalore North, Bangalore, Karnataka","NAGARABAVI, #20, BANGALORE NORTH, ಕರ್ನಾಟಕ, 1ST MAIN",0.0,0.5,"1,20","1,20",2,0,southern power private limited,sdrn pvr praiveett limittedd,11.320754716981128,68.96551724137932,57.64476252439819,True,False,True,True,True,False,False
S1-415675143,S2-362592392,Rowland Holdings,ROWLAND LIMITED,"Faridabad, Haryana, 3B-4, B.P., Nit-3., Faridabad","B-4, B.P., NIT-3., FARCDABAD, हरियाणा",0.3333333333333333,0.4166666666666667,"3,4","3,4",2,0,rowland holdings,rowland limited,64.51612903225806,64.51612903225806,0.0,False,False,False,True,False,False,False
S1-556390144,S2-20920655,Lok Vidyalaya,LOK VNLYCTAYA,"W-19, Near Hanuman Mandir, Kaurihar Chowk Raxaul, Raxaul, East Champaran, Bihar",,0.3333333333333333,0.0,19,,0,1,lok vidyalaya,lok vnlyctaya,69.23076923076923,69.23076923076923,0.0,False,True,False,False,False,False,False
S1-984188814,S2-230146397,Universal Logistics Limited,यूनिवर्सल लॉजिस्टिक्स लिमिटेड,"B-3/3, First Floor Safdarjung Enclave, Delhi, South Delhi, Delhi","HN 248 B-3/3, DELHI, SOUTH DELHI, Delhi",0.0,0.4,3,"248,3",1,0,universal logistics limited,yuunivrsl lonjisttiks limittedd,8.0,79.3103448275862,71.3103448275862,True,False,True,True,False,False,True
S1-409004389,S2-177753927,Esteem Developers Private Limited,Limited Esteem Private Service,"901, Aashray Heights, Cts 407, 4Th Road, Jay Prakash Nagar, Near Goregaon Gymkhana, Goregaon East, Mumbai, Maharashtra","90, GOREGAON EAST, Maharashtra",0.6,0.1764705882352941,"4,407,901",90,0,0,esteem developers private limited,limited esteem private service,84.61538461538461,84.61538461538461,0.0,False,False,False,False,False,True,True
S1-533208995,S2-3289166,IUD Services Private Limited,IUD Svise Private Limited,"Flat No. 7 Madhu Malti Apts. S.No. 96/97/2, Plot No. 179, Bhusari Colony, Paud Road, Kothrud, Pune, Maharashtra",,0.6,0.0,"179,2,7,96,97",,0,1,iud services private limited,iud svise private limited,90.56603773584906,90.56603773584906,0.0,False,True,False,False,False,True,True
S1-82774659,S2-997575608,Adp & Partners,Adp Partners Center,"B8 Block B Sector 2, Noida, Gautam Buddha Nagar, Uttar Pradesh","NO. B3/568 B8 BLOCK B SECTOR 2, NOIDA, Uttar Pradesh",0.5,0.5714285714285714,"2,8","2,3,568,8",2,0,adp and partners,adp partners center,85.71428571428571,85.71428571428571,0.0,False,False,False,True,True,True,True
S1-632568392,S2-327511231,Elite & Associates Private Limited,Private Elite & Associates Ltd,"201, Aggarwal Mayur Plaza, Plot No-7 Lsc-1, Kondli Gharoli, Mixed Housing Sec, Tor, Delhi, East Delhi, Delhi","DELHI, EAST DELHI, B3/201",0.6666666666666666,0.1666666666666666,"1,201,7","201,3",1,0,elite and associates private limited,private elite and associates ltd,94.11764705882354,94.11764705882354,0.0,False,False,False,True,False,True,True
S1-237507119,S2-670914754,Golden Agro Private Limited,Agro Golden Golden Private,"B-01, Natasha Residency-1 Opp. Swaminarayan Nagar, Nizampura, Vadodara, Gujarat","B-01, TARSALI, ગુજરાત",0.75,0.1333333333333333,"01,1",01,1,0,golden agro private limited,agro golden golden private,100.0,100.0,0.0,False,False,False,True,False,True,True
S1-237507119,S2-363310510,Golden Agro Private Limited,ગોલ્ડન એગ્રો પ્રાઇવેટ લિમિટેડ,"B-01, Natasha Residency-1 Opp. Swaminarayan Nagar, Nizampura, Vadodara, Gujarat","TARSALI, Gujarat, B-01",0.0,0.25,"01,1",01,1,0,golden agro private limited,golddn egro praaivett limittedd,12.244897959183676,79.3103448275862,67.06544686840253,True,False,True,True,False,False,True
S1-322693279,S2-38333391,Midland Trading Private Limited,Midland Trading,"305, 3Rd Floor, Bhanot Corner, Pamposh Enclave, Greater Kailash-1, New Delhi, South Delhi, Delhi",,0.5,0.0,"1,3,305",,0,1,midland trading private limited,midland trading,100.0,100.0,0.0,False,True,False,False,False,True,True
S1-939570303,S2-865500878,Uphar Agro Private Limited,Uphar  Agro Private,"D-7/6, Vasant Vihar, New Delhi, Delhi","D-7/6, VASANT VIHAR, Delhi",0.75,0.8571428571428571,"6,7","6,7",2,0,uphar agro private limited,uphar agro private,100.0,100.0,0.0,False,False,False,True,True,True,True
S1-172406031,S2-714736990,Shiva Foods Private Limited,शिवा फूड्स प्राइवेट लिमिटेड,"No. 1, Shree Ram Darshan Bldg., Plot No. 203A, Sion Ramraghukul Chsl, Sion Main Road, S, Ion East, Mumbai, Maharashtra","NO. 1, MUMBAI REGION, MUMBAI, Maharashtra",0.0,0.2105263157894736,"1,203",1,1,0,shiva foods private limited,shivaa phuudds praaivett limittedd,12.244897959183676,72.1311475409836,59.88624958179993,True,False,True,True,False,False,True
S1-10671999,S2-836994581,Pritam Entertainment Private Limited,*** pritamentertainment.com,"104 Sai Siddhi, Cts No. 562/3, Bhind Congress Bhavan, Shivaji Nagar, Pune, Maharashtra","00104 SAI SIDDHI, PUNE, CHAKAN, महाराष्ट्र",0.0,0.15,"104,3,562",00104,0,0,pritam entertainment private limited,pritamentertainment com,71.1864406779661,71.1864406779661,0.0,False,False,False,False,False,False,True
S1-448106428,S2-500592476,Digital Software Pvt Ltd,डिजिटल सॉफ्टवेयर प्रा. लि.,"Rajeev Nagar, Quarsi Opp Engineers Colony, Koli, Aligarh, Uttar Pradesh, Aligarh, 21, Uttar Pradesh","21, ALIGARH, उत्तर प्रदेश",0.0,0.125,21,21,1,0,digital software pvt ltd,ddijittl sonphttveyr praa li,13.043478260869568,53.84615384615385,40.80267558528428,True,False,True,True,False,False,False
S1-391455800,S2-389089816,Big Software LLP,बिग सॉफ्टवेयर एलएलपी,"Shop No. 6, Ground Floor L.S.C Block- L-1, Dda Flats, Kalkaji, New Delhi, South Delhi, Delhi","SHOP NO. D/6, SOUTH DELHI, NEW DELHI, दिल्ली",0.0,0.3157894736842105,"1,6",6,1,0,big software llp,big sonphttveyr elelpii,11.428571428571432,61.53846153846154,50.10989010989011,True,False,True,True,False,False,False
S1-273289590,S2-572765307,Bharat Tech Private Limited,ભારત ટેક પ્રાઇવેટ લિમિટેડ,"Gujarat, Vadodara, 416, Urban -2, Nr Priya Cinema, Opp. Akshar Pavillion, Bhayli Road, Vadodara","HN 0661 416, VADODARA, ગુજરાત",0.0,0.1111111111111111,"2,416","0661,416",1,0,bharat tech private limited,bhaart ttek praaivett limittedd,12.5,75.86206896551724,63.36206896551724,True,False,True,True,False,False,True
S1-873490513,S2-297092935,Ace International Limited,ಏಸ್ ಇಂಟರ್‌ನ್ಯಾಷನಲ್ ಲಿಮಿಟೆಡ್,"No.13, 4Th Cross, 1St Main Road Rmv 2Nd Stage, Dollars Colony, Bangalore, Karnataka","BANGALORE, NO.13, ಕರ್ನಾಟಕ",0.0,0.1764705882352941,"1,13,2,4",13,1,0,ace international limited,ees inttrnyaassnl limittedd,8.333333333333337,69.23076923076923,60.89743589743589,True,False,True,True,False,False,False
S1-147498543,S2-839277411,Eplus Technology Pvt Ltd,EPLUS TGHSOLOYG PVT LTD,"Gujarat, Surat, 3Rd Floor, Raghukul Market, Anjana, Shop - C/5248 To 5253",,0.6,0.0,"3,5248,5253",,0,1,eplus technology pvt ltd,eplus tghsoloyg pvt ltd,85.1063829787234,85.1063829787234,0.0,False,True,False,False,False,True,True
S1-346234098,S2-789592831,Sky Infotech Private Limited,ಸ್ಕೈ ಇನ್‌ಫೋಟೆಕ್ ಪ್ರೈವೇಟ್ ಲಿಮಿಟೆಡ್,"Building Nos. 2067/1, 2068/2, Abinay, East End Main Road, Jayanagar 9Th Block, Bangalore, Karnataka","#472 BUILDING NOS. 2067/1, BENGALURU, BANGALORE, ಕರ್ನಾಟಕ",0.0,0.238095238095238,"1,2,2067,2068,9","1,2067,472",2,0,sky infotech private limited,skai inphoottek praiveett limittedd,12.0,69.84126984126985,57.84126984126985,True,False,True,True,False,False,False
S1-346234098,S2-839434354,Sky Infotech Private Limited,ಸ್ಕೈ ಇನ್‌ಫೋಟೆಕ್ ಪ್ರೈವೇಟ್ ಲಿಮಿಟೆಡ್,"Building Nos. 2067/1, 2068/2, Abinay, East End Main Road, Jayanagar 9Th Block, Bangalore, Karnataka","#472 BUILIDNG NOS. 2067/1, BANGALORE, Karnataka",0.0,0.2777777777777778,"1,2,2067,2068,9","1,2067,472",2,0,sky infotech private limited,skai inphoottek praiveett limittedd,12.0,69.84126984126985,57.84126984126985,True,False,True,True,False,False,False
S1-391394133,S2-451605974,Great Enterprises Private Limited,ग्रेट एंटरप्राइजेज प्राइवेट लिमिटेड,"58, Pkt-E, Sector -1 Bawana Dsidc, New Delhi, Delhi","58, NEW DELHI, Delhi",0.0,0.3333333333333333,"1,58",58,1,0,great enterprises private limited,grett enttrpraaijej praaivett limittedd,10.0,75.0,65.0,True,False,True,True,False,False,True
S1-308482479,S2-900265194,Eastern International Consultants Limited,ಈಸ್ಟರ್ನ್ ಇಂಟರ್‌ನ್ಯಾಷನಲ್ ಕನ್ಸಲ್ಟೆಂಟ್ಸ್ ಲಿಮಿಟೆಡ್,"No 32/2B, Yelachenahalli, Kanakapura Main Road, Bangalore, Karnataka","49, BANGALORE, Karnataka",0.0,0.2,"2,32",49,0,0,eastern international consultants limited,iisttrn inttrnyaassnl knslttentts limittedd,8.333333333333329,69.04761904761905,60.71428571428572,True,False,True,False,False,False,False
S1-708671874,S2-417975505,Blue Logistics Limited,ब्लू लॉजिस्टिक्स लिमिटेड,"B 1/30, Basement Malviya Nagar, New Delhi, South Delhi, Delhi","B 1/30, NEW DELHI, SOUTH DELHI, दिल्ली",0.0,0.5454545454545454,"1,30","1,30",2,0,blue logistics limited,bluu lonjisttiks limittedd,10.810810810810809,79.16666666666667,68.35585585585586,True,False,True,True,True,False,True
S1-741364504,S2-192001688,Premier Traders Private Limited,PREMIER TRADERS PRIVATE LTD,"5-A/6, Road Number 1, I D A Nacharam, Hyderabad, Telangana","HN 930 5-A/6, ROAD NUMBER 1, I D A NACHARAM, HYDERABAD, Andhra Pradesh",0.6,0.6666666666666666,"1,5,6","1,5,6,930",3,0,premier traders private limited,premier traders private ltd,93.10344827586206,93.10344827586206,0.0,False,False,False,True,True,True,True
S1-741364504,S2-951015681,Premier Traders Private Limited,Premier Traders  Prgiae Limited,"5-A/6, Road Number 1, I D A Nacharam, Hyderabad, Telangana","HN 930 5-A/6, ROAD NUMBER 1, I D A NACHARAM, HYDERABAD, Andhra Pradesh",0.6,0.6666666666666666,"1,5,6","1,5,6,930",3,0,premier traders private limited,premier traders prgiae limited,95.08196721311477,95.08196721311477,0.0,False,False,False,True,True,True,True
S1-111510671,S2-182204090,San & Sons Private Limited,San & Sons,"10/11-2 Sro Road, Kottaram, Kanyakumari, Tamil Nadu",,0.6,0.0,"10,11,2",,0,1,san and sons private limited,san and sons,100.0,100.0,0.0,False,True,False,False,False,True,True
S1-837059692,S2-744710764,Shiv Industries Private Limited,शिव इंडस्ट्रीज प्राइवेट लिमिटेड,"Bihar, Phulwari, H/O Rk Sharan, The Coattg, E, Bangali Tola, Postal P, Patna","PHULWARI, H/O RK SHARFN, बिहार, PATNA",0.0,0.2777777777777778,,,0,0,shiv industries private limited,shiv inddsttriij praaivett limittedd,10.714285714285708,77.61194029850746,66.89765458422175,True,False,True,False,False,False,True
S1-704170887,S2-409007095,Apex Management Private Limited,Apex Management Private,"Flat No. 46, Bldg N 1/B, Vrindavankunj Chs Mittal, Vasai, Thane, Maharashtra",,0.75,0.0,"1,46",,0,1,apex management private limited,apex management private,100.0,100.0,0.0,False,True,False,False,False,True,True
S1-512183792,S2-8797011,City & Co Limited,Partners City Co Limited,"Door No 3-6-436, Naspur House Himayat Nagar, Hyderabad, Telangana","DOOR NO 3-6-436, HYDERABAD CITY REGION, HYDERABAD, Andhra Pradesh",0.6,0.4,"3,436,6","3,436,6",3,0,city and co limited,partners city co limited,88.23529411764706,88.23529411764706,0.0,False,False,False,True,False,True,True
S1-512183792,S2-904100948,City & Co Limited,Shri C.C0M,"Door No 3-6-436, Naspur House Himayat Nagar, Hyderabad, Telangana","HYDERABAD CITY REGION, DOOR NO 3-6-436, Andhra Pradesh, HYDERABAD",0.0,0.4,"3,436,6","3,436,6",3,0,city and co limited,shri c c0m,34.48275862068966,34.48275862068966,0.0,False,False,False,True,False,False,False
S1-84826138,S2-200528340,Shyam Services Limited,श्याम सर्विसेज लिमिटेड,"318, Infront Of Brij Jyoti Public School New Jiya Mau Colony, Lucknow, Uttar Pradesh","318, LUCKNOW, LUCKNOW I VIDHAN SABHA MARG, उत्तर प्रदेश",0.0,0.0869565217391304,318,318,1,0,shyam services limited,shyaam srvisej limittedd,9.523809523809518,82.6086956521739,73.08488612836439,True,False,True,True,False,False,True
S1-928448988,S2-859643882,Shyam Solutions Pvt Ltd,Ltd 5hyam Pvt Sérvices,"Plot No 26, Bansilal Pet Secunderabad, Hyderabad, Telangana","PLOT NO 26, HYDERABAD, Telangana",0.3333333333333333,0.625,26,26,1,0,shyam solutions pvt ltd,ltd 5hyam pvt services,71.11111111111111,71.11111111111111,0.0,True,False,True,True,True,False,True
S1-707536868,S2-112970501,Gold Engineering,गोल्ड इंजीनियरिंग,"501-C, Wifi It Park, S.G. Barve Road, Wagle Estate, Thane, Thane, Maharashtra","#C-929 501-C, THANE, Maharashtra",0.0,0.2857142857142857,501,"501,929",1,0,gold engineering,goldd injiiniyring,6.666666666666671,70.58823529411764,63.92156862745097,True,False,True,True,False,False,True
S1-884398666,S2-20891043,Rsd Automotive Pvt. Ltd.,Rsd Automotive Pvt. Limited,"B-11 Raj Kamal Sadancommunity Centre Preet Vihar Vikas Marg, Delhi, East Delhi, Delhi",,0.6,0.0,11,,0,1,rsd automotive pvt ltd,rsd automotive pvt limited,91.66666666666669,91.66666666666669,0.0,False,True,False,False,False,True,True
S1-265736124,S2-209070365,Jain Developers Private Limited,जैन डेवलपर्स प्राइवेट लिमिटेड,"Delhi, L-16, New Delhi, 2Nd Floor, Batla House Jamia Nagar, Okhla","L-16, OKHLA, NEW DELHI, Delhi",0.0,0.4545454545454545,"16,2",16,1,0,jain developers private limited,jain ddevlprs praaivett limittedd,10.714285714285708,81.25,70.53571428571429,True,False,True,True,False,False,True
S1-77095789,S2-14780105,Great Investments Pvt Ltd,கிரேட் இன்வெஸ்ட்மெண்ட்ஸ் பிரைவேட் லிமிடெட்,"No. 127, Triplicane High Road, Triplicane, Chennai, Tamil Nadu","DOOR NO 127, CHENNAI, MADRAS, Tamil Nadu",0.0,0.5,127,127,1,0,great investments pvt ltd,kireett innnvesttmenntts piraiveett limittett,13.333333333333329,62.85714285714285,49.523809523809526,True,False,True,True,True,False,False
S1-77095789,S2-282740060,Great Investments Pvt Ltd,கிரேட் இன்வெஸ்ட்மெண்ட்ஸ் பிரைவேட் லிமிடெட்,"No. 127, Triplicane High Road, Triplicane, Chennai, Tamil Nadu","NO. 127, Tamil Nadu, MADRAS, CHENNAI",0.0,0.5555555555555556,127,127,1,0,great investments pvt ltd,kireett innnvesttmenntts piraiveett limittett,13.333333333333329,62.85714285714285,49.523809523809526,True,False,True,True,True,False,False
S1-77095789,S2-944898218,Great Investments Pvt Ltd,கிரேட் இன்வெஸ்ட்மெண்ட்ஸ் பிரைவேட் லிமிடெட்,"No. 127, Triplicane High Road, Triplicane, Chennai, Tamil Nadu","NO. 127, MADRAS, CHENNAI, Tamil Nadu",0.0,0.5555555555555556,127,127,1,0,great investments pvt ltd,kireett innnvesttmenntts piraiveett limittett,13.333333333333329,62.85714285714285,49.523809523809526,True,False,True,True,True,False,False
S1-442633683,S2-732757182,Management Sagar Consultancy Private Limited,sagarmanagement.com,"904, New Delhi House Barakhamba Road, New Delhi, Delhi","D/904, DELHI, NEW DELHI, Delhi",0.0,0.4285714285714285,904,904,1,0,management sagar consultancy private limited,sagarmanagement com,44.44444444444444,44.44444444444444,0.0,False,False,False,True,False,False,False
S1-962256138,S2-840295713,Sunrise Solutions Private Limited,સનરાઇઝ સોલ્યુશન્સ પ્રાઇવેટ લિમિટેડ,"Plot No, 381, Gr Floor, Shop No.- 1, Near Shalimar Cinema, Sector - 16, Gandhinagar, Gandhi Nagar, Gandhinagar, Gujarat","PLOT NO, null, GANDHINAGAR, Gujarat",0.0,0.2352941176470588,"1,16,381",,0,0,sunrise solutions private limited,snraaijh solyaushns praaivett limittedd,9.836065573770496,69.44444444444444,59.608378870673945,True,False,True,False,False,False,False
S1-404490415,S2-508885862,Jain Polytechnic Private Limited,Jain Polytechnic Private Ltd,"2249/67, Basement, Naiwala, Karol Bagh, New Delhi, Central Delhi, Delhi",,0.6,0.0,"2249,67",,0,1,jain polytechnic private limited,jain polytechnic private ltd,93.33333333333331,93.33333333333331,0.0,False,True,False,False,False,True,True
S1-155632188,S2-995816074,Seven Group,Sri Seven,"2/297/B Prasanna Bavan, Keezhattingal Opposite Village Office, Vilayilmoola, Chirayinkeezhu, Thiruvananthapuram, Trivandrum, Kerala",,0.3333333333333333,0.0,"2,297",,0,1,seven group,sri seven,71.42857142857143,71.42857142857143,0.0,False,True,False,False,False,False,True
S1-709552145,S2-183009258,Sree Media Private Limited,श्री मीडिया प्राइवेट लिमिटेड,"29A/1, Asaf Ali Road 4Th Floor, New Delhi, Delhi","29A/1, AGRA, NEW DELHI, Delhi",0.0,0.4,"1,29,4","1,29",2,0,sree media private limited,shrii miiddiyaa praaivett limittedd,13.63636363636364,68.85245901639344,55.2160953800298,True,False,True,True,False,False,False
S1-514844202,S2-308967367,Exin India Corp,CORPORATION EXIN INDIA,"Office No 126, 1St Floor, Nodh No-1158 To 63/65/69 Hatfaliya, Mahidharpura, Surat, Gujarat","#83 OFFICE NO 126, SURAT, Gujarat",0.5,0.3125,"1,1158,126,63,65,69","126,83",1,0,exin india corp,corporation exin india,81.08108108108108,81.08108108108108,0.0,False,False,False,True,False,True,True
S1-422777328,S2-850798433,Eastern Enterprises,ইস্টার্ন এন্টারপ্রাইজেস,"21, Hemanta Basu Sarani, ' Center Point ' 2Nd Floor, Room No- 208, Kolkata, Howrah, West Bengal","#21, KOLKATA, HOWRAH, West Bengal",0.0,0.3333333333333333,"2,208,21",21,1,0,eastern enterprises,isttaarn enttaarpraaijes,5.263157894736835,65.11627906976744,59.85312117503061,True,False,True,True,False,False,False
S1-427318174,S2-599499860,Jain Investment Private Limited,Jain  Investment Private,"Navkar Commercial Complex, Sir M.V. Road, Opp. Andheri Court, Mumbai, Maharashtra, Mumbai, 501",,0.75,0.0,501,,0,1,jain investment private limited,jain investment private,100.0,100.0,0.0,False,True,False,False,False,True,True
S1-823108817,S2-98434058,Dream Developers,ddevelopers.com,"C-501, New West Wind, Off New Link Road, Kandarpada, Dahisar W, Est, Mumbai, Mumbai City, Maharashtra","C-501, MUMBAI CITY, महाराष्ट्र",0.0,0.2105263157894736,501,501,1,0,dream developers,ddevelopers com,70.96774193548387,70.96774193548387,0.0,False,False,False,True,False,False,True
S1-890063365,S2-422803431,Silicon Marketing Private Limited,Sri siliconmarketingprivate.com,"A-11 Basement, New Delhi, South Delhi, Delhi","A-11 BASEMENT, NEW DELHI, Delhi",0.0,0.8333333333333334,11,11,1,0,silicon marketing private limited,sri siliconmarketingprivate com,78.125,78.125,0.0,False,False,False,True,True,False,True
S1-23618194,S2-837391557,Sky Trading Private Limited,ಸ್ಕೈ ಟ್ರೇಡಿಂಗ್ ಪ್ರೈವೇಟ್ ಲಿಮಿಟೆಡ್,"# 306, 2Nd Cross, Krishnanadanagar, Bangalore North, Bangalore, Karnataka","#0306, BANGALORE, Karnataka",0.0,0.25,"2,306",0306,0,0,sky trading private limited,skai ttreedding praiveett limittedd,13.043478260869565,74.19354838709677,61.150070126227206,True,False,True,False,False,False,True
S1-536869035,S2-106880631,Laxmi Finance Private Limited,லக்ஷ்மி ஃபைனான்ஸ் பிரைவேட் லிமிடெட்,"Tamil Nadu, Egmore Nungambakkam, Chennai, Block, 18Th Street, 4Th Main Road, No.75.S","Tamil Nadu, NO.75.S, CHENNAI, EGMORE NUNGAMBAKKAM",0.0,0.5714285714285714,"18,4,75",75,1,0,laxmi finance private limited,lkssmi hpainnnaannns piraiveett limittett,11.538461538461531,60.0,48.46153846153847,True,False,True,True,True,False,False
S1-111197996,S2-925270108,Sai Southern Business Pvt Ltd,ಸಾಯಿ ಸದರ್ನ್ ಬಿಸಿನೆಸ್ ಪ್ರೈವೇಟ್ ಲಿಮಿಟೆಡ್,"6Th Cross Road, Laxmi Road, Shanthinagar, Bangalore South, Karnataka, Bangalore, 12/3","12/3, BANGALORE, BANGALORE SOUTH, Karnataka",0.0,0.5,"12,3,6","12,3",2,0,sai southern business pvt ltd,saayi sdrn bisines praiveett limittedd,14.81481481481481,65.67164179104478,50.85682697622997,True,False,True,True,True,False,False
S1-629624235,S2-571520923,Digital Finance Private Limited,డిజిటల్ ఫైనాన్స్ ప్రైవేట్ లిమిటెడ్,"Plot No.545/B, Ground Floor, Sector No.3 Road No 86 Film Nagar, Jubilee Hills, Behind Apollo, Hospitals, Hyderabad, Telangana","PLOT NO.545/B, N/A, HYDERABAD, Telangana",0.0,0.2857142857142857,"3,545,86",545,1,0,digital finance private limited,ddijittl phainaans praiveett limittedd,10.909090909090908,69.56521739130434,58.65612648221344,True,False,True,True,False,False,False
S1-624635930,S2-143312925,Aarvraj Consultancy Private Limited,Aarvraj Consultancy Limited Services,"C/O Manindra Chandra Sarkar Debi Bari Natunpara, Cooch Behar Katwali, Cooch Behar, Koch Bihar, Coochbehar, West Bengal",,0.6,0.0,,,0,1,aarvraj consultancy private limited,aarvraj consultancy limited services,87.32394366197182,87.32394366197182,0.0,False,True,False,False,False,True,True
S1-171309991,S2-422066703,All Management Private Limited,ऑल मैनेजमेंट प्राइवेट लिमिटेड,"Ef-58-5, N-12 Cidco, Aurangabad, Maharashtra","EF-58-5, AURANGABAD, W MAHA, Maharashtra",0.0,0.5,"12,5,58","5,58",2,0,all management private limited,onl mainejmentt praaivett limittedd,11.538461538461531,73.84615384615385,62.30769230769232,True,False,True,True,True,False,True
S1-398986010,S2-331563262,Sanjay Trading Private Limited,Sanjay Trading Private,"Banaskantha, Mafatpura Vistar, Near Prathmik Shala, Palanpur, Gujarat, 8/34",,0.75,0.0,"34,8",,0,1,sanjay trading private limited,sanjay trading private,100.0,100.0,0.0,False,True,False,False,False,True,True
S1-896590045,S2-808831556,Hotel Management,होटल मैनेजमेंट,"Umarpurniva, Allahabad, Uttar Pradesh","UMARPUNRIVA, RAJGARH, ALLAHABAD, उत्तर प्रदेश",0.0,0.0909090909090909,,,0,0,hotel management,hottl mainejmentt,6.896551724137936,78.78787878787878,71.89132706374085,True,False,True,False,False,False,True
S1-820227296,S2-324408970,Black Products Private Limited,ब्लैक प्रोडक्ट्स प्राइवेट लिमिटेड,"702, Romell Grandeur, Vishweshwar Nagar Road, Goregaon East, Mumbai, Maharashtra","702, GOREGAON EAST, MUMBAI, Maharashtra",0.0,0.5,702,702,1,0,black products private limited,blaik proddktts praaivett limittedd,11.320754716981128,76.92307692307692,65.60232220609579,True,False,True,True,True,False,True
S1-747616830,S2-700320432,Sunrise Engineering,सनराइज इंजीनियरिंग,"C-179 1St Floor, Dayanand, Colony, Lajpat Nagar, New Delhi, South Delhi, Delhi","HN 932 C-179 1ST FLOOR, SOUTH DELHI, NEW DELHI, Delhi",0.0,0.5384615384615384,"1,179","1,179,932",2,0,sunrise engineering,snraaij injiiniyring,5.555555555555558,61.53846153846154,55.98290598290598,True,False,True,True,True,False,False
S1-865534781,S2-154059811,AEE Builders LLP,ABUILDERS.COM,"Sy.No. 113, 114/P, Villa No 43, Sark One, Rangareddy, K.V.Rangareddy, Telangana","SY.NO. 11, K.V.RANGAREDDY, NULL, Telangana",0.0,0.4,"113,114,43",11,0,0,aee builders llp,abuilders com,68.96551724137932,68.96551724137932,0.0,False,False,False,False,False,False,False
S1-91767840,S2-737642234,Dakshin Management Private Limited,dmprivate.com,"No.2B, Dyavasandra Industrial Area, 4Th Cross, Whitefield Cross Road, Mahadevapura Post, Bangalore, Karnataka","NO.2B, <NULL>, MAHADEVAPURA POST, BANGALORE, Karnataka",0.0,0.4285714285714285,"2,4",2,1,0,dakshin management private limited,dmprivate com,46.80851063829788,46.80851063829788,0.0,False,False,False,True,False,False,False
S1-549189258,S2-279137971,Super Global,சூப்பர் குளோபல்,"3-G, Block-1, Ramaniyam Gourav Appartments Model School Road, Sholinganallur, Chennai, Tamil Nadu","3-G, CHENNAI, Tamil Nadu",0.0,0.3571428571428571,"1,3",3,1,0,super global,cuuppr kulloopl,8.0,51.85185185185186,43.85185185185186,True,False,True,True,False,False,False
S1-549189258,S2-701178089,Super Global,சூப்பர் Global,"3-G, Block-1, Ramaniyam Gourav Appartments Model School Road, Sholinganallur, Chennai, Tamil Nadu","3-G, CHENNAI, Tamil Nadu",0.2,0.3571428571428571,"1,3",3,1,0,super global,cuuppr global,66.66666666666666,80.0,13.333333333333345,True,False,True,True,False,False,True
S1-779826304,S2-973267380,One Restaurant Pvt Ltd,One Réatcdstlt Pvt Ltd,"A-418, Aurus Chamber, S S Amrutwar Lane, Nr. Mahindra Tower, W, Orli, Mumbai, Mumbai City, Maharashtra",,0.6,0.0,418,,0,1,one restaurant pvt ltd,one reatcdstlt pvt ltd,72.72727272727273,77.27272727272728,4.545454545454547,True,True,True,False,False,True,True
S1-7370843,S2-44603448,QQ Solutions Private Limited,PRIVATE QQ SOLUTIONS PRIVATE,"No. 124, Kamarajar Salai Kodungaiyur, Chennai, Tamil Nadu","CHENNAI, Tamil Nadu, DOOR NO 124, CHENNAI",0.75,0.5555555555555556,124,124,1,0,qq solutions private limited,private qq solutions private,100.0,100.0,0.0,False,False,False,True,True,True,True
S1-675061988,S2-679944786,UTT Tech Private Limited,UTT Tech Private Ltd,"Panipat, Haryana, Plot No. 32 Om Colony, Panipat","DOOR NO #32 OM COLONY, PAFIPAT, Haryana",0.6,0.5555555555555556,32,32,1,0,utt tech private limited,utt tech private ltd,90.9090909090909,90.9090909090909,0.0,False,False,False,True,True,True,True
S1-521396761,S2-660754652,Jai First Media Limited,জয় ফার্স্ট মিডিয়া লিমিটেড,"70B, Govindapur Road, Kolkata, Kolkata, Howrah, West Bengal","70B, CALCUTTA, HOWRAH, West Bengal",0.0,0.5,70,70,1,0,jai first media limited,jy phaarstt middiy aa limittedd,14.63414634146342,66.66666666666667,52.03252032520325,True,False,True,True,True,False,False
S1-569627124,S2-599693768,Aditya Infra Private Limited,आदित्य इंफ्रा प्राइवेट लिमिटेड,"Flat No A-401, Plot No 3, Ashapura Sector16 Sanpada, Thane, Maharashtra","FLAT NO A-701, THANE, <NULL>, महाराष्ट्र",0.0,0.2352941176470588,"16,3,401",701,0,0,aditya infra private limited,aadity inphraa praaivett limittedd,11.320754716981128,77.41935483870968,66.09860012172855,True,False,True,False,False,False,True
S1-627430249,S2-355100164,Impression Wires Private Limited,M/s Impression [Wires] - 1719189728,"31/330 A, 31/ 330 B, Tirurangadi, Malappuram, Malapuram, Kerala",,0.2857142857142857,0.0,"31,330",,0,1,impression wires private limited,m s impression wires 1719189728,68.08510638297872,68.08510638297872,0.0,False,True,False,False,False,False,False
S1-963199608,S2-471703868,Sky Services Private Limited,स्काई सर्विसेज प्राइवेट लिमिटेड,"433, East Delhi, Functional Industrial Estate, Patparganj, Delhi","H.NO 129 433, EAST DELHI, DELHI",0.0,0.3,433,"129,433",1,0,sky services private limited,skaaii srvisej praaivett limittedd,10.909090909090908,70.96774193548387,60.058651026392965,True,False,True,True,False,False,True
S1-774820473,S2-367335830,Anand Exports Private Limited,आनंद एक्सपोर्ट्स प्राइवेट लिमिटेड,"216, Bhaveshwar Arcade Annexe L.B.S Marg, Ghatkopar West, Mumbai City, Maharashtra, Mumbai","216, MUMBAI, Maharashtra",0.0,0.2307692307692307,216,216,1,0,anand exports private limited,aannd eksportts praaivett limittedd,10.714285714285708,78.125,67.41071428571429,True,False,True,True,False,False,True
S1-377842718,S2-854485826,Urban Software Private Limited,अर्बन सॉफ्टवेयर प्राइवेट लिमिटेड,"Maharashtra, Thane, Office No. 303, 3Rd Floor, Pujit Plaza Society, Belapur Station Road, Opp K Star Hotel, Cbd Belapur, Navi Mumbai, Thane","BLOCK C-118 OFFICE NO. 303, THANE, Maharashtra",0.0,0.217391304347826,"3,303","118,303",1,0,urban software private limited,arbn sonphttveyr praaivett limittedd,10.0,66.66666666666667,56.66666666666667,True,False,True,True,False,False,False
S1-831086313,S2-414873773,Ibrain Software Private Limited,IBRAIN SOFTWARE PRIVATE LTD,"E3, Subbu Apartment, Gd Road, Race Course, Coimbatore, Tamil Nadu",,0.6,0.0,3,,0,1,ibrain software private limited,ibrain software private ltd,93.10344827586206,93.10344827586206,0.0,False,True,False,False,False,True,True
S1-734714481,S2-532494554,Sensible Naturals Private Limited,Sri Quogild,"7Th Floor, Survey Number 368, Hissa # 41, Kole Kalyan, Vakola, Opp Grand Hyatt, Santacr, Uz East, Mumbai, Mumbai City, Maharashtra","FLOOR, MUMBAI CITY, Maharashtra",0.0,0.2105263157894736,"368,41,7",,0,0,sensible naturals private limited,sri quogild,31.818181818181824,31.818181818181824,0.0,False,False,False,False,False,False,False
S1-735129177,S2-790172782,Al Estate Private Limited,अल एस्टेट प्राइवेट लिमिटेड,"Aurangabad, Maharashtra, Vyankatesh, Colony, Chetak Ghoda Chouk, Plot No 14","H.NO C-14, AURANGABAD, Maharashtra",0.0,0.3333333333333333,14,14,1,0,al estate private limited,al esttett praaivett limittedd,13.333333333333329,80.0,66.66666666666667,True,False,True,True,False,False,True
S1-892216339,S2-589499007,My Big Ventures Private Limited,माय बिग वेंचर्स प्राइवेट लिमिटेड,"Bl-25, L Block, Jail Road Hari Nagar, New Delhi, South West Delhi, Delhi","PLOT 505 BL-25, SOUTH WEST DELHI, NEW DELHI, Delhi",0.0,0.4285714285714285,25,"25,505",1,0,my big ventures private limited,maay big vencrs praaivett limittedd,13.793103448275858,78.78787878787878,64.99477533960292,True,False,True,True,False,False,True
S1-524269445,S2-217192442,Dynamic Trading Pvt Ltd,ಡೈನಾಮಿಕ್ ಟ್ರೇಡಿಂಗ್ ಪ್ರೈವೇಟ್ ಲಿಮಿಟೆಡ್,"21 1St Cross 1St Block, Akshaya Nagar Tc Palya, Bangalore North, Bangalore, Karnataka","NO 0021 1ST CROSS 1ST BLOCK, BENGALURU RURAL, BANGALORE, ಕರ್ನಾಟಕ",0.0,0.2222222222222222,"1,21","0021,1",1,0,dynamic trading pvt ltd,ddainaamik ttreedding praiveett limittedd,14.285714285714292,62.5,48.21428571428571,True,False,True,True,False,False,False
S1-142486534,S2-795692367,New Jain Enterprises Limited,न्यू जैन एंटरप्राइजेज Limited,"1853, C/10 Govindpuri Ext., Kalkaji, New Delhi, South Delhi, Delhi","SOUTH DELHI, Delhi, 3853",0.0909090909090909,0.2,"10,1853",3853,0,0,new jain enterprises limited,nyuu jain enttrpraaijej limited,45.16129032258065,77.96610169491525,32.804811372334605,True,False,True,False,False,False,True
S1-142486534,S2-709405847,New Jain Enterprises Limited,न्यू जैन एंटरप्राइजेज लिमिटेड,"1853, C/10 Govindpuri Ext., Kalkaji, New Delhi, South Delhi, Delhi","3853, NEW DELHI, SOUTH DELHI, Delhi",0.0,0.3,"10,1853",3853,0,0,new jain enterprises limited,nyuu jain enttrpraaijej limittedd,11.538461538461531,75.40983606557377,63.87137452711224,True,False,True,False,False,False,True
S1-661927696,S2-670449394,Bright Management Private Limited,ব্রাইট ম্যানেজমেন্ট প্রাইভেট লিমিটেড,"T-4, Flat-9A, Sunflower Garden, 74, Topsia Rd South, Kolkata, Kolkata, Howrah, West Bengal","PLOT 21. T-4, HOWRAH, West Bengal, KOLKATA",0.0,0.375,"4,74,9","21,4",1,0,bright management private limited,braaitt myaanejmentt praaibhett limittedd,10.169491525423725,70.27027027027027,60.10077874484655,True,False,True,True,False,False,True
S1-536926290,S2-999501391,All Trading,ಆಲ್ ಟ್ರೇಡಿಂಗ್,"Bangalore, No.5/A, 19Th Main, 3Rd Sector, Hsr Layout, Karnataka, Bangalore","NO 5/A, 19TH MAIN, 3RD SECTOR, HSR LAYOUT, BANGALORE, ಕರ್ನಾಟಕ",0.0,0.7142857142857143,"19,3,5","19,3,5",3,0,all trading,aal ttreedding,9.523809523809524,72.0,62.47619047619048,True,False,True,True,True,False,True
S1-536926290,S2-88145808,All Trading,ಆಲ್ ಟ್ರೇಡಿಂಗ್,"Bangalore, No.5/A, 19Th Main, 3Rd Sector, Hsr Layout, Karnataka, Bangalore","NO.5/A, BANGALORE, ಕರ್ನಾಟಕ",0.0,0.2857142857142857,"19,3,5",5,1,0,all trading,aal ttreedding,9.523809523809524,72.0,62.47619047619048,True,False,True,True,False,False,True
S1-589160886,S2-896807729,Bhubaneswar Trades Private Limited,Bhubaneswar Private Limited (Services),"A-1, Sahid Nagar, Bhubaneswar, Khordha, Orissa","A-1, SAHID NAGAR, BHUBANESWAR, Odisha",0.6,0.625,1,1,1,0,bhubaneswar trades private limited,bhubaneswar private limited services,88.57142857142857,88.57142857142857,0.0,False,False,False,True,True,True,True
S1-828343389,S2-957950996,Av (India) Management Private Limited,Av (India) Management,"4, Corporation Building, 5Th Block, Rajajinagar, Bangalore, Bangalore North, Bangalore, Karnataka",,0.6,0.0,"4,5",,0,1,av india management private limited,av india management,100.0,100.0,0.0,False,True,False,False,False,True,True
S1-832441953,S2-949512096,Mumbai Field Private Limited,Mumbai Private Limited Service,"5, Flr 5, Sawala Chambers, Cawasji Patel Rd, Fort, Mumbai, Maharashtra",,0.6,0.0,5,,0,1,mumbai field private limited,mumbai private limited service,88.0,88.0,0.0,False,True,False,False,False,True,True
S1-333718545,S2-865451202,Veda Technocrafts Private Limited,Veda Private Limited Services,"271 Avn, Scheme No 51, Sangam Nagar, Indore, Madhya Pradesh",,0.6,0.0,"271,51",,0,1,veda technocrafts private limited,veda private limited services,81.63265306122449,81.63265306122449,0.0,False,True,False,False,False,True,True
S1-290779979,S2-847478289,EKM Developers Private Limited,EKM DEVELOPER5 PRIVATE,"Ho. No. 1905/43, Ujwal Nagar, Wardha Road, Nagpur, Maharashtra",,0.4,0.0,"1905,43",,0,1,ekm developers private limited,ekm developer5 private,80.76923076923077,80.76923076923077,0.0,False,True,False,False,False,False,True
S1-928447308,S2-554716538,High Constructions Private Limited,High Constructions-Private,"No.56 Rawthers 2Nd Main, Teacher'S Layout Vidy, Aranyapura, Bangalore, Karnataka",,0.75,0.0,"2,56",,0,1,high constructions private limited,high constructions private,100.0,100.0,0.0,False,True,False,False,False,True,True
S1-860189811,S2-368214149,Sigma Trading Limited,M/s SIGMA TRÁDING LTD,"Delhi, West Delhi, Second Floor, Guru Harkishan Nagar Gali No. 15, Matiala, Uttam Nagar, Rz 71B & 72, Delhi",,0.1428571428571428,0.0,"15,71,72",,0,1,sigma trading limited,m s sigma trading ltd,76.19047619047619,80.95238095238095,4.761904761904759,True,True,True,False,False,False,True
S1-159896503,S2-394901232,Biotech Trading Private Limited,8iotech Trading (Private),"West Bengal, Zakaria Street Kolkata, Kolkata, 52, Howrah, Kolkata","52, KOLKATA, HOWRAH, West Bengal",0.4,0.7142857142857143,52,52,1,0,biotech trading private limited,8iotech trading private,81.4814814814815,81.4814814814815,0.0,False,False,False,True,True,False,True
S1-88654138,S2-908843289,Future Technology Pvt Ltd,ഫ്യൂച്ചർ ടെക്നോളജി പ്രൈവറ്റ് ലിമിറ്റഡ്,"4/461, 11Nd Floor, Valamkottil Towers, Judgemukku, Kakkanad, Ernakulam, Kerala","4/461, ERNAKULAM, കേരളം",0.0,0.25,"11,4,461","4,461",2,0,future technology pvt ltd,phyuucc tteknoollji praivrrrr limirrrrdd,10.34482758620689,43.07692307692308,32.73209549071619,True,False,True,True,False,False,False
S1-906871591,S2-181980581,Chennai 17 India Co,CHENNAI 17 IEHRCCIA CO,"Park View No.6, 4Th Floor, No85, G.N.Chetty Road T.Nagar, Chennai 17, Tamil Nadu",,0.6,0.0,"17,4,6,85",,0,1,chennai 17 india co,chennai 17 iehrccia co,82.92682926829268,82.92682926829268,0.0,False,True,False,False,False,True,True
S1-351434319,S2-509759004,Indo Infra Limited,ಇಂಡೋ ಇನ್‌ಫ್ರಾ ಲಿಮಿಟೆಡ್,"No.14, Sumo Solitaire, 37Th A Cross, 1St Main Road, Jayanagar 8Th Block, Bangalore South, Bangalore, Karnataka","DOOR NO B3/14, BANGALORE SOUTH, BANGALORE, Karnataka",0.0,0.2777777777777778,"1,14,37,8","14,3",1,0,indo infra limited,inddoo inphraa limittedd,11.764705882352942,80.95238095238095,69.187675070028,True,False,True,True,False,False,True
S1-562248453,S2-369328893,Unique Solutions Pvt Ltd,यूनिक Solutions प्रा. लि.,"E-7, Madhya Pradesh, Bhopal, Extn-Ii, Mig 570, Shahpura, Arera Colony, Bhopal","PLOT 99 E-7, DIVREPORTINGCIRCLE, BHOPAL, मध्य प्रदेश",0.1,0.15,"570,7","7,99",1,0,unique solutions pvt ltd,yuunik solutions praa li,60.0,70.83333333333333,10.833333333333329,True,False,True,True,False,False,True
S1-960187437,S2-610145620,Hyderabad Play Private Limited,Hyderabad Play Private Ltd,"6-6-363/B, Ft/401, Road No 6, Mashad Mansion, Khairtabad, Hyderabad, Telangana",,0.6,0.0,"363,401,6",,0,1,hyderabad play private limited,hyderabad play private ltd,92.85714285714286,92.85714285714286,0.0,False,True,False,False,False,True,True
S1-811799785,S2-678004773,Fiber Consultants Private Limited,Fiber Cosmulgftats Private Limited,"D-106, Sector-63, Noida, Gautam Buddha Nagar, Uttar Pradesh","D-106, SECTOR-63, NOIOA, उत्तर प्रदेश",0.6,0.25,"106,63","106,63",2,0,fiber consultants private limited,fiber cosmulgftats private limited,92.53731343283582,92.53731343283582,0.0,False,False,False,True,False,True,True
S1-174514022,S2-793403495,Rsp Power Corporation,>> Rsp Power,"Dlf Tower-A Jasola Vihar, Delhi, 101 B, South Delhi, New Delhi","B, NEW DELHI, SOUTH DELHI, दिल्ली",0.6666666666666666,0.3333333333333333,101,,0,0,rsp power corporation,rsp power,100.0,100.0,0.0,False,False,False,False,False,True,True
S1-411515222,S2-538077596,Sai Impex Private Limited,Sai Impex Private Enterprises,"House No. 14/2A Sabji Mandi (Sunderpur), Varanasi, Uttar Pradesh",,0.6,0.0,"14,2",,0,1,sai impex private limited,sai impex private enterprises,80.95238095238095,80.95238095238095,0.0,False,True,False,False,False,True,True
S1-881470782,S2-954221301,Sun Hospitality Private Limited,సన్ హాస్పిటాలిటీ ప్రైవేట్ లిమిటెడ్,"Plot No. 1, Sy No. 23 Abdullapurmet, Hyderabad, Telangana","H.NO 1, N/A, HYDERABAD, RANGAREDDY DIST, తెలంగాణ",0.0,0.1764705882352941,"1,23",1,1,0,sun hospitality private limited,sn haaspittaalittii praiveett limittedd,11.764705882352942,74.28571428571429,62.52100840336135,True,False,True,True,False,False,True
S1-881470782,S2-894566596,Sun Hospitality Private Limited,సన్ హాస్పిటాలిటీ ప్రైవేట్ లిమిటెడ్,"Plot No. 1, Sy No. 23 Abdullapurmet, Hyderabad, Telangana","PLOT NO. 1, N/A, HYDERABAD, RANGAREDDY DIST, Telangana",0.0,0.4166666666666667,"1,23",1,1,0,sun hospitality private limited,sn haaspittaalittii praiveett limittedd,11.764705882352942,74.28571428571429,62.52100840336135,True,False,True,True,False,False,True
S1-79384718,S2-987208220,Lakshmi International Limited,लक्ष्मी इंटरनेशनल लिमिटेड,"Ns-15, Lower Ground Floor, Miyanwali Nagar North-South Road, Paschim Vihar, New Delhi, West Delhi, Delhi","NS-15, NEW DELHI, WEST DELHI, Delhi",0.0,0.3333333333333333,15,15,1,0,lakshmi international limited,lkssmii inttrneshnl limittedd,7.843137254901961,72.41379310344827,64.57065584854631,True,False,True,True,False,False,True
S1-79384718,S2-720841147,Lakshmi International Limited,लक्ष्मी इंटरनेशनल लिमिटेड,"Ns-15, Lower Ground Floor, Miyanwali Nagar North-South Road, Paschim Vihar, New Delhi, West Delhi, Delhi","NS-15, NEW DELHI, WEST DELHI, Delhi",0.0,0.3333333333333333,15,15,1,0,lakshmi international limited,lkssmii inttrneshnl limittedd,7.843137254901961,72.41379310344827,64.57065584854631,True,False,True,True,False,False,True
S1-79384718,S2-61319352,Lakshmi International Limited,लक्ष्मी इंटरनेशनल लिमिटेड,"Ns-15, Lower Ground Floor, Miyanwali Nagar North-South Road, Paschim Vihar, New Delhi, West Delhi, Delhi","NS-15, WEST DELHI, NEW DELHI, Delhi",0.0,0.3333333333333333,15,15,1,0,lakshmi international limited,lkssmii inttrneshnl limittedd,7.843137254901961,72.41379310344827,64.57065584854631,True,False,True,True,False,False,True
S1-595118462,S2-93186978,Tirupati Energy Pvt Ltd,तिरुपति एनर्जी प्रा. लि.,"174/D-2, Sai Sagar Chs Ltd, Rsc-50, Gorai-2, Borivali West, Mumbai, Maharashtra","BORIVALI WEST, MUMBAI, महाराष्ट्र, 174/D-2",0.0,0.3333333333333333,"174,2,50","174,2",2,0,tirupati energy pvt ltd,tirupti enrjii praa li,15.384615384615389,66.66666666666667,51.282051282051285,True,False,True,True,False,False,False
S1-539568181,S2-951322302,Supreme International Private Limited,সুপ্রিম ইন্টারন্যাশনাল প্রাইভেট লিমিটেড,"31/3, Sahapur Colony Block-J, New Alipore, Kolkata, Howrah, West Bengal","31/3, KOLKATA, HOWRAH, West Bengal",0.0,0.5,"3,31","3,31",2,0,supreme international private limited,suprim inttaarnyaashnaal praaibhett limittedd,9.375,68.29268292682927,58.91768292682927,True,False,True,True,True,False,False
S1-818846477,S2-403662481,Pmg & Co,Mr PMG CO  CENTER,"Flat No. 5, Ground Floor, Plot No. 54/55, Sector - 21, Nerul, Navi Mumbai, Thane, Maharashtra",,0.4,0.0,"21,5,54,55",,0,1,pmg and co,mr pmg co center,75.0,75.0,0.0,False,True,False,False,False,False,True
S1-235767465,S2-918945866,Guru Food Limited,गुरु फूड लिमिटेड,"S/O Sh. R. K. Goyal, D-248 G/F, Gali No-10 Laxmi Nagar, Near Metro Station, New Delhi, Delhi","S/O SH. R. K. GOYAL, NEW DELHI, Delhi",0.0,0.4,"10,248",,0,0,guru food limited,guru phuudd limittedd,13.333333333333329,73.6842105263158,60.35087719298247,True,False,True,False,False,False,True
S1-329920973,S2-557219489,Shyam Properties Pvt Ltd,श्याम प्रॉपर्टीज प्रा. लि.,"D-62, Parkheights Dlf Park Place, Phase-V, Gurgaon, Haryana","Haryana, GURGAON, BLOCK G-57 D-62",0.0,0.3076923076923077,62,"57,62",1,0,shyam properties pvt ltd,shyaam pronprttiij praa li,14.285714285714292,68.0,53.71428571428571,True,False,True,True,False,False,False
S1-558011116,S2-230116471,City Impex Pvt Ltd,सिटी इम्पेक्स प्रा. लि.,"202/B, Dil Bahar Banglow Amruta, Sir Phirozshah Road, Santacruz West, Mumbai, Mumbai City, Maharashtra","202/B, MUMBAI CITY, Maharashtra",0.0,0.3571428571428571,202,202,1,0,city impex pvt ltd,sittii impeks praa li,18.75,56.41025641025641,37.66025641025641,True,False,True,True,False,False,False
S1-360146999,S2-816986871,Apex City Global Private Limited,ఏపెక్స్ సిటీ గ్లోబల్ ప్రైవేట్ లిమిటెడ్,"Mohan'S Plaza, 3Rd Floor, Plot No.733, Road No.36, Jubilee Hills, Hyderabad, Telangana","MOHAN'S PLAZA, HYDERABAD, Andhra Pradesh",0.0,0.25,"3,36,733",,0,0,apex city global private limited,eepeks sittii gloobl praiveett limittedd,14.035087719298248,69.44444444444444,55.4093567251462,True,False,True,False,False,False,False
S1-301330683,S2-492940715,Lakshmi Sunrise Marketing Private Limited,लक्ष्मी सनराइज मार्केटिंग प्राइवेट लिमिटेड,"Flat No 5, Uttam Towers 2Nd Floor, 3 Nagar Road, Pune, Pune City, Pune, Maharashtra","FLAT NO 5, PUNE CITY, PUNE, महाराष्ट्र",0.0,0.2941176470588235,"2,3,5",5,1,0,lakshmi sunrise marketing private limited,lkssmii snraaij maarketting praaivett limittedd,11.267605633802816,77.27272727272727,66.00512163892445,True,False,True,True,False,False,True
S1-209990402,S2-265451690,Indian Finance Private Limited,ইন্ডিয়ান Finance Private Limited,"Chatterjee International Centre 33A, Jawaharlal Nehru Road, 16Th Floor, Room No.14, Kolkata, Howrah, West Bengal","CHATTERJEE INTERNATIONAL CENTRE 33A, HOWRAH, KOLKATA, West Bengal",0.375,0.5,"14,16,33",33,1,0,indian finance private limited,inddiy aan finance private limited,86.79245283018868,93.75,6.9575471698113205,True,False,True,True,True,False,True
S1-790165868,S2-589734742,Lotus Solutions Private Limited,लोटस सॉल्यूशंस प्राइवेट लिमिटेड,"Rz F-87, F/Floor, B/Side, Kh No-91/25 & 93/21, Gali No. 41, Sadh Nagar Part-I, Palam Co, Lony, New Delhi, South West Delhi, Delhi","RZ F-87/3, NEW DELHI, DELHI",0.0,0.1851851851851851,"21,25,41,87,91,93","3,87",1,0,lotus solutions private limited,lotts sonlyuushns praaivett limittedd,11.111111111111114,73.52941176470588,62.41830065359477,True,False,True,True,False,False,True
S1-99587101,S2-358249255,Premier Finance LLP,प्रीमियर फाइनेंस एलएलपी,"New Delhi, Delhi, Office No.304 Laxmi Nagar, H 30A 2Nd Floor, New Delhi","H 30A 2ND FLOR, NEW DELHI, Delhi",0.0,0.4166666666666667,"2,30,304","2,30",2,0,premier finance llp,priimiyr phaainens elelpii,10.0,57.77777777777777,47.77777777777777,True,False,True,True,False,False,False
S1-584521531,S2-880146075,Shyam Foods Private Limited,ಶ್ಯಾಮ್ ಫುಡ್ಸ್ ಪ್ರೈವೇಟ್ ಲಿಮಿಟೆಡ್,"No. 144/13151, Gaddi Layout, Koppal Road, Kushtagi, Koppal, Karnataka","14413193, KUSHTAGI, KOPPAL, ಕರ್ನಾಟಕ",0.0,0.1538461538461538,"13151,144",14413193,0,0,shyam foods private limited,shyaam phudds praiveett limittedd,12.5,73.33333333333334,60.83333333333334,True,False,True,False,False,False,True
S1-505698709,S2-721962465,Classic Consulting LLP,క్లాసిక్ కన్సల్టింగ్ ఎల్‌ఎల్‌పీ,"G4 & G8, Secundrabad, Telangana, Ground Floor, Plot No. 4, Park View Colny Srinidhi Residency Hasmatpet Beside Reli, Ance Fresh","G4 & G8, HYDERABAD CITY REGION, SECUNDRABAD, Telangana",0.0,0.217391304347826,"4,8","4,8",2,0,classic consulting llp,klaasik knsltting elelpii,9.523809523809518,68.08510638297872,58.5612968591692,True,False,True,True,False,False,False
S1-982483381,S2-42993603,Prp Finance (India) Private Limited,Prp Fiablnae (India) Private Limited,"C/O Smt Mohani Devi Vill, Post Uruwa Uruwameja, Meja, Allahabad, Uttar Pradesh",,0.6666666666666666,0.0,,,0,1,prp finance india private limited,prp fiablnae india private limited,92.53731343283582,92.53731343283582,0.0,False,True,False,False,False,True,True
S1-928154931,S2-92626233,Vijay Tech Limited,विजय टेक लिमिटेड,"Flat No. 1002, 10Th Floor, Prabhat Bageshree, Goregaon East, Mumbai, Maharashtra","MUMBAI, ##1002, महाराष्ट्र",0.0,0.1333333333333333,"10,1002",1002,1,0,vijay tech limited,vijy ttek limittedd,12.5,81.08108108108108,68.58108108108108,True,False,True,True,False,False,True
S1-916016303,S2-890636766,Vision Logistics Private Limited,ವಿಷನ್ ಲಾಜಿಸ್ಟಿಕ್ಸ್ ಪ್ರೈವೇಟ್ ಲಿಮಿಟೆಡ್,"Apt4C, 28, Coventry Apmt, Convent Road, Bangalore North, Bangalore, Karnataka","APT4C, BANGALORE, Karnataka",0.0,0.3333333333333333,"28,4",4,1,0,vision logistics private limited,vissn laajisttiks praiveett limittedd,11.111111111111114,72.46376811594203,61.35265700483092,True,False,True,True,False,False,True
S1-824670052,S2-90253128,Tech Technologies Pvt Ltd,टेक टेक्नोलॉजीज प्रा. लि.,"West Delhi, Shop No-1, Delhi, K-1 G/F Kh.No.85/1/1 Nihal Vihar, Laxmi Park, New Delhi, Delhi","DELHI, SHOP NO-1, WEST DELHI, दिल्ली",0.0,0.2941176470588235,"1,85",1,1,0,tech technologies pvt ltd,ttek tteknolonjiij praa li,15.78947368421052,54.90196078431373,39.11248710010321,True,False,True,True,False,False,False
S1-347758834,S2-110486740,Real Construction LLP,रियल कंस्ट्रक्शन एलएलपी,"Industrial Block, Gala No. 13, Ground Floor, Plot No- E- 1/2 (53 & 54) Midc, Baramati, Pune, Maharashtra","INDUSTRIAL BLOCK, BARAMATI, महाराष्ट्र",0.0,0.1363636363636363,"1,13,2,53,54",,0,0,real construction llp,riyl knsttrkshn elelpii,9.302325581395356,54.54545454545454,45.24312896405918,True,False,True,False,False,False,False
S1-192187926,S2-868637656,Raj Projects,Raj Projects Limited,"H.No 692, Sector 64 (Phase-X), S.A.S.Nagar (Mohali), Rupnagar, Punjab",,0.6666666666666666,0.0,"64,692",,0,1,raj projects,raj projects limited,100.0,100.0,0.0,False,True,False,False,False,True,True
S1-780112179,S2-102860514,Shakti Healthcare Pvt Ltd,शक्ति हेल्थकेयर प्रा. लि.,"65, Bhagwati Nagar 1St, Kartarpura Lal Kothi Gandhi Nagar, Jaipur, Rajasthan","0065, DIVREPORTINGCIRCLE, JAIPUR, Rajasthan",0.0,0.1666666666666666,"1,65",0065,0,0,shakti healthcare pvt ltd,shkti helthkeyr praa li,13.95348837209302,66.66666666666667,52.71317829457365,True,False,True,False,False,False,False
S1-938860308,S2-759007121,Tirupati Energy Limited,तिरुपति एनर्जी लिमिटेड,"Mandi, Delhi, Post Office Building, Main Bazar, Subzi, 91, Delhi","91, DELHI, CENTRAL, दिल्ली",0.0,0.1666666666666666,91,91,1,0,tirupati energy limited,tirupti enrjii limittedd,9.302325581395356,80.85106382978724,71.54873824839189,True,False,True,True,False,False,True
S1-256698219,S2-167855964,My Technologies Private Limited,Smt My Technologies Private,"Office No 803 Plot No 25 26 Sector No 30 Vashi Rti, Mumbai, Mumbai City, Maharashtra",,0.6,0.0,"25,26,30,803",,0,1,my technologies private limited,smt my technologies private,92.0,92.0,0.0,False,True,False,False,False,True,True
S1-249703465,S2-343087624,Dream Care Private Limited,ड्रीम केयर प्राइवेट लिमिटेड,"E-32-A, Lgf, Vishwakarma Colony M.B Road, New Delhi, South Delhi, Delhi","E-32-A, NEW DELHI, SOUTH, Delhi",0.0,0.5,32,32,1,0,dream care private limited,ddriim keyr praaivett limittedd,13.333333333333329,66.66666666666667,53.33333333333334,True,False,True,True,True,False,False
S1-854842884,S2-568713336,Best Energy Pvt Ltd,बेस्ट एनर्जी प्रा. लि.,"Plot No: 93, Road No: 12 Sri Krish Nagar, Patna, Bihar","Bihar, PATNA, #463 PLOT NO: 93",0.0,0.4545454545454545,"12,93","463,93",1,0,best energy pvt ltd,bestt enrjii praa li,16.66666666666667,61.53846153846154,44.87179487179487,True,False,True,True,False,False,False
S1-602109460,S2-894126908,Laxmi Infotech Private Limited,লক্ষ্মী ইনফোটেক প্রাইভেট লিমিটেড,"132/A, Fakir Para Road Behala, Kolkata, Kolkata, Howrah, West Bengal","4-132/A, KOLKATA, HOWRAH, West Bengal",0.0,0.5454545454545454,132,"132,4",1,0,laxmi infotech private limited,lkssmii inphottek praaibhett limittedd,10.909090909090908,64.70588235294117,53.79679144385027,True,False,True,True,True,False,False
S1-480010394,S2-895504111,North It Private Limited,नॉर्थ आईटी प्राइवेट लिमिटेड,"N-18, Panchsheel Park, New Delhi, South Delhi, Delhi","NEW DELHI, Delhi, SOUTH DELHI, HN 150 N-18",0.0,0.5555555555555556,18,"150,18",1,0,north it private limited,nonrth aaiittii praaivett limittedd,13.043478260869565,74.57627118644068,61.53279292557112,True,False,True,True,True,False,True
S1-702065685,S2-644836190,Sree Infotech Private Limited,श्री इंफोटेक प्राइवेट लिमिटेड,"New Delhi, North Delhi, Ashok Vihar, Phase-1, Delhi, G-2","G-2, NEW DELHI, NORTH DELHI, Delhi",0.0,0.5555555555555556,"1,2",2,1,0,sree infotech private limited,shrii inphottek praaivett limittedd,11.764705882352942,68.75,56.98529411764706,True,False,True,True,True,False,False
S1-702065685,S2-723212431,Sree Infotech Private Limited,श्री इंफोटेक प्राइवेट लिमिटेड,"New Delhi, North Delhi, Ashok Vihar, Phase-1, Delhi, G-2","G-2, NEW DELHI, NORTH DELHI, दिल्ली",0.0,0.4545454545454545,"1,2",2,1,0,sree infotech private limited,shrii inphottek praaivett limittedd,11.764705882352942,68.75,56.98529411764706,True,False,True,True,False,False,False
S1-21438231,S2-363557532,Royal Ram Ventures Pvt Ltd,రాయల్ రామ్ వెంచర్స్ ప్రైవేట్ లిమిటెడ్,"P.No: 1-90/7/B/2, Block # 202, V R Sunshine, Patrika Nagar, Madhapur, Hitecch City, Hyderabad, Telangana","P.NO: 1-90/7/B/2, HYDERABAD, Telangana",0.0,0.4736842105263157,"1,2,202,7,90","1,2,7,90",4,0,royal ram ventures pvt ltd,raayl raam vencrs praiveett limittedd,17.02127659574468,66.66666666666667,49.64539007092199,True,False,True,True,False,False,False
S1-21438231,S2-615654181,Royal Ram Ventures Pvt Ltd,రాయల్ రామ్ వెంచర్స్ ప్రైవేట్ లిమిటెడ్,"P.No: 1-90/7/B/2, Block # 202, V R Sunshine, Patrika Nagar, Madhapur, Hitecch City, Hyderabad, Telangana","DOOR NO 74 P.NO: 1-90/7/B/2, HYDERABAD, Telangana",0.0,0.4285714285714285,"1,2,202,7,90","1,2,7,74,90",4,0,royal ram ventures pvt ltd,raayl raam vencrs praiveett limittedd,17.02127659574468,66.66666666666667,49.64539007092199,True,False,True,True,False,False,False
S1-21438231,S2-92597535,Royal Ram Ventures Pvt Ltd,రాయల్ రామ్ వెంచర్స్ ప్రైవేట్ లిమిటెడ్,"P.No: 1-90/7/B/2, Block # 202, V R Sunshine, Patrika Nagar, Madhapur, Hitecch City, Hyderabad, Telangana","74 P.NO: 1-90/7/B/2, HYDERABAD, Telangana",0.0,0.45,"1,2,202,7,90","1,2,7,74,90",4,0,royal ram ventures pvt ltd,raayl raam vencrs praiveett limittedd,17.02127659574468,66.66666666666667,49.64539007092199,True,False,True,True,False,False,False
S1-7549438,S2-323213530,Silver Consultants Private Limited,Private Silver Consultants Ltd,"Shop No. 33, Tdi, Sector-23, Panipat, Haryana","DORO NO 33, PANIPAT, Haryana",0.6,0.4444444444444444,"23,33",33,1,0,silver consultants private limited,private silver consultants ltd,93.75,93.75,0.0,False,False,False,True,False,True,True
S1-424992590,S2-213864427,Indian Marketing Private Limited,ઇન્ડિયન માર્કેટિંગ પ્રાઇવેટ લિમિટેડ,"A-18, Sur-207, Plot-14/7, Tp-112 Akshar Industrial Park, B/H. Vishala Estate, S P Ring Road, Odhav, Ahmedabad, Gujarat","A-18, AHMEDABAD, Gujarat",0.0,0.1739130434782608,"112,14,18,207,7",18,1,0,indian marketing private limited,inddiyan maarketting praaivett limittedd,10.714285714285708,83.33333333333334,72.61904761904763,True,False,True,True,False,False,True
S1-970651806,S2-379572573,Khanpur Services Private Limited,Khanpur Services Private Ltd,"105, Gujarat, Golden Tower, 1St Floor, Dinbai Tower Road, Khanpur, Ahmedabad",,0.6,0.0,"1,105",,0,1,khanpur services private limited,khanpur services private ltd,93.33333333333331,93.33333333333331,0.0,False,True,False,False,False,True,True
S1-408899156,S2-705651924,Madras Consumer Private Limited,Madras Consumer Limited Center,"55/57, Ruttan Bazar, Madras, Chennai, Tamil Nadu",,0.6,0.0,"55,57",,0,1,madras consumer private limited,madras consumer limited center,86.79245283018868,86.79245283018868,0.0,False,True,False,False,False,True,True
S1-643269974,S2-847209488,Future Energy Private Limited,फ्यूचर एनर्जी प्राइवेट लिमिटेड,"E-18, 2Nd Floor, Model Town, New Delhi, North West, Delhi","BLOCK G-740 E-18, NORTH WEST, NEW DELHI, Delhi",0.0,0.4615384615384615,"18,2","18,740",1,0,future energy private limited,phyuucr enrjii praaivett limittedd,10.714285714285708,66.66666666666667,55.95238095238096,True,False,True,True,False,False,False
S1-183921879,S2-668947767,Infinite Creative Private Limited,INFINITE CREATIVE LIMITED PARTNERS,"Flat No-105 Grandeur Park, Apartment B-50 J Park, Lucknow, Uttar Pradesh",,0.6,0.0,"105,50",,0,1,infinite creative private limited,infinite creative limited partners,89.55223880597015,89.55223880597015,0.0,False,True,False,False,False,True,True
S1-22008865,S2-810805214,Top Traders Private Limited,Limited Top Traders Service,"#114, 1St Floor, Pete Chennappa Industrial Estate Kamakshipalya, Bangalore, Karnataka","#114, BANGALORE, Karnataka",0.6,0.3,"1,114",114,1,0,top traders private limited,limited top traders service,85.18518518518519,85.18518518518519,0.0,False,False,False,True,False,True,True
S1-185682837,S2-570602079,Best Investments Private Limited,బెస్ట్ ఇన్వెస్ట్‌మెంట్స్ ప్రైవేట్ లిమిటెడ్,"8-4-17/95 Lane No 2B, Sai Ram Nagar Colony, Saroornagar, K.V.Rangareddy, Telangana","LANE NO 2B, K.V.RANGAREDDY, తెలంగాణ",0.0,0.3,"17,2,4,8,95",2,1,0,best investments private limited,bestt investtmentts praiveett limittedd,11.538461538461531,84.50704225352112,72.96858071505959,True,False,True,True,False,False,True
S1-185682837,S2-627268169,Best Investments Private Limited,బెస్ట్ ఇన్వెస్ట్‌మెంట్స్ ప్రైవేట్ లిమిటెడ్,"8-4-17/95 Lane No 2B, Sai Ram Nagar Colony, Saroornagar, K.V.Rangareddy, Telangana","LANE NO 2B, K.V.RANGAREDDY, Telangana",0.0,0.4375,"17,2,4,8,95",2,1,0,best investments private limited,bestt investtmentts praiveett limittedd,11.538461538461531,84.50704225352112,72.96858071505959,True,False,True,True,False,False,True
S1-14224053,S2-767814734,Film Technology Pvt. Ltd.,FILM-PVT. LTD. SERVICES,"Old No.165, New No.224, Peters Road, Fourth Floor, Royapettah, Opp To New College, Chennai, Tamil Nadu",,0.6,0.0,"165,224",,0,1,film technology pvt ltd,film pvt ltd services,72.72727272727272,72.72727272727272,0.0,False,True,False,False,False,True,True
S1-386091575,S2-164269184,FGP Mushroom Private Limited,FGP Private-Limited Center,"4/34, First Floor, New Delhi, West Delhi, Delhi","226 4/34, FIRST FLOOR, NEW DELHI, Delhi",0.6,0.75,"34,4","226,34,4",2,0,fgp mushroom private limited,fgp private limited center,84.44444444444444,84.44444444444444,0.0,False,False,False,True,True,True,True
S1-386091575,S2-991601060,FGP Mushroom Private Limited,FGP Mushr0om Privgbte Limited,"4/34, First Floor, New Delhi, West Delhi, Delhi","H.NO 226 4/34, FIRST FLOOR, NEW DELHI, Delhi",0.3333333333333333,0.6,"34,4","226,34,4",2,0,fgp mushroom private limited,fgp mushr0om privgbte limited,91.2280701754386,91.2280701754386,0.0,False,False,False,True,True,False,True
S1-41574380,S2-512645037,Attri Service Pvt. Ltd.,PVT. ATTRI SETIE LTD.,"F2, Amritakripa Appartments, St James Road, Pallikavala, Ernakulam, Kerala","FB3/2, ERNAKULAM, കേരളം",0.6,0.0769230769230769,2,"2,3",1,0,attri service pvt ltd,pvt attri setie ltd,90.0,90.0,0.0,False,False,False,True,False,True,True
S1-972518511,S2-172796333,Selco Nursing Home Private Limited,Private Selco Nursing Home Ltd,"H.No 288, Basement, Sector 19 Amberhai, Dwarka, New Delhi, South West Delhi, Delhi","H.NO 288, NEW DELHI, SOUTH WEST DELHI, Delhi",0.6666666666666666,0.5833333333333334,"19,288",288,1,0,selco nursing home private limited,private selco nursing home ltd,93.75,93.75,0.0,False,False,False,True,True,True,True
S1-153404897,S2-175634644,Astro Care Private Limited,TAVOUMBRAFAYE,"4/18, 2Nd Floor, Asaf Ali Road New Delhi, New Delhi, Central Delhi, Delhi","4/18, दिल्ली, CENTRAL DELHI, NEW DELHI",0.0,0.4166666666666667,"18,2,4","18,4",2,0,astro care private limited,tavoumbrafaye,30.769230769230774,30.769230769230774,0.0,False,False,False,True,False,False,False
S1-21636161,S2-42658081,Raj Logistics Private Limited,Raj Logistics Private Ltd,"New Delhi, Delhi, West Delhi, Plot No B - 95/A Vikas Nagar","PLOT NO B - 95/A VIKAS NAGAR, NEW DELHI, दिल्ली",0.6,0.75,95,95,1,0,raj logistics private limited,raj logistics private ltd,92.5925925925926,92.5925925925926,0.0,False,False,False,True,True,True,True
S1-445637307,S2-187644313,Shyam Technology Private Limited,श्याम टेक्नोलॉजी प्राइवेट लिमिटेड,"210, Bakhatgarh Tower 10/1 New Palasia, Madhya Pradesh, Indore","BLOCK E-923 210, INDORE, Madhya Pradesh",0.0,0.3076923076923077,"1,10,210","210,923",1,0,shyam technology private limited,shyaam tteknolonjii praaivett limittedd,10.714285714285708,73.23943661971832,62.52515090543261,True,False,True,True,False,False,True
S1-445637307,S2-853036288,Shyam Technology Private Limited,श्याम टेक्नोलॉजी प्राइवेट लिमिटेड,"210, Bakhatgarh Tower 10/1 New Palasia, Madhya Pradesh, Indore","BOCK E-923 210, INDORE, Madhya Pradesh",0.0,0.3076923076923077,"1,10,210","210,923",1,0,shyam technology private limited,shyaam tteknolonjii praaivett limittedd,10.714285714285708,73.23943661971832,62.52515090543261,True,False,True,True,False,False,True
S1-310186288,S2-260795571,Sky Industries Limited,स्काई इंडस्ट्रीज लिमिटेड,"Pl No. 28, Paineer Housing Society Khamla Road Ajni, Nagpur, Maharashtra","PL NO. 28, NAGPUR, महाराष्ट्र",0.0,0.2666666666666666,28,28,1,0,sky industries limited,skaaii inddsttriij limittedd,9.090909090909092,72.0,62.90909090909091,True,False,True,True,False,False,True
S1-310186288,S2-474151185,Sky Industries Limited,स्काई इंडस्ट्रीज लिमिटेड,"Pl No. 28, Paineer Housing Society Khamla Road Ajni, Nagpur, Maharashtra","PL NO. 28, NAGPUR, महाराष्ट्र",0.0,0.2666666666666666,28,28,1,0,sky industries limited,skaaii inddsttriij limittedd,9.090909090909092,72.0,62.90909090909091,True,False,True,True,False,False,True
S1-233604988,S2-330306991,Global Food Private Limited,ग्लोबल फूड प्राइवेट लिमिटेड,"B-308 Cghs, Narwana Apartment Indra Prastha Extn., Delhi, East Delhi, Delhi","B-309 CGHS, DELHI, EAST DELHI, Delhi",0.0,0.3636363636363636,308,309,0,0,global food private limited,globl phuudd praaivett limittedd,12.5,71.1864406779661,58.6864406779661,True,False,True,False,False,False,True
S1-76719738,S2-400867895,Somya India Pvt. Ltd.,PVT. SOMYA IDNI LTD.,"Maharashtra, Margaret Chawl, Juliuswadi, Gaondevi Road, Gate No.6. Malwani, Malad, Mumbai, (W), A-2","NAVI MUMBAI, A-2, (W), महाराष्ट्र",0.6,0.2,"2,6",2,1,0,somya india pvt ltd,pvt somya idni ltd,91.89189189189187,91.89189189189187,0.0,False,False,False,True,False,True,True
S1-41736327,S2-331691298,Perfect Investment Private Limited,परफेक्ट इन्वेस्टमेंट प्राइवेट लिमिटेड,"Flat No.2-302/B, Ramchandra Complex, Near Navpada Subhash Road, Dombivali (We, St), Thane, Maharashtra","2-302/B, THANE, महाराष्ट्र",0.0,0.2,"2,302","2,302",2,0,perfect investment private limited,prphektt investtmentt praaivett limittedd,9.375,77.33333333333333,67.95833333333333,True,False,True,True,False,False,True
S1-316507272,S2-875989578,Balaji Engineering Private Limited,बालाजी इंजीनियरिंग प्राइवेट लिमिटेड,"C-24, Sector-62, Noida, Gautam Buddha Nagar, Uttar Pradesh","DOOR NO 75 C-24, GAUTAM BUDDHA NAGAR, DAYANTPUR, Uttar Pradesh",0.0,0.5,"24,62","24,75",1,0,balaji engineering private limited,baalaajii injiiniyring praaivett limittedd,9.836065573770496,73.6842105263158,63.8481449525453,True,False,True,True,True,False,True
S1-816256694,S2-439950490,Raj Products Private Limited,Raj Products Products,"Thanesar, I Park, Nr Anchla Chowk Darakalan, C/O Ashwani Kumar, Kurukshetra, Haryana",,0.5,0.0,,,0,1,raj products private limited,raj products products,100.0,100.0,0.0,False,True,False,False,False,True,True
S1-183253419,S2-598841626,Creative Consultants Private Limited,क्रिएटिव कंसल्टेंट्स प्राइवेट लिमिटेड,"B-61, Vivid House, Pushpanjali Enclave, Pitampura, Delhi, East Delhi, Delhi","B-61, DELHI",0.0,0.3333333333333333,61,61,1,0,creative consultants private limited,kriettiv knslttentts praaivett limittedd,9.677419354838705,71.05263157894737,61.375212224108665,True,False,True,True,False,False,True
S1-183253419,S2-127196514,Creative Consultants Private Limited,क्रिएटिव कंसल्टेंट्स प्राइवेट लिमिटेड,"B-61, Vivid House, Pushpanjali Enclave, Pitampura, Delhi, East Delhi, Delhi","B-61, EAST DELHI, दिल्ली",0.0,0.3636363636363636,61,61,1,0,creative consultants private limited,kriettiv knslttentts praaivett limittedd,9.677419354838705,71.05263157894737,61.375212224108665,True,False,True,True,False,False,True
S1-898325816,S2-355277732,My Management Private Limited,માય મેનેજમેન્ટ પ્રાઇવેટ લિમિટેડ,"A/402, Yogeshwar Residency, Opp. Kankeshwari Park, Krishna Nagar, Ahmedabad, Gujarat","A/402, AHMEDABAD, ગુજરાત",0.0,0.2142857142857142,402,402,1,0,my management private limited,maaya menejmentt praaivett limittedd,12.0,73.84615384615385,61.846153846153854,True,False,True,True,False,False,True
S1-898325816,S2-658705674,My Management Private Limited,#mymanagement | www.mymanagem.com,"A/402, Yogeshwar Residency, Opp. Kankeshwari Park, Krishna Nagar, Ahmedabad, Gujarat","A/402, AHMEDABAD, Gujarat",0.0,0.3636363636363636,402,402,1,0,my management private limited,mymanagement www mymanagem com,57.6271186440678,57.6271186440678,0.0,False,False,False,True,False,False,False
S1-254035990,S2-730376885,Sun Finance Pvt Ltd,सन फाइनेंस प्रा. लि.,"H-121 B, Sec 11, Pratap Vihar, Ghaziabad, Uttar Pradesh","H-121- B, HARDOI, GHAZIABAD, Uttar Pradesh",0.0,0.5454545454545454,"11,121",121,1,0,sun finance pvt ltd,sn phaainens praa li,17.647058823529417,51.28205128205128,33.634992458521864,True,False,True,True,True,False,False
S1-71228344,S2-426799215,Atlas Consulting Private Limited,At1as Consulting Private Limited,"House No.157, Group-06, Block-E, Pkt 2, Sec 11, Delhi, North West Delhi, Delhi","HOUSE NO.157, NORTH WEST DELHI, KANJHAWALA, Delhi",0.6,0.4,"06,11,157,2",157,1,0,atlas consulting private limited,at1as consulting private limited,96.875,96.875,0.0,False,False,False,True,False,True,True
S1-317110967,S2-815839865,Raman & Co Corp,Mr Raman Co Corp Services,"C/O, Khokan Mondal, Ramnagar, Haldarpara, Chapra, Nadia, West Bengal",,0.5,0.0,,,0,1,raman and co corp,mr raman co corp services,86.66666666666667,86.66666666666667,0.0,False,True,False,False,False,True,True
S1-20212899,S2-467189600,Alaska Hotel Private Limited,Mr Brixjax,"Kolkata, West Bengal, 92C/1, Howrah, Sahapur Colony Block-J, New Alipore, Kolkata","পশ্চিমবঙ্গ, 92C/1., KOLKATA, HOWRAH",0.0,0.25,"1,92","1,92",2,0,alaska hotel private limited,mr brixjax,21.05263157894737,21.05263157894737,0.0,False,False,False,True,False,False,False
S1-468588650,S2-391466809,One Investment Private Limited,वन इन्वेस्टमेंट प्राइवेट लिमिटेड,"Delhi, Plot No 9, Kh No 60/21, Bl P, 1St Floor, Hastsal, West Delhi, New Delhi","#9, NEW DELHI, WEST DELHI, Delhi",0.0,0.2857142857142857,"1,21,60,9",9,1,0,one investment private limited,vn investtmentt praaivett limittedd,10.526315789473683,80.0,69.47368421052632,True,False,True,True,False,False,True
S1-98763652,S2-683841855,Black Solutions Private Limited,Black Solutions Private,"C/O Abdur Rahim, Musalmanpara Ninur, Kirtipur, Kirtipur, Murshidabad, West Bengal",,0.75,0.0,,,0,1,black solutions private limited,black solutions private,100.0,100.0,0.0,False,True,False,False,False,True,True
S1-901766150,S2-321881032,Shree Systems Limited,श्री सिस्टम्स लिमिटेड,"Siddharth Towers, S. No. 12/3B, Sangam Press Road, Office No. 813, Pune, Kothrud, Maharashtra","KOTHRUD, PUNE, Maharashtra, #56 OFFICE NO. 813",0.0,0.4,"12,3,813","56,813",1,0,shree systems limited,shrii sisttms limittedd,10.810810810810809,77.27272727272728,66.46191646191647,True,False,True,True,False,False,True
S1-84482279,S2-841476071,Prime International,પ્રાઇમ ઇન્ટરનેશનલ,"Ahmedabad, Shop No. C 205/1, Gujarat, Ahmedabad, Galaxy Arcade, Nr Galaxy Cinema, N.H. No.8, Naroda","SHOP NO. C 205/1, AHMEDABAD, Gujarat",0.0,0.4666666666666667,"1,205,8","1,205",2,0,prime international,praaim inttrneshnl,5.555555555555558,64.86486486486487,59.30930930930931,True,False,True,True,False,False,False
S1-84482279,S2-570944912,Prime International,પ્રાઇમ ઇન્ટરનેશનલ,"Ahmedabad, Shop No. C 205/1, Gujarat, Ahmedabad, Galaxy Arcade, Nr Galaxy Cinema, N.H. No.8, Naroda","SHOP NO. C 205/1, AHMEDABAD, Gujarat",0.0,0.4666666666666667,"1,205,8","1,205",2,0,prime international,praaim inttrneshnl,5.555555555555558,64.86486486486487,59.30930930930931,True,False,True,True,False,False,False
S1-379076150,S2-17030831,Tirupati Foundation Private Limited,तिरुपति फाउंडेशन प्राइवेट लिमिटेड,"B 5/25, Krishna Nagar Delhi, New Delhi, East Delhi, Delhi","Delhi, NEW DELHI, EAST DELHI, #227 B 5/25",0.0,0.6666666666666666,"25,5","227,25,5",2,0,tirupati foundation private limited,tirupti phaaunddeshn praaivett limittedd,9.836065573770496,69.33333333333334,59.497267759562845,True,False,True,True,True,False,False
S1-271726097,S2-604064487,All International Private Limited,ऑल इंटरनेशनल प्राइवेट लिमिटेड,"902, Sunteck, Grandeur, S.V. Road, Near Amboli Church, Opp. Subway, Andheri (West), Mumbai, Mumbai City, Maharashtra","902, MUMBAI, MUMBAI CITY, महाराष्ट्र",0.0,0.15,902,902,1,0,all international private limited,onl inttrneshnl praaivett limittedd,10.0,67.64705882352942,57.64705882352942,True,False,True,True,False,False,False
S1-271726097,S2-933571750,All International Private Limited,ऑल इंटरनेशनल प्राइवेट लिमिटेड,"902, Sunteck, Grandeur, S.V. Road, Near Amboli Church, Opp. Subway, Andheri (West), Mumbai, Mumbai City, Maharashtra","902, MUMBAI, MUMBAI CITY, Maharashtra",0.0,0.25,902,902,1,0,all international private limited,onl inttrneshnl praaivett limittedd,10.0,67.64705882352942,57.64705882352942,True,False,True,True,False,False,False
S1-97897835,S2-620864222,City Developers Pvt Ltd,સિટી ડેવલપર્સ પ્રા. લિ.,"Shop-310, Third Floor Binali, Opp. Torrent Power Zonal Office, Naranpura, Sola Road, Ahmedabad, Gujarat","SHOP310, AHMEDABAD, ગુજરાત",0.0,0.0526315789473684,310,310,1,0,city developers pvt ltd,sittii ddevlprs praa li,15.384615384615389,60.86956521739131,45.484949832775925,True,False,True,True,False,False,False
S1-97897835,S2-940120369,City Developers Pvt Ltd,સિટી ડેવલપર્સ પ્રા. લિ.,"Shop-310, Third Floor Binali, Opp. Torrent Power Zonal Office, Naranpura, Sola Road, Ahmedabad, Gujarat","SHOP-310, AHMEDABAD, Gujarat",0.0,0.2666666666666666,310,310,1,0,city developers pvt ltd,sittii ddevlprs praa li,15.384615384615389,60.86956521739131,45.484949832775925,True,False,True,True,False,False,False
S1-97897835,S2-891030982,City Developers Pvt Ltd,City Developers Pvt Limited,"Shop-310, Third Floor Binali, Opp. Torrent Power Zonal Office, Naranpura, Sola Road, Ahmedabad, Gujarat",,0.6,0.0,310,,0,1,city developers pvt ltd,city developers pvt limited,92.0,92.0,0.0,False,True,False,False,False,True,True
S1-97897835,S2-834743985,City Developers Pvt Ltd,સિટી ડેવલપર્સ પ્રા. લિ.,"Shop-310, Third Floor Binali, Opp. Torrent Power Zonal Office, Naranpura, Sola Road, Ahmedabad, Gujarat","SHOP-310, AHMEDABAD, Gujarat",0.0,0.2666666666666666,310,310,1,0,city developers pvt ltd,sittii ddevlprs praa li,15.384615384615389,60.86956521739131,45.484949832775925,True,False,True,True,False,False,False
S1-187018357,S2-605660914,Shivam Baba Infra Private Limited,শিবম বাবা ইনফ্রা প্রাইভেট লিমিটেড,"Bc 30, Flat No. 1, Saltlake, Kolkata, Kolkata, Howrah, West Bengal","BC 30, N/A, NORTH 24 PARGANAS, West Bengal",0.0,0.2666666666666666,"1,30","24,30",1,0,shivam baba infra private limited,shibm baabaa inphraa praaibhett limittedd,13.793103448275858,72.97297297297297,59.17986952469711,True,False,True,True,False,False,True
S1-187018357,S2-983270917,Shivam Baba Infra Private Limited,শিবম বাবা ইনফ্রা প্রাইভেট লিমিটেড,"Bc 30, Flat No. 1, Saltlake, Kolkata, Kolkata, Howrah, West Bengal","BC 30, N/A, NORTH 24 PARGANAS, West Bengal",0.0,0.2666666666666666,"1,30","24,30",1,0,shivam baba infra private limited,shibm baabaa inphraa praaibhett limittedd,13.793103448275858,72.97297297297297,59.17986952469711,True,False,True,True,False,False,True
S1-187018357,S2-800564045,Shivam Baba Infra Private Limited,শিবম বাবা ইনফ্রা প্রাইভেট লিমিটেড,"Bc 30, Flat No. 1, Saltlake, Kolkata, Kolkata, Howrah, West Bengal","BC 30, N/A, NORTH 24 PARGANAS, West Bengal",0.0,0.2666666666666666,"1,30","24,30",1,0,shivam baba infra private limited,shibm baabaa inphraa praaibhett limittedd,13.793103448275858,72.97297297297297,59.17986952469711,True,False,True,True,False,False,True
S1-374838435,S2-122609645,Perfect Consultants Private Limited,ಪರ್ಫೆಕ್ಟ್ ಕನ್ಸಲ್ಟೆಂಟ್ಸ್ ಪ್ರೈವೇಟ್ ಲಿಮಿಟೆಡ್,"No 09, Kattigenahalli, Bangalore North, Bangalore, Karnataka","NO 09, BANGALORE, ಕರ್ನಾಟಕ",0.0,0.3333333333333333,09,09,1,0,perfect consultants private limited,prphektt knslttentts praiveett limittedd,9.523809523809518,69.33333333333334,59.809523809523824,True,False,True,True,False,False,False
S1-345962648,S2-369124256,High Systems Pvt Ltd,హై సిస్టమ్స్ ప్రైవేట్ లిమిటెడ్,"29-2-23, 1St Floor Rama Mandiram Street, Surya Rao Pet, Vijayawada Urban, Krishna, Andhra Pradesh","KRISHNA, ఆంధ్రప్రదేశ్, KRISHNA, 31-2-23",0.0,0.1363636363636363,"1,2,23,29","2,23,31",2,0,high systems pvt ltd,hai sisttms praiveett limittedd,15.0,62.74509803921568,47.74509803921568,True,False,True,True,False,False,False
S1-636379844,S2-586369481,Aarvita Commercial Private Limited,AARVITA PRIVATE LIMITED SERVICES,"234/4 And 5 Nizampur, Lucknow, Uttar Pradesh",,0.6,0.0,"234,4,5",,0,1,aarvita commercial private limited,aarvita private limited services,83.63636363636364,83.63636363636364,0.0,False,True,False,False,False,True,True
S1-305425093,S2-199497419,Ram International Limited,राम इंटरनेशनल लिमिटेड,"Us-7, First Floor 18/20, W.E.A., Karol Bagh, New Delhi, Delhi","DELHI, US-A-7, Delhi",0.0,0.3076923076923077,"18,20,7",7,1,0,ram international limited,raam inttrneshnl limittedd,9.090909090909092,74.50980392156863,65.41889483065954,True,False,True,True,False,False,True
S1-842644609,S2-619174228,Universal Consultancy Private Limited,ইউনিভার্সাল কনসালটেন্সি প্রাইভেট লিমিটেড,"86 A, Topsia Road (South), 2Nd Floor, Room No.209, Kolkata, Kolkata, Howrah, West Bengal","86 A, KOLKATA, HOWRAH, পশ্চিমবঙ্গ",0.0,0.2222222222222222,"2,209,86",86,1,0,universal consultancy private limited,iunibhaarsaal knsaalttensi praaibhett limittedd,8.82352941176471,61.90476190476191,53.0812324929972,True,False,True,True,False,False,False
S1-865691324,S2-138889377,Classic Impex Limited,क्लासिक इम्पेक्स लिमिटेड,"House No.65, 3Rd Floor, Block-2-A, Single Storey, New Delhi, West Delhi, Delhi","HOUSE NO.65, NEW DELHI, WEST DELHI, दिल्ली",0.0,0.4,"2,3,65",65,1,0,classic impex limited,klaasik impeks limittedd,10.810810810810809,75.55555555555556,64.74474474474475,True,False,True,True,False,False,True
S1-865691324,S2-422920514,Classic Impex Limited,क्लासिक इम्पेक्स लिमिटेड,"House No.65, 3Rd Floor, Block-2-A, Single Storey, New Delhi, West Delhi, Delhi","HCUSE NO.65, WEST DELHI, NEW DELHI, दिल्ली",0.0,0.3125,"2,3,65",65,1,0,classic impex limited,klaasik impeks limittedd,10.810810810810809,75.55555555555556,64.74474474474475,True,False,True,True,False,False,True
S1-770456430,S2-429317623,Quality Holdings,Deltavio,"Pune, Maheshwara Melo S No 48/2/12/21/12 Mitha, Maharashtra, Pune, Shop No 03","H.NO 03, PUNE, Maharashtra",0.0,0.2857142857142857,"03,12,2,21,48",03,1,0,quality holdings,deltavio,25.0,25.0,0.0,False,False,False,True,False,False,False
S1-217471372,S2-595014831,Universal Constructions Private Limited,यूनिवर्सल कंस्ट्रक्शंस प्राइवेट लिमिटेड,"Flat No 303, Oshiwara Parthi Chs Ltd, Jogeshwari West, Mumbai, Maharashtra","FLAT NO 303/2, MUMBAI, महाराष्ट्र",0.0,0.25,303,"2,303",1,0,universal constructions private limited,yuunivrsl knsttrkshns praaivett limittedd,8.333333333333329,70.0,61.66666666666667,True,False,True,True,False,False,True
S1-288786162,S2-244746627,Lotus Global Limited,লোটাস গ্লোবাল লিমিটেড,"7/13, Narkel Danga Main Road, Kolkata, Howrah, West Bengal","007/13, KOLKATA, West Bengal",0.0,0.3636363636363636,"13,7","007,13",1,0,lotus global limited,lottaas globaal limittedd,12.121212121212125,84.44444444444444,72.32323232323232,True,False,True,True,False,False,True
S1-764881362,S2-920326564,OUT Beverages Private Limited,OUT 8everages Private,"F394, Sanjivani Apartment, Prabhat Road, Erandwane, Pune City, Pune, Maharashtra",,0.4,0.0,394,,0,1,out beverages private limited,out 8everages private,80.0,80.0,0.0,False,True,False,False,False,False,True
S1-749606243,S2-849379541,Darshit & Associates Corporation,Darshit & & Asociats Corporation,"Plot No.21, I. T. Park, Midc, Parsodi, Gayatri Nagar, Nagpur, Maharashtra",,0.6,0.0,21,,0,1,darshit and associates corporation,darshit and and asociats corporation,96.96969696969695,96.96969696969695,0.0,False,True,False,False,False,True,True
S1-574848946,S2-31532089,Classic Investment Private Limited,கிளாசிக் இன்வெஸ்ட்மெண்ட் பிரைவேட் லிமிடெட்,"Tamil Nadu, 32, Vivekananda Street T.Nagar, Chennai","Tamil Nadu, 3-2, CHENNAI",0.0,0.3,32,"2,3",0,0,classic investment private limited,killaacik innnvesttmenntt piraiveett limittett,10.34482758620689,67.5,57.15517241379311,True,False,True,False,False,False,False
S1-440250628,S2-729474708,Urban Guru Investments Limited,अर्बन गुरु इन्वेस्टमेंट्स लिमिटेड,"Office No. 231, 2Nd Floor, Swastik Plaza, Subhash Nagar, Pokhran Road No. 2, Thane, Maharashtra","OFFICE NO. 231, GREATER MUMBAI, Maharashtra",0.0,0.25,"2,231",231,1,0,urban guru investments limited,arbn guru investtmentts limittedd,10.526315789473683,88.88888888888889,78.3625730994152,True,False,True,True,False,False,True
S1-992586515,S2-409379747,United Consultants Private Limited,યુનાઇટેડ કન્સલ્ટન્ટ્સ પ્રાઇવેટ લિમિટેડ,"D/104, Narayan Society, Konark Karishma Near Mansi Cross Road, Vastrapur, Ahmedabad, Gujarat","D/104, AHMEDABAD HQ REGION, AHMEDABAD, Gujarat",0.0,0.2666666666666666,104,104,1,0,united consultants private limited,yaunaaittedd knslttntts praaivett limittedd,9.090909090909092,72.72727272727273,63.63636363636364,True,False,True,True,False,False,True
S1-941076707,S2-960177368,Galaxy Solutions Pvt Ltd,sgalaxy.com,"No.42, Kamakshipalya, Magadi Main Road, Bangalore, Karnataka","BANGALORE, Karnataka, BANGALORE, DOOR NO 42",0.0,0.4444444444444444,42,42,1,0,galaxy solutions pvt ltd,sgalaxy com,45.71428571428572,45.71428571428572,0.0,False,False,False,True,False,False,False
S1-941076707,S2-971373443,Galaxy Solutions Pvt Ltd,ಗ್ಯಾಲಕ್ಸಿ ಸೊಲ್ಯೂಷನ್ಸ್ ಪ್ರೈವೇಟ್ ಲಿಮಿಟೆಡ್,"No.42, Kamakshipalya, Magadi Main Road, Bangalore, Karnataka","BANGALORE, NO.42, Karnataka, BANGALORE",0.0,0.5,42,42,1,0,galaxy solutions pvt ltd,gyaalksi solyuussns praiveett limittedd,12.244897959183676,57.142857142857146,44.89795918367347,True,False,True,True,True,False,False
S1-496379551,S2-86666425,One Classic Developers Private Limited,ಒನ್ ಕ್ಲಾಸಿಕ್ ಡೆವಲಪರ್ಸ್ ಪ್ರೈವೇಟ್ ಲಿಮಿಟೆಡ್,"No.15, 2Nd Floor, Vasants Business Centre, Queens Road, Bangalore North, Bangalore, Karnataka","NO.15, BANGALORE URBAN, BANGALORE, Karnataka",0.0,0.3076923076923077,"15,2",15,1,0,one classic developers private limited,on klaasik ddevlprs praiveett limittedd,12.698412698412696,75.32467532467533,62.62626262626263,True,False,True,True,False,False,True
S1-847809177,S2-688317647,Sun Software Private Limited,సన్ సాఫ్ట్‌వేర్ ప్రైవేట్ లిమిటెడ్,"1St Floor, B-Block, 6-3-1090 Tsr Towers, Rajbhavan Road, Somajiguda, Hyderabad, Telangana","1ST FLOOR, HYDERABAD URBAN, null, తెలంగాణ",0.0,0.15,"1,1090,3,6",1,1,0,sun software private limited,sn saaphttveer praiveett limittedd,12.5,64.51612903225806,52.016129032258064,True,False,True,True,False,False,False
S1-224578126,S2-471017700,Techno Trading Pvt Ltd,Techno Trading Pvt Limited,"Plot No-C- 11- Patrakar Puram Colony Sikaraul, Varanasi, Uttar Pradesh",,0.6,0.0,11,,0,1,techno trading pvt ltd,techno trading pvt limited,91.66666666666669,91.66666666666669,0.0,False,True,False,False,False,True,True
S1-983032539,S2-764627694,Pioneer Raj Technologies Pvt Ltd,পায়োনিয়ার রাজ টেকনোলজিস প্রাইভেট লিমিটেড,"30, C R Avenue, 3Rd Floor, Kolkata, Kolkata, Howrah, West Bengal","CALCUTTA, 30/6, HOWRAH, West Bengal",0.0,0.3333333333333333,"3,30","30,6",1,0,pioneer raj technologies pvt ltd,paay oniy aar raaj tteknoljis praaibhett limittedd,13.333333333333329,56.09756097560976,42.76422764227643,True,False,True,True,False,False,False
S1-537968331,S2-140416032,Kg Products Ltd,M/s KG PRODUCTS LIMITED,"Ist Floor, Plot No, 502, Street No.6, Avenue-1, (Old Road-12), Banjara Hills, Hyderabad, Telangana",,0.3333333333333333,0.0,"1,12,502,6",,0,1,kg products ltd,m s kg products limited,84.61538461538461,84.61538461538461,0.0,False,True,False,False,False,False,True
S1-884867890,S2-887521810,Nr Commerce Private Limited,Nr Commerce Pcdmamte Limited,"Srm Bldg. 47 Sarai Julena, New Delhi, South Delhi, Delhi",,0.6,0.0,47,,0,1,nr commerce private limited,nr commerce pcdmamte limited,87.27272727272728,87.27272727272728,0.0,False,True,False,False,False,True,True
S1-579250265,S2-211095837,Lucknow Projects Partners,Fayenexdelta,"H.No. 25, Phoolbagh Colony, Lucknow, Uttar Pradesh","H.NO. 25, <NULL>, LUCKNOW, उत्तर प्रदेश",0.0,0.2857142857142857,25,25,1,0,lucknow projects partners,fayenexdelta,27.02702702702703,27.02702702702703,0.0,False,False,False,True,False,False,False
S1-221703156,S2-815805163,Bon (India) Investments Partners,BON (INDIA) INVESTMENTS SERVICES,"Fatehpur, Didarganj, High School Road Patna Rural, Patna, Bihar",,0.6,0.0,,,0,1,bon india investments partners,bon india investments services,83.33333333333334,83.33333333333334,0.0,False,True,False,False,False,True,True
S1-38652258,S2-763861936,North Foundation Private Limited,नॉर्थ फाउंडेशन प्राइवेट लिमिटेड,"B 45, Mahashweta Nagar, Ujjain, Madhya Pradesh","B 44, UJJAIN, Madhya Pradesh",0.0,0.5,45,44,0,0,north foundation private limited,nonrth phaaunddeshn praaivett limittedd,10.526315789473683,67.6056338028169,57.07931801334321,True,False,True,False,True,False,False
S1-38652258,S2-715064667,North Foundation Private Limited,नॉर्थ फाउंडेशन प्राइवेट लिमिटेड,"B 45, Mahashweta Nagar, Ujjain, Madhya Pradesh","B 44, UJJAIN, Madhya Pradesh",0.0,0.5,45,44,0,0,north foundation private limited,nonrth phaaunddeshn praaivett limittedd,10.526315789473683,67.6056338028169,57.07931801334321,True,False,True,False,True,False,False
S1-38652258,S2-557406170,North Foundation Private Limited,n0rthfoundation.com,"B 45, Mahashweta Nagar, Ujjain, Madhya Pradesh","Madhya Pradesh, UJJAIN, B 44",0.0,0.5,45,44,0,0,north foundation private limited,n0rthfoundation com,62.74509803921568,62.74509803921568,0.0,False,False,False,False,True,False,False
S1-791535230,S2-266688235,St) (india) Pvt Ltd,stindia.com,"A-9, Shree Siddivinayak Plaza, 3Rd Floor Plot No B-31, Off Link Road, Oshiwara Andheri (We, St), Mumbai, Maharashtra","DOOR NO 103 A-9, ST), MUMBAI, Maharashtra",0.0,0.2727272727272727,"3,31,9","103,9",1,0,st india pvt ltd,stindia com,59.25925925925925,59.25925925925925,0.0,False,False,False,True,False,False,False
S1-870023990,S2-210526385,Garden Traders Private Limited,Garden Traders,"Tvg E-43 Dlf Garden City, Bypass Road Mangliya Nearexotica Hotel, Indore, Madhya Pradesh",,0.5,0.0,43,,0,1,garden traders private limited,garden traders,100.0,100.0,0.0,False,True,False,False,False,True,True
S1-631824295,S2-577376405,Shree Healthcare Private Limited,ஸ்ரீ ஹெல்த்கேர் பிரைவேட் லிமிடெட்,"Sf1, Second Floor, Sreejee Akn Building 69, Vellalar Street, Mugappair, Chennai, Tamil Nadu","SF#1, CHENNAI, தமிழ்நாடு",0.0,0.0526315789473684,"1,69",1,1,0,shree healthcare private limited,srii heltkeer piraiveett limittett,11.764705882352942,63.63636363636363,51.87165775401069,True,False,True,True,False,False,False
S1-163708697,S2-250164391,Sree Impex Pvt Ltd,श्री इम्पेक्स प्रा. लि.,"16/18, Yusuf Mansion, Dariyasthan Street 2Nd Floor, Room No, 19, Masjid West, Mumbai, Mumbai City, Maharashtra","PLOT 644 16/18, GREATER BOMBAY, null, Maharashtra",0.0,0.1428571428571428,"16,18,19,2","16,18,644",2,0,sree impex pvt ltd,shrii impeks praa li,18.75,57.89473684210527,39.14473684210527,True,False,True,True,False,False,False
S1-976592176,S2-120788163,Life Systems Limited,लाइफ सिस्टम्स लिमिटेड,"203, Bank Enclave, Laxmi Nagar, New Delhi, East Delhi, Delhi","203, NEW DELHI, EAST DELHI, Delhi",0.0,0.5,203,203,1,0,life systems limited,laaiph sisttms limittedd,11.42857142857143,72.72727272727273,61.2987012987013,True,False,True,True,True,False,True
S1-992221719,S2-281315392,First Industries Private Limited,फर्स्ट इंडस्ट्रीज प्राइवेट लिमिटेड,"G-01, Shubh Mangal Appt, Jyoti Nagar, Girwa, Shobhagpura, Udaipur, Rajasthan","DOOR NO ##273 G-01, UDAIPUR, Rajasthan",0.0,0.2857142857142857,01,"01,273",1,0,first industries private limited,phrstt inddsttriij praaivett limittedd,10.34482758620689,71.42857142857143,61.08374384236454,True,False,True,True,False,False,True
S1-902431418,S2-581806082,Jai Technologies Private Limited,ಜೈ ಟೆಕ್ನಾಲಜೀಸ್ ಪ್ರೈವೇಟ್ ಲಿಮಿಟೆಡ್,"319, Subramanya Temple Road Inner Circle, Whitefield, Bangalore, Karnataka","G-319, BANGALORE, Karnataka",0.0,0.3,319,319,1,0,jai technologies private limited,jai tteknaaljiis praiveett limittedd,10.714285714285708,70.58823529411765,59.87394957983194,True,False,True,True,False,False,True
S1-902431418,S2-309497725,Jai Technologies Private Limited,ಜೈ ಟೆಕ್ನಾಲಜೀಸ್ ಪ್ರೈವೇಟ್ ಲಿಮಿಟೆಡ್,"319, Subramanya Temple Road Inner Circle, Whitefield, Bangalore, Karnataka","BANGALORE, Karnataka, G-319, BANGALORE",0.0,0.3,319,319,1,0,jai technologies private limited,jai tteknaaljiis praiveett limittedd,10.714285714285708,70.58823529411765,59.87394957983194,True,False,True,True,False,False,True
S1-213736319,S2-767525549,Jnm Law Chambers,Jnm Law Chambers Company,"C-177, Fateh Nagar, Jail Road, Near Tilak Nagar, New Delhi, Delhi, West Delhi, Delhi",,0.75,0.0,177,,0,1,jnm law chambers,jnm law chambers company,100.0,100.0,0.0,False,True,False,False,False,True,True
S1-795344066,S2-355107935,HEA Leasing Limited,HEA Leasing,"91, Moraiya, Ahmedabad, Gujarat, Sopan Kesar Industrial Hub, Sarkhej Bavla High Way",,0.6666666666666666,0.0,91,,0,1,hea leasing limited,hea leasing,100.0,100.0,0.0,False,True,False,False,False,True,True
S1-894079995,S2-632345280,Rvr Agro Private Limited,Rvr  Agro,"Bangalore, Bagmane World Technology Center, K R Puram, Marathahalli Outer Ri, Ng Road, Level 10 Wtc-4 Citrine, Karnataka",,0.5,0.0,"10,4",,0,1,rvr agro private limited,rvr agro,100.0,100.0,0.0,False,True,False,False,False,True,True
S1-425490572,S2-989290204,International Consultancy Private Limited,ಇಂಟರ್‌ನ್ಯಾಷನಲ್ ಕನ್ಸಲ್ಟೆನ್ಸಿ ಪ್ರೈವೇಟ್ ಲಿಮಿಟೆಡ್,"B001, 50, Manjunatha, 4Th A Cross, Abbaiah Reddy Layout, Kaggadasapura, Bangalore North, Bangalore, Karnataka","B001, BANGALORE NORTH, BANGALORE, Karnataka",0.0,0.3076923076923077,"001,4,50",001,1,0,international consultancy private limited,inttrnyaassnl knslttensi praiveett limittedd,8.0,65.88235294117646,57.882352941176464,True,False,True,True,False,False,False
S1-435439346,S2-26556009,Om It,Om आईटी,"B-25, Sector - 1, Noida, Gautam Buddha Nagar, Uttar Pradesh","B-25, SECTOR - 1, NOIDA, Uttar Pradesh",0.3333333333333333,0.7,"1,25","1,25",2,0,om it,om aaiittii,57.142857142857146,62.5,5.357142857142854,True,False,True,True,True,False,False
S1-932649214,S2-453861250,Vision Developers Limited,विजन डेवलपर्स लिमिटेड,"H. No. 42, Ff Khasra No. 299 D Block Village Chattarpur, New Delhi, South Delhi, Delhi","DOOR NO #42, NEW DELHI, SOUTH DELHI, Delhi",0.0,0.3571428571428571,"299,42",42,1,0,vision developers limited,vijn ddevlprs limittedd,9.090909090909092,79.16666666666667,70.07575757575758,True,False,True,True,False,False,True
S1-508296348,S2-638498710,Great Life Power Pvt Ltd,ग्रेट लाइफ पावर प्रा. लि.,"Shop No 9, Grd Flr, Bldg No 50-86, 88 Jitekar Wadi Dr Babasaheb Jaykar Marg, Thakurdwar Rd, Kalbadevi, Mumbai, Mumbai City, Maharashtra","9, MUMBAI, MUMBAI CITY, Maharashtra",0.0,0.1904761904761904,"50,86,88,9",9,1,0,great life power pvt ltd,grett laaiph paavr praa li,20.51282051282051,56.00000000000001,35.487179487179496,True,False,True,True,False,False,False
S1-536679017,S2-303727088,North Builders Private Limited,North Builders Private Enterprises,"Vishal Khand, Gomti Nagar, Lucknow, Uttar Pradesh, Lucknow, 4/147",,0.6,0.0,"147,4",,0,1,north builders private limited,north builders private enterprises,84.61538461538461,84.61538461538461,0.0,False,True,False,False,False,True,True
S1-991557451,S2-654808021,Modern International Limited,ಮಾಡರ್ನ್ ಇಂಟರ್‌ನ್ಯಾಷನಲ್ ಲಿಮಿಟೆಡ್,"No.21, 002-Gf, Reva Residency, 4Th 'A'Cross, Keb Main Road, Ittamadu, Bsk 3Rd Stage, Bangalore, Karnataka","BANGALORE, NO.D/21, BANGALORE, Karnataka",0.0,0.2105263157894736,"002,21,3,4",21,1,0,modern international limited,maaddrn inttrnyaassnl limittedd,7.843137254901961,71.1864406779661,63.34330342306414,True,False,True,True,False,False,True
S1-639794363,S2-280695805,Shiv Trading Private Limited,Shiv Trading Private,"132, Audiyyappa Street Sowcarpet, Chennai, Tamil Nadu",,0.75,0.0,132,,0,1,shiv trading private limited,shiv trading private,100.0,100.0,0.0,False,True,False,False,False,True,True
S1-417844786,S2-359586425,Garuda Housing Private Limited,Garuda Housing Prbaet Limited,"Sector-4 Urban Estate, Haryana, #1 Samrat Bhawan, Thanesar, Kurukshetra",,0.6,0.0,"1,4",,0,1,garuda housing private limited,garuda housing prbaet limited,91.52542372881356,91.52542372881356,0.0,False,True,False,False,False,True,True
S1-799970924,S2-5876330,Indo Constructions Private Limited,इंडो कंस्ट्रक्शंस प्राइवेट लिमिटेड,"717, 7F, Ild Trade Centre, Sohana Road, Sector 47, Gurgaon, Haryana","717, GURGAON, SOHNA ROAD, हरियाणा",0.0,0.2,"47,7,717",717,1,0,indo constructions private limited,inddo knsttrkshns praaivett limittedd,10.169491525423725,70.4225352112676,60.25304368584388,True,False,True,True,False,False,True
S1-460241026,S2-380997752,Bombay Exports Private Limited,बॉम्बे एक्सपोर्ट्स प्राइवेट लिमिटेड,"Shop No.5, Tyagi Market, Opposite Hindon Airforce New Colony, Karehra, Mohan Nagar, Ghaziabad, Uttar Pradesh","H.NO 5, GHAZIABAD, MOHAN NAGAR, उत्तर प्रदेश",0.0,0.2272727272727272,5,5,1,0,bombay exports private limited,bonmbe eksportts praaivett limittedd,11.111111111111114,75.75757575757575,64.64646464646464,True,False,True,True,False,False,True
S1-777194257,S2-110225157,AT Accountants LLP,AT Acocutrtnts LLP,"B-17, Sanjay Nagar-B, Jhotwara 60Ft Road Near Samudayak Bhavn, Kalwad, Jaipur, Rajasthan",,0.5,0.0,"17,60",,0,1,at accountants llp,at acocutrtnts llp,83.33333333333334,83.33333333333334,0.0,False,True,False,False,False,True,True
S1-867909404,S2-209635860,New Services Pvt Ltd,நியூ சர்வீசஸ் பிரைவேட் லிமிடெட்,"Plot No.T21, Sidco Women Industrial Park Kattur, Vellannor Post, Thirumullaivoyal, Chennai, Tamil Nadu","PLOT NO.T21, CHENNAI CITY REGION, MADRAS, தமிழ்நாடு",0.0,0.1904761904761904,21,21,1,0,new services pvt ltd,niyuu crviics piraiveett limittett,14.63414634146342,51.85185185185186,37.21770551038844,True,False,True,True,False,False,False
S1-114568547,S2-924820922,New Real Private Limited,New Real Private Ltd,"Shop No. Ug-23, Grand Plaza, Ghaziabad, Uttar Pradesh",,0.6,0.0,23,,0,1,new real private limited,new real private ltd,90.9090909090909,90.9090909090909,0.0,False,True,False,False,False,True,True
S1-119063458,S2-762209624,Tech International Private Limited,టెక్ ఇంటర్నేషనల్ ప్రైవేట్ లిమిటెడ్,"Plot No.205/2A, 1St Floor, Phase-Ii, Ida, Cherlapally, Kapra Mandal, Medchal, Malka, Jgiri Dist, Hyderabad, Telangana","PLOT NO.##205/2A, HYDERABAD, Andhra Pradesh",0.0,0.25,"1,2,205","2,205",2,0,tech international private limited,ttek inttrneessnl praiveett limittedd,10.0,67.6056338028169,57.6056338028169,True,False,True,True,False,False,False
S1-651282718,S2-884602971,Noida Mill Private Limited,N0IDA MILL MILL PRIVAE LIMITED,"Office No- B-07, Gautam Buddha Nagar, Noida, C-17, Sector 3, Uttar Pradesh","OFFICE NO- B-07, NOIDA, SSI NOIDA, उत्तर प्रदेश",0.3333333333333333,0.25,"07,17,3",07,1,0,noida mill private limited,n0ida mill mill privae limited,94.11764705882354,94.11764705882354,0.0,False,False,False,True,False,False,True
S1-318552778,S2-168602059,Balaji Indian Enterprises Private Limited,বালাজি ইন্ডিয়ান এন্টারপ্রাইজেস প্রাইভেট লিমিটেড,"71 Park Street Ground Floor, Office No.20 Park Plaza, Kolkata, Kolkata, Howrah, West Bengal","0071 PARK STREET GROUND FLOOR, KOLKATA, HOWRAH, পশ্চিমবঙ্গ",0.0,0.3333333333333333,"20,71",0071,0,0,balaji indian enterprises private limited,baalaaji inddiy aan enttaarpraaijes praaibhett limittedd,10.389610389610397,74.22680412371135,63.83719373410095,True,False,True,False,False,False,True
S1-428248492,S2-391396549,Niks Technologies Care,Dr NIKS TCHNOLGOIES CARE,"14 A.D No.4, Gayathri St, Moorthy Nagar, Plot No, Kanchipuram, Saidapet, Tamil Nadu",,0.4,0.0,"14,4",,0,1,niks technologies care,dr niks tchnolgoies care,86.95652173913044,86.95652173913044,0.0,False,True,False,False,False,False,True
S1-239598924,S2-525338036,Thaai Producer Limited,THAAI PRODUCER,"3/52 Block B Himgiri Enclave Near Transport Authority Burari, Delhi, South Delhi, Delhi",,0.6666666666666666,0.0,"3,52",,0,1,thaai producer limited,thaai producer,100.0,100.0,0.0,False,True,False,False,False,True,True
S1-326398326,S2-22705713,Anand Finance Private Limited,आनंद फाइनेंस प्राइवेट लिमिटेड,"B-1103/04, Mansarovar, Neelkanth Heights Pokhran Road No 2, Thane West, Thane, Maharashtra","B-1103/04, THANE, Maharashtra",0.0,0.3846153846153846,"04,1103,2","04,1103",2,0,anand finance private limited,aannd phaainens praaivett limittedd,10.909090909090908,68.75,57.84090909090909,True,False,True,True,False,False,False
S1-305165936,S2-750458813,AJT Nidhi Ltd,AJT Ndioi-Ltd,"Gujarat, Rajkot, Shapar, C/O. Amazon Technocast Pvt. Ltd., Ls No.-26-/P1, Plot No.-1 To 3, Bh. Maruti Petrolium",,0.5,0.0,"1,26,3",,0,1,ajt nidhi ltd,ajt ndioi ltd,84.61538461538461,84.61538461538461,0.0,False,True,False,False,False,True,True
S1-715024699,S2-990863713,Reasonable Traders Private Limited,Reasonable Traders Prcivtae Limited,"1815, Wazir Singh Street Chunna Mandi, Paharganj, New Delhi, Delhi",,0.6,0.0,1815,,0,1,reasonable traders private limited,reasonable traders prcivtae limited,95.65217391304348,95.65217391304348,0.0,False,True,False,False,False,True,True
S1-760597971,S2-509901378,Red Projects Private Limited,रेड प्रोजेक्ट्स प्राइवेट लिमिटेड,"27/3, Gitanjali Kunj 5 Dr. Ambedkar Road, Pune, Maharashtra","27/3, PUNE, KOREGAON BHIMA, महाराष्ट्र",0.0,0.1875,"27,3,5","27,3",2,0,red projects private limited,redd projektts praaivett limittedd,12.5,80.64516129032258,68.14516129032258,True,False,True,True,False,False,True
S1-207093269,S2-270687442,Transnational (India) Marvel Private Limited,Vioaria,"Lakedrive Nimbekai, Pura Hoskote Main Road, Bangalore South, Bangalore, Karnataka, No52","BANGALORE, ಕರ್ನಾಟಕ, NOD/52, BANGALORE",0.0,0.0666666666666666,52,52,1,0,transnational india marvel private limited,vioaria,24.489795918367356,24.489795918367356,0.0,False,False,False,True,False,False,False
S1-190262879,S2-630398554,Gurukrupa Medical Centre,Gurukrupa Medical Cretrhte,"11, Satish Mukherjee Road Hazra, Kolkata, Howrah, West Bengal",,0.5,0.0,11,,0,1,gurukrupa medical centre,gurukrupa medical cretrhte,92.0,92.0,0.0,False,True,False,False,False,True,True
S1-476168381,S2-572943397,Premier Services Private Limited,Premier Services  Private,"H.No.64, Jblock, Sector-14, Hiranmagri, Udaipur, Rajasthan",,0.75,0.0,"14,64",,0,1,premier services private limited,premier services private,100.0,100.0,0.0,False,True,False,False,False,True,True
S1-525696748,S2-761272755,Best Food Private Limited,बेस्ट फूड प्राइवेट लिमिटेड,"806, 8Th Floor, Ecstasy Business Park, Near City Of Joy, Jsd Road Mulund East West Flyover Mulund West, Mumbai, Maharashtra","806, MUMBAI, Maharashtra",0.0,0.1666666666666666,"8,806",806,1,0,best food private limited,bestt phuudd praaivett limittedd,13.333333333333329,70.17543859649122,56.84210526315789,True,False,True,True,False,False,True
S1-244540289,S2-214023190,Baba Law Chambers Private Limited,Smt Baba Law Chambers Phrvaet Phrvaet Limited,"Maharashtra, Mumbai, C/3 Nandlal Savji 42Kazi Syed Street, Mumbai",,0.5714285714285714,0.0,"3,42",,0,1,baba law chambers private limited,smt baba law chambers phrvaet phrvaet limited,88.57142857142857,88.57142857142857,0.0,False,True,False,False,False,True,True
S1-244540289,S2-57411230,Baba Law Chambers Private Limited,Baba Law Ciambes Private Limited,"Maharashtra, Mumbai, C/3 Nandlal Savji 42Kazi Syed Street, Mumbai",,0.6666666666666666,0.0,"3,42",,0,1,baba law chambers private limited,baba law ciambes private limited,95.3846153846154,95.3846153846154,0.0,False,True,False,False,False,True,True
S1-710774792,S2-502975394,Green City Infotech Private Limited,ग्रीन सिटी इंफोटेक प्राइवेट लिमिटेड,"House No 320/A, 25, Plot No 29, Kh No198 2Nd Floor, Onkar Nagar-B Gali No 25, Delhi, West Delhi, Delhi","HOUSE NO 320/A, DELHI, NORTH WEST, Delhi",0.0,0.3333333333333333,"198,2,25,29,320",320,1,0,green city infotech private limited,griin sittii inphottek praaivett limittedd,13.114754098360647,67.53246753246754,54.417713434106886,True,False,True,True,False,False,False
S1-710774792,S2-111221792,Green City Infotech Private Limited,ग्रीन सिटी इंफोटेक प्राइवेट लिमिटेड,"House No 320/A, 25, Plot No 29, Kh No198 2Nd Floor, Onkar Nagar-B Gali No 25, Delhi, West Delhi, Delhi","HOUSE NO 320/A, WEST DELHI, NORTH WEST, Delhi",0.0,0.3333333333333333,"198,2,25,29,320",320,1,0,green city infotech private limited,griin sittii inphottek praaivett limittedd,13.114754098360647,67.53246753246754,54.417713434106886,True,False,True,True,False,False,False
S1-710774792,S2-343251859,Green City Infotech Private Limited,ग्रीन सिटी इंफोटेक प्राइवेट लिमिटेड,"House No 320/A, 25, Plot No 29, Kh No198 2Nd Floor, Onkar Nagar-B Gali No 25, Delhi, West Delhi, Delhi","HOUSE NO 320/A, Delhi, NORTH WEST",0.0,0.3333333333333333,"198,2,25,29,320",320,1,0,green city infotech private limited,griin sittii inphottek praaivett limittedd,13.114754098360647,67.53246753246754,54.417713434106886,True,False,True,True,False,False,False
S1-710774792,S2-832606192,Green City Infotech Private Limited,ग्रीन सिटी इंफोटेक प्राइवेट लिमिटेड,"House No 320/A, 25, Plot No 29, Kh No198 2Nd Floor, Onkar Nagar-B Gali No 25, Delhi, West Delhi, Delhi","HOUSE NO 320/A, DELHI, NORTH WEST, दिल्ली",0.0,0.3,"198,2,25,29,320",320,1,0,green city infotech private limited,griin sittii inphottek praaivett limittedd,13.114754098360647,67.53246753246754,54.417713434106886,True,False,True,True,False,False,False
S1-568651859,S2-21252062,Ts Consultants (India) Private Limited,Ts C0nsultants (India) Prilvmtate Limited,"D 108/5Saket Meerut, Uttar Pradesh, Meerut, Uttar Pradesh",,0.4285714285714285,0.0,"108,5",,0,1,ts consultants india private limited,ts c0nsultants india prilvmtate limited,93.33333333333331,93.33333333333331,0.0,False,True,False,False,False,False,True
S1-675695982,S2-440857708,Life Investment Limited,लाइफ इन्वेस्टमेंट लिमिटेड,"A-601, Green Hedges, Royal Complex Eksar Road, Borivali (West), Mumbai, Mumbai City, Maharashtra","A-601, MUMBAI, MUMBAI CITY, Maharashtra",0.0,0.3846153846153846,601,601,1,0,life investment limited,laaiph investtmentt limittedd,9.302325581395351,80.76923076923077,71.46690518783542,True,False,True,True,False,False,True
S1-472507956,S2-389453187,Akshaya & Brothers Private Limited,Akshaya + Biotohse Private Limited,"209-211, S.M. Lodha Complex, Shastri Circle, Udaipur, Rajasthan",,0.5,0.0,"209,211",,0,1,akshaya and brothers private limited,akshaya biotohse private limited,85.29411764705883,85.29411764705883,0.0,False,True,False,False,False,True,True
S1-402213641,S2-46951077,Shyam Food LLP,श्याम फूड एलएलपी,"Flat No.403, Sunflower, Highland Residency Chsl, Dhokali, Kolshet Road, Thane, Maharashtra","DOOR NO 403, THANE, महाराष्ट्र",0.0,0.1764705882352941,403,403,1,0,shyam food llp,shyaam phuudd elelpii,13.793103448275868,62.85714285714285,49.06403940886699,True,False,True,True,False,False,False
S1-112435953,S2-976308338,Shyam Hospitality Private Limited,Shyam Hospitality (Private),"Surve No. 75/2 Ram Nagar Ratlam Vinoba Nagri, Ratlam, Madhya Pradesh",,0.75,0.0,"2,75",,0,1,shyam hospitality private limited,shyam hospitality private,100.0,100.0,0.0,False,True,False,False,False,True,True
S1-693377453,S2-373394045,Alpha New Investments Private Limited,अल्फा न्यू इन्वेस्टमेंट्स प्राइवेट लिमिटेड,"B-100, Kirti Nagar, Tonk Road, Jaipur, Rajasthan","NO. 772 B-100, JAIPUR, Rajasthan",0.0,0.4,100,"100,772",1,0,alpha new investments private limited,alphaa nyuu investtmentts praaivett limittedd,11.42857142857143,80.48780487804879,69.05923344947736,True,False,True,True,False,False,True
S1-364935576,S2-987414389,Krishna Laxmi Agro LLP,ಕೃಷ್ಣ ಲಕ್ಷ್ಮಿ ಅಗ್ರೋ ಎಲ್ಎಲ್‌ಪಿ,"Flat No 015, Ghataprabha Block, Khb Heritage, Jakeri Honda, Hukkeri, Belagaum, Belgaum, Karnataka","FLAT NO 00015, NORTH KARNATAKA REGION, Karnataka",0.0,0.1875,015,00015,0,0,krishna laxmi agro llp,krssnn lkssmi agroo elelpi,14.285714285714292,70.83333333333333,56.54761904761904,True,False,True,False,False,False,True
S1-115443488,S2-804480815,Medicure Energy (India) Private Limited,Smt Medicure (India) Private Limited Services,"Booth No.117-118, Shopping Complex, Sector -16, Faridabad, Haryana",,0.5714285714285714,0.0,"117,118,16",,0,1,medicure energy india private limited,smt medicure india private limited services,89.55223880597015,89.55223880597015,0.0,False,True,False,False,False,True,True
S1-279199844,S2-233104819,Supreme Exports Private Limited,সুপ্রিম এক্সপোর্টস প্রাইভেট লিমিটেড,"Howrah, Sector 1 Salt Lake City, Kolkata, Kolkata, West Bengal, Ba 54","KOLKATA, HOWRAH, পশ্চিমবঙ্গ, BA 54",0.0,0.2666666666666666,"1,54",54,1,0,supreme exports private limited,suprim eksportts praaibhett limittedd,10.714285714285708,73.52941176470588,62.815126050420176,True,False,True,True,False,False,True
S1-494979010,S2-664720951,Services Synthesis Guru Private Limited,SERVICES SYRSHSIS GURU PRIVATE LIMITED,"Ground Floor, Number 4, Q-5/2, Batla House, Jamia Nagar, Okhla, South Delhi, Delhi","GROUND FLOOR, NUMBER 4, Q-5/2, BATLA HOUSE, JAMIA NAGAR, OKHLA, दिल्ली",0.6666666666666666,0.75,"2,4,5","2,4,5",3,0,services synthesis guru private limited,services syrshsis guru private limited,93.50649350649353,93.50649350649353,0.0,False,False,False,True,True,True,True
S1-799601147,S2-363512868,Royal Infrastructure Private Limited,ରୟାଲ୍ ଇନଫ୍ରାଷ୍ଟ୍ରକଚର୍ ପ୍ରାଇଭେଟ୍ ଲିମିଟେଡ୍,"E/43, Ihub, Infocity, Chandrasekharpur, Bhubaneswar, Khordha, Orissa","E/#43, BHUBANESWAR, KHORDHA, ଓଡ଼ିଶା",0.0,0.4,43,43,1,0,royal infrastructure private limited,ryyaal inphraassttrkcr praaibhett limittedd,9.375,68.35443037974683,58.97943037974683,True,False,True,True,False,False,False
S1-159343737,S2-423929370,Prt Foundation Corporation,Prt Foundation,"3410 Second Floor, Mahindra Park, Delhi, North West Delhi, Delhi",,0.6666666666666666,0.0,3410,,0,1,prt foundation corporation,prt foundation,100.0,100.0,0.0,False,True,False,False,False,True,True
S1-180198187,S2-367028018,Galaxy High Industries Pvt Ltd,गैलेक्सी हाई इंडस्ट्रीज प्रा. लि.,"Flat No. 303, Building No.31, Unitech Westend Bolinj, Virar (West), Thane, Maharashtra","FLAT NO. 303, VIRAR (WEST), THANE, महाराष्ट्र",0.0,0.375,"303,31",303,1,0,galaxy high industries pvt ltd,gaileksii haaii inddsttriij praa li,14.81481481481481,55.38461538461539,40.56980056980058,True,False,True,True,False,False,False
S1-922582026,S2-755530935,Modern Enterprises Private Limited,মডার্ন এন্টারপ্রাইজেস প্রাইভেট লিমিটেড,"Park Street, C/O Kolkata M.A. Business Centre Private Limited, Poddar Point, Suite No. 308, Kolkata, Howrah, Kolkata, 113, West Bengal","পশ্চিমবঙ্গ, HOWRAH, #918 113, KOLKATA",0.0,0.12,"113,308","113,918",1,0,modern enterprises private limited,mddaarn enttaarpraaijes praaibhett limittedd,9.375,69.23076923076923,59.855769230769226,True,False,True,True,False,False,False
S1-612722272,S2-88655636,Krishna Industries Limited,కృష్ణా ఇండస్ట్రీస్ లిమిటెడ్,"No.201, 2-17-23/5, Shanthanadha Residency, Ranisubhadrayamma Peta, Ward No.4, Tuni, East Godavari, Andhra Pradesh","#201, TUNI, EAST GODAVARI, ఆంధ్రప్రదేశ్",0.0,0.1818181818181818,"17,2,201,23,4,5",201,1,0,krishna industries limited,krssnnaa inddsttriis limittedd,8.333333333333329,78.57142857142857,70.23809523809524,True,False,True,True,False,False,True
S1-271666441,S2-747772711,Perfect Enterprises Pvt Ltd,परफेक्ट एंटरप्राइजेज प्रा. लि.,"Wing B Office No 1107, Off Wstern Express Highway Western Edge Ii, Behind Metro, Mumbai, Mumbai City, Maharashtra","PLOT 336 WING B OFFICE NO 1107, MUMBAI CITY, महाराष्ट्र",0.0,0.3043478260869565,1107,"1107,336",1,0,perfect enterprises pvt ltd,prphektt enttrpraaijej praa li,11.764705882352942,59.64912280701755,47.884416924664606,True,False,True,True,False,False,False
S1-444996160,S2-257639597,Apex Estate Limited,एपेक्स एस्टेट लिमिटेड,"Delhi, Roshanara Road, Delhi, North East, 3968","968, Delhi, KAMLA NAGAR, DELHI, ROSHANARA ROAD",0.0,0.3333333333333333,3968,968,0,0,apex estate limited,epeks esttett limittedd,11.111111111111114,76.19047619047619,65.07936507936508,True,False,True,False,False,False,True
S1-156261313,S2-605040707,Tech Care Private Limited,टेक केयर प्राइवेट लिमिटेड,"Plot No. J-1, Block B-1, Mohan Co-Operative Industrial Area, Math, Ura Road, New Delhi, South Delhi, Delhi","PLOT NO. J-1, NEW DELHI, SOUTH DELHI, Delhi",0.0,0.4117647058823529,1,1,1,0,tech care private limited,ttek keyr praaivett limittedd,13.63636363636364,66.66666666666667,53.03030303030303,True,False,True,True,False,False,False
S1-174271956,S2-372907851,Amf Services Private Limited,Amf Services Private,"Herbo Nagar Vyasbag Po Harahua, Varanasi, Uttar Pradesh",,0.75,0.0,,,0,1,amf services private limited,amf services private,100.0,100.0,0.0,False,True,False,False,False,True,True
S1-73726029,S2-526532956,Creative Consultancy Private Limited,क्रिएटिव कंसल्टेंसी प्राइवेट लिमिटेड,"409, 4Th Floor, D-Mall, Neta Ji Subhash Place, Pitampura Delhi, North West, Delhi","409, PITAMPURA DELHI, NORTH WEST, Delhi",0.0,0.3846153846153846,"4,409",409,1,0,creative consultancy private limited,kriettiv knslttensii praaivett limittedd,9.677419354838705,65.78947368421053,56.11205432937183,True,False,True,True,False,False,False
S1-56342478,S2-271239641,Surya Tech Private Limited,సూర్య టెక్ ప్రైవేట్ లిమిటెడ్,"Door No 51, Shiva Ganga Colony, Hyderabad, Telangana","#51, null, HYDERABAD, Andhra Pradesh",0.0,0.1818181818181818,51,51,1,0,surya tech private limited,suury ttek praiveett limittedd,13.333333333333329,75.0,61.66666666666667,True,False,True,True,False,False,True
S1-229911545,S2-355070394,Raj Impex Private Limited,ರಾಜ್ ಇಂಪೆಕ್ಸ್ ಪ್ರೈವೇಟ್ ಲಿಮಿಟೆಡ್,"No. T-2, Shiva Ganga Rose, Apprts 2Nd Cross 2Nd Main, Karnataka, Bangalore South, Bangalore","NO. T-2., Karnataka, BANGALORE, BANGALORE SOUTH",0.0,0.4615384615384615,2,2,1,0,raj impex private limited,raaj inpeks praiveett limittedd,13.043478260869565,75.0,61.95652173913044,True,False,True,True,False,False,True
S1-229911545,S2-544726726,Raj Impex Private Limited,ರಾಜ್ ಇಂಪೆಕ್ಸ್ ಪ್ರೈವೇಟ್ ಲಿಮಿಟೆಡ್,"No. T-2, Shiva Ganga Rose, Apprts 2Nd Cross 2Nd Main, Karnataka, Bangalore South, Bangalore","NO. T-2., BANGALORE, BANGALORE SOUTH, Karnataka",0.0,0.4615384615384615,2,2,1,0,raj impex private limited,raaj inpeks praiveett limittedd,13.043478260869565,75.0,61.95652173913044,True,False,True,True,False,False,True
S1-393532379,S2-680360767,Nd Industries,indnd.com,"Mumbai, A/701-702, Maharashtra, Crystal Avenue Thakur Village, Dattani Park, Kandivali, (East)","A/701-702, MUMBAI, (EAST), महाराष्ट्र",0.0,0.2941176470588235,"701,702","701,702",2,0,nd industries,indnd com,45.45454545454546,45.45454545454546,0.0,False,False,False,True,False,False,False
S1-144114586,S2-725141855,Super Agro Private Limited,சூப்பர் அக்ரோ பிரைவேட் லிமிடெட்,"Old No 12, New No 23, Sir C V Raman Road Alwarpet, Chennai, Tamil Nadu","OLD NO 12, CHENNAI, Tamil Nadu",0.0,0.4285714285714285,"12,23",12,1,0,super agro private limited,cuuppr akroo piraiveett limittett,13.333333333333329,67.79661016949152,54.46327683615819,True,False,True,True,False,False,False
S1-324173973,S2-774430738,Tech Krishna Logistics Private Limited,टेक कृष्णा लॉजिस्टिक्स प्राइवेट लिमिटेड,"16 Seep Building, Shirley Rajan Road (Carter Road) Bandra (W), Mumbai, Maharashtra","##16 SEEP BUILDING, MUMBAI REGION, MUMBAI, Maharashtra",0.0,0.4166666666666667,16,16,1,0,tech krishna logistics private limited,ttek krssnnaa lonjisttiks praaivett limittedd,12.903225806451616,72.28915662650603,59.38593082005441,True,False,True,True,False,False,True
S1-842960650,S2-314696101,Sai Prime Care Private Limited,சாய் பிரைம் கேர் பிரைவேட் லிமிடெட்,"Dr. Muthulakshmi Street, Indra Nagar, Valasarawakkam, Door No.6, Chennai, Tamil Nadu, Chennai","DOOR NO.6, TIRUVALLUR, CHENNAI, Tamil Nadu",0.0,0.4615384615384615,6,6,1,0,sai prime care private limited,caay piraim keer piraiveett limittett,17.02127659574468,62.68656716417911,45.66529056843443,True,False,True,True,False,False,False
S1-42580259,S2-52697022,Fortune Energy Pvt Ltd,ಫಾರ್ಚೂನ್ ಎನರ್ಜಿ ಪ್ರೈವೇಟ್ ಲಿಮಿಟೆಡ್,"No.11, Ground Floor, 4Th Main, M.C. Layout, Vijayangar, Bangalore, Karnataka","NO.11, BANGALORE, Karnataka",0.0,0.3333333333333333,"11,4",11,1,0,fortune energy pvt ltd,phaarcuun enrji praiveett limittedd,12.765957446808514,52.63157894736843,39.86562150055992,True,False,True,True,False,False,False
S1-638604202,S2-487968769,Creative Services,ಕ್ರಿಯೇಟಿವ್ ಸರ್ವಿಸಸ್,"Khata No, 43/2 44/4B, Balaji L/O 5, Bangalore North, Bangalore, Number 5 D, Karnataka","BANGALORE URBAN, Karnataka, BANGALORE, NUMBER 5 D",0.0,0.3125,"2,4,43,44,5",5,1,0,creative services,kriyeettiv srviss,6.25,64.70588235294117,58.45588235294117,True,False,True,True,False,False,False
S1-163371057,S2-174509320,Ziraraj Realty Private Limited,LIMITED ZIRARAJ REALTY SERVICES,"Unit No.505, Pearl Best Heights - 2, Plot No. C-9, Netaji Subhash Place, Delhi, North West Delhi, Delhi","UNIT NO.505, NORTH WEST DELHI, दिल्ली",0.6,0.3333333333333333,"2,505,9",505,1,0,ziraraj realty private limited,limited ziraraj realty services,85.24590163934427,85.24590163934427,0.0,False,False,False,True,False,True,True
S1-503037108,S2-420137409,Royal Marketing Private Limited,रॉयल मार्केटिंग प्राइवेट लिमिटेड,"179, Girnar Colony South, Behind Canara Bank Gandhi Path, Vaishali Nagar, India, Jaipur, Rajasthan","H.NO 695 179, INDIA, JAIPUR, Rajasthan",0.0,0.2352941176470588,179,"179,695",1,0,royal marketing private limited,ronyl maarketting praaivett limittedd,11.538461538461531,82.35294117647058,70.81447963800905,True,False,True,True,False,False,True
S1-388148172,S2-792751473,Karjat Facilities Pvt Ltd,Karjat Facglcitines  Pvt Ltd,"Fno 301 Sn.152/12, 13 Zehr, A Palace Mamdapur, Karjat, Raigarh(Mh), Maharashtra",,0.6,0.0,"12,13,152,301",,0,1,karjat facilities pvt ltd,karjat facglcitines pvt ltd,92.3076923076923,92.3076923076923,0.0,False,True,False,False,False,True,True
S1-720692503,S2-883694739,Anand Consultants Limited,আনন্দ কনসালট্যান্টস লিমিটেড,"B-57, Sreenagar Pachimpara Garia, Kolkata, Howrah, West Bengal","CALCUTTA, B-0057, West Bengal",0.0,0.2727272727272727,57,0057,0,0,anand consultants limited,aannd knsaalttyaantts limittedd,7.692307692307693,75.0,67.3076923076923,True,False,True,False,False,False,True
S1-365415432,S2-642632290,Sun Consultancy,সান কনসালটেন্সি,"21A, Shakespeare Sarani, Flat No.5C, 5Th Floor, Kolkata, Kolkata, Howrah, West Bengal","HN ##582 21A, KOLKATA, HOWRAH, West Bengal",0.0,0.3571428571428571,"21,5","21,582",1,0,sun consultancy,saan knsaalttensi,8.0,50.0,42.0,True,False,True,True,False,False,False
S1-365415432,S2-20520713,Sun Consultancy,সান কনসালটেন্সি,"21A, Shakespeare Sarani, Flat No.5C, 5Th Floor, Kolkata, Kolkata, Howrah, West Bengal","HOWRAH, HN ##582 21A, West Bengal, KOLKATA",0.0,0.3571428571428571,"21,5","21,582",1,0,sun consultancy,saan knsaalttensi,8.0,50.0,42.0,True,False,True,True,False,False,False
S1-38165276,S2-689934045,Aditya Logistics Private Limited,Smt Yumacalo,"D.No.48-2-5/5, Plot No.73, K.S.R Plaza 4Th Floor, Srinagar, Rama Talkies, Vishakhapatnam, Visakhapatnam, Andhra Pradesh","D.NO.A-48-2D5/5, VIZAG, VISHAKHAPATNAM, Andhra Pradesh",0.0,0.3043478260869565,"2,4,48,5,73","2,48,5",3,0,aditya logistics private limited,smt yumacalo,27.27272727272727,27.27272727272727,0.0,False,False,False,True,False,False,False
S1-645064209,S2-913626083,Innovative Foods,ইনোভেটিভ ফুডস,"4A, Jacksan Lane, Ist Floor, Kolkata, Howrah, West Bengal","4A, KOLKATA, HOWRAH, West Bengal",0.0,0.5555555555555556,4,4,1,0,innovative foods,inobhettibh phudds,7.407407407407405,47.05882352941176,39.65141612200436,True,False,True,True,True,False,False
S1-174714609,S2-822449492,Navpad Solutions Ltd,Limited Navpad Solutions,"No. 6/34, 2Nd Floor, Vaibhav Flats Subathral Street, Triplicane, Chennai, Tamil Nadu","DOOR NO 6-6/34, CHENNAI, Tamil Nadu",0.5,0.4285714285714285,"2,34,6","34,6",2,0,navpad solutions ltd,limited navpad solutions,90.9090909090909,90.9090909090909,0.0,False,False,False,True,False,True,True
S1-719086114,S2-940456422,Om International Private Limited,ॐ इंटरनेशनल प्राइवेट लिमिटेड,"Shop No. C-18, Lodha, Elite Bldg Lodha Heaven, Kalyan, Thane, Maharashtra","SHOP NO. C-18/1, Maharashtra, MUMBAI, KALYAN",0.0,0.4615384615384615,18,"1,18",1,0,om international private limited,aum inttrneshnl praaivett limittedd,10.34482758620689,68.65671641791045,58.31188883170356,True,False,True,True,False,False,False
S1-719086114,S2-185402831,Om International Private Limited,ॐ इंटरनेशनल प्राइवेट लिमिटेड,"Shop No. C-18, Lodha, Elite Bldg Lodha Heaven, Kalyan, Thane, Maharashtra","SHOP NO. C-18/1, KALYAN, MUMBAI, Maharashtra",0.0,0.4615384615384615,18,"1,18",1,0,om international private limited,aum inttrneshnl praaivett limittedd,10.34482758620689,68.65671641791045,58.31188883170356,True,False,True,True,False,False,False
S1-907628573,S2-519813809,Royal Care,ராயல் கேர்,"Plot No.207, Gl, Rajiv Nagar, 2Nd Main, Road, Pallikuppam, Vanagaram, Poonamallee, Tiruvallur, Tamil Nadu","TIRUVALLUR, Tamil Nadu, POONAMALLEE, 204",0.0,0.25,"2,207",204,0,0,royal care,raayl keer,12.5,50.0,37.5,True,False,True,False,False,False,False
S1-470951753,S2-11059854,Blue Construction Limited,బ్లూ కన్‌స్ట్రక్షన్ లిమిటెడ్,"Hyderabad, Telangana, Plot No. 111, Hyderabad, Iv Th Floor, Road No. 10, Jubilee Hills","PLOT NO. 111, HYDERABAD, Telangana",0.0,0.4166666666666667,"10,111",111,1,0,blue construction limited,bluu knsttrkssn limittedd,8.888888888888886,68.0,59.11111111111112,True,False,True,True,False,False,False
S1-470951753,S2-451593557,Blue Construction Limited,బ్లూ కన్‌స్ట్రక్షన్ లిమిటెడ్,"Hyderabad, Telangana, Plot No. 111, Hyderabad, Iv Th Floor, Road No. 10, Jubilee Hills","NO 111, HYDERABAD, Telangana",0.0,0.3333333333333333,"10,111",111,1,0,blue construction limited,bluu knsttrkssn limittedd,8.888888888888886,68.0,59.11111111111112,True,False,True,True,False,False,False
S1-470951753,S2-794591260,Blue Construction Limited,బ్లూ కన్‌స్ట్రక్షన్ లిమిటెడ్,"Hyderabad, Telangana, Plot No. 111, Hyderabad, Iv Th Floor, Road No. 10, Jubilee Hills","NO 111, HYDERABAD, Telangana",0.0,0.3333333333333333,"10,111",111,1,0,blue construction limited,bluu knsttrkssn limittedd,8.888888888888886,68.0,59.11111111111112,True,False,True,True,False,False,False
S1-706334875,S2-141568901,Products Andaman Consultants Private Limited,... #próductsandaman,"No.8, Old No. 11, 6Th Cross Street, Karpagam Gardens, Adyar, Chennai, Tamil Nadu","NO.3-8, CHENNAI, Tamil Nadu",0.0,0.3571428571428571,"11,6,8","3,8",1,0,products andaman consultants private limited,productsandaman,47.45762711864406,50.84745762711864,3.389830508474581,True,False,True,True,False,False,False
S1-596991937,S2-570428577,North Infrastructure Private Limited,North Infrastructure Private,"8-2-293/564/A 25, Mla Colony To N Tv, Lotus Pond, Next To Bhakti Tv, Banjara Hills, Film N, Agar, Hyderabad, Telangana",,0.75,0.0,"2,25,293,564,8",,0,1,north infrastructure private limited,north infrastructure private,100.0,100.0,0.0,False,True,False,False,False,True,True
S1-315408649,S2-557799307,One Systems LLP,वन सिस्टम्स एलएलपी,"Shivam, Near Bora Park, Building B Flat 503, S. No. 185, Pimple Saudagar, Pune, Maharashtra","SHIVAM, PUNE, Maharashtra",0.0,0.2,"185,503",,0,0,one systems llp,vn sisttms elelpii,14.285714285714292,66.66666666666667,52.38095238095238,True,False,True,False,False,False,False
S1-484038009,S2-233240245,Creations Foods Private Limited,Creations Foods Prsveat Limited,"G.S Towers, New No 24, 4Th Street, Abhiramapuram, Chennai, Tamil Nadu",,0.6,0.0,"24,4",,0,1,creations foods private limited,creations foods prsveat limited,93.5483870967742,93.5483870967742,0.0,False,True,False,False,False,True,True
S1-857785834,S2-431003272,Sree Smart Properties Private Limited,श्री स्मार्ट प्रॉपर्टीज प्राइवेट लिमिटेड,"S No- 6/2/4, Shivshankar Colony Sandeep Nagar, Thergaon, Pune, Maharashtra","PUNAWALE, Maharashtra, PUNE, S NO- 6/2/4",0.0,0.5384615384615384,"2,4,6","2,4,6",3,0,sree smart properties private limited,shrii smaartt pronprttiij praaivett limittedd,13.333333333333329,73.17073170731707,59.83739837398375,True,False,True,True,True,False,True
S1-60335403,S2-566156903,Rapid Chits Private Limited,Rapid Chits Proite Limited,"Narsinghpur, House No D11 2Nd Floor, Gurgaon, Ace Palm Floors Sector 89, Haryana",,0.6,0.0,"11,2,89",,0,1,rapid chits private limited,rapid chits proite limited,94.33962264150944,94.33962264150944,0.0,False,True,False,False,False,True,True
S1-872067743,S2-54951474,LXS Fertilizers Private Limited,Limited LXS Fertilizers Center,"Sr. No. 14, Shop No. 2, Matoshree Niwas, Near Dhadge Industrial Estate, Sinhagad Road, Haveli, Pune, Maharashtra","PUNE, SR. NO. D/14, PUNE, Maharashtra",0.6,0.2941176470588235,"14,2",14,1,0,lxs fertilizers private limited,limited lxs fertilizers center,86.79245283018868,86.79245283018868,0.0,False,False,False,True,False,True,True
S1-245937337,S2-808525018,Tech Technologies Pvt Ltd,ಟೆಕ್ ಟೆಕ್ನಾಲಜೀಸ್ ಪ್ರೈವೇಟ್ ಲಿಮಿಟೆಡ್,"M.M.Industrial Estate, Kanakapura Road, Yediur, Bangalore, Karnataka","M.M.INDUSTRIAL ESTATE, BENGALURU, Karnataka",0.0,0.4444444444444444,,,0,0,tech technologies pvt ltd,ttek tteknaaljiis praiveett limittedd,12.765957446808514,54.83870967741935,42.07275223061084,True,False,True,False,False,False,False
S1-336470938,S2-119826979,Vns Shanti,Smt Vns  Center,"Flat No. A/402/Cts214, Meghdoot Chs Ltd, Shahaji Raje Marg, Koldongri, Vile Parle, East, Mumbai, Mumbai City, Maharashtra",,0.25,0.0,"214,402",,0,1,vns shanti,smt vns center,50.0,50.0,0.0,False,True,False,False,False,False,False
S1-231617496,S2-660144774,Classic Infotech Private Limited,ಕ್ಲಾಸಿಕ್ ಇನ್‌ಫೋಟೆಕ್ ಪ್ರೈವೇಟ್ ಲಿಮಿಟೆಡ್,"No. 193/2, Dommasandra, Sarjapura Road, Near Krihna Temple, Bangalore, Karnataka","NO. 192/2, BANGALORE URBAN, BANGALORE, Karnataka",0.0,0.3076923076923077,"193,2","192,2",1,0,classic infotech private limited,klaasik inphoottek praiveett limittedd,11.111111111111114,68.57142857142857,57.460317460317455,True,False,True,True,False,False,False
S1-62306614,S2-421523420,Shree Power Private Limited,శ్రీ పవర్ ప్రైవేట్ లిమిటెడ్,"Plot No 7, Sy No 171, Pochamma Colony Manikonda, Hyderabad, Rangareddy, Telangana","4-7, HYDERABAD, RANGAREDDY, Andhra Pradesh",0.0,0.2142857142857142,"171,7","4,7",1,0,shree power private limited,shrii pvr praiveett limittedd,13.043478260869565,71.42857142857143,58.38509316770187,True,False,True,True,False,False,True
S1-913721776,S2-399165791,Sree Properties Private Limited,श्री प्रॉपर्टीज प्राइवेट लिमिटेड,"26, Triveni Apttswest Enclave Pitampura 6 Outer Ring Road, Delhi, North Delhi, Delhi","26, DELHI, NORTH DELHI, Delhi",0.0,0.2727272727272727,"26,6",26,1,0,sree properties private limited,shrii pronprttiij praaivett limittedd,11.538461538461531,70.58823529411765,59.04977375565612,True,False,True,True,False,False,True
S1-47214843,S2-641056956,Swastik Fortune Solutions Private Limited,स्वस्तिक फॉर्च्यून सॉल्यूशंस प्राइवेट लिमिटेड,"B -126, Floor -12Th, Plot, 210, ?B? Wing Mittal Tower, Mumbai, Maharashtra","B -126., BOMBAY, MUMBAI, Maharashtra",0.0,0.3333333333333333,"12,126,210",126,1,0,swastik fortune solutions private limited,svstik phonrcyuun sonlyuushns praaivett limittedd,10.810810810810809,68.88888888888889,58.07807807807808,True,False,True,True,False,False,False
S1-47214843,S2-975385568,Swastik Fortune Solutions Private Limited,स्वस्तिक फॉर्च्यून सॉल्यूशंस प्राइवेट लिमिटेड,"B -126, Floor -12Th, Plot, 210, ?B? Wing Mittal Tower, Mumbai, Maharashtra","Maharashtra, MUMBAI, BOMBAY, B -126.",0.0,0.3333333333333333,"12,126,210",126,1,0,swastik fortune solutions private limited,svstik phonrcyuun sonlyuushns praaivett limittedd,10.810810810810809,68.88888888888889,58.07807807807808,True,False,True,True,False,False,False
S1-711223484,S2-302097979,Anand Investment Pvt Ltd,आनंद इन्वेस्टमेंट प्रा. लि.,"C-14, Ii Phase Sagar Avenue, Ayodhya Bypass Road, Bhopal, Madhya Pradesh","C-14/4, BHOPAL, Madhya Pradesh",0.0,0.3846153846153846,14,"14,4",1,0,anand investment pvt ltd,aannd investtmentt praa li,13.043478260869568,76.0,62.95652173913043,True,False,True,True,False,False,True
S1-951236867,S2-193411606,Baba Developers Private Limited,বাবা ডেভেলপারস প্রাইভেট লিমিটেড,"52/9A, B.B.Ganguly Street Kolkata, West Bengal, Howrah, Kolkata","52/9A, KOLKATA, HOWRAH, West Bengal",0.0,0.6666666666666666,"52,9","52,9",2,0,baba developers private limited,baabaa ddebhelpaars praaibhett limittedd,10.909090909090908,70.4225352112676,59.51344430217669,True,False,True,True,True,False,True
S1-951236867,S2-412372281,Baba Developers Private Limited,বাবা ডেভেলপারস প্রাইভেট লিমিটেড,"52/9A, B.B.Ganguly Street Kolkata, West Bengal, Howrah, Kolkata","52/9A, KOLKATA, HOWRAH, West Bengal",0.0,0.6666666666666666,"52,9","52,9",2,0,baba developers private limited,baabaa ddebhelpaars praaibhett limittedd,10.909090909090908,70.4225352112676,59.51344430217669,True,False,True,True,True,False,True
S1-541194813,S2-155522319,Scenic Dates Ltd,... ARIAQUO,"1St And 2Nd Floor, No.10, 50 Feet Road, Muneshwara Block, Bsk Iii Stage, Near Puls, E Hospital, Bangalore, Karnataka","BANGALORE, DOOR NO 1ST AND 2ND FLOOR, Karnataka, BANGALORE",0.0,0.3333333333333333,"1,10,2,50","1,2",2,0,scenic dates ltd,ariaquo,17.391304347826093,17.391304347826093,0.0,False,False,False,True,False,False,False
S1-858312518,S2-718685599,Sumo Traders Limited,Sumo Traders,"B-51-A Joshi Colony Mandawali Fazalpur, Delhi, New Delhi, Delhi",,0.6666666666666666,0.0,51,,0,1,sumo traders limited,sumo traders,100.0,100.0,0.0,False,True,False,False,False,True,True
S1-134342819,S2-986725887,North Technology Private Limited,நார்த் டெக்னாலஜி பிரைவேட் லிமிடெட்,"No.201, Raheja Nest, 2/22 Lloyds Road I Lane, Off Lloyds Road, Royapettah, Chennai, Tamil Nadu","ROYAPETTAH, NO 201, CHENNAI, Tamil Nadu",0.0,0.4,"2,201,22",201,1,0,north technology private limited,naart tteknnnaalji piraiveett limittett,11.111111111111114,59.15492957746479,48.04381846635368,True,False,True,True,False,False,False
S1-894480077,S2-30834353,All Products,ऑल प्रोडक्ट्स,"E-26, 1St Floor, New Delhi, South Delhi, Delhi","E-26, 1ST FLOOR, NEW DELHI, SOUTH EAST, Delhi",0.0,0.875,"1,26","1,26",2,0,all products,onl proddktts,8.0,64.0,56.0,True,False,True,True,True,False,False
S1-894480077,S2-315331021,All Products,All Products Limited,"E-26, 1St Floor, New Delhi, South Delhi, Delhi","E-26, 1ST FLOOR, NEW DELHI, दिल्ली",0.6666666666666666,0.6666666666666666,"1,26","1,26",2,0,all products,all products limited,100.0,100.0,0.0,False,False,False,True,True,True,True
S1-542411462,S2-551644532,Sagar Brothers Private Limited,SAGAR  BRHORS PRIVATE LIMITED,"House No. 965A Hill Side, Near Police Lines, Gaya, Bihar",,0.6,0.0,965,,0,1,sagar brothers private limited,sagar brhors private limited,93.10344827586206,93.10344827586206,0.0,False,True,False,False,False,True,True
S1-304775647,S2-24274959,East Consulting,ईस्ट कंसल्टिंग,"Fl No A/405, Sunder Sankul, Nr Magarpatta City Hadapsar, Pune, Maharashtra, Pune","BLOCK E-635 FL NO A/405, PUNE, Maharashtra",0.0,0.4,405,"405,635",1,0,east consulting,iistt knsltting,7.692307692307693,66.66666666666667,58.97435897435898,True,False,True,True,False,False,False
S1-899188456,S2-476182529,Ram Systems Private Limited,Ram Systems പ്രൈവറ്റ് ലിമിറ്റഡ്,"C/O Narayan Ponnappan, Iruthumkuziyil 10Th Mile Adimaly, Devikulam, Idukki, Kerala",,0.1818181818181818,0.0,10,,0,1,ram systems private limited,ram systems praivrrrr limirrrrdd,57.89473684210526,74.57627118644068,16.681534344335418,True,True,True,False,False,False,True
S1-659196396,S2-940605676,Eastern Construction Private Limited,ಈಸ್ಟರ್ನ್ ಕನ್‌ಸ್ಟ್ರಕ್ಷನ್ ಪ್ರೈವೇಟ್ ಲಿಮಿಟೆಡ್,"No 30, 1St Floor, Opp Byaraveshwara Temple Gantiganahalli, Yelahanka, Bangalore, Bangalore, Karnataka","#30, BENGALURU NORTH, Karnataka",0.0,0.1538461538461538,"1,30",30,1,0,eastern construction private limited,iisttrn knsttrkssn praiveett limittedd,8.82352941176471,64.86486486486487,56.04133545310016,True,False,True,True,False,False,False
S1-659196396,S2-433311050,Eastern Construction Private Limited,ಈಸ್ಟರ್ನ್ ಕನ್‌ಸ್ಟ್ರಕ್ಷನ್ ಪ್ರೈವೇಟ್ ಲಿಮಿಟೆಡ್,"No 30, 1St Floor, Opp Byaraveshwara Temple Gantiganahalli, Yelahanka, Bangalore, Bangalore, Karnataka","30, BENGALURU NORTH, Karnataka",0.0,0.1538461538461538,"1,30",30,1,0,eastern construction private limited,iisttrn knsttrkssn praiveett limittedd,8.82352941176471,64.86486486486487,56.04133545310016,True,False,True,True,False,False,False
S1-344415188,S2-941430675,Classic Infra Private Limited,क्लासिक इंफ्रा प्राइवेट लिमिटेड,"Co- Banti, Sector-149, Vill-Kondali Bangar, Noida, Gautam Buddha Nagar, Uttar Pradesh","CO- BANTI, NOIDA, Uttar Pradesh",0.0,0.3846153846153846,149,,0,0,classic infra private limited,klaasik inphraa praaivett limittedd,11.764705882352942,71.875,60.11029411764706,True,False,True,False,False,False,True
S1-377728097,S2-591215220,Golden Enterprises Private Limited,ગોલ્ડન એન્ટરપ્રાઇઝિસ પ્રાઇવેટ લિમિટેડ,"29, Devpriya Bungalows - 2, Nr Agrawal Tower, B/S Shivalik Bungalows, Anandnagar Cross, Road, Ahmedabad, Gujarat","29, AHMEDABAD, Gujarat",0.0,0.2,"2,29",29,1,0,golden enterprises private limited,golddn enttrpraaijhis praaivett limittedd,9.230769230769226,74.66666666666667,65.43589743589745,True,False,True,True,False,False,True
S1-752517676,S2-33216699,Delhi Best Private Limited,Delhi Best Limited Services,"House No. 11124 B, Third Floor Siddhipura Doriwallan, Karol Bagh, Delhi, New Delhi, Delhi",,0.6,0.0,11124,,0,1,delhi best private limited,delhi best limited services,83.01886792452831,83.01886792452831,0.0,False,True,False,False,False,True,True
S1-566381582,S2-343210475,Shiv Apparels LLP,Shiv LLP Partners,"T P 2/294, Nedum Thodi, Payyoli, Thurayur, Koyilandi, Kozhikode, Kerala",,0.5,0.0,"2,294",,0,1,shiv apparels llp,shiv llp partners,82.35294117647058,82.35294117647058,0.0,False,True,False,False,False,True,True
S1-856303395,S2-259828348,Adroit Service (India) Private Limited,ádroitserviceindia.com,"J.N.V. Colony, Bikaner, Rajasthan","J.N.V. COLONY, BIKANER, राजस्थान",0.0,0.5,,,0,0,adroit service india private limited,adroitserviceindia com,65.51724137931035,68.96551724137932,3.448275862068968,True,False,True,False,True,False,False
S1-419970379,S2-540337870,Lakshmi Management Private Limited,লক্ষ্মী ম্যানেজমেন্ট প্রাইভেট লিমিটেড,"16, Strand Road, Diamond Heritage, Suit N-1206, 12Th Floor, Kolkata, Kolkata, Howrah, West Bengal","14, KOLKATA, পশ্চিমবঙ্গ",0.0,0.0526315789473684,"12,1206,16",14,0,0,lakshmi management private limited,lkssmii myaanejmentt praaibhett limittedd,10.0,72.0,62.0,True,False,True,False,False,False,True
S1-958488440,S2-126984147,Jai Solutions Private Limited,जय सॉल्यूशंस प्राइवेट लिमिटेड,"Gurgaon, Haryana, 70, Gurgaon, Village Milakpur, Po Khor, Pataudi","#70, GURGAON, हरियाणा",0.0,0.1818181818181818,70,70,1,0,jai solutions private limited,jy sonlyuushns praaivett limittedd,11.538461538461531,69.84126984126985,58.30280830280832,True,False,True,True,False,False,False
S1-605583748,S2-236687136,Future Software Private Limited,फ्यूचर सॉफ्टवेयर प्राइवेट लिमिटेड,"Unit No. 12 A, New Delhi, Delhi, 1St Floor Omaxe Square, Jasola District Centre, South Delhi","UNIT NO. 11 A, NEW DELHI, SOUTH DELHI, दिल्ली",0.0,0.3529411764705882,"1,12",11,0,0,future software private limited,phyuucr sonphttveyr praaivett limittedd,10.0,62.85714285714285,52.85714285714285,True,False,True,False,False,False,False
S1-315786514,S2-486364280,Alpha Energy Private Limited,अल्फा एनर्जी प्राइवेट लिमिटेड,"Maharashtra, Mumbai City, Mumbai, Floor-Grd, Plot-131, Duleray Mulji Chawl Dr Mascarenhas Road, Old Anjirwadi Mazgaon, 9","9, MUMBAI, MUMBAI CITY, Maharashtra",0.0,0.2352941176470588,"131,9",9,1,0,alpha energy private limited,alphaa enrjii praaivett limittedd,11.320754716981128,75.40983606557377,64.08908134859264,True,False,True,True,False,False,True
S1-619831622,S2-553440728,Star Leasing Limited,Star Leasing Ltd,"Travancore Ply Wood Industriespunalur, Kollam, Kerala",,0.5,0.0,,,0,1,star leasing limited,star leasing ltd,88.88888888888889,88.88888888888889,0.0,False,True,False,False,False,True,True
S1-876587612,S2-579493495,Blue Agro Limited,>> Blue Agro Ltd,"C-469, C-58/12, Salora Vihar, Sector-62, Noida, Gautam Buddha Nagar, Uttar Pradesh","C-469, NOIDA, GAUTAM BUDDHA NAGAR, Uttar Pradesh",0.5,0.5714285714285714,"12,469,58,62",469,1,0,blue agro limited,blue agro ltd,86.66666666666667,86.66666666666667,0.0,False,False,False,True,True,True,True
S1-876587612,S2-604243456,Blue Agro Limited,ब्लू एग्रो लिमिटेड,"C-469, C-58/12, Salora Vihar, Sector-62, Noida, Gautam Buddha Nagar, Uttar Pradesh","C-469, NOIDA, GAUTAM BUDDHA NAGAR, Uttar Pradesh",0.0,0.5714285714285714,"12,469,58,62",469,1,0,blue agro limited,bluu egro limittedd,12.903225806451616,83.33333333333334,70.43010752688173,True,False,True,True,True,False,True
S1-982177829,S2-115289199,Merry Finance Private Limited,Merry  Finance Limited Center,"No.23/31, G6, Devi Meenakshi Homes, Oragadam Road Venkatapuram, Ambattur O.T, Chennai, Tamil Nadu",,0.6,0.0,"23,31,6",,0,1,merry finance private limited,merry finance limited center,85.71428571428571,85.71428571428571,0.0,False,True,False,False,False,True,True
S1-732364691,S2-982647192,Tee Group,tee.com,"54 Burtolla Street Ps Burra Bazar, Kolkata, Calcutta, West Bengal",,0.3333333333333333,0.0,54,,0,1,tee group,tee com,62.5,62.5,0.0,False,True,False,False,False,False,False
S1-453917927,S2-65285295,Sree Technology Private Limited,ஸ்ரீ டெக்னாலஜி பிரைவேட் லிமிடெட்,"131/1B, Rajarajan Nagar Vanagaram, Mettukuppam, Chennai, Tamil Nadu","131/1B, CHENNAI, தமிழ்நாடு",0.0,0.2307692307692307,"1,131","1,131",2,0,sree technology private limited,srii tteknnnaalji piraiveett limittett,11.764705882352942,57.971014492753625,46.20630861040068,True,False,True,True,False,False,False
S1-12554179,S2-398016982,Poppy Public School,KORCIRAVIO,"Cmc-4-1804, Gh-01/A, Supertech Capetown, Sec-74, Noida, Gautam Buddha Nagar, Uttar Pradesh","H.NO 188 CMC-4-1804, GAUTAM BUDDHA NAGAR, GHAZIABD, उत्तर प्रदेश",0.0,0.24,"01,1804,4,74","1804,188,4",2,0,poppy public school,korciravio,20.689655172413797,20.689655172413797,0.0,False,False,False,True,False,False,False
S1-140007368,S2-94294957,Arihant Consulting Limited,অরিহন্ত কনসাল্টিং লিমিটেড,"Flat No 27, 7Th Floor 15 Sarat Chatterjee Avenue, Kolkata, Kolkata, Howrah, West Bengal","FLAT NO 27, CALCUTTA, HOWRAH, West Bengal",0.0,0.4285714285714285,"15,27,7",27,1,0,arihant consulting limited,arihnt knsaalttin limittedd,8.888888888888886,79.24528301886792,70.35639412997904,True,False,True,True,False,False,True
S1-140007368,S2-482853354,Arihant Consulting Limited,অরিহন্ত কনসাল্টিং লিমিটেড,"Flat No 27, 7Th Floor 15 Sarat Chatterjee Avenue, Kolkata, Kolkata, Howrah, West Bengal","DOOR NO 27, CALCUTTA, HOWRAH, পশ্চিমবঙ্গ",0.0,0.1578947368421052,"15,27,7",27,1,0,arihant consulting limited,arihnt knsaalttin limittedd,8.888888888888886,79.24528301886792,70.35639412997904,True,False,True,True,False,False,True
S1-345600337,S2-776248810,Digital Foundation Limited,डिजिटल फाउंडेशन लिमिटेड,"S.No. 62 & 65, Plot No. 167 Audumbar Mahatma Co-Op Hsg. Society Mh, Kothrud, Pune, Maharashtra","S.NO. 62 & 65, PUNE, Maharashtra",0.0,0.4117647058823529,"167,62,65","62,65",2,0,digital foundation limited,ddijittl phaaunddeshn limittedd,8.888888888888886,63.1578947368421,54.26900584795322,True,False,True,True,False,False,False
S1-801153569,S2-426477667,Sn Mart Limited,Services Sn Limited,"B-93, Second Floor Sector-65, Noida, Gautam Buddha Nagar, Uttar Pradesh","DOOR NO 619 B-93, NOIDA, GAUTAM BUDDHA NAGAR, Uttar Pradesh",0.5,0.5333333333333333,"65,93","619,93",1,0,sn mart limited,services sn limited,80.0,80.0,0.0,False,False,False,True,True,True,True
S1-68892026,S2-344675265,Global Enterprises Private Limited,ಗ್ಲೋಬಲ್ ಎಂಟರ್‌ಪ್ರೈಸಸ್ ಪ್ರೈವೇಟ್ ಲಿಮಿಟೆಡ್,"4/3, Tavrekere Main Road Tavrekere, Bangalore, Karnataka","BANGALORE, Karnataka, BANGALORE, 4/3",0.0,0.5714285714285714,"3,4","3,4",2,0,global enterprises private limited,gloobl enttrpraiss praiveett limittedd,10.0,80.55555555555556,70.55555555555556,True,False,True,True,True,False,True
S1-68892026,S2-304653050,Global Enterprises Private Limited,ಗ್ಲೋಬಲ್ ಎಂಟರ್‌ಪ್ರೈಸಸ್ ಪ್ರೈವೇಟ್ ಲಿಮಿಟೆಡ್,"4/3, Tavrekere Main Road Tavrekere, Bangalore, Karnataka","4/3, ಕರ್ನಾಟಕ, BANGALORE",0.0,0.3,"3,4","3,4",2,0,global enterprises private limited,gloobl enttrpraiss praiveett limittedd,10.0,80.55555555555556,70.55555555555556,True,False,True,True,False,False,True
S1-175481742,S2-127767622,City It,सिटी आईटी,"Rz-142, Ground Floor, Vishnu Garden, New Delhi, West Delhi, Delhi","RZ-142, NEW DELHI, WEST DELHI, Delhi",0.0,0.5555555555555556,142,142,1,0,city it,sittii aaiittii,14.285714285714292,45.45454545454546,31.16883116883117,True,False,True,True,True,False,False
S1-846138744,S2-76949405,Tirupati Producer LLP,तिरुपति प्रोड्यूसर एलएलपी,"Flat No. 201, Eureka Tower Omaxe Heights, Sector -86, Faridabad, Haryana","FLAT NO. 201, FARIDABAD, Haryana",0.0,0.4545454545454545,"201,86",201,1,0,tirupati producer llp,tirupti proddyuusr elelpii,9.523809523809518,76.59574468085107,67.07193515704155,True,False,True,True,False,False,True
S1-690086260,S2-431684550,Bright Healthcare Private Limited,ब्राइट हेल्थकेयर प्राइवेट लिमिटेड,"Flat No. 102-A, Gurukripa Apartment First Floor, P.No. J-89, Ashok Chowk, Adarsh Nagar, Jaipur, Rajasthan","NO 102-A, JAIPUR, Rajasthan",0.0,0.2941176470588235,"102,89",102,1,0,bright healthcare private limited,braaitt helthkeyr praaivett limittedd,10.0,71.42857142857143,61.42857142857143,True,False,True,True,False,False,True
S1-833885809,S2-41749422,Shree Sangh,SHREE SSÁTH,"Shop No.408, 4Th Floor, Gitanjali Complex, Peles Road, Palanpur, Banas Kantha, Gujarat",,0.3333333333333333,0.0,"4,408",,0,1,shree sangh,shree ssath,72.72727272727273,81.81818181818181,9.09090909090908,True,True,True,False,False,False,True
S1-348227866,S2-817163815,Shiv Exports Private Limited,Shiv Exports-Limited Center,"Flat No 404, Sy No 167 Block-1, Sark Heights One, Masid Banda Junction, Hyderabad, Rangareddy, Telangana",,0.6,0.0,"1,167,404",,0,1,shiv exports private limited,shiv exports limited center,85.1063829787234,85.1063829787234,0.0,False,True,False,False,False,True,True
S1-81995377,S2-399481647,Prime Green International Private Limited,પ્રાઇમ ગ્રીન ઇન્ટરનેશનલ પ્રાઇવેટ લિમિટેડ,"Office 606 To 608, Shapath -5, Opp. Karnavati Club, S.G. Highway, Vejalpur, Ahmadabad City, Ahmedabad, Gujarat","OFFICE 60 TO 608, AHMADABAD CITY, AHMEDABAD, ગુજરાત",0.0,0.2857142857142857,"5,606,608","60,608",1,0,prime green international private limited,praaim griin inttrneshnl praaivett limittedd,10.958904109589042,70.58823529411765,59.62933118452861,True,False,True,True,False,False,True
S1-974043335,S2-239662682,International Consultancy LLP,इंटरनेशनल कंसल्टेंसी एलएलपी,"D-55, Ist Floor, Sec-48, Vipul World Sohna Road, Dlf Qe, Gurgaon, Haryana","D-55, COIMBATORE, DLF QE, हरियाणा",0.0,0.2222222222222222,"48,55",55,1,0,international consultancy llp,inttrneshnl knslttensii elelpii,7.547169811320757,56.66666666666666,49.11949685534591,True,False,True,True,False,False,False
S1-259473113,S2-524414827,Hotel East Constructions Private Limited,ஹோட்டல் ஈஸ்ட் கன்ஸ்ட்ரக்ஷன்ஸ் பிரைவேட் லிமிடெட்,"91, Varadharajapuram Main Roadteynampet Chennai, Chennai, Tamil Nadu","CHENNAI, Tamil Nadu, 91, ABIRAMAPURAM",0.0,0.5,91,91,1,0,hotel east constructions private limited,hoottttl iistt knnnsttrkssnnns piraiveett limittett,11.42857142857143,59.34065934065934,47.91208791208791,True,False,True,True,True,False,False
S1-192211257,S2-508236226,Raj Constructions Private Limited,ರಾಜ್ ಕನ್‌ಸ್ಟ್ರಕ್ಷನ್ಸ್ ಪ್ರೈವೇಟ್ ಲಿಮಿಟೆಡ್,"Bangalore, Cmh Road, 2Nd Floor, Suite No. 1016, Karnataka, No. 198, Bangalore North","NO. 198, BANGALORE NORTH, BANGALORE, Karnataka",0.0,0.4545454545454545,"1016,198,2",198,1,0,raj constructions private limited,raaj knsttrkssns praiveett limittedd,10.169491525423725,69.56521739130434,59.39572586588062,True,False,True,True,False,False,False
S1-627162612,S2-226974974,Eastern Investments,ईस्टर्न इन्वेस्टमेंट्स,"M-67, Today Home, B-Ii, Sec-51, Sadar Bazar, Gurgaon, Haryana","M-67, MUZAFFARNAGAR, GURGAON, Haryana",0.0,0.3076923076923077,"51,67",67,1,0,eastern investments,iisttrn investtmentts,5.263157894736835,80.0,74.73684210526316,True,False,True,True,False,False,True
S1-627162612,S2-624539914,Eastern Investments,ईस्टर्न इन्वेस्टमेंट्स,"M-67, Today Home, B-Ii, Sec-51, Sadar Bazar, Gurgaon, Haryana","M-67, MUZAFFARNAGAR, GURGAON, हरियाणा",0.0,0.1875,"51,67",67,1,0,eastern investments,iisttrn investtmentts,5.263157894736835,80.0,74.73684210526316,True,False,True,True,False,False,True
S1-305394473,S2-6872810,Lakshmi Marketing LLP,लक्ष्मी मार्केटिंग एलएलपी,"Shop No.3, Thane, Maharashtra, Thane, Mahaveer Complex, A Wing, Opp. Golden Park Hospital, Sai Nagar, Va, Sai (W)","DOOR NO ##3, THANE, Maharashtra",0.0,0.2222222222222222,3,3,1,0,lakshmi marketing llp,lkssmii maarketting elelpii,9.756097560975604,79.16666666666666,69.41056910569105,True,False,True,True,False,False,True
S1-830664416,S2-363849972,Gemini Trust,Vantagepyra,"D-68, 2Nd Floor, Vibhuti Khand, Chinhat, Lucknow, Uttar Pradesh","D-68, LUCKNOW, Uttar Pradesh",0.0,0.5,"2,68",68,1,0,gemini trust,vantagepyra,26.086956521739136,26.086956521739136,0.0,False,False,False,True,True,False,False
S1-830664416,S2-498300579,Gemini Trust,6emini Trdst,"D-68, 2Nd Floor, Vibhuti Khand, Chinhat, Lucknow, Uttar Pradesh","D-68, LUCKNOW, Uttar Pradesh",0.0,0.5,"2,68",68,1,0,gemini trust,6emini trdst,83.33333333333334,83.33333333333334,0.0,False,False,False,True,True,False,True
S1-732222152,S2-490067061,Seven Builders Limited,સેવન બિલ્ડર્સ લિમિટેડ,"Gujarat, Kheda, Opp Gymkhana Ground, Kapadwanj Road, Nadiad, Karmvir Towers, Kheda","KARMVIR TOWERS, MITRAL, ગુજરાત",0.0,0.1428571428571428,,,0,0,seven builders limited,sevn bilddrs limittedd,10.256410256410264,86.36363636363636,76.1072261072261,True,False,True,False,False,False,True
S1-215438939,S2-704710046,Bharat Trading Private Limited,ਭਾਰਤ ਟ੍ਰੇਡਿੰਗ ਪ੍ਰਾਈਵੇਟ ਲਿਮਟਿਡ,"Plot No C-97, Focal Point, Industrial Area, Phase- 7, S.A.S.Nagar (Mohali), Rupnagar, Punjab","H.NO C-704 PLOT NO C-97, S.A.S.NAGAR (MOHALI), RUPNAGAR, ਪੰਜਾਬ",0.0,0.4285714285714285,"7,97","704,97",1,0,bharat trading private limited,bbaart ttreedding praaiiveett limttidd,11.538461538461531,67.64705882352942,56.10859728506789,True,False,True,True,False,False,False
S1-563374537,S2-162561637,TGR Entertainment Pvt. Ltd.,TGR  Entertainment Pvt. Limited,"01/01 W/O Atal Bihari Singh, Vivekpuram, Bharwaliya, Taramandal, Gorakhp, Gorakhpur, Uttar Pradesh",,0.6,0.0,01,,0,1,tgr entertainment pvt ltd,tgr entertainment pvt limited,92.5925925925926,92.5925925925926,0.0,False,True,False,False,False,True,True
S1-510824465,S2-870319474,All Healthcare Private Limited,ଅଲ୍ ହେଲ୍ଥକେୟାର୍ ପ୍ରାଇଭେଟ୍ ଲିମିଟେଡ୍,"Plot No. N-3/24, Irc Village, Nayapalli, Bhubaneswar, Khordha, Orissa","PLOT NO. N-3/24, BHUBANESWAR, KHORDHA, ଓଡ଼ିଶା",0.0,0.5384615384615384,"24,3","24,3",2,0,all healthcare private limited,al helthkeyyaar praaibhett limittedd,11.111111111111114,69.6969696969697,58.58585858585859,True,False,True,True,True,False,False
S1-572859869,S2-591858933,Shakti Infra Private Limited,शक्ति इंफ्रा प्राइवेट लिमिटेड,"N9, A-115, A 9/2, Cidco, Aurangabad, Maharashtra","Maharashtra, CHHATRAPATI SAMBHAJI NAGAR, AURANGABAD, N9",0.0,0.2727272727272727,"115,2,9",9,1,0,shakti infra private limited,shkti inphraa praaivett limittedd,11.764705882352942,78.68852459016394,66.923818707811,True,False,True,True,False,False,True
S1-661127513,S2-361126976,City Management Pvt Ltd,সিটি ম্যানেজমেন্ট Pvt Ltd,"17/1/1A, Nilmoni Mitra Street, Ward No. - 17, P.O. - Beadon Street, Kolkata, Kolkata, Howrah, West Bengal","KOLKATA, HOWRAH, #17/1/1A, পশ্চিমবঙ্গ",0.2,0.2631578947368421,"1,17","1,17",2,0,city management pvt ltd,sitti myaanejmentt pvt ltd,51.851851851851855,77.55102040816327,25.699168556311413,True,False,True,True,False,False,True
S1-650989917,S2-964378088,Developers Super Technologies Private Limited,Developers Super-Technologies,"S.No.260-1, Pno.31, Nagaon, Malegaon, Nashik, Maharashtra",,0.6,0.0,"1,260,31",,0,1,developers super technologies private limited,developers super technologies,100.0,100.0,0.0,False,True,False,False,False,True,True
S1-481820579,S2-844374315,Tech Properties,टेक प्रॉपर्टीज,"G-1383, Lower Ground Floor, Chitranjan Park, New Delhi, South Delhi, Delhi","H.NO 314 G-1383, NEW DELHI, SOUTH DELHI, Delhi",0.0,0.3846153846153846,1383,"1383,314",1,0,tech properties,ttek pronprttiij,7.407407407407405,64.51612903225806,57.10872162485066,True,False,True,True,False,False,False
S1-481820579,S2-662251309,Tech Properties,टेक प्रॉपर्टीज,"G-1383, Lower Ground Floor, Chitranjan Park, New Delhi, South Delhi, Delhi","H.NO 314 G-1383, NEW DELHI, SOUTH DELHI, Delhi",0.0,0.3846153846153846,1383,"1383,314",1,0,tech properties,ttek pronprttiij,7.407407407407405,64.51612903225806,57.10872162485066,True,False,True,True,False,False,False
S1-940366700,S2-551071893,Smart Marketing Private Limited,ஸ்மார்ட் மார்க்கெட்டிங் பிரைவேட் லிமிடெட்,"1/52, Pvp Koil Street Agaramel, Chennai, Thiruvallur, Tamil Nadu","NO C-154 1/52, CHENNAI, Tamil Nadu",0.0,0.3846153846153846,"1,52","1,154,52",2,0,smart marketing private limited,smaartt maarkketttting piraiveett limittett,12.5,75.67567567567568,63.17567567567568,True,False,True,True,False,False,True
S1-213484110,S2-901471704,Super Construction Private Limited,சூப்பர் கன்ஸ்ட்ரக்ஷன் பிரைவேட் லிமிடெட்,"No.47/2, Firm Arcade Apts, P Block, 17Th Street, Egmore Nungambakkam, Chennai, Tamil Nadu","NO.47/2, CHENNAI, Tamil Nadu",0.0,0.4,"17,2,47","2,47",2,0,super construction private limited,cuuppr knnnsttrkssnnn piraiveett limittett,9.836065573770496,57.89473684210527,48.05867126833477,True,False,True,True,False,False,False
S1-213484110,S2-442575093,Super Construction Private Limited,சூப்பர் கன்ஸ்ட்ரக்ஷன் பிரைவேட் லிமிடெட்,"No.47/2, Firm Arcade Apts, P Block, 17Th Street, Egmore Nungambakkam, Chennai, Tamil Nadu","NO.47, தமிழ்நாடு, CHENNAI",0.0,0.1578947368421052,"17,2,47",47,1,0,super construction private limited,cuuppr knnnsttrkssnnn piraiveett limittett,9.836065573770496,57.89473684210527,48.05867126833477,True,False,True,True,False,False,False
S1-200112745,S2-225357926,Blue Finance Pvt Ltd,ब्लू फाइनेंस प्रा. लि.,"D 1803, 18Th Floor Tower D, Ahinsakhand 2, Angel Jupiter, Indirapuram, Ghaziabad, Uttar Pradesh","D 1803, GHAZIABAD, Uttar Pradesh",0.0,0.3846153846153846,"18,1803,2",1803,1,0,blue finance pvt ltd,bluu phaainens praa li,17.647058823529406,52.38095238095239,34.73389355742298,True,False,True,True,False,False,False
S1-200112745,S2-612830964,Blue Finance Pvt Ltd,Blue Finaatle Pvt Ltd,"D 1803, 18Th Floor Tower D, Ahinsakhand 2, Angel Jupiter, Indirapuram, Ghaziabad, Uttar Pradesh",,0.6,0.0,"18,1803,2",,0,1,blue finance pvt ltd,blue finaatle pvt ltd,87.8048780487805,87.8048780487805,0.0,False,True,False,False,False,True,True
S1-521993663,S2-948498929,Mumbai Info,Mumbai Services Trading,"No. A/10, M.I.D.C. Cross Road B, Micd, Street No.5, Marol Andheri (East), Mumbai, Mumbai City, Maharashtra",,0.25,0.0,"10,5",,0,1,mumbai info,mumbai services trading,70.58823529411765,70.58823529411765,0.0,False,True,False,False,False,False,True
S1-566193054,S2-433897183,Digital College Private Limited,Viovantage,"Flat 802, Tranquil Towers Whitefields. Kondapur, Hyderabad, Telangana","FLAT ##802, HYDERABAD, SERILINGAMPALLI, Telangana",0.0,0.4444444444444444,802,802,1,0,digital college private limited,viovantage,29.268292682926838,29.268292682926838,0.0,False,False,False,True,False,False,False
S1-828192655,S2-578115949,Ace Investment,@ACEINVESTMENT,"138/24 Pradhikarannigdi, Pune, Maharashtra","NO 238/24 PRADHIKARANNIGDI, PUNE, महाराष्ट्र",0.0,0.2727272727272727,"138,24","238,24",1,0,ace investment,aceinvestment,96.2962962962963,96.2962962962963,0.0,False,False,False,True,False,False,True
S1-10837647,S2-874585977,Super Engineering Private Limited,சூப்பர் இன்ஜினியரிங் பிரைவேட் லிமிடெட்,"1/1, Appulupalaiyam, Narasimhanaicken Palayam, Coimbatore North, Coimbatore, Tamil Nadu","Tamil Nadu, DOOR NO 952 1/1, COIMBATORE, COIMBATORE NORTH",0.0,0.4545454545454545,1,"1,952",1,0,super engineering private limited,cuuppr innnjinnniyring piraiveett limittett,9.836065573770496,63.1578947368421,53.321829163071605,True,False,True,True,False,False,False
S1-328238532,S2-229772329,New Solutions Private Limited,நியூ சொல்யூஷன்ஸ் பிரைவேட் லிமிடெட்,"Door No 2/248 Vadakkuthottam A.K.N.Palayam Sulthanpet(, Via Sulur), Sf.No-145/1A, Tamil Nadu, Coimbatore","SF.NO-145/1A, COIMBATORE, தமிழ்நாடு",0.0,0.2272727272727272,"1,145,2,248","1,145",2,0,new solutions private limited,niyuu colyuussnnns piraiveett limittett,11.764705882352942,58.82352941176471,47.05882352941177,True,False,True,True,False,False,False
S1-986262995,S2-219113243,Ram Power Private Limited,Ram पावर प्राइवेट लिमिटेड,"Khasra No. 780/344, Vpo Kuloth Kalan, Chirawa, Jhujhunu, Rajasthan",,0.0833333333333333,0.0,"344,780",,0,1,ram power private limited,ram paavr praaivett limittedd,26.086956521739125,74.07407407407408,47.98711755233495,True,True,True,False,False,False,True
S1-574123371,S2-932948077,Arihant Healthcare,अरिहंत हेल्थकेयर,"28, Veena Nagar Gram-Pipliyakumar Ring Road, Opp. To Bombay Hospital, Indore, Madhya Pradesh","30, INDORE, Madhya Pradesh",0.0,0.2,28,30,0,0,arihant healthcare,arihnt helthkeyr,6.25,76.47058823529412,70.22058823529412,True,False,True,False,False,False,True
S1-274700979,S2-351532790,Big Tech Private Limited,ಬಿಗ್ ಟೆಕ್ ಪ್ರೈವೇಟ್ ಲಿಮಿಟೆಡ್,"113, Suryodaya Apartments, 4Th Cross, Bcc Layout, Vijaynagar, 2Nd S, Tage, Bangalore, Karnataka","113, BANGALORE, BANGLORE, Karnataka",0.0,0.2142857142857142,"113,2,4",113,1,0,big tech private limited,big ttek praiveett limittedd,13.95348837209302,76.92307692307692,62.9695885509839,True,False,True,True,False,False,True
S1-633878043,S2-918779352,Hotel Software Private Limited,होटल सॉफ्टवेयर प्राइवेट लिमिटेड,"E-3/35, Vishesh Khand Gomti Nagar, Lucknow, Uttar Pradesh","DOOR NO 865 E-3/35, LUCKNOW, Uttar Pradesh",0.0,0.4615384615384615,"3,35","3,35,865",2,0,hotel software private limited,hottl sonphttveyr praaivett limittedd,10.169491525423725,68.65671641791045,58.48722489248672,True,False,True,True,False,False,False
S1-701354,S2-675698386,Gujarat Industries Limited,గుజరాత్ ఇండస్ట్రీస్ లిమిటెడ్,"3-225 & 226, 4Th Floor, Cowork Valley, Kavuri Hills Phase 2 Rd, Madhapur, Hyderabad, Telangana","3-22 & 226, HYDERABAD, Andhra Pradesh",0.0,0.2105263157894736,"2,225,226,3,4","22,226,3",2,0,gujarat industries limited,gujraat inddsttriis limittedd,8.163265306122454,83.63636363636364,75.47309833024119,True,False,True,True,False,False,True
S1-526052605,S2-597483966,Delhi Bharat Private Limited,Delhi Bharat Bharat Private Ltd,"2228 Behind Kali Masjidsita Ram Bazar, Delhi, Central Delhi, Delhi",,0.6,0.0,2228,,0,1,delhi bharat private limited,delhi bharat bharat private ltd,92.3076923076923,92.3076923076923,0.0,False,True,False,False,False,True,True
S1-432352540,S2-450422712,Alpha Engineering,अल्फा इंजीनियरिंग,"H. No. 169, Ground Floor, Block - C, Naraina Industrial Area, Phase - 1, New Delhi, South West Delhi, Delhi","H. NO. 169, NEW DELHI, SOUTH WEST DELHI, Delhi",0.0,0.4375,"1,169",169,1,0,alpha engineering,alphaa injiiniyring,6.25,72.22222222222223,65.97222222222223,True,False,True,True,False,False,True
S1-316552980,S2-73302630,Swastik Tech Private Limited,স্বস্তিক টেক প্রাইভেট লিমিটেড,"14A, Ustad Enayat Khan Avenue Formerly Karaya Road, Kolkata, Kolkata, Howrah, West Bengal","14A, KOLKATA, HOWRAH, West Bengal",0.0,0.4166666666666667,14,14,1,0,swastik tech private limited,sbstik ttek praaibhett limittedd,11.764705882352942,70.0,58.23529411764706,True,False,True,True,False,False,True
S1-316552980,S2-107330775,Swastik Tech Private Limited,স্বস্তিক টেক প্রাইভেট লিমিটেড,"14A, Ustad Enayat Khan Avenue Formerly Karaya Road, Kolkata, Kolkata, Howrah, West Bengal","HOWRAH, West Bengal, KOLKATA, 14A",0.0,0.4166666666666667,14,14,1,0,swastik tech private limited,sbstik ttek praaibhett limittedd,11.764705882352942,70.0,58.23529411764706,True,False,True,True,False,False,True
S1-637849751,S2-478750514,Consultants Hyma Business Private Limited,Consultants Hyma Business Business,"C-29, Gali No.13, Shashi Garden, Mayur Vihar, Phase-I, Delhi, East Delhi, Delhi",,0.6,0.0,"13,29",,0,1,consultants hyma business private limited,consultants hyma business business,100.0,100.0,0.0,False,True,False,False,False,True,True
S1-942696801,S2-77180081,Kolkata Harris LLP,KOLKATA LLP SERVICES,"78/B Amherst Street, Kolkata, Calcutta, West Bengal",,0.5,0.0,78,,0,1,kolkata harris llp,kolkata llp services,78.94736842105263,78.94736842105263,0.0,False,True,False,False,False,True,True
S1-579061890,S2-727493669,Nitco & Sons Limited,Nitco + Limited Services,"No.2, Manjunatha Nilaya, Katrhirguppe Main Road, Bangalore South, Bangalore, Karnataka",,0.4,0.0,2,,0,1,nitco and sons limited,nitco limited services,74.28571428571428,74.28571428571428,0.0,False,True,False,False,False,False,True
S1-823999831,S2-653094837,RRW (india) Private Limited,RRW (india) Private Ltd (ID: 28535),"Faridabad, Achievers Status Villa Kalindi Hills, Sectro 49, Faridabad, Villa No 4612, Haryana",,0.4285714285714285,0.0,"4612,49",,0,1,rrw india private limited,rrw india private ltd id 28535,80.95238095238095,80.95238095238095,0.0,False,True,False,False,False,False,True
S1-959468116,S2-901843166,Jai Technology Private Limited,जय टेक्नोलॉजी प्राइवेट लिमिटेड,"Patna, Flat No- C1, Lakhan Cottage, Saguna More, Bailey Road Patna, Patna, Bihar","FLAT NO- C##1, PATNA, बिहार",0.0,0.1875,1,1,1,0,jai technology private limited,jy tteknolonjii praaivett limittedd,11.320754716981128,67.6923076923077,56.371552975326566,True,False,True,True,False,False,False
S1-575523721,S2-232451792,Om Mart Private Limited,Private Om Mrt Limited,"A/36, City Industrial Estate, Surat City, Surat, Gujarat","A/36, SURAT CITY, SURAT, ગુજરાત",0.6,0.4,36,36,1,0,om mart private limited,private om mrt limited,97.77777777777776,97.77777777777776,0.0,False,False,False,True,False,True,True
S1-416326893,S2-118524676,Gyan Educational Private Limited,6yan Private Limited Partners,"3-T-10, (3/373) Jawahar Nagar, Jaipur, Rajasthan","3-T-10, JAGATPURA, Rajasthan",0.3333333333333333,0.4444444444444444,"10,3,373","10,3",2,0,gyan educational private limited,6yan private limited partners,68.85245901639344,68.85245901639344,0.0,False,False,False,True,False,False,False
S1-248049037,S2-674403026,Astro Organics Private Limited,Mr Astro Private Limited Partners,"Haryana, Gurugram, Tower 14, M3M Golf Estate, Sector - 65, Flat #1405C, Gurgaon",,0.5,0.0,"14,1405,3,65",,0,1,astro organics private limited,mr astro private limited partners,82.53968253968254,82.53968253968254,0.0,False,True,False,False,False,True,True
S1-403611578,S2-221009740,Aditya Infotech Private Limited,આદિત્ય ઇન્ફોટેક પ્રાઇવેટ લિમિટેડ,"Plot 140, Bhd Alex Cable, Santej Vadsar Road, Kalol, Gandhi Nagar, Gujarat","PLOT D/140, AHMEDABAD HQ REGION, GANDHI NAGAR, Gujarat",0.0,0.3125,140,140,1,0,aditya infotech private limited,aaditya inphottek praaivett limittedd,10.169491525423725,76.47058823529412,66.3010967098704,True,False,True,True,False,False,True
S1-75901049,S2-526308781,Technologies Integrity Services LLP,*** Technologies Integrity Integrity,"Bd-113, Sector-I, 1St Floor Salt Lake City, Kolkata, Kolkata, Howrah, West Bengal","BD-113, KOLKATA, N/A, পশ্চিমবঙ্গ",0.5,0.1578947368421052,"1,113",113,1,0,technologies integrity services llp,technologies integrity integrity,100.0,100.0,0.0,False,False,False,True,False,True,True
S1-524719550,S2-904523963,Jai Infrastructure Private Limited,ಜೈ ಇನ್‌ಫ್ರಾಸ್ಟ್ರಕ್ಚರ್ ಪ್ರೈವೇಟ್ ಲಿಮಿಟೆಡ್,"Bangalore, Flat I-201, Karnataka, Sterling Garden Apartments, Kempapura, Hebbal","BANGALORE, HN 80 FLAT I-201, ಕರ್ನಾಟಕ",0.0,0.2666666666666666,201,"201,80",1,0,jai infrastructure private limited,jai inphraasttrkcr praiveett limittedd,9.677419354838705,75.0,65.3225806451613,True,False,True,True,False,False,True
S1-819622291,S2-980800109,Sai Exports Limited,साईं एक्सपोर्ट्स लिमिटेड,"47, Bapu Bazar, Girwa, Udaipur, Rajasthan","DOOR NO 233 47, UDAIPUR, Rajasthan",0.0,0.3333333333333333,47,"233,47",1,0,sai exports limited,saaiin eksportts limittedd,10.526315789473683,80.0,69.47368421052632,True,False,True,True,False,False,True
S1-28565691,S2-18834241,Pawan & Co,PFANA & CO,"Hn - F-13, 5-T/F, Shaheen, Abul Fazal Enclave Part-2, Delhi, South Delhi, New Delhi","HN - F-##13, SOUTH DELHI, NEW DELHI, Delhi",0.5,0.4285714285714285,"13,2,5",13,1,0,pawan and co,pfana and co,83.33333333333334,83.33333333333334,0.0,False,False,False,True,False,True,True
S1-566967866,S2-114174718,Indian Projects Private Limited,इंडियन प्रोजेक्ट्स प्राइवेट लिमिटेड,"Shop No. 403, 4Th Floor 2633-2634 Bank Street Karol Bagh, New Delhi, Central Delhi, Delhi","SHOP NO. 403, CENTRAL DELHI, NEW DELHI, दिल्ली",0.0,0.375,"2633,2634,4,403",403,1,0,indian projects private limited,inddiyn projektts praaivett limittedd,10.714285714285708,79.41176470588236,68.69747899159665,True,False,True,True,False,False,True
S1-888065968,S2-217889780,Supreme Indo It Private Limited,सुप्रीम इंडो आईटी प्राइवेट लिमिटेड,"Flat No 145, Sangam Apartmnets Sector 24, Rohini, Delhi","DOOR NO 145, NORTH WEST DELHI, Delhi, ROHINI",0.0,0.3333333333333333,"145,24",145,1,0,supreme indo it private limited,supriim inddo aaiittii praaivett limittedd,15.094339622641511,73.97260273972603,58.87826311708452,True,False,True,True,False,False,True
S1-195179321,S2-514696285,NOM Tradex Ltd,NOM Tradex Limited Limited,"No.43, Casurina Drive, Neelankarai, Chennai, Tamil Nadu",,0.5,0.0,43,,0,1,nom tradex ltd,nom tradex limited limited,87.5,87.5,0.0,False,True,False,False,False,True,True
S1-189193421,S2-132637703,Osl Charitable Trust Corporation,Osl Charitable Trust-C0rporation,"19B/337, 338, Gali No1, Near Khalsa High School, Rania Gate Guru Nanak Nagri, Sirsa, Haryana",,0.6,0.0,"1,19,337,338",,0,1,osl charitable trust corporation,osl charitable trust c0rporation,96.875,96.875,0.0,False,True,False,False,False,True,True
S1-189193421,S2-593317038,Osl Charitable Trust Corporation,Osl Charitable Trust Corp,"19B/337, 338, Gali No1, Near Khalsa High School, Rania Gate Guru Nanak Nagri, Sirsa, Haryana",,0.6,0.0,"1,19,337,338",,0,1,osl charitable trust corporation,osl charitable trust corp,88.88888888888889,88.88888888888889,0.0,False,True,False,False,False,True,True
S1-795080029,S2-725522677,Premier Consultants Private Limited,પ્રીમિયર કન્સલ્ટન્ટ્સ પ્રાઇવેટ લિમિટેડ,"1029, Gala Empire, Opp, T.V. Tower, Drive In Road, Thaltej, Ahmedabad, Gujarat","AHMEDABAD, 1029, Gujarat",0.0,0.2307692307692307,1029,1029,1,0,premier consultants private limited,priimiyar knslttntts praaivett limittedd,9.523809523809518,72.0,62.47619047619048,True,False,True,True,False,False,True
S1-795080029,S2-642990661,Premier Consultants Private Limited,પ્રીમિયર કન્સલ્ટન્ટ્સ પ્રાઇવેટ લિમિટેડ,"1029, Gala Empire, Opp, T.V. Tower, Drive In Road, Thaltej, Ahmedabad, Gujarat","1029, AHMEDABAD, ગુજરાત",0.0,0.125,1029,1029,1,0,premier consultants private limited,priimiyar knslttntts praaivett limittedd,9.523809523809518,72.0,62.47619047619048,True,False,True,True,False,False,True
S1-788831740,S2-664773698,Seven Consulting Private Limited,ਸੈਵਨ ਕੰਸਲਟਿੰਗ ਪ੍ਰਾਈਵੇਟ ਲਿਮਟਿਡ,"E-90, Industrial Focal Point Chanalon Kurali Sas Nagar, Mohali, Punjab","E-90, MOHALI, Punjab",0.0,0.3636363636363636,90,90,1,0,seven consulting private limited,saivn knsltting praaiiveett limttidd,10.0,67.64705882352942,57.64705882352942,True,False,True,True,False,False,False
S1-179526642,S2-677900640,Life Power Private Limited,LIFE POWER LIMITED SERVICE,"Khordha, Plot No - 135, Bhubaneswar, Orissa, Mantra, Manor, Gothapatna",,0.6,0.0,135,,0,1,life power private limited,life power limited service,84.61538461538461,84.61538461538461,0.0,False,True,False,False,False,True,True
S1-359778712,S2-490610395,Sunrise Business Pvt Ltd,सनराइज बिजनेस प्रा. लि.,"2 C&D, Dcm Building 16, Bara Khamba Road, New Delhi, Delhi","##2 C&D, DCM BUILDING 16, CENTRAL, NEW DELHI, Delhi",0.0,0.6923076923076923,"16,2","16,2",2,0,sunrise business pvt ltd,snraaij bijnes praa li,13.953488372093029,60.86956521739131,46.916076845298285,True,False,True,True,True,False,False
S1-190682436,S2-294433793,Apps Public School Care,Apps Public Silh Care,"C/0 (Ram Niwas) Dhana Ram, Daya Sagar Phalodi, Rajasthan, Jodhpur, Rajasthan",,0.6,0.0,0,,0,1,apps public school care,apps public silh care,86.48648648648648,86.48648648648648,0.0,False,True,False,False,False,True,True
S1-520975813,S2-20565426,Balaji Investment Private Limited,ಬಾಲಾಜಿ ಇನ್ವೆಸ್ಟ್‌ಮೆಂಟ್ ಪ್ರೈವೇಟ್ ಲಿಮಿಟೆಡ್,"A Hobli, Karnataka, Bangalore Rural District., Doddaballapura Industiral Area, Sy.No. 98 & 99, Veerapura Village, Kasab, Plot No.27B","#27, KOLAR, BANGALORE RURAL DISTRICT., ಕರ್ನಾಟಕ",0.0,0.125,"27,98,99",27,1,0,balaji investment private limited,baalaaji investtmentt praiveett limittedd,10.909090909090908,83.78378378378379,72.87469287469288,True,False,True,True,False,False,True
S1-191997878,S2-208948514,Star Hari Energy Private Limited,starharienergy.com,"Uttar Pradesh, Gautam Buddha Nagar, 3Rd Floor, Sector-4, A-19, Noida","A-19, 3RD FLOOR, SECTOR-4, NOIDA, Uttar Pradesh",0.0,0.75,"19,3,4","19,3,4",3,0,star hari energy private limited,starharienergy com,64.0,64.0,0.0,False,False,False,True,True,False,False
S1-295437874,S2-325785745,India White Courier LLP,lndia White LLP Services,"C-27/138, Rampuri Colony Jagatganj, Varanasi, Uttar Pradesh","C-27/13, CHANDAULI, VARANASI, Uttar Pradesh",0.3333333333333333,0.4545454545454545,"138,27","13,27",1,0,india white courier llp,lndia white llp services,59.57446808510638,59.57446808510638,0.0,False,False,False,True,False,False,False
S1-710194142,S2-803324364,Arihant Green Care Private Limited,అరిహంత్ గ్రీన్ కేర్ ప్రైవేట్ లిమిటెడ్,"Ist Floor, Velama House, 3-6-432/1, Above Maruthi Mitra True Value, Cars, Himayathnagar, Hyd., Telangana","IST FLOOR, HIMAYATHNAGAR, HYD., Andhra Pradesh",0.0,0.2105263157894736,"1,3,432,6",,0,0,arihant green care private limited,arihnt griin keer praiveett limittedd,13.333333333333329,73.23943661971832,59.90610328638499,True,False,True,False,False,False,True
S1-154246388,S2-270041387,Devaya Samaj Pvt Ltd,Wexnex,"530, 3Rd Main, Bhuvanagiri, Ombr Layout, Bansavadi, Bangalore, Karnataka","30, BANGALORE, Karnataka",0.0,0.2,"3,530",30,0,0,devaya samaj pvt ltd,wexnex,7.692307692307693,7.692307692307693,0.0,False,False,False,False,False,False,False
S1-199472642,S2-919127376,Galaxy Food Private Limited,கேலக்ஸி ஃபுட் பிரைவேட் லிமிடெட்,"Tamil Nadu, Old.No.11, New.No.21, Mada Church Street, Royapuram, Chennai","OLD.NO.11, CHENNAI, Tamil Nadu",0.0,0.5,"11,21",11,1,0,galaxy food private limited,keelksi hputt piraiveett limittett,12.5,49.18032786885246,36.68032786885246,True,False,True,True,True,False,False
S1-199472642,S2-100285644,Galaxy Food Private Limited,IRIARIA,"Tamil Nadu, Old.No.11, New.No.21, Mada Church Street, Royapuram, Chennai","OLD.NO.11, CHENNAI, Tamil Nadu",0.0,0.5,"11,21",11,1,0,galaxy food private limited,iriaria,29.411764705882348,29.411764705882348,0.0,False,False,False,True,True,False,False
S1-199472642,S2-177088090,Galaxy Food Private Limited,கேலக்ஸி ஃபுட் பிரைவேட் லிமிடெட்,"Tamil Nadu, Old.No.11, New.No.21, Mada Church Street, Royapuram, Chennai","NO 11, CHENNAI, Tamil Nadu",0.0,0.4166666666666667,"11,21",11,1,0,galaxy food private limited,keelksi hputt piraiveett limittett,12.5,49.18032786885246,36.68032786885246,True,False,True,True,False,False,False
S1-209433953,S2-568068505,RG Metro Private Limited,RG Metro Private,"S/O Shri Sumer Singh, Khureri, Tehsil, Gwalior, Madhya Pradesh",,0.75,0.0,,,0,1,rg metro private limited,rg metro private,100.0,100.0,0.0,False,True,False,False,False,True,True
S1-209433953,S2-870347248,RG Metro Private Limited,RG Private Limited Services,"S/O Shri Sumer Singh, Khureri, Tehsil, Gwalior, Madhya Pradesh",,0.6,0.0,,,0,1,rg metro private limited,rg private limited services,85.71428571428571,85.71428571428571,0.0,False,True,False,False,False,True,True
S1-418075392,S2-304853574,Unique Care Private Limited,Unique Care Private  Limited Enterprises,"1#06 Kogilu, Vagdevi School, Bangalore North, Bangalore, Karnataka",,0.8,0.0,"06,1",,0,1,unique care private limited,unique care private limited enterprises,100.0,100.0,0.0,False,True,False,False,False,True,True
S1-801450137,S2-517538441,Kea Agro LLP,Veraumbra,"Flat No. 304, Manikanta Castle, Tirumalagiri, Hyderabad, Telangana","H.NO 3-04, TIRUMALAGIRI, HYDERABAD, Andhra Pradesh",0.0,0.2307692307692307,304,"04,3",0,0,kea agro llp,veraumbra,28.57142857142857,28.57142857142857,0.0,False,False,False,False,False,False,False
S1-763934443,S2-80125881,Mumbai Power,Mumbai Peore,"1, Floor-Mezz, Plot No.56, Dontad Street, Khadak, Chinchbunder, Mumbai, Maharashtra",,0.3333333333333333,0.0,"1,56",,0,1,mumbai power,mumbai peore,83.33333333333334,83.33333333333334,0.0,False,True,False,False,False,False,True
S1-420971266,S2-451763561,Balaji Tech Private Limited,बालाजी टेक प्राइवेट लिमिटेड,"A-1/153, Ground Floor, Safdarjung Enclave, New Delhi, Delhi","A-1/153, NEW DELHI, Delhi",0.0,0.5555555555555556,"1,153","1,153",2,0,balaji tech private limited,baalaajii ttek praaivett limittedd,12.765957446808514,75.40983606557377,62.64387861876526,True,False,True,True,True,False,True
S1-269350108,S2-682802607,Square Finance Private Limited,Smt Square Finance Private,"A-13, Niti Bagh, New Delhi, Delhi",,0.6,0.0,13,,0,1,square finance private limited,smt square finance private,91.66666666666669,91.66666666666669,0.0,False,True,False,False,False,True,True
S1-55729803,S2-679504120,Jay Finance,Jay  Service,"A5/1, Sfs, Dda Flats, New Delhi, South Delhi, Delhi","A5/1/5, SFS, DDA FLATS, NEW DELHI, दिल्ली",0.3333333333333333,0.6363636363636364,"1,5","1,5",2,0,jay finance,jay service,63.63636363636363,63.63636363636363,0.0,False,False,False,True,True,False,False
S1-273910160,S2-645903173,Smart Investments Private Limited,स्मार्ट इन्वेस्टमेंट्स प्राइवेट लिमिटेड,"Lg-005, Plot No. 2&3, R.B. Tower, Below Domino'S Pizza, Chuna Bhatti, Kola, R Road, Bhopal, Madhya Pradesh","NULL, BHOPAL, Madhya Pradesh, R ROAD, LG-B3/005",0.0,0.3043478260869565,"005,2,3","005,3",2,0,smart investments private limited,smaartt investtmentts praaivett limittedd,10.526315789473683,83.78378378378379,73.2574679943101,True,False,True,True,False,False,True
S1-159193790,S2-334809684,Pioneer Prime Tech,पायोनियर प्राइम टेक,"I-86, Sector-41, Noida, Gautam Buddha Nagar, Uttar Pradesh","I-86, GAUTAMBUDHNAGAR, GAUTAM BUDDHA NAGAR, Uttar Pradesh",0.0,0.6363636363636364,"41,86",86,1,0,pioneer prime tech,paayoniyr praaim ttek,11.42857142857143,61.53846153846154,50.10989010989011,True,False,True,True,True,False,False
S1-718814862,S2-115120705,Future Systems Private Limited,फ्यूचर सिस्टम्स प्राइवेट लिमिटेड,"C-5, Bhagirath Colony, Chomu House, Jaipur, Rajasthan","C-5, JAIPUR, Rajasthan",0.0,0.5,5,5,1,0,future systems private limited,phyuucr sisttms praaivett limittedd,10.714285714285708,70.76923076923076,60.05494505494505,True,False,True,True,True,False,True
S1-496178154,S2-724081060,Mansa Developers Pvt Ltd,MANSA DEVELOPERS PVT (LIMITED),"35 C R Avenue, Kolkata, Howrah, West Bengal",,0.6,0.0,35,,0,1,mansa developers pvt ltd,mansa developers pvt limited,92.3076923076923,92.3076923076923,0.0,False,True,False,False,False,True,True
S1-195801212,S2-457217791,Shivam Solutions Pvt Ltd,शिवम सॉल्यूशंस प्रा. लि.,"G-133, New Basti Silampur Shahdara Ph Iii, Delhi, East Delhi, Delhi","G-G-133, EAST DELHI, FARIDABAD, Delhi",0.0,0.3636363636363636,133,133,1,0,shivam solutions pvt ltd,shivm sonlyuushns praa li,15.78947368421052,65.3061224489796,49.51664876476907,True,False,True,True,False,False,False
S1-836055695,S2-517352061,Destin Brothers Ltd,Services Destin Ltd,"101- 3B, Neighbourhood Chs Ltd., Lokhandwala Complex, Kandivali East, Mumbai, Mumbai City, Maharashtra","Maharashtra, 101 3B, MUMBAI CITY, MUMBAI",0.5,0.4166666666666667,"101,3","101,3",2,0,destin brothers ltd,services destin ltd,73.6842105263158,73.6842105263158,0.0,False,False,False,True,False,True,True
S1-844795594,S2-25707956,Cumulus & Co Partners,cpartners.com,"2Nd Floor, 201, Godrej Central Tower J Chs Ltd, Shell Colony Road, Sahakar Nagar-1, Chembur(E), Mumbai, Maharashtra","MUMBAI, Maharashtra, ##2ND FLOOR",0.0,0.2105263157894736,"1,2,201",2,1,0,cumulus and co partners,cpartners com,66.66666666666667,66.66666666666667,0.0,False,False,False,True,False,False,False
S1-621121657,S2-108264938,Anand Logistics Private Limited,आनंद लॉजिस्टिक्स प्राइवेट लिमिटेड,"F-2, Vishwadeep Appartment, Nagala Park, Near Vivekanad College, Kolhapur, Maharashtra","F-2, KOLHAPUR, Maharashtra",0.0,0.3636363636363636,2,2,1,0,anand logistics private limited,aannd lonjisttiks praaivett limittedd,10.714285714285708,76.47058823529412,65.75630252100841,True,False,True,True,False,False,True
S1-384442393,S2-706007658,Millennium (India) Producer Pvt. Ltd.,Mi1lennium (India) Pduocer Pvt Ltd,"No.110, G.S.T. Road, Chrompet, Chrompet, Chennai-600 044, Tamil Nadu","DOOR NO 11, CHROMPET, KANCHIPURAM, Tamil Nadu",0.4285714285714285,0.2666666666666666,"044,110,600",11,0,0,millennium india producer pvt ltd,mi1lennium india pduocer pvt ltd,92.3076923076923,92.3076923076923,0.0,False,False,False,False,False,False,True
S1-855820752,S2-822283957,Tech Management Private Limited,ಟೆಕ್ ಮ್ಯಾನೇಜ್‌ಮೆಂಟ್ ಪ್ರೈವೇಟ್ ಲಿಮಿಟೆಡ್,"55, 5Th Block, Nagavara Village, Bangalore North, Bangalore, Karnataka","55, <NULL>, BANGALORE NORTH, BANGALORE, Karnataka",0.0,0.4444444444444444,"5,55",55,1,0,tech management private limited,ttek myaaneejmentt praiveett limittedd,11.538461538461531,72.46376811594203,60.9253065774805,True,False,True,True,False,False,True
S1-675482054,S2-109461287,Alankar India Corp,Alankar Corp Services,"House No 84 Nathu Ram Masterji, House Bus Stand Vpo Mandola, Mandola, Mahendragarh, Haryana",,0.5,0.0,84,,0,1,alankar india corp,alankar corp services,80.0,80.0,0.0,False,True,False,False,False,True,True
S1-427910446,S2-232023399,Premier Infra Private Limited,प्रीमियर इंफ्रा प्राइवेट लिमिटेड,"A-104, Sai Sadan, Ratan Nagar, 4 Bunglows, Andheri (West), Mumbai, Mumbai City, Maharashtra","A-10, MUMBAI CITY, Maharashtra",0.0,0.2857142857142857,"104,4",10,0,0,premier infra private limited,priimiyr inphraa praaivett limittedd,12.0,73.84615384615385,61.846153846153854,True,False,True,False,False,False,True
S1-866246952,S2-979699147,Alacrity Exports Private Limited,Private Alacrity Exoorft Limited,"1404, Panchvati Apartment, Near S.M.Shetty School, Hiranandani Gard, Ens, Powai, Mumbai, Mumbai City, Maharashtra","BLOCK F-145 1404, MUMBAI, MUMBAI CITY, महाराष्ट्र",0.6,0.1363636363636363,1404,"1404,145",1,0,alacrity exports private limited,private alacrity exoorft limited,93.75,93.75,0.0,False,False,False,True,False,True,True
S1-731589135,S2-147880023,Dynamic Global Private Limited,டைனமிக் குளோபல் பிரைவேட் லிமிடெட்,"Chennai-3, Chennai, 6, Tamil Nadu, Nabikhan Subedar Streetperimet Chennai-3","6, CHENNAI-3, CHENNAI, தமிழ்நாடு",0.0,0.25,"3,6","3,6",2,0,dynamic global private limited,ttainnnmik kulloopl piraiveett limittett,11.764705882352942,57.14285714285714,45.3781512605042,True,False,True,True,False,False,False
S1-117783193,S2-593680629,Silver Engineering Private Limited,सिल्वर इंजीनियरिंग प्राइवेट लिमिटेड,"Office No/H-No-01, New Modern Colony, Behind Of Jila Parishad Budaun, Budaun, Budaun, Badaun, Uttar Pradesh","4 OFFICE NO/H-NO-01, BADAUN, Uttar Pradesh",0.0,0.4375,01,"01,4",1,0,silver engineering private limited,silvr injiiniyring praaivett limittedd,9.375,75.0,65.625,True,False,True,True,False,False,True
S1-70592646,S2-301481807,Arihant Infotech Limited,அரிஹந்த் இன்ஃபோடெக் லிமிடெட்,"Old No.17/1, New No. 18/1, Balaiah Avenue, Luz, Mylapore, Chennai, Tamil Nadu","OLD NO.17/1, CHENNAI CITY REGION, தமிழ்நாடு",0.0,0.2631578947368421,"1,17,18","1,17",2,0,arihant infotech limited,arihnt innnhpoottek limittett,8.888888888888886,71.69811320754718,62.809224318658295,True,False,True,True,False,False,True
S1-645068775,S2-289044729,Jay Hospitality Private Limited,Jay Hospitality Prvsbfe Limited,"Sector 9, Jaipur, 9/81, Rajasthan, Jaipur",,0.6,0.0,"81,9",,0,1,jay hospitality private limited,jay hospitality prvsbfe limited,90.3225806451613,90.3225806451613,0.0,False,True,False,False,False,True,True
S1-288428302,S2-87938106,Sun Global Private Limited,সান গ্লোবাল প্রাইভেট লিমিটেড,"Flat 1A, Shakti, Ground Floor 166, Rajdanga, Nabapally, Kolkata, Howrah, West Bengal","FLAT 1A, HOWRAH, পশ্চিমবঙ্গ",0.0,0.1875,"1,166",1,1,0,sun global private limited,saan globaal praaibhett limittedd,12.5,74.57627118644068,62.07627118644068,True,False,True,True,False,False,True
S1-427179120,S2-212654433,Unicon Trading Private Limited,Smt Jaxdova,"83, Southern Avenue, Ground Floor, Kolkata, Howrah, West Bengal","83/2, KOLKATA, HOWRAH, West Bengal",0.0,0.5,83,"2,83",1,0,unicon trading private limited,smt jaxdova,24.390243902439025,24.390243902439025,0.0,False,False,False,True,True,False,False
S1-676543279,S2-207884730,Sani Institute of Technology Pvt Ltd,Ltd 5ani Institute of Pvt Center,"C-3, Vidhi Vihar Sahkari Awas Samiti Ltd. Plot No. 1&2, Sector Pi, Greater Noida, Uttar Pradesh","उत्तर प्रदेश, SECTOR PI, C-3, GREATER NOIDA",0.5,0.25,"1,2,3",3,1,0,sani institute of technology pvt ltd,ltd 5ani institute of pvt center,79.41176470588235,79.41176470588235,0.0,False,False,False,True,False,True,True
S1-423657927,S2-737682590,Ss Consultants Private Limited,एसएस कंसल्टेंट्स प्राइवेट लिमिटेड,"24/12A Shakti Nagar, Delhi, North Delhi, Delhi","#2281 SHAKTI NAGAR, DELHI, KAMLA NAGAR DELHI, Delhi",0.0,0.375,"12,24",2281,0,0,ss consultants private limited,eses knslttentts praaivett limittedd,10.714285714285708,72.72727272727273,62.01298701298703,True,False,True,False,False,False,True
S1-566738448,S2-100600329,Surat Solutions Private Limited,PRIVATE SURAT SOLUTIONS LTD,"No.9, Hudco Colony South, Tatabad, Coimbatore, Tamil Nadu","NO 9, COIMBATORE, Tamil Nadu",0.6,0.5555555555555556,9,9,1,0,surat solutions private limited,private surat solutions ltd,93.10344827586206,93.10344827586206,0.0,False,False,False,True,True,True,True
S1-566738448,S2-737175231,Surat Solutions Private Limited,Private Surat Solutions (Ltd),"No.9, Hudco Colony South, Tatabad, Coimbatore, Tamil Nadu","NO.9, COIMBATORE, Tamil Nadu",0.6,0.5555555555555556,9,9,1,0,surat solutions private limited,private surat solutions ltd,93.10344827586206,93.10344827586206,0.0,False,False,False,True,True,True,True
S1-664503790,S2-994973249,Shree Care Private Limited,श्री केयर प्राइवेट लिमिटेड,"Mumbai, Flat No. 4, Mumbai City, Maharashtra, 2Nd Floor, Triveni C Building, 66, Walkeshwar Road","1, MUMBAI, MUMBAI CITY, Maharashtra",0.0,0.2,"2,4,66",1,0,0,shree care private limited,shrii keyr praaivett limittedd,12.765957446808514,67.85714285714286,55.09118541033435,True,False,True,False,False,False,False
S1-827546528,S2-169547145,West Computer Clinic,Avinovi,"Shop No-14, Delhi, New Delhi, G/F Church Mission Road Fateh Puri","SHOP NO-14, DELHI, दिल्ली",0.0,0.2857142857142857,14,14,1,0,west computer clinic,avinovi,22.22222222222223,22.22222222222223,0.0,False,False,False,True,False,False,False
S1-897509538,S2-993494134,Black Food,ब्लैक फूड,"Flat No. 404, Ramleela Chsl, Chinchpada Road, Katemanavali, Near Saket College, Kalyan East, Thane, Maharashtra","KALYAN EAST, DOOR NO 404, Maharashtra, THANE",0.0,0.375,404,404,1,0,black food,blaik phuudd,10.526315789473683,54.54545454545455,44.01913875598086,True,False,True,True,False,False,False
S1-661787465,S2-716252716,Best Projects Private Limited,बेस्ट प्रोजेक्ट्स प्राइवेट लिमिटेड,"26, New Apollo Estate, Mogra Lane, New Nagards Road, Andheri (E), Mumbai, Maharashtra","PLOT 746 26, MUMBAI II, Maharashtra",0.0,0.2,26,"26,746",1,0,best projects private limited,bestt projektts praaivett limittedd,11.764705882352942,81.25,69.48529411764706,True,False,True,True,False,False,True
S1-661787465,S2-722923222,Best Projects Private Limited,बेस्ट प्रोजेक्ट्स प्राइवेट लिमिटेड,"26, New Apollo Estate, Mogra Lane, New Nagards Road, Andheri (E), Mumbai, Maharashtra","PGOT 746 26, MUMBAI II, Maharashtra",0.0,0.2,26,"26,746",1,0,best projects private limited,bestt projektts praaivett limittedd,11.764705882352942,81.25,69.48529411764706,True,False,True,True,False,False,True
S1-468670437,S2-49698031,All Energy Private Limited,ऑल एनर्जी प्राइवेट लिमिटेड,"Plot No.234, L. K. Complex, Jagannathpuri, Jhotwara, Jaipur, Jaipur, Rajasthan","DOOR NO 234, JAIPUR, राजस्थान",0.0,0.2,234,234,1,0,all energy private limited,onl enrjii praaivett limittedd,12.244897959183676,67.85714285714286,55.61224489795919,True,False,True,True,False,False,False
S1-417460390,S2-447515406,Lakshmi Products Private Limited,लक्ष्मी प्रोडक्ट्स प्राइवेट लिमिटेड,"S 1/201, 1St Floor, Old Mahavir Nagar, Near 20 Blk Gurdwara Sah, Tilak Nagar, Delhi, West Delhi, Delhi","S 1/201, WEST DELHI, DELHI",0.0,0.3125,"1,20,201","1,201",2,0,lakshmi products private limited,lkssmii proddktts praaivett limittedd,10.714285714285708,75.36231884057972,64.64803312629401,True,False,True,True,False,False,True
S1-417460390,S2-348147155,Lakshmi Products Private Limited,Lakshmi Products Paiivte Limited,"S 1/201, 1St Floor, Old Mahavir Nagar, Near 20 Blk Gurdwara Sah, Tilak Nagar, Delhi, West Delhi, Delhi",,0.6,0.0,"1,20,201",,0,1,lakshmi products private limited,lakshmi products paiivte limited,93.75,93.75,0.0,False,True,False,False,False,True,True
S1-665990436,S2-842218186,Galaxy Management LLP,GALAXY MNAAFGGENT LLP,"Premises No-74/68, Bardhaman Getway, Kalna Rd, Burdwan - I, Bardhaman, West Bengal",,0.5,0.0,"68,74",,0,1,galaxy management llp,galaxy mnaafggent llp,85.71428571428572,85.71428571428572,0.0,False,True,False,False,False,True,True
S1-321297016,S2-957833741,Raj Ventures Private Limited,-- Raj Ventures Private,"1St Floor, Balaji Ki Bagichi, Roopangarh Road, Madanganj, Kishangarh, Ajmer, Rajasthan","1ST FLMOR, null, AJMER, KISHANGARH, Rajasthan",0.75,0.3076923076923077,1,1,1,0,raj ventures private limited,raj ventures private,100.0,100.0,0.0,False,False,False,True,False,True,True
S1-149823543,S2-756748960,Dream Care Pvt Ltd,ड्रीम केयर प्रा. लि.,"Flt No. 401, 4Th Floor, Anand Ashram, 14Th Road, Opp- Khar Zymkhana, Khar (W), Mumbai, Mumbai, Maharashtra","FLT NO. 401, MUMBAI, Maharashtra",0.0,0.3333333333333333,"14,4,401",401,1,0,dream care pvt ltd,ddriim keyr praa li,18.75,48.64864864864865,29.898648648648653,True,False,True,True,False,False,False
S1-111620717,S2-554864895,Sujatha Traders Private Limited,Private Sujatha Traders Ltd,"No 15, 1St A Main Road, Muthyal Nagar Badappa Garden Area, Gokula, Bangalore, Karnataka","H.NO 0015, BANGALORE, Karnataka",0.6,0.1875,"1,15",0015,0,0,sujatha traders private limited,private sujatha traders ltd,93.10344827586206,93.10344827586206,0.0,False,False,False,False,False,True,True
S1-566028861,S2-663081192,Balaji Infra,बालाजी इंफ्रा,"Flat No. 1/A, Occean Delite, 1St Floor, Carter Road, Bandra (West), Mumbai, Mumbai City, Maharashtra","FLAT NO. 1/A, MUMBAI, MUMBAI CITY, महाराष्ट्र",0.0,0.3157894736842105,1,1,1,0,balaji infra,baalaajii inphraa,8.695652173913048,75.86206896551724,67.16641679160419,True,False,True,True,False,False,True
S1-664386233,S2-483867347,Modern Consultants,मॉडर्न कंसल्टेंट्स,"101, Sunanda Apptp No. 252, Laxminagar, Maharashtra, Nagpur","महाराष्ट्र, NAGPUR REGION, 101, NAGPUR",0.0,0.1538461538461538,"101,252",101,1,0,modern consultants,monddrn knslttentts,6.060606060606062,70.27027027027027,64.20966420966421,True,False,True,True,False,False,True
S1-664386233,S2-285972413,Modern Consultants,मॉडर्न कंसल्टेंट्स,"101, Sunanda Apptp No. 252, Laxminagar, Maharashtra, Nagpur","101, NAGPUR REGION, NAGPUR, Maharashtra",0.0,0.3333333333333333,"101,252",101,1,0,modern consultants,monddrn knslttentts,6.060606060606062,70.27027027027027,64.20966420966421,True,False,True,True,False,False,True
S1-831784662,S2-367722340,Ss Global Private Limited,Ss Global Private Ltd,"First Floor No 4341, 12Th Main, 4-H.B.C.S. Ideal Home Layout, Raja Rajeshwari Nagar, Bangalore, Karnataka",,0.6,0.0,"12,4,4341",,0,1,ss global private limited,ss global private ltd,91.30434782608695,91.30434782608695,0.0,False,True,False,False,False,True,True
S1-203138786,S2-334504783,High Creative Producer Private Limited,હાઇ ક્રિએટિવ પ્રોડ્યુસર પ્રાઇવેટ લિમિટેડ,"Block D 404, Ahmedabad, Gujarat, Richmond Grand, Sur No 4/2, 15, 16/7, Fp-35, Tp-84, Near Torrent Power, Makarb, A","BLOKC D 404, AHMEDABAD, Gujarat",0.0,0.1666666666666666,"15,16,2,35,4,404,7,84",404,1,0,high creative producer private limited,haai kriettiv proddyausr praaivett limittedd,11.764705882352942,70.73170731707317,58.96700143472023,True,False,True,True,False,False,True
S1-814988165,S2-827114820,Sai Realty,SAI  CENTER,"5, Soundarajan Street, T.Nagar, Madras-600 017., Madras-600 017., Chennai, Tamil Nadu",,0.3333333333333333,0.0,"017,5,600",,0,1,sai realty,sai center,60.0,60.0,0.0,False,True,False,False,False,False,False
S1-286020727,S2-86776802,Innovative Producer Pvt Ltd,Innovative प्रोड्यूसर प्रा. लि.,"V.K.I. Area, Jaipur, B-3, Rajasthan, Road No. 1","Rajasthan, B-D/3, ROAD NO. 1, V.K.I. AREA",0.1,0.8333333333333334,"1,3","1,3",2,0,innovative producer pvt ltd,innovative proddyuusr praa li,60.60606060606061,75.0,14.393939393939393,True,False,True,True,True,False,True
S1-63590917,S2-941329044,Four & Brothers Public Limited,Puambic Four & Brothers Limited,"House No 25, Block-A Pkt 11 Sec 18 Rohini, Delhi, North West Delhi, Delhi","NO 399 HOUSE NO 25, NORTH WEST DELHI, RITHALA, Delhi",0.6666666666666666,0.4,"11,18,25","25,399",1,0,four and brothers public limited,puambic four and brothers limited,95.3846153846154,95.3846153846154,0.0,False,False,False,True,False,True,True
S1-992523387,S2-758455598,Ncs Engineers Pvt Ltd,Ncs Engineers,"Floor 3-Cheryl Hill Park, Vallathol Junction, Seaport-Airport Road, Kakkanad, Ernakulam, Kerala",,0.5,0.0,3,,0,1,ncs engineers pvt ltd,ncs engineers,100.0,100.0,0.0,False,True,False,False,False,True,True
S1-75295137,S2-43130520,Indo Consultants Pvt Ltd,ઇન્ડો કન્સલ્ટન્ટ્સ પ્રા. લિ.,"301, Om Shayona Arcade, Nr. Silver Oak University, S. G. Highway, Gota, Ahmedabad, Gujarat","301, AHMEDABAD, Gujarat",0.0,0.2142857142857142,301,301,1,0,indo consultants pvt ltd,inddo knslttntts praa li,12.765957446808514,66.66666666666667,53.90070921985816,True,False,True,True,False,False,False
S1-372531766,S2-2082695,Anand Consultants Private Limited,आनंद कंसल्टेंट्स प्राइवेट लिमिटेड,"G-60, First Floor, Opposite Foot Over Bridge, Jasola - Kalin Shaheen Bagh, Abdulfazal Enclave-2, Jamia, Nagar, Okhla, New Delhi, Delhi","G-##60, OKHLA, NEW DELHI, Delhi",0.0,0.25,"2,60",60,1,0,anand consultants private limited,aannd knslttentts praaivett limittedd,10.169491525423725,74.28571428571429,64.11622276029057,True,False,True,True,False,False,True
S1-771149464,S2-590446369,Shyam Tech Private Limited,श्याम टेक प्राइवेट लिमिटेड,"F-15, First Floor, Cross Roads Sch. No. 54, Vijay Nagar Circle., Indore, Madhya Pradesh","F-15, INDORE, मध्य प्रदेश",0.0,0.15,"15,54",15,1,0,shyam tech private limited,shyaam ttek praaivett limittedd,13.043478260869565,77.19298245614036,64.1495041952708,True,False,True,True,False,False,True
S1-902724869,S2-186608768,Hitech Products Private Limited,હાઇટેક પ્રોડક્ટ્સ પ્રાઇવેટ લિમિટેડ,"Plot No.1126, Aji Industrail Area, Near Mangal Foundary, 80Ft Ring Road, Rajkot, Gujarat","1126, RAJKOT, Gujarat",0.0,0.2142857142857142,"1126,80",1126,1,0,hitech products private limited,haaittek proddktts praaivett limittedd,10.526315789473683,72.46376811594203,61.937452326468346,True,False,True,True,False,False,True
S1-83218805,S2-975904557,Fortune Technologies Limited,फॉर्च्यून टेक्नोलॉजीज लिमिटेड,"301 Indira Icon, Plot No 13, S.No. 98, Right Bhusari Colony, Kothrud, Pune, Maharashtra","306 INDIRA ICON, PUNE, Maharashtra",0.0,0.2666666666666666,"13,301,98",306,0,0,fortune technologies limited,phonrcyuun tteknolonjiij limittedd,8.163265306122454,64.51612903225806,56.35286372613561,True,False,True,False,False,False,False
S1-400926279,S2-537905524,Apex Ventures Private Limited,Private Apex Vedtrtes Limited,"Sai Enclave, Mohan Garden, New Delhi, G-2/27, Delhi, West Delhi","G-2/27, NEW DELHI, WEST DELHI, दिल्ली",0.6,0.5,"2,27","2,27",2,0,apex ventures private limited,private apex vedtrtes limited,93.10344827586206,93.10344827586206,0.0,False,False,False,True,True,True,True
S1-400926279,S2-603384031,Apex Ventures Private Limited,एपेक्स वेंचर्स प्राइवेट लिमिटेड,"Sai Enclave, Mohan Garden, New Delhi, G-2/27, Delhi, West Delhi","G-2/27, WEST DELHI, Delhi",0.0,0.5,"2,27","2,27",2,0,apex ventures private limited,epeks vencrs praaivett limittedd,10.909090909090908,72.1311475409836,61.2220566318927,True,False,True,True,True,False,True
S1-400926279,S2-333925922,Apex Ventures Private Limited,एपेक्स वेंचर्स प्राइवेट लिमिटेड,"Sai Enclave, Mohan Garden, New Delhi, G-2/27, Delhi, West Delhi","G-2/27, NEW DELHI, WEST DELHI, Delhi",0.0,0.6,"2,27","2,27",2,0,apex ventures private limited,epeks vencrs praaivett limittedd,10.909090909090908,72.1311475409836,61.2220566318927,True,False,True,True,True,False,True
S1-862452818,S2-344762422,Unique Investment Private Limited,यूनिक इन्वेस्टमेंट प्राइवेट लिमिटेड,"Shop 16, Om Shivai, Sra, Chs Ltd, Behind Tata Power, Borivlai East, Mumbai, Maharashtra","SHOP 16, N/A, MUMBAI, Maharashtra",0.0,0.25,16,16,1,0,unique investment private limited,yuunik investtmentt praaivett limittedd,9.523809523809518,77.77777777777779,68.25396825396827,True,False,True,True,False,False,True
S1-145098965,S2-686772694,Innovative Estate Private Limited,ইনোভেটিভ এস্টেট প্রাইভেট লিমিটেড,"162/1A, Bangur Avenue Block-A, West Bengal, Ground Floor, Kolkata, Parganas North","GROUND FLOOR, CALCUTTA, PARGANAS NORTH, West Bengal",0.0,0.4285714285714285,"1,162",,0,0,innovative estate private limited,inobhettibh esttett praaibhett limittedd,10.909090909090908,65.75342465753425,54.84433374844335,True,False,True,False,False,False,False
S1-145098965,S2-240594860,Innovative Estate Private Limited,ইনোভেটিভ এস্টেট প্রাইভেট লিমিটেড,"162/1A, Bangur Avenue Block-A, West Bengal, Ground Floor, Kolkata, Parganas North","GROUND FLOOR, CALCUTTA, PARGANAS NORTH, West Bengal",0.0,0.4285714285714285,"1,162",,0,0,innovative estate private limited,inobhettibh esttett praaibhett limittedd,10.909090909090908,65.75342465753425,54.84433374844335,True,False,True,False,False,False,False
S1-145098965,S2-73741442,Innovative Estate Private Limited,ইনোভেটিভ এস্টেট প্রাইভেট লিমিটেড,"162/1A, Bangur Avenue Block-A, West Bengal, Ground Floor, Kolkata, Parganas North","GROUND FLOOR, West Bengal, CALCUTTA, PARGANAS NORTH",0.0,0.4285714285714285,"1,162",,0,0,innovative estate private limited,inobhettibh esttett praaibhett limittedd,10.909090909090908,65.75342465753425,54.84433374844335,True,False,True,False,False,False,False
S1-717514376,S2-321259543,Anand Bombay Investment Private Limited,PRIVATE ANAND BOBHY INVESTMENT LIMITED,"01, Modal Town Ship, Guna, Madhya Pradesh, Guna, Madhya Pradesh","01, GUNA, मध्य प्रदेश",0.6666666666666666,0.1666666666666666,01,01,1,0,anand bombay investment private limited,private anand bobhy investment limited,96.1038961038961,96.1038961038961,0.0,False,False,False,True,False,True,True
S1-656832090,S2-546014243,Shyam Technology LLP,श्याम टेक्नोलॉजी एलएलपी,"Rudra Enclave - Ii Khodana Kala, Uttar Pradesh, A-003, Noida, Gautam Buddha Nagar","Uttar Pradesh, GAUTAM BUDDHA NAGAR, H.NO 458 A-003",0.0,0.4375,003,"003,458",1,0,shyam technology llp,shyaam tteknolonjii elelpii,9.756097560975608,68.08510638297872,58.32900882200312,True,False,True,True,False,False,False
S1-295327487,S2-796223442,Royal It Private Limited,रॉयल आईटी प्राइवेट लिमिटेड,"Elphine House, Annexe, 88-C, Old Prabhadevi Road, Fort, Mumbai, Maharashtra","ELPHINE HOUSE, <NULL>, FORT, MUMBAI, Maharashtra",0.0,0.4166666666666667,88,,0,0,royal it private limited,ronyl aaiittii praaivett limittedd,13.333333333333329,72.41379310344828,59.08045977011496,True,False,True,False,False,False,True
S1-474131003,S2-503885498,White Construction Private Limited,વ્હાઇટ કન્સ્ટ્રક્શન પ્રાઇવેટ લિમિટેડ,"Plot 13, Gujarat Industrial Estates Behind Roses Garden Nursery, Old Chhani, Road, Vadodara, Gujarat","#177- PLOT 13, VADODARA, Gujarat",0.0,0.2857142857142857,13,"13,177",1,0,white construction private limited,vhaaitt knsttrkshn praaivett limittedd,9.090909090909092,63.888888888888886,54.79797979797979,True,False,True,True,False,False,False
S1-950588543,S2-695432646,Shiva Producer Pvt Ltd,शिवा प्रोड्यूसर प्रा. लि.,"Gautam Buddha Nagar, 73, Noida, Ground Floor Sector-15A, Uttar Pradesh","C-73, NOIDA, GAUTAM BUDDHA NAGAR, Uttar Pradesh",0.0,0.5833333333333334,"15,73",73,1,0,shiva producer pvt ltd,shivaa proddyuusr praa li,15.78947368421052,68.08510638297872,52.2956326987682,True,False,True,True,True,False,False
S1-322851781,S2-551064405,Surya All Tech,ਸੂਰਿਆ ਆਲ ਟੈਕ,"E-31, New Focal Point, Dabwali Road, Bathinda, Punjab","E-31., BATHINDA, ਪੰਜਾਬ",0.0,0.25,31,31,1,0,surya all tech,suuriaa aal ttaik,15.384615384615389,58.064516129032256,42.67990074441687,True,False,True,True,False,False,False
S1-222792428,S2-458355243,Industries Kpb Foods Private Limited,Industries Kpb Foods Private Ltd,"Plot No. 1432, 1St Floor Sector 46, Gurgaon, Haryana","NO 14-32 , 1ST FLOOR SECTOR 46, Haryana",0.6666666666666666,0.5454545454545454,"1,1432,46","1,14,32,46",2,0,industries kpb foods private limited,industries kpb foods private ltd,94.11764705882354,94.11764705882354,0.0,False,False,False,True,True,True,True
S1-222792428,S2-863708536,Industries Kpb Foods Private Limited,Industries Kpb Fmdbs Private Limited,"Plot No. 1432, 1St Floor Sector 46, Gurgaon, Haryana","14-32 , 1ST FLOOR SECTOR 46, Haryana",0.6666666666666666,0.4545454545454545,"1,1432,46","1,14,32,46",2,0,industries kpb foods private limited,industries kpb fmdbs private limited,94.44444444444444,94.44444444444444,0.0,False,False,False,True,False,True,True
S1-518866882,S2-7919945,Casting Brothers Private Limited,CASTING BDOTMHSE PRIVATE LIMITED,"C/O Om Prakash Kumar, Chakalhdad, Vaishali, Bihar",,0.6,0.0,,,0,1,casting brothers private limited,casting bdotmhse private limited,90.625,90.625,0.0,False,True,False,False,False,True,True
S1-55788065,S2-32597478,Suyog Aids Private Limited,Shri SUYOG AIDS PRIVATE LTD,"S.No.797/1, Tkr Towers, Near Payakapuram Cross Rd, Inner Ring Ro, Ad, Nunna, Vijayawada, Krishna, Andhra Pradesh",,0.5,0.0,"1,797",,0,1,suyog aids private limited,shri suyog aids private ltd,83.01886792452831,83.01886792452831,0.0,False,True,False,False,False,True,True
S1-777873812,S2-163319411,Swastik Products Private Limited,स्वस्तिक प्रोडक्ट्स प्राइवेट लिमिटेड,"2Nd Floor, Office No 202, Business Square, Lane No 5 Koregaon Park, Opp Hotel Great Punjab, Pune, Maharashtra","FLOOR, PUNE, Maharashtra",0.0,0.1764705882352941,"2,202,5",,0,0,swastik products private limited,svstik proddktts praaivett limittedd,10.34482758620689,76.47058823529412,66.12576064908723,True,False,True,False,False,False,True
S1-289589319,S2-200915398,Shiv Systems,शिव सिस्टम्स,"Q-6, Jangpura Extension, New Delhi, South Delhi, Delhi","Q-#6, NEW DELHI, SOUTH DELHI, Delhi",0.0,0.7142857142857143,6,6,1,0,shiv systems,shiv sisttms,10.0,83.33333333333334,73.33333333333334,True,False,True,True,True,False,True
S1-8731937,S2-879782497,One Finance Private Limited,వన్ ఫైనాన్స్ ప్రైవేట్ లిమిటెడ్,"9-1-164/A, 165 & 166, Sd Road, Secunderabad, Hyderabad, Telangana","9-1-164/A, HYDERABAD, Telangana",0.0,0.5,"1,164,165,166,9","1,164,9",3,0,one finance private limited,vn phainaans praiveett limittedd,12.244897959183676,67.79661016949152,55.55171221030784,True,False,True,True,True,False,False
S1-593389715,S2-613493970,Southern Energy Pvt Ltd,సదర్న్ ఎనర్జీ ప్రైవేట్ లిమిటెడ్,"Flat No F-4, Madhavi Society, Hyderabad, Telangana","FLAT NO F-3, HYDERABAD, GANGADHARAPURAM, Telangana",0.0,0.5,4,3,0,0,southern energy pvt ltd,sdrn enrjii praiveett limittedd,12.5,55.55555555555556,43.05555555555556,True,False,True,False,True,False,False
S1-830651687,S2-357650190,Jai Products Private Limited,ಜೈ ಪ್ರೊಡಕ್ಟ್ಸ್ ಪ್ರೈವೇಟ್ ಲಿಮಿಟೆಡ್,"Plot No. 62/P, 1St Cross, Near Aarya Plastopet Firm, Machenahalli Industrial Area, Bhadravathi, Shimoga, Karnataka","Karnataka, ##62/P, SHIMOGA",0.0,0.25,"1,62",62,1,0,jai products private limited,jai proddktts praiveett limittedd,12.5,78.68852459016394,66.18852459016394,True,False,True,True,False,False,True
S1-917694700,S2-519529702,Shiva Impex Pvt Ltd,शिवा इम्पेक्स प्रा. लि.,"Amar Business Zone, Office No. B-1203, Survey No. 87/1A, Pune City, Pune, Maharashtra","AMAR BUSNIESS ZONE, PUNE CITY, PUNE, Maharashtra",0.0,0.3571428571428571,"1,1203,87",,0,0,shiva impex pvt ltd,shivaa impeks praa li,17.14285714285714,70.0,52.85714285714286,True,False,True,False,False,False,True
S1-690918009,S2-293200996,Chennai Content Private Limited,Chennai Private Limited Center Enterprises,"35/3 A, 2Nd Street, Venkatesh Nagar Virugambakkam, Chennai, Tamil Nadu",,0.5,0.0,"2,3,35",,0,1,chennai content private limited,chennai private limited center enterprises,85.18518518518519,85.18518518518519,0.0,False,True,False,False,False,True,True
S1-218548064,S2-163808959,Surya Fortune Foods Private Limited,సూర్య ఫార్చూన్ ఫుడ్స్ ప్రైవేట్ లిమిటెడ్,"1-1/1, Diamond Tools Fathenagar, Hyderabad, Telangana","1-1/1, HYDERABAD, తెలంగాణ",0.0,0.2,1,1,1,0,surya fortune foods private limited,suury phaarcuun phudds praiveett limittedd,13.793103448275858,64.93506493506493,51.14196148678907,True,False,True,True,False,False,False
S1-674584658,S2-262840238,Ekam Capital Private Limited,ecprivatecom,"Flr-2, Skcl Tech Square 14, Sidcot V.K., Guindy Park, Chennai City Corporation, Chennai, Tamil Nadu","Tamil Nadu, CHENNAI, CHENNAI CITY CORPORATION, FLR-2",0.0,0.4375,"14,2",2,1,0,ekam capital private limited,ecprivatecom,50.0,50.0,0.0,False,False,False,True,False,False,False
S1-216397967,S2-396517615,Prostar Consultants Private Limited,Prostar Consultants-Pisvahe Limited,"101, Signature Planet, Plot No. 427 Scheme No. 114, Indore, Madhya Pradesh",,0.6,0.0,"101,114,427",,0,1,prostar consultants private limited,prostar consultants pisvahe limited,94.28571428571428,94.28571428571428,0.0,False,True,False,False,False,True,True
S1-127190662,S2-570269059,Ganesh Social Limited,Ganesh Limited Services Enterprises,"No 4193, Vb Hbcs Layout, Girinagar 4Th Phase, Bsk 3Rd, Bangalore, Karnataka",,0.4,0.0,"3,4,4193",,0,1,ganesh social limited,ganesh limited services enterprises,80.0,80.0,0.0,False,True,False,False,False,False,True
S1-152266647,S2-955626910,Dakshin & Brothers Private Limited,Smt Dakshin & Brothers,"S No 690 Phuge Building Shop No 1 2 & 3 Gavane Vasti Bhosari, Pune, Maharashtra",,0.5,0.0,"1,2,3,690",,0,1,dakshin and brothers private limited,smt dakshin and brothers,90.9090909090909,90.9090909090909,0.0,False,True,False,False,False,True,True
S1-935419644,S2-42166848,Royal Raj Solutions Private Limited,रॉयल राज सॉल्यूशंस प्राइवेट लिमिटेड,"461, 462, Udyog Vihar Phase Iii, Gurgaon, Haryana","DELHI, GURGAON, हरियाणा, C-461",0.0,0.1538461538461538,"461,462",461,1,0,royal raj solutions private limited,ronyl raaj sonlyuushns praaivett limittedd,13.333333333333329,75.32467532467533,61.991341991342,True,False,True,True,False,False,True
S1-697091048,S2-981603910,Guru Krishna Industries Pvt Ltd,ಗುರು ಕೃಷ್ಣ ಇಂಡಸ್ಟ್ರೀಸ್ ಪ್ರೈವೇಟ್ ಲಿಮಿಟೆಡ್,"No-58, 1St Flr, 1St Main, 12Th Crs, Srinidhi Layout, Bangalore, Karnataka","NO-58, BANGALORE, Karnataka",0.0,0.3636363636363636,"1,12,58",58,1,0,guru krishna industries pvt ltd,guru krssnn inddsttriis praiveett limittedd,13.559322033898312,70.27027027027027,56.71094823637196,True,False,True,True,False,False,True
S1-965217635,S2-228499175,Future Industries LLP,ഫ്യൂച്ചർ ഇൻഡസ്ട്രീസ് എൽഎൽപി,"401, 5/97-58, Shankar Nagar Colony Road, Ernakulam, Kerala","401, ERNAKULAM, കേരളം",0.0,0.1666666666666666,"401,5,58,97",401,1,0,future industries llp,phyuucc iddsttriis eepi,8.695652173913048,54.54545454545454,45.84980237154149,True,False,True,True,False,False,False
S1-937646149,S2-416625964,Shree Vijay Infotech Private Limited,ஸ்ரீ விஜய் இன்ஃபோடெக் பிரைவேட் லிமிடெட்,"No. Nh-7, A.K.Samuthiram Pachal Po., Namakkal, Tamil Nadu","தமிழ்நாடு, NAMAKKAL, NO. NH-A-7",0.0,0.3333333333333333,7,7,1,0,shree vijay infotech private limited,srii vijy innnhpoottek piraiveett limittett,13.333333333333329,65.82278481012659,52.48945147679326,True,False,True,True,False,False,False
S1-937646149,S2-657939189,Shree Vijay Infotech Private Limited,ஸ்ரீ விஜய் இன்ஃபோடெக் பிரைவேட் லிமிடெட்,"No. Nh-7, A.K.Samuthiram Pachal Po., Namakkal, Tamil Nadu","NO. NH-A-7, NAMAKKAL, தமிழ்நாடு",0.0,0.3333333333333333,7,7,1,0,shree vijay infotech private limited,srii vijy innnhpoottek piraiveett limittett,13.333333333333329,65.82278481012659,52.48945147679326,True,False,True,True,False,False,False
S1-440223714,S2-699358797,Life Construction Private Limited,లైఫ్ కన్‌స్ట్రక్షన్ ప్రైవేట్ లిమిటెడ్,"Flat No.219, Tower B-1, Incor Bonsai Homes Survey No. 323/2, 3, 4, Himayath Nagar, Tellapur, Hyderabad, Telangana","FLAT NO.219, HYDERABAD, Telangana",0.0,0.2631578947368421,"1,2,219,3,323,4",219,1,0,life construction private limited,laiph knsttrkssn praiveett limittedd,10.169491525423725,63.76811594202898,53.59862441660526,True,False,True,True,False,False,False
S1-440223714,S2-575802320,Life Construction Private Limited,లైఫ్ కన్‌స్ట్రక్షన్ ప్రైవేట్ లిమిటెడ్,"Flat No.219, Tower B-1, Incor Bonsai Homes Survey No. 323/2, 3, 4, Himayath Nagar, Tellapur, Hyderabad, Telangana","FLAT NO.219, HYDERABAD, Telangana",0.0,0.2631578947368421,"1,2,219,3,323,4",219,1,0,life construction private limited,laiph knsttrkssn praiveett limittedd,10.169491525423725,63.76811594202898,53.59862441660526,True,False,True,True,False,False,False
S1-440223714,S2-802040441,Life Construction Private Limited,లైఫ్ కన్‌స్ట్రక్షన్ ప్రైవేట్ లిమిటెడ్,"Flat No.219, Tower B-1, Incor Bonsai Homes Survey No. 323/2, 3, 4, Himayath Nagar, Tellapur, Hyderabad, Telangana","FLAT NO.219, HYDERABAD, Telangana",0.0,0.2631578947368421,"1,2,219,3,323,4",219,1,0,life construction private limited,laiph knsttrkssn praiveett limittedd,10.169491525423725,63.76811594202898,53.59862441660526,True,False,True,True,False,False,False
S1-408364435,S2-220121830,Maa Media Private Limited,ಮಾ ಮೀಡಿಯಾ ಪ್ರೈವೇಟ್ ಲಿಮಿಟೆಡ್,"No. 205, 9Th H Main, Hrbr Layout 1St Block, Bangalore, Karnataka","NO 205., BANGALORE, BANGLORE, ಕರ್ನಾಟಕ",0.0,0.2,"1,205,9",205,1,0,maa media private limited,maa miiddiyaa praiveett limittedd,15.0,75.86206896551724,60.86206896551724,True,False,True,True,False,False,True
S1-611380688,S2-723949720,New Delhi Foundation Private Limited,Brixvantage,"C-74, S/F Neeti Bagh, New Delhi, South Delhi, Delhi","C-74/1, NEW DELHI, SOUTH DELHI, दिल्ली",0.0,0.4166666666666667,74,"1,74",1,0,new delhi foundation private limited,brixvantage,25.531914893617028,25.531914893617028,0.0,False,False,False,True,False,False,False
S1-981251923,S2-826814449,Chitra Infra Private Limited,Chitra Infra Private Ltd,"H. No. 258, Nr Railway Bridge, Atiwal, Bidar, Karnataka",,0.6,0.0,258,,0,1,chitra infra private limited,chitra infra private ltd,92.3076923076923,92.3076923076923,0.0,False,True,False,False,False,True,True
S1-128454460,S2-999662378,Indo Technologies Limited,Limited Indo Tectnologeis,"Udaipur, Rajasthan, Nr. Saint Marys School, 3 B Polo Ground, Girwa","#1 B POLO GROUND, GIRWA, TEETARDI, राजस्थान",0.5,0.2352941176470588,3,1,0,0,indo technologies limited,limited indo tectnologeis,92.0,92.0,0.0,False,False,False,False,False,True,True
S1-98402215,S2-602829533,Tirupati Marketing Pvt Ltd,તિરુપતિ માર્કેટિંગ પ્રા. લિ.,"Plot-E-14, 14/1, 15, 15/1, 16, Electronic Est Gidc Sec26, Gandhinagar, Gandhi Nagar, Gujarat","PLOT-E-0014, GANDHINAGAR, GANDHI NAGAR, ગુજરાત",0.0,0.2777777777777778,"1,14,15,16,26",0014,0,0,tirupati marketing pvt ltd,tirupti maarketting praa li,13.63636363636364,79.24528301886792,65.60891938250428,True,False,True,False,False,False,True
S1-98402215,S2-246033188,Tirupati Marketing Pvt Ltd,તિરુપતિ માર્કેટિંગ પ્રા. લિ.,"Plot-E-14, 14/1, 15, 15/1, 16, Electronic Est Gidc Sec26, Gandhinagar, Gandhi Nagar, Gujarat","PLOT-E-0014, GANDHINAGAR, GANDHI NAGAR, Gujarat",0.0,0.4,"1,14,15,16,26",0014,0,0,tirupati marketing pvt ltd,tirupti maarketting praa li,13.63636363636364,79.24528301886792,65.60891938250428,True,False,True,False,False,False,True
S1-401934702,S2-234364798,Anand Infotech Pvt Ltd,ஆனந்த் இன்ஃபோடெக் பிரைவேட் லிமிடெட்,"No 37/4, Potters Street Saidapet, Chennai, Tamil Nadu","MADRAS, DOOR NO 37/4, CHENNAI, Tamil Nadu",0.0,0.5454545454545454,"37,4","37,4",2,0,anand infotech pvt ltd,aannnnt innnhpoottek piraiveett limittett,12.765957446808514,50.79365079365079,38.02769334684228,True,False,True,True,True,False,False
S1-401934702,S2-615004294,Anand Infotech Pvt Ltd,ஆனந்த் இன்ஃபோடெக் பிரைவேட் லிமிடெட்,"No 37/4, Potters Street Saidapet, Chennai, Tamil Nadu","37/4, MADRAS, CHENNAI, Tamil Nadu",0.0,0.5,"37,4","37,4",2,0,anand infotech pvt ltd,aannnnt innnhpoottek piraiveett limittett,12.765957446808514,50.79365079365079,38.02769334684228,True,False,True,True,True,False,False
S1-401934702,S2-511365203,Anand Infotech Pvt Ltd,ஆனந்த் இன்ஃபோடெக் பிரைவேட் லிமிடெட்,"No 37/4, Potters Street Saidapet, Chennai, Tamil Nadu","DOOR NO 37/4, MADRAS, CHENNAI, Tamil Nadu",0.0,0.5454545454545454,"37,4","37,4",2,0,anand infotech pvt ltd,aannnnt innnhpoottek piraiveett limittett,12.765957446808514,50.79365079365079,38.02769334684228,True,False,True,True,True,False,False
S1-887456985,S2-608564550,Aask Industries Private Limited,Aask Private Limited Center,"Hig 29 Jj Nagar West, Chennai, Thiruvallur, Tamil Nadu",,0.6,0.0,29,,0,1,aask industries private limited,aask private limited center,85.1063829787234,85.1063829787234,0.0,False,True,False,False,False,True,True
S1-976349575,S2-922828652,Balaji Food,బాలాజీ ఫుడ్,"Shaikpet, Telangana, Thh-3/F 023, Hyderabad, 3Rd Floor, C/O. T-Hub Foundation, 1/C, 83/1, Raidurg Panmaktha, Near Hitech City, Ranga Reddi, Hyderabad","H.NO 254 THH-3/F 023, Telangana, SHAIKPET, HYDERABAD",0.0,0.2692307692307692,"023,1,3,83","023,254,3",2,0,balaji food,baalaajii phudd,10.0,61.53846153846154,51.53846153846154,True,False,True,True,False,False,False
S1-15729441,S2-676374622,Zesty Cab Private Limited,Zesty  Cab Limited Center,"54, Basera Apna Ghar H Soc, Lokhandwala Complex, Andheri West, Mumbai, Mumbai City, Maharashtra",,0.6,0.0,54,,0,1,zesty cab private limited,zesty cab limited center,82.92682926829268,82.92682926829268,0.0,False,True,False,False,False,True,True
S1-674851524,S2-270490493,North Impex Pvt Ltd,नॉर्थ इम्पेक्स प्रा. लि.,"D-11, Second Floor, Prashant Vihar, Outer Ring Road Opp. Flyover Pillar No., 2, Rohini, Delhi, North West, Delhi","D-11/7, DELHI, NORTH WEST, Delhi",0.0,0.2631578947368421,"11,2","11,7",1,0,north impex pvt ltd,nonrth impeks praa li,17.14285714285714,70.0,52.85714285714286,True,False,True,True,False,False,True
S1-789696800,S2-214386926,Green My Builders Pvt Ltd,ग्रीन माय बिल्डर्स प्रा. लि.,"New Delhi, Plot No. 11, Second Floor, Block D-5, Model Town Phase Ii, Landmark Near Lakh, Delhi, North West","PLOT NO. 011, NEW DELHI NORTH, Delhi, NEW DELHI",0.0,0.25,"11,5",011,0,0,green my builders pvt ltd,griin maay bilddrs praa li,17.77777777777777,66.66666666666667,48.8888888888889,True,False,True,False,False,False,False
S1-7693035,S2-599023271,Ss Foods,एसएस फूड्स,"Shop No.27, Ground Floor, Ecstacy City Of Joy, J.S.D. Road, Mulund (W), Mumbai, Mumbai City, Maharashtra","MUMBAI CITY, MUMBAI, SHOP NO.27, Maharashtra",0.0,0.3529411764705882,27,27,1,0,ss foods,eses phuudds,11.111111111111116,50.0,38.888888888888886,True,False,True,True,False,False,False
S1-804740881,S2-26440251,RH Films Limited,RH RH Fhilm Limited,"G- 10, Friends Paradise, Khandari, Agra, Uttar Pradesh",,0.5,0.0,10,,0,1,rh films limited,rh rh fhilm limited,93.75,93.75,0.0,False,True,False,False,False,True,True
S1-961125410,S2-551615417,Shakti Estate Private Limited,PRIVATE SHAKTI ECLNTLAE LIMITED,"H.No.8-2-310/B/11/3, Navodaya Colony Road.No.14, Banjara Hills, Hyderabad, Telangana","8-2-310/B/11/3, HYDERABAD, Andhra Pradesh",0.6,0.3888888888888889,"11,14,2,3,310,8","11,2,3,310,8",5,0,shakti estate private limited,private shakti eclntlae limited,90.0,90.0,0.0,False,False,False,True,False,True,True
S1-961125410,S2-173748530,Shakti Estate Private Limited,శక్తి ఎస్టేట్ ప్రైవేట్ లిమిటెడ్,"H.No.8-2-310/B/11/3, Navodaya Colony Road.No.14, Banjara Hills, Hyderabad, Telangana","DOOR NO 8-2-310/B/11/3, HYDERABAD, Andhra Pradesh",0.0,0.4210526315789473,"11,14,2,3,310,8","11,2,3,310,8",5,0,shakti estate private limited,shkti estteett praiveett limittedd,12.0,79.36507936507937,67.36507936507937,True,False,True,True,False,False,True
S1-880257312,S2-141319200,Urban Exports Private Limited,আরবান এক্সপোর্টস প্রাইভেট লিমিটেড,"5/2 Russel Street P.S.Park Street, Kolkata, Calcutta, West Bengal","5/ RUSSEL STREET P.S.PARK STREET, পশ্চিমবঙ্গ, KOLKATA, KOLKATTA",0.0,0.4375,"2,5",5,1,0,urban exports private limited,aarbaan eksportts praaibhett limittedd,10.34482758620689,71.64179104477613,61.29696345856924,True,False,True,True,False,False,True
S1-246776595,S2-519466333,Shakti Construction Private Limited,5HAKTI CONSTRUCTION PIIVACTE LIMITED,"C/O Anand Rathi, Surya Apartment 873 Laketown, 3Rd Floor, Block-A, Kolkata, Kolkata, Howrah, West Bengal","C/O ANAND RATHI, CALCUTTA, West Bengal, HOWRAH",0.3333333333333333,0.4117647058823529,"3,873",,0,0,shakti construction private limited,5hakti construction piivacte limited,92.95774647887325,92.95774647887325,0.0,False,False,False,False,False,False,True
S1-379442635,S2-853981413,Silver Properties Private Limited,સિલ્વર પ્રોપર્ટીઝ પ્રાઇવેટ લિમિટેડ,"610, 6Th Floor, Vanijya Bhavan, D.B. Road, Kankaria, Ahmedabad, Gujarat","DOOR NO 16 610, AHMEDABAD, ગુજરાત",0.0,0.1176470588235294,"6,610","16,610",1,0,silver properties private limited,silvr proprttiijh praaivett limittedd,10.526315789473683,77.14285714285715,66.61654135338347,True,False,True,True,False,False,True
S1-937567628,S2-936865220,Gangotri Global LLP,Shri GANGOTRI LLP (SERVICES),"Gate No 29 Near Abhang English Medium School, Dehu, Pune, Maharashtra",,0.4,0.0,29,,0,1,gangotri global llp,shri gangotri llp services,77.41935483870968,77.41935483870968,0.0,False,True,False,False,False,False,True
S1-116388637,S2-673691098,Nv Video Pvt. Ltd.,M/s NVVIDEO.COM,"24, Maitri Apptt. Sector-9, Rohini, New Delhi, Delhi","24, NEW DELHI, Delhi",0.0,0.375,"24,9",24,1,0,nv video pvt ltd,m s nvvideo com,51.61290322580645,51.61290322580645,0.0,False,False,False,True,False,False,False
S1-114412434,S2-474294740,Two & Sons Limited,-- Two & Limited Partners,"Plot No : 15 And 16, Flat No: 302, Nizampet Road, Hydernagar Village, Hyderabad, Telangana","PLOT NO : 15 AND 16, RANGAREDDY, Telangana",0.6,0.4285714285714285,"15,16,302","15,16",2,0,two and sons limited,two and limited partners,85.71428571428571,85.71428571428571,0.0,False,False,False,True,False,True,True
S1-779805480,S2-671197301,Pioneer Infotech Limited,Pioneer इंफोटेक Limited,"Plot No - 3, Block - F, Sector - 40, Noida, Gautam Buddha Nagar, Uttar Pradesh","BLOCK C-302 PLOT NO - 3, BLOCK - F, SECTOR - 40, NOIDA, Uttar Pradesh",0.2857142857142857,0.6666666666666666,"3,40","3,302,40",2,0,pioneer infotech limited,pioneer inphottek limited,78.94736842105263,85.71428571428572,6.766917293233092,True,False,True,True,True,False,True
S1-279293621,S2-143207657,Sovereign (India) Retail Corporation,sovereignindiaretail.com,"Shop At No G-13, Block E Market, New Delhi, West Delhi, Delhi","DOOR NO 190 SHOP AT NO G-13, BLOCK E MARKET, NEW DELHI, दिल्ली",0.0,0.6666666666666666,13,"13,190",1,0,sovereign india retail corporation,sovereignindiaretail com,79.3103448275862,79.3103448275862,0.0,False,False,False,True,True,False,True
S1-983943535,S2-986017885,Anand Infotech Private Limited,Anand Infotech Private,"Shantikunj Soc., Nr. Keracan Quaters, Anand, Gujarat",,0.75,0.0,,,0,1,anand infotech private limited,anand infotech private,100.0,100.0,0.0,False,True,False,False,False,True,True
S1-25460732,S2-947706837,Premier Solutions Private Limited,प्रीमियर सॉल्यूशंस प्राइवेट लिमिटेड,"Noida, Flat No. 1205, Uttar Pradesh, Plot No. Gh-01/B, Sector-76, Noida, Gautam Buddha Nagar","DOOR NO 1205, GAUTAM BUDDHA NAGAR, <NULL>, Uttar Pradesh",0.0,0.4117647058823529,"01,1205,76",1205,1,0,premier solutions private limited,priimiyr sonlyuushns praaivett limittedd,10.714285714285708,71.23287671232876,60.51859099804305,True,False,True,True,False,False,True
S1-983517938,S2-508666821,Apex Agro Limited,एपेक्स एग्रो लिमिटेड,"Office F1, Supreme Arcade Pl No 1718, Sno 7/3, Kharadi, Pune, Maharashtra","OFFICE F1, KHARADI, PUNE, महाराष्ट्र",0.0,0.2352941176470588,"1,1718,3,7",1,1,0,apex agro limited,epeks egro limittedd,11.111111111111116,75.67567567567568,64.56456456456456,True,False,True,True,False,False,True
S1-46777693,S2-583055296,Tirupati Technologies,तिरुपति टेक्नोलॉजीज,"B-1-825, Dlf, Mypad, Vibhutikhand, Gomti Nagar, Lucknow, Uttar Pradesh","B-1-82, SIRMATHURA, LUCKNOW, Uttar Pradesh",0.0,0.3846153846153846,"1,825","1,82",1,0,tirupati technologies,tirupti tteknolonjiij,5.405405405405404,71.42857142857143,66.02316602316603,True,False,True,True,False,False,True
S1-688523392,S2-859135986,Bhubaneswar & Sons Private Limited,Bhubaneswar & Sons,"N-13-C-25-4, Cidco, Aurangabad, Maharashtra",,0.6,0.0,"13,25,4",,0,1,bhubaneswar and sons private limited,bhubaneswar and sons,100.0,100.0,0.0,False,True,False,False,False,True,True
S1-85010802,S2-840018478,Prime Enterprises Private Limited,प्राइम एंटरप्राइजेज प्राइवेट लिमिटेड,"Plot-22, Old Gurgaon Delhi Road (Opp. Maruti Gate No-2) Nr. Gurudwara, Gurgaon, Haryana","PLO-22, GURGAON, Haryana",0.0,0.2,"2,22",22,1,0,prime enterprises private limited,praaim enttrpraaijej praaivett limittedd,9.836065573770496,73.97260273972603,64.13653716595553,True,False,True,True,False,False,True
S1-866088525,S2-702846357,International Finance Pvt Ltd,ઇન્ટરનેશનલ ફાઇનાન્સ પ્રા. લિ.,"Plot No. 10M, Soham Industrial Park, Village: Mahijda, Taluka: Daskroi, Ahmedabad, Gujarat","PLOT NO. 10M, Gujarat, AHMEDABAD",0.0,0.4166666666666667,10,10,1,0,international finance pvt ltd,inttrneshnl phaainaans praa li,11.764705882352942,54.23728813559322,42.47258225324028,True,False,True,True,False,False,False
S1-196879091,S2-264698114,Hitech Food Private Limited,హైటెక్ ఫుడ్ ప్రైవేట్ లిమిటెడ్,"Plot No.293, Road No. 7, Telecom Nagar, Gachibowli, Hyderabad, Telangana","PLOT NO.293, HYDERABAD, Telangana",0.0,0.5,"293,7",293,1,0,hitech food private limited,haittek phudd praiveett limittedd,13.043478260869565,66.66666666666667,53.62318840579711,True,False,True,True,True,False,False
S1-196879091,S2-139826803,Hitech Food Private Limited,హైటెక్ ఫుడ్ ప్రైవేట్ లిమిటెడ్,"Plot No.293, Road No. 7, Telecom Nagar, Gachibowli, Hyderabad, Telangana","HYDERABAD, DOOR NO 293, Telangana",0.0,0.3636363636363636,"293,7",293,1,0,hitech food private limited,haittek phudd praiveett limittedd,13.043478260869565,66.66666666666667,53.62318840579711,True,False,True,True,False,False,False
S1-270026564,S2-687739033,Al Consultants Limited,ಅಲ್ ಕನ್ಸಲ್ಟೆಂಟ್ಸ್ ಲಿಮಿಟೆಡ್,"No.339, 4Th Main Road Upper Palace Orchard, Sadashivanagar, Bangalor, Bangalore, Karnataka","#339, ಕರ್ನಾಟಕ, BANGALORE URBAN",0.0,0.125,"339,4",339,1,0,al consultants limited,al knslttentts limittedd,10.0,78.26086956521739,68.26086956521739,True,False,True,True,False,False,True
S1-922218422,S2-517853971,Rk Academy,Rk Acdemy,"Andheri West, Mumbai, Maharashtra","ANDHERI WEST, MUMBAI, NULL, Maharashtra",0.3333333333333333,0.8,,,0,0,rk academy,rk acdemy,94.73684210526316,94.73684210526316,0.0,False,False,False,False,True,False,True
S1-762669317,S2-981062298,Jaipur Enterprises Pvt Ltd,... Ny1acalo,"54, Padmawati, B Colony, Kings Road, Nirman Nagar, Jaipur, Rajasthan","DOOR NO #949 54, JAIPUR, MANSAROVAR, राजस्थान",0.0,0.1111111111111111,54,"54,949",1,0,jaipur enterprises pvt ltd,ny1acalo,17.647058823529417,17.647058823529417,0.0,False,False,False,True,False,False,False
S1-250411556,S2-536067583,Jeya Agri Private Limited,Jeya Ágri Private Ltd,"Satya Sai Appartment 10/2 South Tukoganj, Indore, Madhya Pradesh",,0.3333333333333333,0.0,"10,2",,0,1,jeya agri private limited,jeya agri private ltd,86.95652173913044,91.30434782608695,4.34782608695653,True,True,True,False,False,False,True
S1-490023578,S2-38118631,Fortune Agro,ಫಾರ್ಚೂನ್ ಅಗ್ರೋ,"#130, Infantery Court Bulling Infantry Road, Bangalore, Karnataka","#130/7, BANGALORE, Karnataka",0.0,0.3333333333333333,130,"130,7",1,0,fortune agro,phaarcuun agroo,9.090909090909092,59.25925925925926,50.168350168350166,True,False,True,True,False,False,False
S1-485860276,S2-790034900,Classic Industries Pvt Ltd,क्लासिक इंडस्ट्रीज प्रा. लि.,"Mytime Cowork 55, 2 Floor Westend Marg, Lane 2 Saidulajab, Near Saket Metro Station, New Delhi, South West Delhi, Delhi","HN 2-32 MYTIME COWORK 55, NEW DELHI, SOUTH WEST DELHI, Delhi",0.0,0.4210526315789473,"2,55","2,32,55",2,0,classic industries pvt ltd,klaasik inddsttriij praa li,13.63636363636364,60.37735849056604,46.7409948542024,True,False,True,True,False,False,False
S1-705696030,S2-929400928,Blue Constructions Private Limited,புளூ கன்ஸ்ட்ரக்ஷன்ஸ் பிரைவேட் லிமிடெட்,"Sp 7 A, Industrial Estate, Guindy, Chennai, Tamil Nadu","SP #7 A, INDUSTRIAL ESTATE, GUINDY, CHENNAI, தமிழ்நாடு",0.0,0.5384615384615384,7,7,1,0,blue constructions private limited,pulluu knnnsttrkssnnns piraiveett limittett,10.34482758620689,57.14285714285714,46.79802955665025,True,False,True,True,True,False,False
S1-302953986,S2-654765215,New Media Private Limited,न्यू मीडिया प्राइवेट लिमिटेड,"402, Meghdoot Building, 94-Nehru Place, New Delhi, South Delhi, Delhi","402, NEW DELHI, SOUTH DELHI, दिल्ली",0.0,0.3636363636363636,"402,94",402,1,0,new media private limited,nyuu miiddiyaa praaivett limittedd,13.95348837209302,67.79661016949152,53.843121797398496,True,False,True,True,False,False,False
S1-307012871,S2-121998362,Ram Infra Pvt Ltd,രാം ഇൻഫ്ര പ്രൈവറ്റ് ലിമിറ്റഡ്,"1St Floor Ms Arcade, No.21, Seaport Airport Road, Vadacode P.O, Kaipadamugal, Kalamassery, Ernakulam, Kerala","H.NO #1ST FLOOR MS ARCDAE, ERNAKULAM, Kerala",0.0,0.3333333333333333,"1,21",1,1,0,ram infra pvt ltd,raan iphr praivrrrr limirrrrdd,16.66666666666667,46.80851063829788,30.141843971631204,True,False,True,True,False,False,False
S1-874230140,S2-22835742,Kaveravi Producer Pvt Ltd,Kaveravi Pdotr Pvt Ltd,"12, Ponniamman Nagar Road, Ayanambakkam, Perambur Purasawalkam, Chennai, Tamil Nadu",,0.6,0.0,12,,0,1,kaveravi producer pvt ltd,kaveravi pdotr pvt ltd,85.1063829787234,85.1063829787234,0.0,False,True,False,False,False,True,True
S1-936489460,S2-825069561,Pg Chem Pvt Ltd,Pg Pvt Ltd Service,"D. No. 8-13/7, 2Nd Floor, Om Sri Gouri Nilayam, Bachupally, Hyderabad, Qutubullapur, K.V.Rangareddy, Telangana",,0.6,0.0,"13,2,7,8",,0,1,pg chem pvt ltd,pg pvt ltd service,80.0,80.0,0.0,False,True,False,False,False,True,True
S1-322683002,S2-304990008,Nandkishor (India) Foundation Private Limited,Private Nandkishor (India) Fonnadtien Limited,"40, B.L Saha Road, Ground Floor, Kolkata, Kolkata, Howrah, West Bengal","40, KOLKATA, HOWRAH, West Bengal",0.6666666666666666,0.4545454545454545,40,40,1,0,nandkishor india foundation private limited,private nandkishor india fonnadtien limited,93.02325581395348,93.02325581395348,0.0,False,False,False,True,False,True,True
S1-734569316,S2-295323366,Multimax Revolution Private Limited,Smt MULTlMAX PRIVATE LIMITED PARTNERS,"West Bengal, Calcutta, Kolkata, 1/2 J L Nehru Road","NO B3/1/2 J L NEHRU ROAD, KOOKATA, NULL, West Bengal",0.2857142857142857,0.5714285714285714,"1,2","1,2,3",2,0,multimax revolution private limited,smt multlmax private limited partners,75.0,75.0,0.0,False,False,False,True,True,False,True
S1-560016207,S2-98724319,Lotus Trading Private Limited,लोटस ट्रेडिंग प्राइवेट लिमिटेड,"2-A, Drummond Road Near A.G. Office, Sai Mandir, Allahabad, Uttar Pradesh","#89 2-A, ALLAHABAD, Uttar Pradesh, ALLAHABAD",0.0,0.3846153846153846,2,"2,89",1,0,lotus trading private limited,lotts ttredding praaivett limittedd,12.5,78.125,65.625,True,False,True,True,False,False,True
S1-85936234,S2-578296152,Universal Care Private Limited,యూనివర్సల్ కేర్ ప్రైవేట్ లిమిటెడ్,"H.No. 5-53, Venkateswara Nagar Kurnool Road, Ongole, Prakasam, Andhra Pradesh","H.NO. 5-53, URBAN, Andhra Pradesh",0.0,0.4615384615384615,"5,53","5,53",2,0,universal care private limited,yuunivrsl keer praiveett limittedd,10.909090909090908,71.875,60.96590909090909,True,False,True,True,False,False,True
S1-488871179,S2-862642478,Usp Investments Private Limited,Sri USP INVESTMENTS LIMITED SERVICES,"9A, 2Nd Flr, 67 Punam Bld, Laxmibai Jagmohandas Marg, Mumbai, Maharashtra",,0.5,0.0,"2,67,9",,0,1,usp investments private limited,sri usp investments limited services,85.18518518518519,85.18518518518519,0.0,False,True,False,False,False,True,True
S1-824219325,S2-303429606,Govind Mercantile Private Limited,Govind Mircntlie Private Limited,"Vill- Gejha, Noida, Gautam Buddha Nagar, Uttar Pradesh","VILL- GEJHA, NOIDA, NOIDA, Uttar Pradesh",0.6,0.625,,,0,0,govind mercantile private limited,govind mircntlie private limited,92.3076923076923,92.3076923076923,0.0,False,False,False,False,True,True,True
S1-824219325,S2-837808601,Govind Mercantile Private Limited,Govind Mercantile Private Ltd,"Vill- Gejha, Noida, Gautam Buddha Nagar, Uttar Pradesh","VILL- GEJHA, NOIDA, NOIDA, Uttar Pradesh",0.6,0.625,,,0,0,govind mercantile private limited,govind mercantile private ltd,93.5483870967742,93.5483870967742,0.0,False,False,False,False,True,True,True
S1-557392379,S2-611751178,Overseas & Brothers Private Limited,OVERSEAS + BROTHERS PRISVAET LIMITED,"4/224, Lucknow, Uttar Pradesh","4/224, LUCKNOW, उत्तर प्रदेश",0.5,0.3,"224,4","224,4",2,0,overseas and brothers private limited,overseas brothers prisvaet limited,90.14084507042254,90.14084507042254,0.0,False,False,False,True,False,True,True
S1-189596148,S2-4875522,Jay Developers Pvt Ltd,ಜೇ ಡೆವಲಪರ್ಸ್ ಪ್ರೈವೇಟ್ ಲಿಮಿಟೆಡ್,"33/1 3Rd Main, Byraveswara Nagar, Nagarabhavi, Bangalore, Karnataka","33/1 3RD MAIN, BANGALORE, Karnataka",0.0,0.6666666666666666,"1,3,33","1,3,33",3,0,jay developers pvt ltd,jee ddevlprs praiveett limittedd,13.63636363636364,62.96296296296296,49.32659932659932,True,False,True,True,True,False,False
S1-674825011,S2-713846217,Pr & Sons Pvt Ltd,Pr Sons Pvt Ltd Center,"1St Floor, Pujari Lodging, Nr Hanuman Re Mogra Pada, Sahar Road, Ville P Nagardas, Mumbai, Mumbai City, Maharashtra",,0.6666666666666666,0.0,1,,0,1,pr and sons pvt ltd,pr sons pvt ltd center,88.23529411764706,88.23529411764706,0.0,False,True,False,False,False,True,True
S1-674825011,S2-531768943,Pr & Sons Pvt Ltd,Pr & Pvt Ltd Services,"1St Floor, Pujari Lodging, Nr Hanuman Re Mogra Pada, Sahar Road, Ville P Nagardas, Mumbai, Mumbai City, Maharashtra",,0.6666666666666666,0.0,1,,0,1,pr and sons pvt ltd,pr and pvt ltd services,84.84848484848484,84.84848484848484,0.0,False,True,False,False,False,True,True
S1-403107572,S2-175818796,Akal Software Private Limited,Akal Software Private Ltd,"Midc, Solapur, Plot No. C-219, Maharashtra, Solapur North","Maharashtra, PLOT NO. C-2-19, MIDC, SOLSPUR NORTH",0.6,0.5454545454545454,219,"19,2",0,0,akal software private limited,akal software private ltd,92.5925925925926,92.5925925925926,0.0,False,False,False,False,True,True,True
S1-250564075,S2-97154210,Black All Construction Private Limited,ಬ್ಲ್ಯಾಕ್ ಆಲ್ ಕನ್‌ಸ್ಟ್ರಕ್ಷನ್ ಪ್ರೈವೇಟ್ ಲಿಮಿಟೆಡ್,"No.23, 2Nd Main Road Nanjamba Agrahara, Chamarajpet, Bangalore, Karnataka","#23, MUMBAI, BANGALORE, Karnataka",0.0,0.2727272727272727,"2,23",23,1,0,black all construction private limited,blyaak aal knsttrkssn praiveett limittedd,11.267605633802816,68.35443037974683,57.086824745944014,True,False,True,True,False,False,False
S1-250564075,S2-98386409,Black All Construction Private Limited,Black All Construction,"No.23, 2Nd Main Road Nanjamba Agrahara, Chamarajpet, Bangalore, Karnataka",,0.6,0.0,"2,23",,0,1,black all construction private limited,black all construction,100.0,100.0,0.0,False,True,False,False,False,True,True
S1-250564075,S2-853147583,Black All Construction Private Limited,ಬ್ಲ್ಯಾಕ್ ಆಲ್ ಕನ್‌ಸ್ಟ್ರಕ್ಷನ್ ಪ್ರೈವೇಟ್ ಲಿಮಿಟೆಡ್,"No.23, 2Nd Main Road Nanjamba Agrahara, Chamarajpet, Bangalore, Karnataka","Karnataka, BANGALORE, NO.23, MUMBAI",0.0,0.3636363636363636,"2,23",23,1,0,black all construction private limited,blyaak aal knsttrkssn praiveett limittedd,11.267605633802816,68.35443037974683,57.086824745944014,True,False,True,True,False,False,False
S1-432654474,S2-387917275,Unique Investment Private Limited,यूनिक इन्वेस्टमेंट प्राइवेट लिमिटेड,"330, Mumbai, Maharashtra, Floor-3Rd, Plot-21, Panchratna, Mama Parmanand Marg, Opera House, Girgaon, Mumbai","330, MUMBAI, Maharashtra",0.0,0.2142857142857142,"21,3,330",330,1,0,unique investment private limited,yuunik investtmentt praaivett limittedd,9.523809523809518,77.77777777777779,68.25396825396827,True,False,True,True,False,False,True
S1-626006170,S2-91278378,New Classic Producer LLP,ನ್ಯೂ ಕ್ಲಾಸಿಕ್ ಪ್ರೊಡ್ಯೂಸರ್ ಎಲ್ಎಲ್‌ಪಿ,"Jyothi Nilaya, A S Plaza Road, Akkalappa Layout, Rammurthy Nagar, Bangalore, Karnataka, No.19","##19, BANGALORE, BANERGHATTA, Karnataka",0.0,0.2,19,19,1,0,new classic producer llp,nyuu klaasik proddyuusr elelpi,13.333333333333329,62.96296296296296,49.62962962962963,True,False,True,True,False,False,False
S1-437257603,S2-547013904,Maa Systems Pvt Ltd,મા સિસ્ટમ્સ પ્રા. લિ.,"A- 1004, Orchid Divine, Nr. Gala Aria Village Bopal (Ct), Taluka Daskroi, Ahemedabad, Ahmedabad, Gujarat","A- 1004, AHMEDABAD, Gujarat",0.0,0.2666666666666666,1004,1004,1,0,maa systems pvt ltd,maa sisttms praa li,19.354838709677423,68.42105263157895,49.06621392190152,True,False,True,True,False,False,False
S1-252453424,S2-84040054,Sandur Care Private Limited,Sandur Care Private Ltd,"Dr No 2 728 Chornur Main, Bellary, Road Near Gramapanchayati, Sandur, Karnataka",,0.6,0.0,"2,728",,0,1,sandur care private limited,sandur care private ltd,92.0,92.0,0.0,False,True,False,False,False,True,True
S1-464781719,S2-426020452,My Tech Private Limited,माय टेक प्राइवेट लिमिटेड,"Shop No.13, Mulund Sai Ram Chs Ltd., Mhada Clony, Mulund (East), Mumbai, Mumbai City, Maharashtra","1, MUMBAI, MUMBAI CITY, महाराष्ट्र",0.0,0.1052631578947368,13,1,0,0,my tech private limited,maay ttek praaivett limittedd,14.63414634146342,73.07692307692308,58.44277673545966,True,False,True,False,False,False,True
S1-613007433,S2-758369087,QFA Samarth,QFA  Services,"11/5, South Tukoganj, Indore, Madhya Pradesh","G-11/5, SOUTH TUKOGANJ, मध्य प्रदेश",0.3333333333333333,0.3076923076923077,"11,5","11,5",2,0,qfa samarth,qfa services,52.17391304347826,52.17391304347826,0.0,False,False,False,True,False,False,False
S1-520815823,S2-331560447,Shiv Digital Constructions,শিব ডিজিটাল কনস্ট্রাকশনস,"Suit#403, 25A, Camacstreet, Kolkata, West Bengal, Vardaan, Howrah","VARDAAN, HOWRAH, West Bengal",0.0,0.4444444444444444,"25,403",,0,0,shiv digital constructions,shib ddijittaal knsttraakshns,8.333333333333329,61.81818181818181,53.48484848484848,True,False,True,False,False,False,False
S1-729978778,S2-447775405,All Estate Private Limited,ऑल एस्टेट प्राइवेट लिमिटेड,"Office 702, 7Th Floor, B/68 Moreshwar Chsl Shanti Nagar, Sector 1, Mira Road, Thane, Maharashtra","OFFICE 702, THANE, Maharashtra",0.0,0.25,"1,68,7,702",702,1,0,all estate private limited,onl esttett praaivett limittedd,13.043478260869565,73.6842105263158,60.64073226544623,True,False,True,True,False,False,True
S1-125485955,S2-951967769,Life Producer Limited,लाइफ प्रोड्यूसर लिमिटेड,"Delhi, New Delhi, Shop No A 27, Central Market, Madangir, South Delhi","SHOP NO A 027, NEW DELHI, SOUTH DELHI, Delhi",0.0,0.5454545454545454,27,027,0,0,life producer limited,laaiph proddyuusr limittedd,10.0,70.83333333333333,60.83333333333333,True,False,True,False,True,False,True
S1-994049702,S2-428175541,Shelter Consultancy Corporation,Sri Shelter Consultancy,"15/1/1 Sukhada Varda Society Sukhsagar Nagar, Katraj, Pune, Maharashtra",,0.5,0.0,"1,15",,0,1,shelter consultancy corporation,sri shelter consultancy,90.47619047619048,90.47619047619048,0.0,False,True,False,False,False,True,True
S1-435671746,S2-104533405,City Business Limited,ಸಿಟಿ ಬಿಸಿನೆಸ್ ಲಿಮಿಟೆಡ್,"No. 30, Old (93), 17Th Main, 1St Stage Banashankari, Bangalore, Bangalore, Karnataka","NO. 30, BANGALORE URBAN, BANGALORE, ಕರ್ನಾಟಕ",0.0,0.2,"1,17,30,93",30,1,0,city business limited,sitti bisines limittedd,11.764705882352942,77.27272727272727,65.50802139037432,True,False,True,True,False,False,True
S1-819173260,S2-815715032,Alpha Dynamic Consulting Private Limited,अल्फा डायनामिक कंसल्टिंग प्राइवेट लिमिटेड,"0602, 8Th Floor Triveni, Crown Kalyan, Kalyan, Thane, Maharashtra","0602/9, THANE, महाराष्ट्र",0.0,0.1538461538461538,"0602,8","0602,9",1,0,alpha dynamic consulting private limited,alphaa ddaaynaamik knsltting praaivett limittedd,11.59420289855072,77.27272727272727,65.67852437417655,True,False,True,True,False,False,True
S1-529867294,S2-594825163,Diamond & Sons Private Limited,M/s Diamond & Sons Limited (Services),"Plot No-550, Swamy Ayyappa Society Khanamet, Madhapur, Hyderabad, Telangana",,0.5,0.0,550,,0,1,diamond and sons private limited,m s diamond and sons limited services,85.71428571428571,85.71428571428571,0.0,False,True,False,False,False,True,True
S1-909172709,S2-196109173,Dlf Qe Digital Private Limited,DLF QE DÍGITAL-PRIVATE LTD,"Gf-24, Augusta Point, Sector-53, Dlf Golf Course Road, Dlf Qe, Haryana, Gurgaon",,0.4285714285714285,0.0,"24,53",,0,1,dlf qe digital private limited,dlf qe digital private ltd,89.28571428571429,92.85714285714286,3.5714285714285694,True,True,True,False,False,False,True
S1-248119609,S2-554951995,Vision Producer Pvt Ltd,विजन प्रोड्यूसर प्रा. लि.,"D-96, Ground Floor, Lajpat Nagar-Ii, New Delhi, Delhi","D-96, NEW DELHI, Delhi",0.0,0.4444444444444444,96,96,1,0,vision producer pvt ltd,vijn proddyuusr praa li,15.0,60.86956521739131,45.86956521739131,True,False,True,True,False,False,False
S1-50456133,S2-49252051,Focus Solution Limited,FOCUS SOLUTION LTD,"29 A T Chatterjee Road, Kolkata, Howrah, West Bengal","H.NO 34 A T CHATTERJEE ROAD, KOLKATA, KOLKATA, West Bengal",0.5,0.5833333333333334,29,34,0,0,focus solution limited,focus solution ltd,90.0,90.0,0.0,False,False,False,False,True,True,True
S1-529601287,S2-941677070,Jaipur Supplement Private Limited,Jaipur Supplement,"I/G-1, Krishna Kunj, Solitaire Industrial Park Dehmi Kalan, Teh. Sanganer, Bagru, Jaipur, Rajasthan",,0.5,0.0,1,,0,1,jaipur supplement private limited,jaipur supplement,100.0,100.0,0.0,False,True,False,False,False,True,True
S1-722173177,S2-169139267,Vision Red Global LLP,విజన్ రెడ్ గ్లోబల్ ఎల్‌ఎల్‌పీ,"P. No. 66 A, Phase 4, Behind My Lan Lab, Ida, Jeedimetla, Hyderabad, Telangana","Andhra Pradesh, HYDERABAD, P. NO. 66 A",0.0,0.3125,"4,66",66,1,0,vision red global llp,vijn redd gloobl elelpii,14.63414634146342,75.55555555555556,60.92140921409214,True,False,True,True,False,False,True
S1-411565561,S2-798914594,Raj International Private Limited,રાજ ઇન્ટરનેશનલ પ્રાઇવેટ લિમિટેડ,"Surat City, Gujarat, Rs No 14, Fp No. 10, 106/107, Laxminarayan Soc, Surat","RS NO 14, SURAT CITY, SURAT, ગુજરાત",0.0,0.3333333333333333,"10,106,107,14",14,1,0,raj international private limited,raaj inttrneshnl praaivett limittedd,10.0,72.46376811594203,62.46376811594203,True,False,True,True,False,False,True
S1-466341312,S2-718941502,Tech Impex Limited,टेक इम्पेक्स लिमिटेड,"Kh. No. 226, Hariharpur, Diptyganj, Lucknow, Uttar Pradesh","H.NO 832 KH. NO. 226, LUCKNOW, HARDOI, Uttar Pradesh",0.0,0.5454545454545454,226,"226,832",1,0,tech impex limited,ttek impeks limittedd,11.764705882352942,76.92307692307692,65.15837104072398,True,False,True,True,True,False,True
S1-384887721,S2-907883239,South Power Private Limited,साउथ पावर प्राइवेट लिमिटेड,"Shop No.201, C Wing, Shreeji Center, Near Ghorpade Chowk, Badlapur (East), Badlapur, Thane, Maharashtra","THANE, H.NO #201, Maharashtra, THANE",0.0,0.2666666666666666,201,201,1,0,south power private limited,saauth paavr praaivett limittedd,12.244897959183676,71.1864406779661,58.94154271878243,True,False,True,True,False,False,True
S1-862203745,S2-739882404,Dpl Medical Centre Private Limited,Private Dpl Medical Ceme Limited,"Plot No. 93, Ground Floor, Pkt-I, Sec. 5, Dsidc, Bawana, New Delhi, North West, Delhi","93, NEW DELHI, दिल्ली",0.6666666666666666,0.1764705882352941,"5,93",93,1,0,dpl medical centre private limited,private dpl medical ceme limited,93.93939393939394,93.93939393939394,0.0,False,False,False,True,False,True,True
S1-684146854,S2-621967217,Indian Care Private Limited,इंडियन केयर प्राइवेट लिमिटेड,"H 3 Eden Hall, Mumbai, Maharashtra, Dr. Annie Besant Road Worli, Mumbai","H 3 EDEN HALL, MUMBAI, Maharashtra",0.0,0.5454545454545454,3,3,1,0,indian care private limited,inddiyn keyr praaivett limittedd,11.764705882352942,71.1864406779661,59.42173479561316,True,False,True,True,True,False,True
S1-860257651,S2-762755456,Vijay Trading Private Limited,विजय ट्रेडिंग प्राइवेट लिमिटेड,"6Th Floor, Cnergy, Appasaheb Marathe Marg, Prabhadevi, Mumbai, B1, Mumbai, Maharashtra","PLOT 253 B1, MUMBAI, Maharashtra",0.0,0.25,"1,6","1,253",1,0,vijay trading private limited,vijy ttredding praaivett limittedd,12.0,79.36507936507937,67.36507936507937,True,False,True,True,False,False,True
S1-139499657,S2-497730446,Jodhpur & Sons Private Limited,Jodhpur + Shidns Private Limited,"C/O Bankarlal Badrilal, Nagra, Ratlam, Madhya Pradesh",,0.5,0.0,,,0,1,jodhpur and sons private limited,jodhpur shidns private limited,87.09677419354838,87.09677419354838,0.0,False,True,False,False,False,True,True
S1-379067387,S2-434764035,Indian Software Limited,इंडियन सॉफ्टवेयर लिमिटेड,"Shop No-35, Jaykar Smruti Aarey Road, Near Rajasthan Hall, Goregaon West, Mumbai, Mumbai City, Maharashtra","BLOCK C-32 SHOP NO-35, MUMBAI, MUMBAI CITY, महाराष्ट्र",0.0,0.2272727272727272,35,"32,35",1,0,indian software limited,inddiyn sonphttveyr limittedd,8.888888888888886,69.23076923076923,60.34188034188034,True,False,True,True,False,False,False
S1-379067387,S2-83791054,Indian Software Limited,इंडियन सॉफ्टवेयर लिमिटेड,"Shop No-35, Jaykar Smruti Aarey Road, Near Rajasthan Hall, Goregaon West, Mumbai, Mumbai City, Maharashtra","BLOCK C-32 SHOP NO-35, MUMBAI, MUMBAI CITY, Maharashtra",0.0,0.3333333333333333,35,"32,35",1,0,indian software limited,inddiyn sonphttveyr limittedd,8.888888888888886,69.23076923076923,60.34188034188034,True,False,True,True,False,False,False
S1-285419585,S2-470418444,Shivam Business Private Limited,शिवम बिजनेस प्राइवेट लिमिटेड,"F 301, Jivdani Appartments, S No. 1/6 Moregaon Nagar, Vasai Palghar, Thane, Maharashtra","PLOT ##274 F 301, THANE, महाराष्ट्र",0.0,0.15,"1,301,6","274,301",1,0,shivam business private limited,shivm bijnes praaivett limittedd,10.526315789473683,79.36507936507937,68.83876357560568,True,False,True,True,False,False,True
S1-9529383,S2-139835643,Gold Systems Private Limited,Gold Systems Private,"Bhagiratha Park, House No. 12580 Wanadongri, Hingna, Nagpur, Maharashtra",,0.75,0.0,12580,,0,1,gold systems private limited,gold systems private,100.0,100.0,0.0,False,True,False,False,False,True,True
S1-771393336,S2-535069044,MW Logistics Co,[CENTER] MW CO,"Rzf-905/20, Delhi, New Delhi, Raj Nagar-Ii, Near Sbi Bank, Lal Bahadur Shastri Marg, Palam Colony, South West Delhi","RZF-05/20, NEW DELHI, SOUTH WEST DELHI, Delhi",0.5,0.3,"20,905","05,20",1,0,mw logistics co,center mw co,58.8235294117647,58.8235294117647,0.0,False,False,False,True,False,True,False
S1-181604294,S2-502356632,Silver Ventures Private Limited,सिल्वर वेंचर्स प्राइवेट लिमिटेड,"G-17 Dda Sfs Flats, Sector-22 Dwarka, New Delhi, South West Delhi, Delhi","NO. 141. G-17 DDA SFS FLATS, SOUTH WEST DELHI, Delhi",0.0,0.5714285714285714,"17,22","141,17",1,0,silver ventures private limited,silvr vencrs praaivett limittedd,10.909090909090908,79.36507936507937,68.45598845598846,True,False,True,True,True,False,True
S1-599110737,S2-817277602,Jai East Technology Limited,जय ईस्ट टेक्नोलॉजी लिमिटेड,"48/7, 3Rd Floor, East Patel Nagar, New Delhi, Central Delhi, Delhi","48, WEST, Delhi",0.0,0.1818181818181818,"3,48,7",48,1,0,jai east technology limited,jy iistt tteknolonjii limittedd,13.043478260869565,65.51724137931035,52.47376311844079,True,False,True,True,False,False,False
S1-439322882,S2-279314207,Specialised Hotel Private Limited,Irikelomira,"Unit No. 411, 04Th Floor, Dlf Tower B, Jasola District Centre, New Delhi, South Delhi, Delhi","UNIT NO. 411., DELHI, NEW DELHI, Delhi",0.0,0.3571428571428571,"04,411",411,1,0,specialised hotel private limited,irikelomira,31.818181818181824,31.818181818181824,0.0,False,False,False,True,False,False,False
S1-299603100,S2-808552233,RQE Rai Private Limited,RQE RAI PRIVATE [LTD],"Ahmedabad, 401, Ahmedabad, Hilltown Impressa, Opp Nikol Police Station, Gujarat",,0.6,0.0,401,,0,1,rqe rai private limited,rqe rai private ltd,90.47619047619048,90.47619047619048,0.0,False,True,False,False,False,True,True
S1-376129832,S2-804039517,Lakshmi Technology Limited,लक्ष्मी टेक्नोलॉजी लिमिटेड,"G-16, Uttar Pradesh, Patel Nagar Iii, Ghaziabad","G-#16, GHAZIABAD, Uttar Pradesh",0.0,0.625,16,16,1,0,lakshmi technology limited,lkssmii tteknolonjii limittedd,9.090909090909092,71.42857142857143,62.33766233766234,True,False,True,True,True,False,True
S1-65890585,S2-465357664,India Podium Construction Private Limited,India Podium Private Private Limited Partners,"New Delhi, Delhi, South West Delhi, B-13, Kiran Garden Matiala Road, Uttam Nagar",,0.6666666666666666,0.0,13,,0,1,india podium construction private limited,india podium private private limited partners,86.15384615384616,86.15384615384616,0.0,False,True,False,False,False,True,True
S1-872277671,S2-11770054,Blue Food Private Limited,ব্লু ফুড প্রাইভেট লিমিটেড,"2/A Grant Lane, Kolkata, Howrah, West Bengal","KOLKATA, HOWRAH, পশ্চিমবঙ্গ, KOLKATA, 4/A GRANT LANE",0.0,0.3846153846153846,2,4,0,0,blue food private limited,blu phudd praaibhett limittedd,13.95348837209302,65.45454545454545,51.501057082452434,True,False,True,False,False,False,False
S1-844754824,S2-565269135,Blue Business Private Limited,ब्लू बिजनेस प्राइवेट लिमिटेड,"Maharashtra, Mumbai, Sorrento Chs Ltd, Hiranandani Gardens, Powai, 604 6Th Floor","604 6TH FLOOR, MUMBAI, Maharashtra",0.0,0.4545454545454545,"6,604","6,604",2,0,blue business private limited,bluu bijnes praaivett limittedd,12.0,76.66666666666666,64.66666666666666,True,False,True,True,False,False,True
S1-844754824,S2-935629294,Blue Business Private Limited,ब्लू बिजनेस प्राइवेट लिमिटेड,"Maharashtra, Mumbai, Sorrento Chs Ltd, Hiranandani Gardens, Powai, 604 6Th Floor","NO 604 6TH FLOOR, MUMBAI, Maharashtra",0.0,0.4166666666666667,"6,604","6,604",2,0,blue business private limited,bluu bijnes praaivett limittedd,12.0,76.66666666666666,64.66666666666666,True,False,True,True,False,False,True
S1-80090589,S2-480657069,Shivam Star Infrastructure Private Limited,शिवम स्टार इंफ्रास्ट्रक्चर प्राइवेट लिमिटेड,"S. No.1548/A, Sadashiv Peth, Near Suyash Hotel, Pune, Maharashtra","S. NO.7-1548/A, PUNE, Maharashtra",0.0,0.5,1548,"1548,7",1,0,shivam star infrastructure private limited,shivm sttaar inphraasttrkcr praaivett limittedd,10.958904109589042,76.40449438202248,65.44559027243344,True,False,True,True,True,False,True
S1-802711564,S2-268825015,Super Global Private Limited,সুপার গ্লোবাল প্রাইভেট লিমিটেড,"Unit No. 601A, 6Th Floor, Saltee Plaza, Nagerbazar, Kolkata, Kolkata, Howrah, West Bengal","UNIT NO. 601A, CALCUTTA, HOWRAH, পশ্চিমবঙ্গ",0.0,0.2352941176470588,"6,601",601,1,0,super global private limited,supaar globaal praaibhett limittedd,12.5,76.19047619047619,63.69047619047619,True,False,True,True,False,False,True
S1-149584019,S2-228013368,Sky International Private Limited,स्काई इंटरनेशनल प्राइवेट लिमिटेड,"C-1/165, Nehru Vihar Dayalapur, Delhi, New Delhi, Delhi","दिल्ली, NORTH WEST, NEW DELHI, C-/165",0.0,0.3333333333333333,"1,165",165,1,0,sky international private limited,skaaii inttrneshnl praaivett limittedd,9.523809523809518,67.6056338028169,58.08182427900738,True,False,True,True,False,False,False
S1-149584019,S2-799938151,Sky International Private Limited,PRIVATE SKY INTERNATIONAL LTD,"C-1/165, Nehru Vihar Dayalapur, Delhi, New Delhi, Delhi","C-/165, NORTH WEST, NEW DELHI, Delhi",0.6,0.4,"1,165",165,1,0,sky international private limited,private sky international ltd,93.5483870967742,93.5483870967742,0.0,False,False,False,True,False,True,True
S1-382599467,S2-160825776,Super Business Private Limited,சூப்பர் பிசினஸ் பிரைவேட் லிமிடெட்,"No.87, F - 3, Gyanpark, Tm Maistry Street Thiruvanmiyur, Chennai, Tamil Nadu","NO.0087, CHENNAI, Tamil Nadu",0.0,0.3076923076923077,"3,87",0087,0,0,super business private limited,cuuppr picinnns piraiveett limittett,12.244897959183676,60.60606060606061,48.36116264687693,True,False,True,False,False,False,False
S1-284473762,S2-252878312,Hanumant Institute of Technology,M/s HANUMANT INSTITUTE,"3-60-255/2, Kottapeta Chittivalasa, Bheemunipatnam, Visakhapatnam, Vishakhapatnam, Andhra Pradesh",,0.3333333333333333,0.0,"2,255,3,60",,0,1,hanumant institute of technology,m s hanumant institute,90.0,90.0,0.0,False,True,False,False,False,False,True
S1-772982193,S2-407326328,ZJ Trading Private Limited,ZJ Trading Private,"1 Fl Tower C, Building 10 Dlf Cyber City Phase-Ii, Dlf Qe, Gurgaon, Haryana","1- FL TOWER C, BUILDING 10 DLF CYBER CITY PHASE-II, DLF QE, हरियाणा",0.75,0.7058823529411765,"1,10","1,10",2,0,zj trading private limited,zj trading private,100.0,100.0,0.0,False,False,False,True,True,True,True
S1-719834134,S2-532704755,Golden Services Private Limited,ಗೋಲ್ಡನ್ ಸರ್ವಿಸಸ್ ಪ್ರೈವೇಟ್ ಲಿಮಿಟೆಡ್,"A102, Suraksha Golden Palms, Bangalore South, Bangalore, Karnataka","A102, BANGALORE SOUTH, Karnataka",0.0,0.5714285714285714,102,102,1,0,golden services private limited,goolddn srviss praiveett limittedd,10.909090909090908,76.92307692307692,66.01398601398601,True,False,True,True,True,False,True
S1-884311763,S2-680028123,Bharat Consulting Private Limited,భారత్ కన్సల్టింగ్ ప్రైవేట్ లిమిటెడ్,"Plot No. 9A, Road No 9 Ida Nacharam, Hyderabad, Telangana","9A, HYDERABAD, Telangana",0.0,0.3333333333333333,9,9,1,0,bharat consulting private limited,bhaart knsltting praiveett limittedd,10.169491525423725,78.26086956521739,68.09137803979367,True,False,True,True,False,False,True
S1-268510557,S2-126671200,Premier Maa Finance Private Limited,ಪ್ರೀಮಿಯರ್ ಮಾ ಫೈನಾನ್ಸ್ ಪ್ರೈವೇಟ್ ಲಿಮಿಟೆಡ್,"No 50, 1St Floor, Muniswamy Reddy Building Garudachar Palya, Mahadevapura Post, Bangalore, Karnataka","DOOR NO A-50, BANGALORE, ಕರ್ನಾಟಕ",0.0,0.1666666666666666,"1,50",50,1,0,premier maa finance private limited,priimiyr maa phainaans praiveett limittedd,14.035087719298248,72.72727272727273,58.69218500797449,True,False,True,True,False,False,True
S1-974540029,S2-839021412,First Agro Private Limited,फर्स्ट एग्रो प्राइवेट लिमिटेड,"D-988 New Friends Colony, Delhi, South Delhi, Delhi","D-987 NEW FRIENDS COLONY, <NULL>, SOUTH DELHI, DELHI",0.0,0.6666666666666666,988,987,0,0,first agro private limited,phrstt egro praaivett limittedd,12.5,73.6842105263158,61.1842105263158,True,False,True,False,True,False,True
S1-695933266,S2-997296250,Prime North Producer Private Limited,प्राइम नॉर्थ प्रोड्यूसर प्राइवेट लिमिटेड,"Block No. 7, Nagpur, Nmc Complex, Sadar, Mangalwari Nagpur, Maharashtra, Nagpur","BLOCK NO. 7, NAGPUR, null, महाराष्ट्र",0.0,0.2857142857142857,7,7,1,0,prime north producer private limited,praaim nonrth proddyuusr praaivett limittedd,12.903225806451616,77.5,64.59677419354838,True,False,True,True,False,False,True
S1-721539464,S2-164029838,Big Infra,बिग इंफ्रा,"448, Pune City, Pune, Maharashtra","PLOT 278  448, PUNE CITY, PUNE, Maharashtra",0.0,0.6666666666666666,448,"278,448",1,0,big infra,big inphraa,11.111111111111116,80.0,68.88888888888889,True,False,True,True,True,False,True
S1-189000205,S2-123315059,Premier Ventures Limited,ప్రీమియర్ వెంచర్స్ లిమిటెడ్,"Plot No.34, Sy No.38 P, Meenakshi Bamboos, Gachibowli, K.V. Rangareddy, Seri Lingampally, Hyderabad, Telangana","H.NO 34, SERI LINGAMPALLY, HYDERABAD, Telangana",0.0,0.3529411764705882,"34,38",34,1,0,premier ventures limited,priimiyr vencrs limittedd,8.888888888888886,77.55102040816327,68.66213151927438,True,False,True,True,False,False,True
S1-407828030,S2-788455083,Shyam Services Private Limited,શ્યામ સર્વિસીસ પ્રાઇવેટ લિમિટેડ,"407, Akik Tower, Nr. Parshwa Tower Sarkhej Gandhinagar Highway, Bodakdev, Ahmedabad, Gujarat","407, AHMEDABAD, Gujarat",0.0,0.2727272727272727,407,407,1,0,shyam services private limited,shyaaam srvisiis praaivett limittedd,10.909090909090908,75.75757575757575,64.84848484848484,True,False,True,True,False,False,True
S1-45279077,S2-74930825,East Infrastructure Private Limited,ईस्ट इंफ्रास्ट्रक्चर प्राइवेट लिमिटेड,"Tower-A, Spaze I -Tech Park Sohna Road, Sector-49, Gurgaon, Haryana, 7Th Floor","GURGAON, Haryana, 7TH- FLOOR",0.0,0.2857142857142857,"49,7",7,1,0,east infrastructure private limited,iistt inphraasttrkcr praaivett limittedd,9.375,69.33333333333334,59.95833333333334,True,False,True,True,False,False,False
S1-198498967,S2-984699413,Urban Trading Limited,আরবান ট্রেডিং লিমিটেড,"107/1, Park Street, 3Rd Floor, Kolkata, Kolkata, Howrah, West Bengal","107/1, KOLKATA, West Bengal",0.0,0.5,"1,107,3","1,107",2,0,urban trading limited,aarbaan ttreddin limittedd,11.111111111111114,76.59574468085107,65.48463356973996,True,False,True,True,True,False,True
S1-198498967,S2-823420612,Urban Trading Limited,আরবান ট্রেডিং লিমিটেড,"107/1, Park Street, 3Rd Floor, Kolkata, Kolkata, Howrah, West Bengal","107/1, HOWRAH, West Bengal",0.0,0.5,"1,107,3","1,107",2,0,urban trading limited,aarbaan ttreddin limittedd,11.111111111111114,76.59574468085107,65.48463356973996,True,False,True,True,True,False,True
S1-561127494,S2-455328363,Daskroi Infotech Private Limited,LIMITED DASKROI PRIVATE CENTER,"F-202, Sobo Center, South Bopal, Bopal, Daskroi, Ahmedabad, Gujarat","F-2-02, DASKROI, Gujarat",0.6,0.2727272727272727,202,"02,2",0,0,daskroi infotech private limited,limited daskroi private center,87.09677419354838,87.09677419354838,0.0,False,False,False,False,False,True,True
S1-577299626,S2-36006150,Galaxy Products Private Limited,गैलेक्सी प्रोडक्ट्स प्राइवेट लिमिटेड,"Maharashtra, A Wing, Orchid Tower, Bellasis Road, Near City Center, Mumbai, 2302","#2302, MUMBAI, Maharashtra",0.0,0.25,2302,2302,1,0,galaxy products private limited,gaileksii proddktts praaivett limittedd,11.111111111111114,68.57142857142857,57.460317460317455,True,False,True,True,False,False,False
S1-557285206,S2-486149972,Universal Energy Private Limited,ಯುನಿವರ್ಸಲ್ ಎನರ್ಜಿ ಪ್ರೈವೇಟ್ ಲಿಮಿಟೆಡ್,"No.10, Park Road, Bangalore North, Bangalore, Karnataka","#10, PARK ROAD, BANGALORE NORTH, BANGLORE, Karnataka",0.0,0.75,10,10,1,0,universal energy private limited,yunivrsl enrji praiveett limittedd,9.836065573770496,75.75757575757575,65.92151018380525,True,False,True,True,True,False,True
S1-923537419,S2-256130003,Hk Ganga Private Limited,HK GANGA PRIVATE [LTD] | www.hkgangap.com,"Kh No-42/15, Block-B, Mohan Garden, New Delhi, West Delhi, Delhi",,0.375,0.0,"15,42",,0,1,hk ganga private limited,hk ganga private ltd www hkgangap com,80.0,80.0,0.0,False,True,False,False,False,False,True
S1-66609434,S2-101961061,Hans Polytechnic,hans p0lytechnic,"C/O Ali Hossain Khan, Vill-Dihi Baliharpur P.O., Ghatal, West Midnapore, West Bengal",,0.3333333333333333,0.0,,,0,1,hans polytechnic,hans p0lytechnic,93.75,93.75,0.0,False,True,False,False,False,False,True
S1-793987348,S2-337018144,Paschim Star Private Limited,Paschim Star Limited Services,"No. Tp 11/366 A, Andona, Kozhikode, Kerala",,0.6,0.0,"11,366",,0,1,paschim star private limited,paschim star limited services,84.21052631578948,84.21052631578948,0.0,False,True,False,False,False,True,True
S1-793987348,S2-442395112,Paschim Star Private Limited,Paschim Star,"No. Tp 11/366 A, Andona, Kozhikode, Kerala",,0.5,0.0,"11,366",,0,1,paschim star private limited,paschim star,100.0,100.0,0.0,False,True,False,False,False,True,True
S1-193709592,S2-705268594,Majestic Medical Centre,Mr Majestic Meccil Centre,"L 127, Sector 11, Noida, Uttar Pradesh","L 27, SECTOR 11, Uttar Pradesh",0.4,0.625,"11,127","11,27",1,0,majestic medical centre,mr majestic meccil centre,83.33333333333334,83.33333333333334,0.0,False,False,False,True,True,False,True
S1-864158386,S2-498104792,Gold Marketing Pvt Ltd,गोल्ड मार्केटिंग प्रा. लि.,"174, K No. 618, Surya City, Amrai Gaoun Chinhat, Lucknow, Uttar Pradesh","LUCKNOW, 174, LUCKNOW, Uttar Pradesh",0.0,0.3333333333333333,"174,618",174,1,0,gold marketing pvt ltd,goldd maarketting praa li,16.21621621621621,76.59574468085107,60.37952846463486,True,False,True,True,False,False,True
S1-959407953,S2-858763202,Sukh Commercial Private Limited,Sukh Commercial Commercial Private [Ltd],"F No 42, S No 77, P No 10, Eden Myfair Complex, Nashik, Maharashtra",,0.6,0.0,"10,42,77",,0,1,sukh commercial private limited,sukh commercial commercial private ltd,93.10344827586206,93.10344827586206,0.0,False,True,False,False,False,True,True
S1-476737545,S2-111858753,Eastern Services,ईस्टर्न सर्विसेज,"Plot No 86, Kh No 34/1, Ground Floor, Blk D, Village Nangli Poona, Delhi, New Delhi, Delhi","PLOT NO #86, NEW DELHI, DELHI, दिल्ली",0.0,0.2941176470588235,"1,34,86",86,1,0,eastern services,iisttrn srvisej,6.25,64.51612903225806,58.266129032258064,True,False,True,True,False,False,False
S1-577674375,S2-497334088,Jain Investment Private Limited,जैन इन्वेस्टमेंट प्राइवेट लिमिटेड,"5Th Floor, City Centre Dwarka Sector - 12, Delhi, South West Delhi, New Delhi, 524","524, NEW DELHI, SOUTH WEST DELHI, Delhi",0.0,0.4166666666666667,"12,5,524",524,1,0,jain investment private limited,jain investtmentt praaivett limittedd,10.169491525423725,85.29411764705883,75.1246261216351,True,False,True,True,False,False,True
S1-232986841,S2-510720308,Big Producer Private Limited,बिग प्रोड्यूसर प्राइवेट लिमिटेड,"Flat No D/604, Om Gokul Nagari (Cdef) Chsl, Off 90 Ft Road, Near 'V' Mall, Kandivali, (E), Mumbai, Maharashtra","PLOT 127. FLAT NO D/604, (E), MUMBAI, Maharashtra",0.0,0.3181818181818182,"604,90","127,604",1,0,big producer private limited,big proddyuusr praaivett limittedd,11.764705882352942,77.41935483870968,65.65464895635674,True,False,True,True,False,False,True
S1-959659769,S2-515951281,Galaxy Best Infotech Private Limited,ಗ್ಯಾಲಕ್ಸಿ ಬೆಸ್ಟ್ ಇನ್‌ಫೋಟೆಕ್ ಪ್ರೈವೇಟ್ ಲಿಮಿಟೆಡ್,"H-611, Karnataka, Bangalore, Ittina Mahavira, Neeladri Road, Electronic City Phase 1","H-5-611, BANGALORE, ಕರ್ನಾಟಕ",0.0,0.1875,"1,611","5,611",1,0,galaxy best infotech private limited,gyaalksi bestt inphoottek praiveett limittedd,11.940298507462686,69.1358024691358,57.19550396167311,True,False,True,True,False,False,False
S1-34790037,S2-142041628,Bangalore Channel Pvt Ltd,LTD 8ANGALORE PVT CENTER,"1151, Temple Bells 20Th Main, 20Th B Cross, A- Block, Shakarnagar, Bangalore, Karnataka","##1151, BANGALORE, Karnataka",0.3333333333333333,0.25,"1151,20",1151,1,0,bangalore channel pvt ltd,ltd 8angalore pvt center,81.63265306122449,81.63265306122449,0.0,False,False,False,True,False,False,True
S1-148728318,S2-394110611,One Builders Private Limited,ಒನ್ ಬಿಲ್ಡರ್ಸ್ ಪ್ರೈವೇಟ್ ಲಿಮಿಟೆಡ್,"Ground Floor, 2Nd Cross, Narasimha Reddy Layout, Garvebhavipalya, Hosur Main Road, Bangalore, Karnataka","#150 GRUND FLOOR, BANGALORE RURAL, BANGALORE, Karnataka",0.0,0.1875,2,150,0,0,one builders private limited,on bilddrs praiveett limittedd,11.764705882352942,79.3103448275862,67.54563894523326,True,False,True,False,False,False,True
S1-123675480,S2-275120528,Lakshmi Logistics Private Limited,लक्ष्मी लॉजिस्टिक्स प्राइवेट लिमिटेड,"Srd-5, Basement, Shipra, Riviera Tower, Gyan Khand3, Ghaziabad, Uttar Pradesh","SRD-##5, GHAZIABAD, Uttar Pradesh",0.0,0.4545454545454545,"3,5",5,1,0,lakshmi logistics private limited,lkssmii lonjisttiks praaivett limittedd,10.34482758620689,75.0,64.65517241379311,True,False,True,True,False,False,True
S1-123675480,S2-768530779,Lakshmi Logistics Private Limited,LOGISTICS LAKSHMI LAKSHMI PRIVATE,"Srd-5, Basement, Shipra, Riviera Tower, Gyan Khand3, Ghaziabad, Uttar Pradesh","SRD-##5, GHAZIABAD, उत्तर प्रदेश",0.75,0.1875,"3,5",5,1,0,lakshmi logistics private limited,logistics lakshmi lakshmi private,100.0,100.0,0.0,False,False,False,True,False,True,True
S1-855369830,S2-394822599,New Global Private Limited,ನ್ಯೂ ಗ್ಲೋಬಲ್ ಪ್ರೈವೇಟ್ ಲಿಮಿಟೆಡ್,"No 38, 5Th C Cross, 1 St Main Road, Opposit Kabir Matt, Kengeri Setellite Town, Bangalore South, Bangalore Rural, Karnataka","NO B3/38, BANGALORE SOUTH, BANGALORE RURAL, ಕರ್ನಾಟಕ",0.0,0.217391304347826,"1,38,5","3,38",1,0,new global private limited,nyuu gloobl praiveett limittedd,12.5,73.6842105263158,61.1842105263158,True,False,True,True,False,False,True
S1-304580660,S2-124653648,First Logistics Private Limited,फर्स्ट लॉजिस्टिक्स प्राइवेट लिमिटेड,"3Rd Floor, Piramal Tower, Peninsula Corporate Park Ganpatrao Kadam Marg, Lower Parel, Mumbai, Mumbai City, Maharashtra","3RD FLOOR, MUMBAI, MUMBAI CITY, Maharashtra",0.0,0.3333333333333333,3,3,1,0,first logistics private limited,phrstt lonjisttiks praaivett limittedd,11.111111111111114,72.46376811594203,61.35265700483092,True,False,True,True,False,False,True
S1-388876335,S2-455315463,Sunrise Projects Pvt Ltd,ಸನ್‌ರೈಸ್ ಪ್ರಾಜೆಕ್ಟ್ಸ್ ಪ್ರೈವೇಟ್ ಲಿಮಿಟೆಡ್,"#001, Ashirwad Apartments Cross No 2, Behind Gurudwara, Rajatagiri, Dharwad, Dharwar, Karnataka","#001, DHARWAD, HUBLI DHARWAD, Karnataka",0.0,0.2307692307692307,"001,2",001,1,0,sunrise projects pvt ltd,snrais praajektts praiveett limittedd,13.043478260869565,65.57377049180329,52.530292230933725,True,False,True,True,False,False,False
S1-142727929,S2-32198596,Regal Traders Private Limited,Regal  Traders Private,"Tanna Housg 11 A Nathalalparekh Marg Gr Floor, Mumbai, Mumbai City, Maharashtra",,0.75,0.0,11,,0,1,regal traders private limited,regal traders private,100.0,100.0,0.0,False,True,False,False,False,True,True
S1-735663592,S2-469508799,Daksh Academy Partners,Daksh Academy Patnres,"Siwan, Hanumont Nagar Near Pani Tanki, Siwan, Bihar, Siwan, Bishwambharnath",,0.5,0.0,,,0,1,daksh academy partners,daksh academy patnres,93.02325581395348,93.02325581395348,0.0,False,True,False,False,False,True,True
S1-608711385,S2-77152901,North Silver Agro Pvt Ltd,नॉर्थ सिल्वर Agro प्रा. लि.,"Plot No. 50, Hanuman Vatika, Gokulpura, Kalwar Road, Jhotwara, Jaipur, Jaipur, Rajasthan","PLOT NO. 50, JAIPUR, Rajasthan",0.0833333333333333,0.4545454545454545,50,50,1,0,north silver agro pvt ltd,nonrth silvr agro praa li,36.36363636363637,80.0,43.63636363636363,True,False,True,True,False,False,True
S1-623129052,S2-639396895,Jai Developers,जय डेवलपर्स,"A/13, Sameer Appartment 169, S.B Road, Andheri West, Mumbai, Maharashtra","ANDHERI WEST, MUMBAI (SUBURBAN), Maharashtra, A/13",0.0,0.4615384615384615,"13,169",13,1,0,jai developers,jy ddevlprs,8.0,72.0,64.0,True,False,True,True,False,False,True
S1-104390191,S2-230966158,Best Consultants Private Limited,बेस्ट कंसल्टेंट्स प्राइवेट लिमिटेड,"G/105, Rashmi Harsh Chs Ltd, Hatkesh Rd Shanti Vidya Nagari, Nr Gc Club, Mira Road, East Thane, Mumbai, Thane, Maharashtra","G/105, MIRA-BHAYANDAR, महाराष्ट्र",0.0,0.12,105,105,1,0,best consultants private limited,bestt knslttentts praaivett limittedd,10.909090909090908,75.36231884057972,64.45322793148881,True,False,True,True,False,False,True
S1-441147945,S2-229791592,Delhi India Corporation,DELHI INDIA,"A-1, Gujranwala Town, Par-I, Delhi, North East, Delhi",,0.6666666666666666,0.0,1,,0,1,delhi india corporation,delhi india,100.0,100.0,0.0,False,True,False,False,False,True,True
S1-580698899,S2-268122113,Perfect Products Private Limited,परफेक्ट प्रोडक्ट्स प्राइवेट लिमिटेड,"H-12 Everest, 9Th Floor, Tardeo Road, Mumbai, Maharashtra","H-12  EVEREST, TARDEO ROAD, MUMBAI, महाराष्ट्र",0.0,0.4615384615384615,"12,9",12,1,0,perfect products private limited,prphektt proddktts praaivett limittedd,10.526315789473683,71.42857142857143,60.90225563909775,True,False,True,True,False,False,True
S1-296660854,S2-941303394,Bharat Investment Private Limited,भारत इन्वेस्टमेंट प्राइवेट लिमिटेड,"Shop No. 11 Ground Floor, Dda Market, Blk-B, Pkt- A, Delhi, North West Delhi, Delhi","SHOP NO. 11 GROUND FLHOR, DELHI, दिल्ली",0.0,0.2941176470588235,11,11,1,0,bharat investment private limited,bhaart investtmentt praaivett limittedd,9.677419354838705,83.33333333333334,73.65591397849464,True,False,True,True,False,False,True
S1-296660854,S2-160737026,Bharat Investment Private Limited,भारत इन्वेस्टमेंट प्राइवेट लिमिटेड,"Shop No. 11 Ground Floor, Dda Market, Blk-B, Pkt- A, Delhi, North West Delhi, Delhi","DOOR NO 11 GROUND FLOOR, DELHI, दिल्ली",0.0,0.2941176470588235,11,11,1,0,bharat investment private limited,bhaart investtmentt praaivett limittedd,9.677419354838705,83.33333333333334,73.65591397849464,True,False,True,True,False,False,True
S1-850655434,S2-333540229,Dream Builders Private Limited,డ్రీమ్ బిల్డర్స్ ప్రైవేట్ లిమిటెడ్,"Plot 8-2-338/3, And 4, Flat No.303, Vaishnavi Apts, Road No.3, Banjara Hills, Hyderabad, Telangana","HYDERABAD, PLOT 8-2-338/3, Telangana, HYDERABAD",0.0,0.4117647058823529,"2,3,303,338,4,8","2,3,338,8",4,0,dream builders private limited,ddriim bilddrs praiveett limittedd,12.0,75.0,63.0,True,False,True,True,False,False,True
S1-80375253,S2-836509664,Raj Solutions Pvt Ltd,రాజ్ సొల్యూషన్స్ ప్రైవేట్ లిమిటెడ్,"H.No:5-1086, Plot No:17, Road No:05, Mangapuram Colony, Old Alwal, Secunderabad, Hyderabad, Telangana","DOOR NO 165 H.NO:5-1086, HYDERABAD, Andhra Pradesh",0.0,0.2631578947368421,"05,1086,17,5","1086,165,5",2,0,raj solutions pvt ltd,raaj solyuussns praiveett limittedd,13.95348837209302,64.28571428571428,50.33222591362126,True,False,True,True,False,False,False
S1-57249951,S2-501359056,Career Ai Corp,CAI.COM,"Mumbai, Flat No.11, Maharashtra, Borivali (West), 4Th Floor, Gorai Anand, Gorai 2","FLCT NO.11, MUMBAI, BORIVALI (WEST), Maharashtra",0.0,0.4615384615384615,"11,2,4",11,1,0,career ai corp,cai com,57.14285714285714,57.14285714285714,0.0,False,False,False,True,False,False,False
S1-856548997,S2-847457923,Amritsar Projects Public Limited,Amritsar Projects,"Sco113-B, Darbara Complex, 1St Floor District Shopping Centre, Ranj, It Avenue, Amritsar, Punjab",,0.5,0.0,"1,113",,0,1,amritsar projects public limited,amritsar projects,100.0,100.0,0.0,False,True,False,False,False,True,True
S1-719688728,S2-854130500,Baba South Consultants Private Limited,बाबा साउथ कंसल्टेंट्स प्राइवेट लिमिटेड,"F-505, Officer City-2, Rajnagar Extension Nh -58, Ghaziabad, Uttar Pradesh","GHAZIABAD, Uttar Pradesh, F-505., GHAZIABAD",0.0,0.4166666666666667,"2,505,58",505,1,0,baba south consultants private limited,baabaa saauth knslttentts praaivett limittedd,12.5,74.6987951807229,62.1987951807229,True,False,True,True,False,False,True
S1-719688728,S2-205227810,Baba South Consultants Private Limited,बाबा साउथ कंसल्टेंट्स प्राइवेट लिमिटेड,"F-505, Officer City-2, Rajnagar Extension Nh -58, Ghaziabad, Uttar Pradesh","F-505., GHAZIABAD, Uttar Pradesh",0.0,0.4166666666666667,"2,505,58",505,1,0,baba south consultants private limited,baabaa saauth knslttentts praaivett limittedd,12.5,74.6987951807229,62.1987951807229,True,False,True,True,False,False,True
S1-907527603,S2-968021365,Via Brothers Private Limited,Via Brothers Private,"A-19, Basement, Jangpura Extension, New Delhi, Central Delhi, Delhi",,0.75,0.0,19,,0,1,via brothers private limited,via brothers private,100.0,100.0,0.0,False,True,False,False,False,True,True
S1-370342679,S2-820943132,Maa Projects Private Limited,মা প্রজেক্টস প্রাইভেট লিমিটেড,"56, Netaji Subhas Road 2Nd Floor, Kolkata, Kolkata, Howrah, West Bengal","56, KOLKATA, HOWRAH, West Bengal",0.0,0.5,"2,56",56,1,0,maa projects private limited,maa prjektts praaibhett limittedd,12.0,75.40983606557377,63.40983606557377,True,False,True,True,True,False,True
S1-370342679,S2-245321829,Maa Projects Private Limited,Maa Projects Private Ltd,"56, Netaji Subhas Road 2Nd Floor, Kolkata, Kolkata, Howrah, West Bengal",,0.6,0.0,"2,56",,0,1,maa projects private limited,maa projects private ltd,92.3076923076923,92.3076923076923,0.0,False,True,False,False,False,True,True
S1-116153177,S2-317989939,Sreeven & Co,SAEEVN & (CO),"Flat No- 2 & 3 Park Palace, (Ground Floor) 1, Suhra Wardy Avenue, Kolkata, Howrah, West Bengal","BLOCK A-A-32 FLAT NO- 2 & 3 PARK PALACE, KOLKATA, West Bengal",0.5,0.5,"1,2,3","2,3,32",2,0,sreeven and co,saeevn and co,88.88888888888889,88.88888888888889,0.0,False,False,False,True,True,True,True
S1-237314316,S2-115627682,Apex Technologies Private Limited,एपेक्स टेक्नोलॉजीज प्राइवेट लिमिटेड,"Fl No 201, Heramb Apt S No 163/3, Right Bhusari Colony, Kothrud, Pune, Maharashtra","FL NO 201, PUNE, महाराष्ट्र, PUNE",0.0,0.2222222222222222,"163,201,3",201,1,0,apex technologies private limited,epeks tteknolonjiij praaivett limittedd,10.34482758620689,66.66666666666667,56.32183908045978,True,False,True,True,False,False,False
S1-510820951,S2-946286314,SWP Investment Private Limited,>> SWP Investment,"1/122, Geeta Society, 2Nd Floor, Agra Road, Opp. S. T. Workshop, Thane (W, ), Thane, Maharashtra","122, ), THANE, Maharashtra",0.5,0.2,"1,122,2",122,1,0,swp investment private limited,swp investment,100.0,100.0,0.0,False,False,False,True,False,True,True
S1-160658487,S2-538627392,Ahl Systems Private Limited,Ahl Systems Pbervite Limited,"Bangalore, Palace Cross Road, Karnataka, No. 33","Karnataka, NO. #33 , PALACE CROSS RAD",0.6,0.625,33,33,1,0,ahl systems private limited,ahl systems pbervite limited,90.9090909090909,90.9090909090909,0.0,False,False,False,True,True,True,True
S1-485699117,S2-150957920,All Infra Private Limited,ऑल इंफ्रा प्राइवेट लिमिटेड,"C1/16, Shantiban Society, S.No. 1/2(Part) Chinchwad Thergaon Road, Chinchwad, Pune, Maharashtra","NO. 274 C1/16, <NULL>, PUNE, Maharashtra",0.0,0.3125,"1,16,2","1,16,274",2,0,all infra private limited,onl inphraa praaivett limittedd,13.043478260869565,71.42857142857143,58.38509316770187,True,False,True,True,False,False,True
S1-395256927,S2-217637849,Universal Exports Private Limited,यूनिवर्सल एक्सपोर्ट्स प्राइवेट लिमिटेड,"House No. 6, Shop No. 1, Block 1, Whs Kirti Nagar Indl. Area, New Delhi, West Delhi, Delhi","HOUSE NO. 6, NEW DELHI, FATEHPUR, दिल्ली",0.0,0.2941176470588235,"1,6",6,1,0,universal exports private limited,yuunivrsl eksportts praaivett limittedd,9.230769230769226,77.77777777777779,68.54700854700856,True,False,True,True,False,False,True
S1-805123240,S2-989511453,KE Pharmacy Private Limited,KE PHARMACY,"Z A 18/4 Gali No 1 Prem Ngr Ii, New Delhi, Delhi, West Delhi, Delhi",,0.5,0.0,"1,18,4",,0,1,ke pharmacy private limited,ke pharmacy,100.0,100.0,0.0,False,True,False,False,False,True,True
S1-948458706,S2-351072045,Blue Power Private Limited,ब्लू पावर प्राइवेट लिमिटेड,"House No. 151, No. 3, Block D, Pocket 12, Sector 7, Rohini, Rohini, North West, Delhi","HOUSE NO. 151, ROHINI, NORTH WEST, Delhi",0.0,0.5,"12,151,3,7",151,1,0,blue power private limited,bluu paavr praaivett limittedd,13.333333333333329,71.42857142857143,58.0952380952381,True,False,True,True,True,False,True
S1-360585835,S2-559806900,Urban Projects Limited,अर्बन प्रोजेक्ट्स लिमिटेड,"Plot No-245, Ground Floor, Shakti Khand-3, Indirapuram, Ghaziabad, Uttar Pradesh","PLOT NO-00245, NULL, GHAZIABAD, ALLAHABAD, Uttar Pradesh",0.0,0.3333333333333333,"245,3",00245,0,0,urban projects limited,arbn projektts limittedd,8.888888888888886,82.6086956521739,73.71980676328502,True,False,True,False,False,False,True
S1-360585835,S2-74533740,Urban Projects Limited,अर्बन प्रोजेक्ट्स लिमिटेड,"Plot No-245, Ground Floor, Shakti Khand-3, Indirapuram, Ghaziabad, Uttar Pradesh","PLOT NO-00245, NULL, GHAZIABAD, ALLAHABAD, Uttar Pradesh",0.0,0.3333333333333333,"245,3",00245,0,0,urban projects limited,arbn projektts limittedd,8.888888888888886,82.6086956521739,73.71980676328502,True,False,True,False,False,False,True
S1-56373940,S2-404990763,Vision Ventures,ଭିଜନ୍ ଭେଞ୍ଚର୍ସ୍,"Baramunda Housing Board Colony, C/O- J.N. Bhanja L/34, Orissa, Khordha, Bhubaneswar","BHADRAK, KHORDHA, C/O- J.N. BHANJA L/34, ଓଡ଼ିଶା",0.0,0.4705882352941176,34,34,1,0,vision ventures,bhijn bhenycrs,7.692307692307693,48.27586206896552,40.58355437665782,True,False,True,True,False,False,False
S1-850715822,S2-96513622,Planet Fund LLP,M/s P1anet Fudn LLP,"F-3/5, Dlf Phase-1, Gurgaon, Haryana","F-3/5, GURGAON, हरियाणा, GURGAON",0.1428571428571428,0.3636363636363636,"1,3,5","3,5",2,0,planet fund llp,m s p1anet fudn llp,76.47058823529412,76.47058823529412,0.0,False,False,False,True,False,False,True
S1-340023637,S2-148354960,Sasha Ventures Private Limited,Sasha Ventures Private Ltd,"C/O Mahendra Singh, Patwari Halka Kotma, Behind Jyoti Petrol Pump, Bhudanpur Road, Kotma, Anuppur, Madhya Pradesh",,0.6,0.0,,,0,1,sasha ventures private limited,sasha ventures private ltd,92.85714285714286,92.85714285714286,0.0,False,True,False,False,False,True,True
S1-484803588,S2-75921266,Services Sai Poultry Private Limited,Services Sai Poultry Private Ltd,"Maharashtra, S. No. 37/8 Triose Flat, Pune, A/604 Pimple Saudagar, Pune City",,0.6666666666666666,0.0,"37,604,8",,0,1,services sai poultry private limited,services sai poultry private ltd,94.11764705882354,94.11764705882354,0.0,False,True,False,False,False,True,True
S1-484803588,S2-833386995,Services Sai Poultry Private Limited,Services Sai Poultry Private Ltd,"Maharashtra, S. No. 37/8 Triose Flat, Pune, A/604 Pimple Saudagar, Pune City",,0.6666666666666666,0.0,"37,604,8",,0,1,services sai poultry private limited,services sai poultry private ltd,94.11764705882354,94.11764705882354,0.0,False,True,False,False,False,True,True
S1-481180187,S2-951678379,New Traders Pvt. Ltd.,PVT NEW TRADERS LIMITED,"D/351, Prem Nagar-Ii, Kirari, Suleman Nagar, New Delhi, North West, Delhi","D/351, NORTH DELHI, NORTH WEST, दिल्ली",0.6,0.3846153846153846,351,351,1,0,new traders pvt ltd,pvt new traders limited,90.47619047619048,90.47619047619048,0.0,False,False,False,True,False,True,True
S1-217283644,S2-208125920,Global Developers Private Limited,ग्लोबल डेवलपर्स प्राइवेट लिमिटेड,"617, Floor-6, Rakshak Nagar, Almonte It Park, Kharadi, Pune, Maharashtra","D/617, PUNE, THEUR, महाराष्ट्र",0.0,0.1176470588235294,"6,617",617,1,0,global developers private limited,globl ddevlprs praaivett limittedd,10.169491525423725,80.59701492537313,70.42752339994941,True,False,True,True,False,False,True
S1-982014536,S2-955028317,NS Promoters Private Limited,NS PROMOTERS PRIVATE LTD,"Alwar, Rajasthan, Ashoka Bhawan Civil Lines, Alwar",,0.6,0.0,,,0,1,ns promoters private limited,ns promoters private ltd,92.3076923076923,92.3076923076923,0.0,False,True,False,False,False,True,True
S1-720936980,S2-780306057,Indian Agro Private Limited,ઇન્ડિયન એગ્રો પ્રાઇવેટ લિમિટેડ,"4Th Foor, Block A/406 To 407, Sahjanand Business Park, S.P. Ring Road, Nikol, Ahmedabad, Gujarat","4TH FOOR, AHMEDABAD, Gujarat",0.0,0.2352941176470588,"4,406,407",4,1,0,indian agro private limited,inddiyan egro praaivett limittedd,12.0,80.0,68.0,True,False,True,True,False,False,True
S1-870710088,S2-881582248,JM Biosciences Private Limited,JM Private Limited Center,"Silver Business Hub, Simada Brts Road, Junction, Village Surat, Surat, Gujarat, Surat, Sh-420",,0.6,0.0,420,,0,1,jm biosciences private limited,jm private limited center,83.72093023255815,83.72093023255815,0.0,False,True,False,False,False,True,True
S1-715906069,S2-986739534,Pande & Sons Private Limited,Mr PANDESONS.COM,"# 33, 1St Main, 1St Block, Bangalore South, Bangalore, Karnataka","# 33, 1ST MAIN, 1ST BLOCK, BANGALORE SOUTH, ಕರ್ನಾಟಕ",0.0,0.6,"1,33","1,33",2,0,pande and sons private limited,mr pandesons com,52.17391304347826,52.17391304347826,0.0,False,False,False,True,True,False,False
S1-988116908,S2-51844249,International Systems Private Limited,Private International Sbtms Limited,"Flat No.4, 4Th Floor 98, Christopher Road, Gobinda Khatick Ro, Ad, Kolkata, Kolkata, Howrah, West Bengal","West Bengal, H.NO 9, HOWRAH",0.6,0.2222222222222222,"4,98",9,0,0,international systems private limited,private international sbtms limited,94.44444444444444,94.44444444444444,0.0,False,False,False,False,False,True,True
S1-988116908,S2-407812766,International Systems Private Limited,ইন্টারন্যাশনাল সিস্টেমস প্রাইভেট লিমিটেড,"Flat No.4, 4Th Floor 98, Christopher Road, Gobinda Khatick Ro, Ad, Kolkata, Kolkata, Howrah, West Bengal","FLAT NO.9, HOWRAH, West Bengal",0.0,0.2941176470588235,"4,98",9,0,0,international systems private limited,inttaarnyaashnaal sisttems praaibhett limittedd,8.955223880597018,69.04761904761905,60.09239516702203,True,False,True,False,False,False,False
S1-985948527,S2-847419099,Gujarat Shiv Technology Limited,குஜராத் சிவ் டெக்னாலஜி லிமிடெட்,"Tamil Nadu, Chennai, No.10, Chennai, Iii Street, Samiyar Thottam","NO.##10, CHENNAI, Tamil Nadu",0.0,0.5555555555555556,10,10,1,0,gujarat shiv technology limited,kujraat civ tteknnnaalji limittett,11.538461538461531,61.53846153846154,50.00000000000001,True,False,True,True,True,False,False
S1-84044412,S2-606090470,High Software,हाई सॉफ्टवेयर,"Plot No. 162, East Part, Heerapura, Vikash Nagar, Jaipur, Rajasthan","JAIPUR, 16, JAIPUR, Rajasthan",0.0,0.1818181818181818,162,16,0,0,high software,haaii sonphttveyr,7.692307692307693,46.66666666666666,38.97435897435897,True,False,True,False,False,False,False
S1-800282560,S2-989518147,United Logistics Private Limited,యునైటెడ్ లాజిస్టిక్స్ ప్రైవేట్ లిమిటెడ్,"Plot No. 16/B, Bapuji Nagar, Yapral, Tirumalagiri, Hyderabad, Telangana","PLOT NO. 16/B, TIRUMALAGIRI, HYDERABAD, తెలంగాణ",0.0,0.4285714285714285,16,16,1,0,united logistics private limited,yunaittedd laajisttiks praiveett limittedd,10.909090909090908,72.97297297297297,62.06388206388206,True,False,True,True,False,False,True
S1-780121301,S2-614846007,Maa Exports Pvt Ltd,मां एक्सपोर्ट्स प्रा. लि.,"C-224, Akurli Industrial Premises Co-Op Soc Ltd Akurli Road, Kandivali (East), Mumbai, Mumbai City, Maharashtra","##484 C-224, MUMBAI CITY, BOMBAY, महाराष्ट्र",0.0,0.1904761904761904,224,"224,484",1,0,maa exports pvt ltd,maan eksportts praa li,16.66666666666667,68.29268292682927,51.6260162601626,True,False,True,True,False,False,False
S1-994314409,S2-968522459,East Arihant Engineering Private Limited,ईस्ट अरिहंत इंजीनियरिंग प्राइवेट लिमिटेड,"20, Balkeshwar Kunj, Balkeshwar Road, Agra, Uttar Pradesh","20, AGRA, Uttar Pradesh",0.0,0.5714285714285714,20,20,1,0,east arihant engineering private limited,iistt arihnt injiiniyring praaivett limittedd,10.666666666666671,72.94117647058825,62.274509803921575,True,False,True,True,True,False,True
S1-553719509,S2-642648505,Universal Trading Private Limited,यूनिवर्सल ट्रेडिंग प्राइवेट लिमिटेड,"Agra, Fourth Floor, Raman Tower Near Icici Bank, Sanjay Place, 402, Uttar Pradesh, Agra","402, AGRA, उत्तर प्रदेश",0.0,0.1111111111111111,402,402,1,0,universal trading private limited,yuunivrsl ttredding praaivett limittedd,10.169491525423725,77.77777777777779,67.60828625235406,True,False,True,True,False,False,True
S1-939485795,S2-369783569,Gujarat Guru Technology Private Limited,गुजरात गुरु टेक्नोलॉजी प्राइवेट लिमिटेड,"B-203, Mumbai, 2Nd Floor, New Shivam Apartment, Kulupwadi, Borivali (East), Maharashtra, Mumbai City","B-203, MUMBAI, GREATER MUMBAI, महाराष्ट्र",0.0,0.1666666666666666,"2,203",203,1,0,gujarat guru technology private limited,gujraat guru tteknolonjii praaivett limittedd,12.121212121212125,76.19047619047619,64.06926406926407,True,False,True,True,False,False,True
S1-178588988,S2-915485148,Nda & Sons Pvt Ltd,Ltd Nda & Pvt Center,"C/O Ajeet Kumar, Panch Gaya (M Corp) Vill- Gaya ( M Corp) Tola Gaya, Bihar, Gaya, Bihar","HN 561 C/O AJEET KUMAR, GAYA, Bihar",0.6666666666666666,0.4615384615384615,,561,0,0,nda and sons pvt ltd,ltd nda and pvt center,85.71428571428571,85.71428571428571,0.0,False,False,False,False,False,True,True
S1-782049019,S2-218072485,Malnad Trading Ltd,... Ma1nad Trading Limited,"A-507, Titanium Heights, Nr. Vodafone House, Corporate Road, Prahladnagar, Makarba, Ahmadabad City, Ahmedabad, Gujarat","A-507, AHMADABAD CITY, AHMEDABAD, Gujarat",0.2,0.4,507,507,1,0,malnad trading ltd,ma1nad trading limited,85.0,85.0,0.0,False,False,False,True,False,False,True
S1-183358364,S2-20446233,Shakti Infrastructure Private Limited,शक्ति इंफ्रास्ट्रक्चर प्राइवेट लिमिटेड,"F No 3 808, Block No 3, Royal Greens Sirsi Road, Jaipur, Rajasthan","F NO 3 808, JAIPUR, <NULL>, Rajasthan",0.0,0.5,"3,808","3,808",2,0,shakti infrastructure private limited,shkti inphraasttrkcr praaivett limittedd,8.82352941176471,75.32467532467533,66.50114591291062,True,False,True,True,True,False,True
S1-183358364,S2-290105912,Shakti Infrastructure Private Limited,शक्ति इंफ्रास्ट्रक्चर प्राइवेट लिमिटेड,"F No 3 808, Block No 3, Royal Greens Sirsi Road, Jaipur, Rajasthan","F NO 3 808, JAIPUR, <NULL>, राजस्थान",0.0,0.3125,"3,808","3,808",2,0,shakti infrastructure private limited,shkti inphraasttrkcr praaivett limittedd,8.82352941176471,75.32467532467533,66.50114591291062,True,False,True,True,False,False,True
S1-603813371,S2-804046483,Super Producer,सुपर प्रोड्यूसर,"Mumbai, Mumbai City, Maharashtra, 4Th Floor, Ambe Maiya Apts, Dr. R. P. Road, Mulund West, 13","B3/13, MUMBAI, MUMBAI CITY, Maharashtra",0.0,0.25,"13,4","13,3",1,0,super producer,supr proddyuusr,6.896551724137936,75.86206896551724,68.9655172413793,True,False,True,True,False,False,True
S1-61768754,S2-193211584,Abc & Brothers Ltd,Abc &  8rothers,"New Delhi, 1716 Arya Samaj Road, Central Delhi, Karol Bagh, Delhi","171 ARYA SAMAJ ROAD, KAROL BAGH, NEW DELHI, दिल्ली",0.4,0.5833333333333334,1716,171,0,0,abc and brothers ltd,abc and 8rothers,83.33333333333334,83.33333333333334,0.0,False,False,False,False,True,False,True
S1-379335970,S2-777986698,Vision Properties Private Limited,विजन प्रॉपर्टीज प्राइवेट लिमिटेड,"Unit611, 6Th Floor, Reliables Pride, Aanand Nagar Opp Heera Panna, Jogeshwari (W), Mumbai, Mumbai City, Maharashtra","UNIT611, BOMBAY, MUMBAI CITY, Maharashtra",0.0,0.25,"6,611",611,1,0,vision properties private limited,vijn pronprttiij praaivett limittedd,10.526315789473683,72.46376811594203,61.937452326468346,True,False,True,True,False,False,True
S1-111331864,S2-193591650,East It Private Limited,ईस्ट आईटी प्राइवेट लिमिटेड,"Ag-17, Sanjay Gandhi Transport Nagar Nh-1, Delhi","NO 9-80 AG-17, AURANGABAD, DELHI",0.0,0.2307692307692307,"1,17","17,80,9",1,0,east it private limited,iistt aaiittii praaivett limittedd,13.63636363636364,66.66666666666667,53.03030303030303,True,False,True,True,False,False,False
S1-14798639,S2-754514394,Rangoli Securities Ltd,Ltd Rangoli Secimitse,"Shop No. 4, Ground Floor, Neelkanth Appartment, Opp. Railway Club, Gurdwara Road, Manina, Gar, Ahmedabad, Gujarat","Gujarat, AHMEDABAD, C-4, AHMEDABAD",0.5,0.1764705882352941,4,4,1,0,rangoli securities ltd,ltd rangoli secimitse,83.72093023255815,83.72093023255815,0.0,False,False,False,True,False,True,True
S1-141247279,S2-681749037,All Property Private Limited,LIMITED ALL PROPERTY SERVICES,"No.13, Old No.370, 16Th Main Road, Jayanagar 4Th T Block, Bangalore South, Bangalore, Karnataka","#14, BANGALORE, BANGALORE SOUTH, Karnataka",0.6,0.2,"13,16,370,4",14,0,0,all property private limited,limited all property services,84.21052631578948,84.21052631578948,0.0,False,False,False,False,False,True,True
S1-524978026,S2-800127515,Vd Finance Associates,Vd Fnhmbinnace Associates,"No.48, Church Street, Ashok Nagar, Bangalore North, Bangalore, Karnataka",,0.5,0.0,48,,0,1,vd finance associates,vd fnhmbinnace associates,86.95652173913044,86.95652173913044,0.0,False,True,False,False,False,True,True
S1-129078377,S2-243521909,Shivam Finance Private Limited,शिवम फाइनेंस प्राइवेट लिमिटेड,"Sr No 44/A Hn 2/1 Nr Bsnl, Office Fl N D/307 Vrundan, Haveli, Pune, Maharashtra","SR NO 044/A HN 2/1 NR BSNL, HAVELI, PUNE, महाराष्ट्र",0.0,0.4347826086956521,"1,2,307,44","044,1,2",2,0,shivam finance private limited,shivm phaainens praaivett limittedd,10.714285714285708,70.76923076923076,60.05494505494505,True,False,True,True,False,False,True
S1-526056745,S2-104088774,Al Ram Engineering Private Limited,अल राम इंजीनियरिंग प्राइवेट लिमिटेड,"400/3, Giri Market, Ghaziabad, Uttar Pradesh","00/3, GHAZIABAD, उत्तर प्रदेश",0.0,0.1538461538461538,"3,400","00,3",1,0,al ram engineering private limited,al raam injiiniyring praaivett limittedd,12.903225806451616,75.67567567567568,62.77244986922406,True,False,True,True,False,False,True
S1-68391112,S2-107501891,Bharat Consulting Limited,भारत कंसल्टिंग लिमिटेड,"742, Bhagwan Gali Bhola Nagar Kotla Mubarak Pur, New Delhi, South Delhi, Delhi","742, NEW DELHI, SOUTH DELHI, Delhi",0.0,0.3636363636363636,742,742,1,0,bharat consulting limited,bhaart knsltting limittedd,9.090909090909092,82.35294117647058,73.26203208556149,True,False,True,True,False,False,True
S1-152215648,S2-187826857,Arihant Technologies Private Limited,ಅರಿಹಂತ್ ಟೆಕ್ನಾಲಜೀಸ್ ಪ್ರೈವೇಟ್ ಲಿಮಿಟೆಡ್,"#22, Arya Nagar, Vysya Bank Colony, J P Nagar I Phase, Bangalore, Karnataka","22, BANGALORE, Karnataka",0.0,0.25,22,22,1,0,arihant technologies private limited,arihnt tteknaaljiis praiveett limittedd,9.230769230769226,72.0,62.76923076923077,True,False,True,True,False,False,True
S1-724732239,S2-748072153,Star Logistics,स्टार लॉजिस्टिक्स,"Office No.-211, 2Nd Floor, F-45, Okay Plus Space Malviya Nagar Industrial Area, Near Apex, Circle, Jaipur, Rajasthan","OFFICE NO.-211, Rajasthan, JAIPUR",0.0,0.2631578947368421,"2,211,45",211,1,0,star logistics,sttaar lonjisttiks,8.0,75.0,67.0,True,False,True,True,False,False,True
S1-724732239,S2-630234340,Star Logistics,स्टार लॉजिस्टिक्स,"Office No.-211, 2Nd Floor, F-45, Okay Plus Space Malviya Nagar Industrial Area, Near Apex, Circle, Jaipur, Rajasthan","JAIPUR, OFFICE NO.-211, JAIPUR, राजस्थान",0.0,0.1739130434782608,"2,211,45",211,1,0,star logistics,sttaar lonjisttiks,8.0,75.0,67.0,True,False,True,True,False,False,True
S1-358892795,S2-50924293,Konark Business Private Limited,Konark Business Pgove Limited,"E2/306, Vbhc Hill View, Nr Jindal Guest House Rd, Shahapur, Thane, Maharashtra",,0.6,0.0,"2,306",,0,1,konark business private limited,konark business pgove limited,90.0,90.0,0.0,False,True,False,False,False,True,True
S1-94564806,S2-946789571,Faith Exports Limited,IRIFAYE,"F4, 6-2/269/1, 2Nd Floor, Classic Homes, Tirumalagiri, Hyderabad, Telangana","F4, HYDERABAD, TIRUMALAGIRI, Andhra Pradesh",0.0,0.2142857142857142,"1,2,269,4,6",4,1,0,faith exports limited,irifaye,28.57142857142857,28.57142857142857,0.0,False,False,False,True,False,False,False
S1-317167982,S2-130929895,Best Energy Pvt Ltd,बेस्ट एनर्जी प्रा. लि.,"23 - A, Sudama Nagar, Indore, Madhya Pradesh","2-3 - A, INDORE, SUDAMA NAGAR, मध्य प्रदेश",0.0,0.2857142857142857,23,"2,3",0,0,best energy pvt ltd,bestt enrjii praa li,16.66666666666667,61.53846153846154,44.87179487179487,True,False,True,False,False,False,False
S1-519654410,S2-788123496,Fortune Systems Private Limited,फॉर्च्यून सिस्टम्स प्राइवेट लिमिटेड,"H-41A, Abul Fazal Enclave Jamia Nagar, Okhla, New Delhi, Delhi","H-41A, NEW DELHI, OKHLA, Delhi",0.0,0.5,41,41,1,0,fortune systems private limited,phonrcyuun sisttms praaivett limittedd,10.34482758620689,69.56521739130434,59.220389805097454,True,False,True,True,True,False,False
S1-680148977,S2-158231189,East Exports Private Limited,ईस्ट एक्सपोर्ट्स प्राइवेट लिमिटेड,"B - 1503, Riviera, Siddheshwar Gardens, Kolshet Road, Thane (West), Thane, Maharashtra","B - 503, THANE, महाराष्ट्र",0.0,0.1333333333333333,1503,503,0,0,east exports private limited,iistt eksportts praaivett limittedd,11.320754716981128,73.01587301587303,61.6951182988919,True,False,True,False,False,False,True
S1-833862826,S2-270212971,Cosmos Software Pvt Ltd,Cosmos 5oftbwnre Pvt Ltd,"P 10 New Cit Rd, Kolkata, South 24 Parganas, West Bengal","DOOR NO 995 P 10 NEW CIT RD, KOLKATA, West Bengal",0.6,0.5714285714285714,"10,24","10,995",1,0,cosmos software pvt ltd,cosmos 5oftbwnre pvt ltd,89.36170212765957,89.36170212765957,0.0,False,False,False,True,True,True,True
S1-127288716,S2-780947256,Jai Consultants Private Limited,जय कंसल्टेंट्स प्राइवेट लिमिटेड,"Flat No.102 S/F, N--43 Abul Fazal Enclave Part-1 Okhla, New Delhi, South Delhi, Delhi","SOUTH DELHI, दिल्ली, NEW DELHI, H.NO 10 S/F",0.0,0.3,"1,102,43",10,0,0,jai consultants private limited,jy knslttentts praaivett limittedd,10.909090909090908,70.76923076923076,59.86013986013985,True,False,True,False,False,False,True
S1-874709733,S2-926236950,Shiva Products Private Limited,शिवा प्रोडक्ट्स प्राइवेट लिमिटेड,"Mumbai, Maharashtra, Goregaon East, Raag Chs Ltd, Megh Malhar Cmplex, A.K. Vaidya Marg, Off Film City Road, 191","191, MUMBAI, Maharashtra",0.0,0.1578947368421052,191,191,1,0,shiva products private limited,shivaa proddktts praaivett limittedd,11.320754716981128,78.78787878787878,67.46712407089765,True,False,True,True,False,False,True
S1-185844290,S2-326002468,Southern Ventures Pvt Ltd,सदर्न वेंचर्स प्रा. लि.,"1603, Lotus Link Square, K3 K4 Cts 195, Near Apna, Mumbai, Maharashtra","DOOR NO 16 1603, MUMBAI, Maharashtra",0.0,0.2,"1603,195,3,4","16,1603",1,0,southern ventures pvt ltd,sdrn vencrs praa li,13.953488372093029,59.09090909090909,45.13742071881607,True,False,True,True,False,False,False
S1-692596021,S2-253181997,South Infra Private Limited,ಸೌತ್ ಇನ್‌ಫ್ರಾ ಪ್ರೈವೇಟ್ ಲಿಮಿಟೆಡ್,"#59, Flat #105, First Floor, Vandana Jasmine 8Th Cross, Venkatapura, Koramangala, 1St, Block, Bangalore, Karnataka","NO 59, BANGALORE, Karnataka",0.0,0.1875,"1,105,59,8",59,1,0,south infra private limited,saut inphraa praiveett limittedd,12.244897959183676,74.57627118644068,62.33137322725701,True,False,True,True,False,False,True
S1-286660244,S2-112010744,Big It Private Limited,Big It-Private,"C-11/196, Yamuna Vihar, New Delhi, Delhi","C-11/19, YAMUNA VIHAR, NEW DELHI, दिल्ली",0.75,0.6,"11,196","11,19",1,0,big it private limited,big it private,100.0,100.0,0.0,False,False,False,True,True,True,True
S1-877092785,S2-363069587,Bombay Projects Limited,बॉम्बे प्रोजेक्ट्स लिमिटेड,"10, Malpani Mansion Film Colony, Chaura Rasta, Jaipur, Rajasthan","Rajasthan, 10, JAIPUR",0.0,0.3333333333333333,10,10,1,0,bombay projects limited,bonmbe projektts limittedd,9.523809523809518,81.63265306122449,72.10884353741497,True,False,True,True,False,False,True
S1-877092785,S2-97947920,Bombay Projects Limited,projectsbombay.com,"10, Malpani Mansion Film Colony, Chaura Rasta, Jaipur, Rajasthan","10, JAIPUR, Rajasthan",0.0,0.3333333333333333,10,10,1,0,bombay projects limited,projectsbombay com,53.65853658536586,53.65853658536586,0.0,False,False,False,True,False,False,False
S1-123841427,S2-906130154,Classic Projects,क्लासिक प्रोजेक्ट्स,"2/44, Ground Floor Geeta Colony, Delhi, East Delhi, Delhi","DELHI, 02/44, EAST DELHI, दिल्ली",0.0,0.2727272727272727,"2,44","02,44",1,0,classic projects,klaasik projektts,6.896551724137936,72.72727272727273,65.8307210031348,True,False,True,True,False,False,True
S1-175761099,S2-910372937,Green Foundation Pvt Ltd,கிரீன் ஃபவுண்டேஷன் பிரைவேட் லிமிடெட்,"Tamil Nadu, Chennai, Mayas Court, 18Th Main Anna Nagar West, Chennai, 1834/4","1834/4, CHENNAI, தமிழ்நாடு",0.0,0.1875,"18,1834,4","1834,4",2,0,green foundation pvt ltd,kiriinnn hpvunntteessnnn piraiveett limittett,12.5,40.57971014492754,28.07971014492754,True,False,True,True,False,False,False
S1-105996942,S2-731610171,Eastern Energy Private Limited,ईस्टर्न एनर्जी प्राइवेट लिमिटेड,"Ground Floor, 32, Kamani Chambers, Ramji Kamani Marg, Ballard Estate, Mumbai, Mumbai City, Maharashtra","GROUND FLOOR, GREATER BOMBAY, MUMBAI, Maharashtra",0.0,0.2857142857142857,32,,0,0,eastern energy private limited,iisttrn enrjii praaivett limittedd,10.34482758620689,68.75,58.40517241379311,True,False,True,False,False,False,False
S1-407092961,S2-28563824,Divya Media Limited,Dr Divya Media,"No 20 Ammaiyappan Street Royapettah, Chennai, Tamil Nadu",,0.5,0.0,20,,0,1,divya media limited,dr divya media,88.0,88.0,0.0,False,True,False,False,False,True,True
S1-105957539,S2-400065617,Bharat Galaxy Food Pvt Ltd,भारत गैलेक्सी फूड प्रा. लि.,"S No 48/2, Chandan Nagar Kharadi, Pune City, Pune, Maharashtra","S NO 0048/2, PUNE CITY, KANHE, Maharashtra",0.0,0.5,"2,48","0048,2",1,0,bharat galaxy food pvt ltd,bhaart gaileksii phuudd praa li,17.391304347826093,52.63157894736843,35.24027459954234,True,False,True,True,True,False,False
S1-402602588,S2-465150251,Sree Technologies Private Limited,శ్రీ టెక్నాలజీస్ ప్రైవేట్ లిమిటెడ్,"02, Ground Floor, Goolingspet, Rtc Depotroad, Chittoor, Andhra Pradesh","BLONK E-790 02, CHITTOR, Andhra Pradesh",0.0,0.2307692307692307,02,"02,790",1,0,sree technologies private limited,shrii tteknaaljiis praiveett limittedd,10.526315789473683,64.7887323943662,54.26241660489252,True,False,True,True,False,False,False
S1-122881464,S2-192222587,Aditya Ventures Limited,আদিত্য ভেঞ্চারস লিমিটেড,"Howrah, Kolkata, 3Rd Floor, Sector-V, Salt Lake City, Kolkata, West Bengal, En-77","EN-77, HOWRAH, KOLKATA, West Bengal",0.0,0.4615384615384615,"3,77",77,1,0,aditya ventures limited,aadity bhenycaars limittedd,8.695652173913048,72.0,63.30434782608695,True,False,True,True,False,False,True
S1-122881464,S2-832756397,Aditya Ventures Limited,আদিত্য ভেঞ্চারস লিমিটেড,"Howrah, Kolkata, 3Rd Floor, Sector-V, Salt Lake City, Kolkata, West Bengal, En-77","EN-77, KOLKATA, HOWRAH, পশ্চিমবঙ্গ",0.0,0.2352941176470588,"3,77",77,1,0,aditya ventures limited,aadity bhenycaars limittedd,8.695652173913048,72.0,63.30434782608695,True,False,True,True,False,False,True
S1-149278504,S2-932339050,Best Business Private Limited,ಬೆಸ್ಟ್ Business ಪ್ರೈವೇಟ್ ಲಿಮಿಟೆಡ್,"#11, Green Leaf Extension, 80 Feet Road, 4Th Block, Kormang Ala, Bangalore, Karnataka","H.NO 11, BANGALORE, KORMANG ALA, Karnataka",0.0769230769230769,0.3333333333333333,"11,4,80",11,1,0,best business private limited,bestt business praiveett limittedd,47.05882352941177,85.71428571428572,38.655462184873954,True,False,True,True,False,False,True
S1-210853743,S2-612395203,Future International Private Limited,फ्यूचर इंटरनेशनल प्राइवेट लिमिटेड,"P. 80, Meghdoot Apt, Canal Road, Ramdaspeth, Nagpur, Maharashtra","P. ##80, NAGPUR, महाराष्ट्र",0.0,0.2307692307692307,80,80,1,0,future international private limited,phyuucr inttrneshnl praaivett limittedd,8.955223880597018,66.66666666666667,57.71144278606965,True,False,True,True,False,False,False
S1-207859849,S2-834932406,City Marketing Limited,City Marketing Ltd,"Delhi, House No-1 Road No-34, New Delhi, East Punjabi Bagh",,0.5,0.0,"1,34",,0,1,city marketing limited,city marketing ltd,90.0,90.0,0.0,False,True,False,False,False,True,True
S1-116317845,S2-772703384,Bombay Impex Private Limited,బాంబే ఇంపెక్స్ ప్రైవేట్ లిమిటెడ్,"Dns Business Hub, 4Th Floor 403-B & 404-B, Rangareddy, Rangareddy, Telangana","Telangana, DNS BUSDNESS HUB, RANGAREDDY",0.0,0.3333333333333333,"4,403,404",,0,0,bombay impex private limited,baanbee inpeks praiveett limittedd,12.244897959183676,64.51612903225806,52.27123107307439,True,False,True,False,False,False,False
S1-982784016,S2-36055872,Ganga Enterprises Private Limited,DREXLUM,"No.56, 1Stccrossteacher'Scolony, Bangalore, Karnataka","NO.B3/56, <NULL>, BENGALURU, BANGALORE, Karnataka",0.0,0.4444444444444444,"1,56","3,56",1,0,ganga enterprises private limited,drexlum,20.0,20.0,0.0,False,False,False,True,False,False,False
S1-341071,S2-394446451,Hitech Consulting Private Limited,ಹೈಟೆಕ್ ಕನ್ಸಲ್ಟಿಂಗ್ ಪ್ರೈವೇಟ್ ಲಿಮಿಟೆಡ್,"101, Karnataka, Bangalore, Orchid, First Floor H M World City Apartments, J P Nagar 9Th, Phase","101, BANGALORE, ಕರ್ನಾಟಕ, BANGALORE",0.0,0.1052631578947368,"101,9",101,1,0,hitech consulting private limited,haittek knsltting praiveett limittedd,10.34482758620689,74.28571428571429,63.9408866995074,True,False,True,True,False,False,True
S1-112258390,S2-785398561,Unique Management Private Limited,ਯੂਨੀਕ ਮੈਨੇਜਮੈਂਟ ਪ੍ਰਾਈਵੇਟ ਲਿਮਟਿਡ,"Scf 126, S.A.S.Nagar (Mohali), Phase- 7, Rupnagar, Punjab","SCF 1-26, RUPNAGAR, Punjab",0.0,0.25,"126,7","1,26",0,0,unique management private limited,yuuniik maineejmaintt praaiiveett limttidd,10.169491525423725,61.333333333333336,51.16384180790961,True,False,True,False,False,False,False
S1-125418732,S2-272612595,City Management Private Limited,Dovalyra,"Iii Rd Floor, Sdf-17 Csez, Kakkanad, Cochin, Kerala","III RD FLOOR, ERNAKULAM, COCHIN, കേരളം",0.0,0.3333333333333333,17,,0,0,city management private limited,dovalyra,20.51282051282052,20.51282051282052,0.0,False,False,False,False,False,False,False
S1-210213370,S2-737213290,International Products Private Limited,ಇಂಟರ್‌ನ್ಯಾಷನಲ್ ಪ್ರೊಡಕ್ಟ್ಸ್ ಪ್ರೈವೇಟ್ ಲಿಮಿಟೆಡ್,"No. 10, D-105 4Th Floor Suryodaya Wing-1 Saravana Tranquil Heights Hesarugatta Main Rd Vid, Yaranyapur, Bangalore, Karnataka","DOOR NO 10, BANGALORE, Karnataka",0.0,0.2,"1,10,105,4",10,1,0,international products private limited,inttrnyaassnl proddktts praiveett limittedd,8.695652173913047,71.60493827160495,62.909286097691904,True,False,True,True,False,False,True
S1-210213370,S2-538361441,International Products Private Limited,ಇಂಟರ್‌ನ್ಯಾಷನಲ್ ಪ್ರೊಡಕ್ಟ್ಸ್ ಪ್ರೈವೇಟ್ ಲಿಮಿಟೆಡ್,"No. 10, D-105 4Th Floor Suryodaya Wing-1 Saravana Tranquil Heights Hesarugatta Main Rd Vid, Yaranyapur, Bangalore, Karnataka","Karnataka, BANGALORE, NO. 10",0.0,0.2105263157894736,"1,10,105,4",10,1,0,international products private limited,inttrnyaassnl proddktts praiveett limittedd,8.695652173913047,71.60493827160495,62.909286097691904,True,False,True,True,False,False,True
S1-658190788,S2-567076828,Pronto Developers Limited,Dr Pronto Developers,"58-14-131/2 Ground And First Floor Near Nstl Shanti Nagar Nad Kotha Road, Visakhapatnam, Vishakhapatnam, Andhra Pradesh",,0.5,0.0,"131,14,2,58",,0,1,pronto developers limited,dr pronto developers,91.89189189189187,91.89189189189187,0.0,False,True,False,False,False,True,True
S1-294533540,S2-464681611,Super Services Private Limited,Shri Super Services Private,"H. No. A-37, 2Nd Floor, Block A, Phase Ii, Delhi, North West Delhi, Delhi","H. NO. A-37, 2ND FLOOR, BLOCK A, PHASE II, DELHI, दिल्ली",0.6,0.7142857142857143,"2,37","2,37",2,0,super services private limited,shri super services private,89.79591836734694,89.79591836734694,0.0,False,False,False,True,True,True,True
S1-938937598,S2-182357789,Creative Healthcare Private Limited,क्रिएटिव हेल्थकेयर प्राइवेट लिमिटेड,"B-5, S/F, Janakpuri, New Delhi, Delhi","Delhi, B-5, NEW DELHI, S/F",0.0,0.8571428571428571,5,5,1,0,creative healthcare private limited,kriettiv helthkeyr praaivett limittedd,9.375,71.23287671232876,61.85787671232876,True,False,True,True,True,False,True
S1-994108031,S2-817922261,Lotus Care,लोटस केयर,"Unit No. 1601, 16Th Floor, Tower- B, Plot C-1, Sector- 16, World Trade Tower, Noida, Gautam Buddha Nagar, Uttar Pradesh","UNIT NO. 1601, GAUTAM BUDDHA NAGAR, Uttar Pradesh",0.0,0.4,"1,16,1601",1601,1,0,lotus care,lotts keyr,10.526315789473683,60.0,49.47368421052632,True,False,True,True,False,False,False
S1-160460159,S2-71790711,City Consultancy Private Limited,સિટી કન્સલ્ટન્સી પ્રાઇવેટ લિમિટેડ,"F.P.No. 241, Deversh Sopan, O/S Delhi Gat, Nr.Farki Coldrink, Opp Bg Tower, Madhupura, Ahmedabad, Gujarat","F.P.NO. 241, AHMEDABAD, ગુજરાત",0.0,0.2272727272727272,241,241,1,0,city consultancy private limited,sittii knslttnsii praaivett limittedd,10.526315789473683,63.76811594202898,53.24180015255529,True,False,True,True,False,False,False
S1-681922602,S2-723980544,Surya International Private Limited,సూర్య ఇంటర్నేషనల్ ప్రైవేట్ లిమిటెడ్,"Flat No. I 3, Opp Aasha, Hospital, Rd No. 14, Khairatabad, Hyderabad, Telangana","PLOT 469 FLAT NO. I 3, HYDERABAD CITY REGION, తెలంగాణ",0.0,0.25,"14,3","3,469",1,0,surya international private limited,suury inttrneessnl praiveett limittedd,9.523809523809518,71.23287671232876,61.70906718851924,True,False,True,True,False,False,True
S1-564815355,S2-864071983,Sree Developers Private Limited,ಶ್ರೀ ಡೆವಲಪರ್ಸ್ ಪ್ರೈವೇಟ್ ಲಿಮಿಟೆಡ್,"Tulasi House, No.26, Opp Hp Petrol Station, New Redial Road, Bangalore North, Bangalore, Karnataka","TULASI HOUSE, BANGALORE NORTH, ಕರ್ನಾಟಕ",0.0,0.2352941176470588,26,,0,0,sree developers private limited,shrii ddevlprs praiveett limittedd,11.320754716981128,73.84615384615385,62.525399129172726,True,False,True,False,False,False,True
S1-490361369,S2-283892105,Unique Infotech Private Limited,यूनिक इंफोटेक प्राइवेट लिमिटेड,"Bhopal, Madhya Pradesh, No. 112, Block 7, Green City E-8 Arera Colony","112, BHOPAL, मध्य प्रदेश",0.0,0.1111111111111111,"112,7,8",112,1,0,unique infotech private limited,yuunik inphottek praaivett limittedd,10.909090909090908,68.65671641791045,57.74762550881954,True,False,True,True,False,False,False
S1-541839979,S2-624687124,Tilak College Company,SERVICE TILAK COMPANY,"7, C.R. Avenue, Mezannine Floor, Kolkata, Howrah, West Bengal","7, KOLKATA, HOWRAH, পশ্চিমবঙ্গ",0.5,0.2142857142857142,7,7,1,0,tilak college company,service tilak company,76.47058823529412,76.47058823529412,0.0,False,False,False,True,False,True,True
S1-436336411,S2-67554002,JFR Pharmaceuticals Private Limited,JFR PHARMACEUTICALS PRIVATE LTD,"102/1-3, Madiwala, 33, 2Nd Floor, 4Th Main, Btm 1St Stage, Venkateshwara Layout, Jaibheemanagar, Old Madiwala, Bangalore South, Bangalore Rural, Karnataka",,0.6,0.0,"1,102,2,3,33,4",,0,1,jfr pharmaceuticals private limited,jfr pharmaceuticals private ltd,93.93939393939394,93.93939393939394,0.0,False,True,False,False,False,True,True
S1-553751190,S2-601745007,Future Dream Industries Private Limited,ఫ్యూచర్ డ్రీమ్ ఇండస్ట్రీస్ ప్రైవేట్ లిమిటెడ్,"Serilingampally, Innov8, Hyderabad, Telangana, 7Th Floor, Pranava Business Park, M/S Boorugu Infra Projects Private Limited, Serilingampally, Kothaguda","INNOV8, HYDERABAD, SERILINGAMPALLY, Telangana",0.0,0.2352941176470588,"7,8",8,1,0,future dream industries private limited,phyuucr ddriim inddsttriis praiveett limittedd,12.121212121212125,70.58823529411764,58.46702317290551,True,False,True,True,False,False,True
S1-136672277,S2-416571601,Baba Constructions Private Limited,বাবা কনস্ট্রাকশনস প্রাইভেট লিমিটেড,"Calcutta, West Bengal, 7 A J C Bose Road","1 A J C BOSE ROAD, CALCUTTA, পশ্চিমবঙ্গ",0.0,0.4285714285714285,7,1,0,0,baba constructions private limited,baabaa knsttraakshns praaibhett limittedd,10.169491525423725,64.0,53.83050847457628,True,False,True,False,False,False,False
S1-301804384,S2-417485031,Smile Bihari (India) Pvt. Ltd.,AVIBRIX,"Br-3-D, Shalimar Bagh Near Everbake, Delhi, North West, Delhi","DELHI, दिल्ली, BR-3-D",0.0,0.3333333333333333,3,3,1,0,smile bihari india pvt ltd,avibrix,24.24242424242424,24.24242424242424,0.0,False,False,False,True,False,False,False
S1-551045934,S2-130223171,Green Software Private Limited,ग्रीन सॉफ्टवेयर प्राइवेट लिमिटेड,"201, Sunder Apartment, Nesbit Road, Mazgaon, Mumbai, Mumbai City, Maharashtra","201, MUMBAI, MUMBAI CITY, Maharashtra",0.0,0.4444444444444444,201,201,1,0,green software private limited,griin sonphttveyr praaivett limittedd,10.34482758620689,65.67164179104478,55.32681420483789,True,False,True,True,False,False,False
S1-62334176,S2-3277172,Guru Urban Finance Private Limited,गुरु अर्बन फाइनेंस प्राइवेट लिमिटेड,"Central Delhi, Shop No. 246, New Delhi, Anarkali Market Jhandewalan Extension Near Videocon Towe, R, Delhi","DOOR NO 246, NEW DELHI, CENTRAL DELHI, दिल्ली",0.0,0.2941176470588235,246,246,1,0,guru urban finance private limited,guru arbn phaainens praaivett limittedd,12.698412698412696,71.23287671232876,58.53446401391607,True,False,True,True,False,False,True
S1-589489209,S2-45242240,Tnv India Private Limited,Tnv India Private,"Pvt-138 Kh.No.2/23, 2 Floor Extn. Street No. 7 Blk-A-1 Sant Nagar, Village Burari, Delhi, North Delhi, Delhi",,0.75,0.0,"1,138,2,23,7",,0,1,tnv india private limited,tnv india private,100.0,100.0,0.0,False,True,False,False,False,True,True
S1-170648401,S2-977034928,Baba Vijay Marketing,बाबा विजय मार्केटिंग,"206 B No.14, Vasant Oasis, Marol, Andheri(E), Mumbai, Maharashtra","NO 206/8 B NO.14, MUMBAI, Maharashtra",0.0,0.5,"14,206","14,206,8",2,0,baba vijay marketing,baabaa vijy maarketting,11.111111111111114,88.37209302325581,77.2609819121447,True,False,True,True,True,False,True
S1-571334561,S2-905718853,Shiva Logistics Limited,शिवा लॉजिस्टिक्स लिमिटेड,"1St Floor, South Delhi, E-12 Lajpat Nagar -1, New Delhi, Delhi","ST FLOOR, SOUTH DELHI, NEW DELHI, Delhi",0.0,0.3636363636363636,"1,12",,0,0,shiva logistics limited,shivaa lonjisttiks limittedd,10.0,82.35294117647058,72.35294117647058,True,False,True,False,False,False,True
S1-571334561,S2-248630133,Shiva Logistics Limited,शिवा लॉजिस्टिक्स लिमिटेड,"1St Floor, South Delhi, E-12 Lajpat Nagar -1, New Delhi, Delhi","9ST FLOOR, SOUTH DELHI, Delhi",0.0,0.2727272727272727,"1,12",9,0,0,shiva logistics limited,shivaa lonjisttiks limittedd,10.0,82.35294117647058,72.35294117647058,True,False,True,False,False,False,True
S1-571334561,S2-416066396,Shiva Logistics Limited,शिवा लॉजिस्टिक्स लिमिटेड,"1St Floor, South Delhi, E-12 Lajpat Nagar -1, New Delhi, Delhi","ST FLOOR, NEW DELHI, SOUTH DELHI, Delhi",0.0,0.3636363636363636,"1,12",,0,0,shiva logistics limited,shivaa lonjisttiks limittedd,10.0,82.35294117647058,72.35294117647058,True,False,True,False,False,False,True
S1-807578005,S2-118548909,Jay Consultancy Private Limited,जय कंसल्टेंसी प्राइवेट लिमिटेड,"Shop No. 31, Shyam Place, Laxman Vihar, Sadar Bazar, Gurgaon, Haryana","SHOP NO. 31, SADAR BAZAR, KARNAL, Haryana",0.0,0.5,31,31,1,0,jay consultancy private limited,jy knslttensii praaivett limittedd,10.909090909090908,67.6923076923077,56.78321678321679,True,False,True,True,True,False,False
S1-850227154,S2-257027921,LF Plm Private Limited,LF Plm Private Ltd,"Mhow, 1087 Central Street, Indore, Madhya Pradesh",,0.6,0.0,1087,,0,1,lf plm private limited,lf plm private ltd,90.0,90.0,0.0,False,True,False,False,False,True,True
S1-17695682,S2-917545615,Seven Consultants Private Limited,Seven Consultants Limited Center,"C/O Sumit Singh Vill Beel, Akabarpur, Dadri, Gautam Buddha Nagar, Uttar Pradesh",,0.6,0.0,,,0,1,seven consultants private limited,seven consultants limited center,87.71929824561403,87.71929824561403,0.0,False,True,False,False,False,True,True
S1-137181176,S2-761843706,Prime Services,PRIME SERVICES CORP,"9Th-Fr, Fl-9A, Purti Flower, Budge Trunk Road, Thakurpukur Mahestola, South 24 Parganas, West Bengal",,0.6666666666666666,0.0,"24,9",,0,1,prime services,prime services corp,100.0,100.0,0.0,False,True,False,False,False,True,True
S1-292915793,S2-832079965,Bombay Logistics Private Limited,Bombay Lgoestis Private Limited,"104, Vardhman Plaza Tower, H-3, Netaji Subhash Place, Pitam Pura, Delhi",,0.6,0.0,"104,3",,0,1,bombay logistics private limited,bombay lgoestis private limited,92.06349206349206,92.06349206349206,0.0,False,True,False,False,False,True,True
S1-318667373,S2-53275813,Alpha Constructions Private Limited,अल्फा कंस्ट्रक्शंस प्राइवेट लिमिटेड,"A-1, Floor Ground, Plot 260C, Sayed Wadi Dr Babasaheb Jaykar Marg, Kalbadevi, Mumbai, Mumbai City, Maharashtra","A-1, MUMBAI, MUMBAI CITY, Maharashtra",0.0,0.3125,"1,260",1,1,0,alpha constructions private limited,alphaa knsttrkshns praaivett limittedd,9.523809523809518,71.23287671232876,61.70906718851924,True,False,True,True,False,False,True
S1-30294997,S2-63156490,Girish Care LLP,Sri GIRISH LLP SERVICES,"Promoter B - 70, Sarvodya Enclave, New Delhi, Delhi",,0.4,0.0,70,,0,1,girish care llp,sri girish llp services,80.0,80.0,0.0,False,True,False,False,False,False,True
S1-249312071,S2-973516407,Vertical Polytechnic Private Limited,Limited Vertical Polytechnic (Partners),"Unit No 701A, 7Th Floor, Honey Gold, Plot No 44, Ashok Cooperative Housing Society Limited, Range Hills Road, Near Bhosale Nagar, Shivajinagar, Pune City, Pune, Maharashtra","H.NO #481 UNIT NO 701A, PUNE, Maharashtra",0.6,0.1923076923076923,"44,7,701","481,701",1,0,vertical polytechnic private limited,limited vertical polytechnic partners,90.4109589041096,90.4109589041096,0.0,False,False,False,True,False,True,True
S1-702207495,S2-638569166,Creative Enterprises Private Limited,क्रिएटिव एंटरप्राइजेज प्राइवेट लिमिटेड,"801, Prathmesh Heights, Lbs Marg Behind Dena Bank, Bhandup West, Mumbai, Mumbai City, Maharashtra","HN 903 801, MUMBAI, null, Maharashtra",0.0,0.1875,801,"801,903",1,0,creative enterprises private limited,kriettiv enttrpraaijej praaivett limittedd,8.82352941176471,71.7948717948718,62.971342383107086,True,False,True,True,False,False,True
S1-321119463,S2-204342697,Gold Producer Private Limited,गोल्ड प्रोड्यूसर प्राइवेट लिमिटेड,"Flat No. 1001, 10Th Floor, Lilty Tower, Kevni Pada Village, Amboli, Andheri (W), Mumbai, Mumbai City, Maharashtra","FAT NO. 1001/2, MUMBAI, MUMBAI CITY, Maharashtra",0.0,0.2777777777777778,"10,1001","1001,2",1,0,gold producer private limited,goldd proddyuusr praaivett limittedd,12.0,76.92307692307692,64.92307692307692,True,False,True,True,False,False,True
S1-36862231,S2-752374640,Galaxy Infra Private Limited,ಗ್ಯಾಲಕ್ಸಿ ಇನ್‌ಫ್ರಾ ಪ್ರೈವೇಟ್ ಲಿಮಿಟೆಡ್,"Bangalore, Karnataka, Sy No. (S)39, (P), 41(P), 42(P), Electronic City Phase I, Doddathogur Village, Begur Hobl, I Taluk","SY NO. (S)39, BANGALORE, Karnataka",0.0,0.3333333333333333,"39,41,42",39,1,0,galaxy infra private limited,gyaalksi inphraa praiveett limittedd,10.909090909090908,68.75,57.84090909090909,True,False,True,True,False,False,False
S1-719545866,S2-210322504,Galaxy Engineering,గెలాక్సీ ఇంజనీరింగ్,"Andhra Pradesh, D.No. 50-96-4, Visakhapatnam, 2Nd Floor N E Layout, Visakhapatnam (Urban), Vishakhapatnam","D.NO. 5-50-96-4, NARSIPATNAM AP, VISHAKHAPATNAM, ఆంధ్రప్రదేశ్",0.0,0.2608695652173913,"2,4,50,96","4,5,50,96",3,0,galaxy engineering,gelaaksii injniiring,6.25,52.63157894736843,46.38157894736843,True,False,True,True,False,False,False
S1-437599943,S2-537227953,Tdr Traders Pvt. Ltd.,Tdr Trfadoesr Pvt. Ltd.,"Ground Floor Flat 17, Bipin Ganguly Road, Kolkata, Kolkata, Howrah, West Bengal",,0.6,0.0,17,,0,1,tdr traders pvt ltd,tdr trfadoesr pvt ltd,90.0,90.0,0.0,False,True,False,False,False,True,True
S1-567353157,S2-794843545,Unique Marketing Pvt Ltd,यूनिक मार्केटिंग प्रा. लि.,"4 - F2 Court Chambers New Marine Lines, Mumbai, Maharashtra","4 - F2 COURT CHAMBERS NEW MARINE LINES, GREATERBOMBAY, MUMBAI, Maharashtra",0.0,0.9,"2,4","2,4",2,0,unique marketing pvt ltd,yuunik maarketting praa li,14.63414634146342,68.0,53.36585365853658,True,False,True,True,True,False,False
S1-567353157,S2-361460030,Unique Marketing Pvt Ltd,यूनिक मार्केटिंग प्रा. लि.,"4 - F2 Court Chambers New Marine Lines, Mumbai, Maharashtra","4 - F2 COURT CHAMBERS NEW MARINE LINES, GREATERBOMBAY, MUMBAI, Maharashtra",0.0,0.9,"2,4","2,4",2,0,unique marketing pvt ltd,yuunik maarketting praa li,14.63414634146342,68.0,53.36585365853658,True,False,True,True,True,False,False
S1-567353157,S2-887027353,Unique Marketing Pvt Ltd,M/s Unique Marreting Pvt [Ltd],"4 - F2 Court Chambers New Marine Lines, Mumbai, Maharashtra",,0.4285714285714285,0.0,"2,4",,0,1,unique marketing pvt ltd,m s unique marreting pvt ltd,88.46153846153847,88.46153846153847,0.0,False,True,False,False,False,False,True
S1-629733257,S2-8306111,Seven Power Private Limited,सेवन पावर प्राइवेट लिमिटेड,"Plot-1 Kh No-309 G/F, Shivpuri Deenpur Extn Najafgarh, New Delhi, South West Delhi, Delhi","PLOT-1 KH NO-309 G/F, NEW DELHI, SOUTH WEST DELHI, दिल्ली",0.0,0.6470588235294118,"1,309","1,309",2,0,seven power private limited,sevn paavr praaivett limittedd,12.244897959183676,73.6842105263158,61.43931256713212,True,False,True,True,True,False,True
S1-13564935,S2-989482283,Laxmi Digital Systems,लक्ष्मी डिजिटल सिस्टम्स,"A-5-O Phase-2, Sector-80, Noida, Gautam Buddha Nagar, Uttar Pradesh","PLOT 196 A-5-O PHASE-2, NOIDA, GAUTAM BUDDHA NAGAR, Uttar Pradesh",0.0,0.7333333333333333,"2,5,80","196,2,5",2,0,laxmi digital systems,lkssmii ddijittl sisttms,10.256410256410264,66.66666666666667,56.41025641025641,True,False,True,True,True,False,False
S1-248699678,S2-266392208,Creative Galaxy Business,क्रिएटिव गैलेक्सी बिजनेस,"No.402, 4Th Floor, Duru House, Juhu Tara Road, Next To Jw Marriot, Juhu, Mumbai, Maharashtra","NO.C-402, BOMBAY, MUMBAI, Maharashtra",0.0,0.2352941176470588,"4,402",402,1,0,creative galaxy business,kriettiv gaileksii bijnes,9.302325581395351,61.224489795918366,51.922164214523015,True,False,True,True,False,False,False
S1-248699678,S2-382843717,Creative Galaxy Business,क्रिएटिव गैलेक्सी बिजनेस,"No.402, 4Th Floor, Duru House, Juhu Tara Road, Next To Jw Marriot, Juhu, Mumbai, Maharashtra","NO C-402, MUMBAI, BOMBAY, Maharashtra",0.0,0.2352941176470588,"4,402",402,1,0,creative galaxy business,kriettiv gaileksii bijnes,9.302325581395351,61.224489795918366,51.922164214523015,True,False,True,True,False,False,False
S1-248699678,S2-857785111,Creative Galaxy Business,क्रिएटिव गैलेक्सी बिजनेस,"No.402, 4Th Floor, Duru House, Juhu Tara Road, Next To Jw Marriot, Juhu, Mumbai, Maharashtra","NO.C-402, MUMBAI, BOMBAY, Maharashtra",0.0,0.2352941176470588,"4,402",402,1,0,creative galaxy business,kriettiv gaileksii bijnes,9.302325581395351,61.224489795918366,51.922164214523015,True,False,True,True,False,False,False
S1-816418366,S2-360453519,Smart Care Private Limited,स्मार्ट केयर Private Limited,"Jaipur, P. N. 160 - B, Rajasthan, Shiv Goraksh Nagar, Malviya","P. N. 160 - B, NULL, JAIPUR, Rajasthan",0.2,0.5454545454545454,160,160,1,0,smart care private limited,smaartt keyr private limited,73.17073170731707,85.18518518518519,12.014453477868116,True,False,True,True,True,False,True
S1-816418366,S2-950150318,Smart Care Private Limited,स्मार्ट केयर प्राइवेट लिमिटेड,"Jaipur, P. N. 160 - B, Rajasthan, Shiv Goraksh Nagar, Malviya","P. N. 160 - B, NULL, JAIPUR, Rajasthan",0.0,0.5454545454545454,160,160,1,0,smart care private limited,smaartt keyr praaivett limittedd,12.765957446808514,72.41379310344828,59.64783565663977,True,False,True,True,True,False,True
S1-438010327,S2-727129012,Premier Projects Private Limited,प्रीमियर प्रोजेक्ट्स प्राइवेट लिमिटेड,"Bihar, Patna, Chandeshwar Singh Bhawan Alpana Market, New Patliputra Colony, H. No. - 4, Patna","Bihar, H. NO. - 4, PATNA",0.0,0.3846153846153846,4,4,1,0,premier projects private limited,priimiyr projektts praaivett limittedd,10.909090909090908,77.14285714285715,66.23376623376625,True,False,True,True,False,False,True
S1-185494665,S2-436109715,Tirupati Tech Power,TIRUPATI TECH SERVICES,"425/11, Jharkhandi Road Bhola Nath Nagar, Shahdara, East Delhi, Delhi",,0.5,0.0,"11,425",,0,1,tirupati tech power,tirupati tech services,81.25,81.25,0.0,False,True,False,False,False,True,True
S1-884310934,S2-957540909,Bombay Food Pvt Ltd,बॉम्बे फूड प्रा. लि.,"Office No H-220, 2Nd Floor, Railway Station Complex, Vashi, Thane, Maharashtra","महाराष्ट्र, THANE, OFFICE NO H-220",0.0,0.3125,"2,220",220,1,0,bombay food pvt ltd,bonmbe phuudd praa li,18.75,50.0,31.25,True,False,True,True,False,False,False
S1-884310934,S2-279884223,Bombay Food Pvt Ltd,बॉम्बे फूड प्रा. लि.,"Office No H-220, 2Nd Floor, Railway Station Complex, Vashi, Thane, Maharashtra","OFFICE NO H-220, THANE, Maharashtra",0.0,0.5,"2,220",220,1,0,bombay food pvt ltd,bonmbe phuudd praa li,18.75,50.0,31.25,True,False,True,True,True,False,False
S1-219263942,S2-745931929,Quest Academy Pvt. Ltd.,Veodrex,"01, Awfis Space Solutions, 4Th Floor, Vios Towers, Off Eastern Express Highway, Sewri-Chembur Road, Mumbai, Maharashtra","01, MUMBAI, BOMBAY, Maharashtra",0.0,0.1666666666666666,"01,4",01,1,0,quest academy pvt ltd,veodrex,21.42857142857143,21.42857142857143,0.0,False,False,False,True,False,False,False
S1-66116873,S2-246242685,Prime Lotus Technology Private Limited,प्राइम लोटस टेक्नोलॉजी प्राइवेट लिमिटेड,"4 Ground Floor, Indian Merchant Chambers Indian Merchant Chamber Road, E Road, Ch, Urchgate, Mumbai, Mumbai City, Maharashtra","DOOR NO 4  GROUND FLOOR, MUMBAI CITY, MUMBAI, Maharashtra",0.0,0.375,4,4,1,0,prime lotus technology private limited,praaim lotts tteknolonjii praaivett limittedd,12.5,72.28915662650603,59.78915662650603,True,False,True,True,False,False,True
S1-47489220,S2-795942616,Pune City Amusement Private Limited,Limited Pune City Private Center,"S No 81/82, Ganesh Baug Nr Hog, Industries, Mundhwa Pune, Pune City, Pune, Maharashtra","S NO 81/82, PUNE CITY, Maharashtra",0.6666666666666666,0.5384615384615384,"81,82","81,82",2,0,pune city amusement private limited,limited pune city private center,87.71929824561403,87.71929824561403,0.0,False,False,False,True,True,True,True
S1-83767464,S2-740895757,Hitech Projects Private Limited,ಹೈಟೆಕ್ ಪ್ರಾಜೆಕ್ಟ್ಸ್ ಪ್ರೈವೇಟ್ ಲಿಮಿಟೆಡ್,"# 67, Pranav 25Th Cross Jayanagar, 6Th Block, Bengaluru, F2, Karnataka, Bangalore","F2, BENGALURU, BANGALORE, ಕರ್ನಾಟಕ",0.0,0.2142857142857142,"2,25,6,67",2,1,0,hitech projects private limited,haittek praajektts praiveett limittedd,11.538461538461531,72.46376811594203,60.9253065774805,True,False,True,True,False,False,True
S1-872818070,S2-741942404,Apex Agro Pvt Ltd,অ্যাপেক্স অ্যাগ্রো প্রাইভেট লিমিটেড,"Hooghly, (Old-78/1), G.T. Raod, Champdani Lp- 30/23/1, West Bengal, 80/1, Hooghly","80/1, HOOGHLY, পশ্চিমবঙ্গ",0.0,0.1666666666666666,"1,23,30,78,80","1,80",2,0,apex agro pvt ltd,ayaapeks ayaagro praaibhett limittedd,14.63414634146342,55.55555555555556,40.92140921409214,True,False,True,True,False,False,False
S1-339858843,S2-632285577,Latest Services Pvt Ltd,Pvt Latest Seevices Ltd,"E-24 Sector-3, Noida, Gautam Buddha Nagar, Uttar Pradesh","GAUTAMBUDH NAGAR, NOIDA, उत्तर प्रदेश, NOIDA, E-25 SECTORG3",0.6,0.1666666666666666,"24,3","25,3",1,0,latest services pvt ltd,pvt latest seevices ltd,95.65217391304348,95.65217391304348,0.0,False,False,False,True,False,True,True
S1-281170584,S2-650436897,Galaxy International Private Limited,ಗ್ಯಾಲಕ್ಸಿ ಇಂಟರ್‌ನ್ಯಾಷನಲ್ ಪ್ರೈವೇಟ್ ಲಿಮಿಟೆಡ್,"No. 45, Shri Ashtalakshmi Nilaya, Kodigehalli Village, Bangalore North, Bangalore Rural, Karnataka","BANGALORE NORTH, BANGALORE RURAL, 45, ಕರ್ನಾಟಕ",0.0,0.2857142857142857,45,45,1,0,galaxy international private limited,gyaalksi inttrnyaassnl praiveett limittedd,8.695652173913047,66.66666666666667,57.971014492753625,True,False,True,True,False,False,False
S1-272283982,S2-691229218,Sunrise Clinic Pvt Ltd,SUNRISE PVT LTD SERVICES,"C/O Smt. Mayabai M., Madhankar At. Sendurwafa, Sakoli, Bhandara, Maharashtra",,0.6,0.0,,,0,1,sunrise clinic pvt ltd,sunrise pvt ltd services,81.08108108108108,81.08108108108108,0.0,False,True,False,False,False,True,True
S1-20902894,S2-380813017,Southern Projects Private Limited,सदर्न प्रोजेक्ट्स प्राइवेट लिमिटेड,"S No 58/3/1, Kapil Woodro, Azadnagar, Wanowrie, Pune, Pune City, Pune, Maharashtra","S NO 58/3/1, PUNE, Maharashtra",0.0,0.5833333333333334,"1,3,58","1,3,58",3,0,southern projects private limited,sdrn projektts praaivett limittedd,10.169491525423725,74.6268656716418,64.45737414621807,True,False,True,True,True,False,True
S1-527538724,S2-284444257,Ss Marketing Private Limited,एसएस मार्केटिंग प्राइवेट लिमिटेड,"Office No. 10, Hari Mansion, Plot No. 49, Dhanji Street, Zaveri Bazar, Mumbadevi, Bhuleshwar, Mumbai, Maharashtra","OFFICE NO. 10, MUMBAI, महाराष्ट्र",0.0,0.2105263157894736,"10,49",10,1,0,ss marketing private limited,eses maarketting praaivett limittedd,11.764705882352942,81.25,69.48529411764706,True,False,True,True,False,False,True
S1-654451728,S2-934175533,Arihant Services Private Limited,अरिहंत सर्विसेज प्राइवेट लिमिटेड,"1733, First Floor Plt No - 101 Dariba Kalan, Chandni Chowk, Delhi, North Delhi, Delhi","1733, Delhi, NORTH DELHI",0.0,0.25,"101,1733",1733,1,0,arihant services private limited,arihnt srvisej praaivett limittedd,9.677419354838705,78.78787878787878,69.11045943304008,True,False,True,True,False,False,True
S1-809847923,S2-104509408,Alpha Care Limited,ఆల్ఫా కేర్ లిమిటెడ్,"Plot No 385, Road No 82, Film Nagar, Shaikpet, Hyderabad, Telangana","PLOT NO 385, HYDERABAD, తెలంగాణ",0.0,0.2857142857142857,"385,82",385,1,0,alpha care limited,aalphaa keer limittedd,11.764705882352944,75.0,63.23529411764706,True,False,True,True,False,False,True
S1-274643464,S2-257690582,Devi Vidyalaya Private Limited,DEVI VIDYALAYA PRIVATE LTD,"S.No.12/1/1, Jaykamal, Morya Park, Lane No-1, Pimple Gurav, Pune, Maharashtra",,0.6,0.0,"1,12",,0,1,devi vidyalaya private limited,devi vidyalaya private ltd,92.85714285714286,92.85714285714286,0.0,False,True,False,False,False,True,True
S1-629884157,S2-130026705,Lkp Enterprises Private Limited,Lkp Enterprises Private,"C/O Prakash Gupta, A-62, New York City, Mundi, Indore, Madhya Pradesh",,0.75,0.0,62,,0,1,lkp enterprises private limited,lkp enterprises private,100.0,100.0,0.0,False,True,False,False,False,True,True
S1-911418829,S2-865701560,Sarasanth Infra Private Limited,Sarasanth Infra Perdive Limited,"House No 993 Sector-6, Bahadurgarh, Jhajjar, Haryana","HOUSE NO 99 SECTOR-6, BAHADURGARH, हरियाणा",0.6,0.4166666666666667,"6,993","6,99",1,0,sarasanth infra private limited,sarasanth infra perdive limited,93.5483870967742,93.5483870967742,0.0,False,False,False,True,False,True,True
S1-752768472,S2-349983329,Shiva Software Private Limited,ശിവാ സോഫ്റ്റ്‌വെയർ പ്രൈവറ്റ് ലിമിറ്റഡ്,"Ezhoor Road, Tirur, Malappuram, Kasargod, Kerala","3, KASARGOD, Kerala",0.0,0.2857142857142857,,3,0,0,shiva software private limited,shivaa soophrrrrvey praivrrrr limirrrrdd,10.714285714285708,60.0,49.28571428571429,True,False,True,False,False,False,False
S1-235771203,S2-153281725,High Construction Private Limited,हाई कंस्ट्रक्शन प्राइवेट लिमिटेड,"A-320, 3Rd Floor Ansal, Chambe-1, 3 B.C Place, New Delhi, Delhi","A-320, NEW DELHI, DELHI, दिल्ली",0.0,0.2666666666666666,"1,3,320",320,1,0,high construction private limited,haaii knsttrkshn praaivett limittedd,9.836065573770496,63.76811594202898,53.93205036825848,True,False,True,True,False,False,False
S1-235771203,S2-105658359,High Construction Private Limited,हाई कंस्ट्रक्शन प्राइवेट लिमिटेड,"A-320, 3Rd Floor Ansal, Chambe-1, 3 B.C Place, New Delhi, Delhi","A-320, NEW DELHI, DELHI",0.0,0.3076923076923077,"1,3,320",320,1,0,high construction private limited,haaii knsttrkshn praaivett limittedd,9.836065573770496,63.76811594202898,53.93205036825848,True,False,True,True,False,False,False
S1-680488852,S2-352532325,Vijetha Trading Private Limited,Shri vtprivate.com,"Maharashtra, Kurla Kamgar Chs Ltd, S. G. Brave Marg Kamgar Nagar Kurla East, Mumbai City, 37-A, Mumbai","HN 924 37-A, MUMBAI CITY, Maharashtra",0.0,0.2941176470588235,37,"37,924",1,0,vijetha trading private limited,shri vtprivate com,53.06122448979591,53.06122448979591,0.0,False,False,False,True,False,False,False
S1-557024114,S2-743792008,United Healthcare Private Limited,यूनाइटेड हेल्थकेयर प्राइवेट लिमिटेड,"Ga-1, Court Chambers, 35, New Marine Lines, Munbai, Maharashtra","GA-1, NEW MARINE LINES, MUNBAI, Maharashtra",0.0,0.7,"1,35",1,1,0,united healthcare private limited,yuunaaittedd helthkeyr praaivett limittedd,9.677419354838705,72.0,62.322580645161295,True,False,True,True,True,False,True
S1-557024114,S2-466518511,United Healthcare Private Limited,यूनाइटेड हेल्थकेयर प्राइवेट लिमिटेड,"Ga-1, Court Chambers, 35, New Marine Lines, Munbai, Maharashtra","MUNBAI, महाराष्ट्र, GA-1, NEW MARINE LINES",0.0,0.4285714285714285,"1,35",1,1,0,united healthcare private limited,yuunaaittedd helthkeyr praaivett limittedd,9.677419354838705,72.0,62.322580645161295,True,False,True,True,False,False,True
S1-679340480,S2-95939264,Pioneer Investments Private Limited,Pioneer Investments Private Enterprises,"Pp/14-767, 768, 1222 Near, Kochupalam, Attingal Road, Chirayinkeezhu, Thiruvananthapuram, Trivandrum, Kerala",,0.6,0.0,"1222,14,767,768",,0,1,pioneer investments private limited,pioneer investments private enterprises,87.09677419354838,87.09677419354838,0.0,False,True,False,False,False,True,True
S1-928003861,S2-772195056,Perfect Foundation Private Limited,परफेक्ट फाउंडेशन प्राइवेट लिमिटेड,"H. No. - W11/7, Sector-76, Ballabgarh, Faridabad, Haryana","H. NO. - W21/7, BALLABGARH, FARIDABAD, Haryana",0.0,0.6,"11,7,76","21,7",1,0,perfect foundation private limited,prphektt phaaunddeshn praaivett limittedd,9.836065573770496,61.33333333333333,51.49726775956283,True,False,True,True,True,False,False
S1-928003861,S2-258336014,Perfect Foundation Private Limited,परफेक्ट फाउंडेशन प्राइवेट लिमिटेड,"H. No. - W11/7, Sector-76, Ballabgarh, Faridabad, Haryana","Haryana, FARIDABAD, H. NO. - W21/7, BALLABGARH",0.0,0.6,"11,7,76","21,7",1,0,perfect foundation private limited,prphektt phaaunddeshn praaivett limittedd,9.836065573770496,61.33333333333333,51.49726775956283,True,False,True,True,True,False,False
S1-283604015,S2-714856221,Devon Products Private Limited,Devon Products Priatave Limited,"Jhoomer Ghat, Rasalpura, Near Rao A.B. Road, Indore, Madhya Pradesh",,0.6,0.0,,,0,1,devon products private limited,devon products priatave limited,95.08196721311477,95.08196721311477,0.0,False,True,False,False,False,True,True
S1-958348100,S2-413706611,Bright Universal Tech Private Limited,ब्राइट यूनिवर्सल टेक प्राइवेट लिमिटेड,"Navi Mumbai, Maharashtra, Plot No A-23, Midc Ttc Indl Area, Thane Belapure Rd, Behind Reliance Silicon, Khairane, Mumbai City","PLOT NO A-23, MUMBAI CITY, Maharashtra, MUMBAI",0.0,0.3684210526315789,23,23,1,0,bright universal tech private limited,braaitt yuunivrsl ttek praaivett limittedd,11.764705882352942,73.41772151898735,61.65301563663441,True,False,True,True,False,False,True
S1-19184531,S2-138363651,Prime Healthcare Private Limited,प्राइम हेल्थकेयर प्राइवेट लिमिटेड,"13, Bhairav Nagar, Ajmer Road Bhankrota, Tehsil Sanganer, Jaipur, Rajasthan","Rajasthan, JAIPUR, 13, JAIPUR",0.0,0.3,13,13,1,0,prime healthcare private limited,praaim helthkeyr praaivett limittedd,10.526315789473683,73.52941176470588,63.0030959752322,True,False,True,True,False,False,True
S1-19184531,S2-770142396,Prime Healthcare Private Limited,प्राइम हेल्थकेयर प्राइवेट लिमिटेड,"13, Bhairav Nagar, Ajmer Road Bhankrota, Tehsil Sanganer, Jaipur, Rajasthan","13, JAIPUR, Rajasthan",0.0,0.3,13,13,1,0,prime healthcare private limited,praaim helthkeyr praaivett limittedd,10.526315789473683,73.52941176470588,63.0030959752322,True,False,True,True,False,False,True
S1-19184531,S2-724723506,Prime Healthcare Private Limited,प्राइम हेल्थकेयर प्राइवेट लिमिटेड,"13, Bhairav Nagar, Ajmer Road Bhankrota, Tehsil Sanganer, Jaipur, Rajasthan","13, JAIPUR, Rajasthan",0.0,0.3,13,13,1,0,prime healthcare private limited,praaim helthkeyr praaivett limittedd,10.526315789473683,73.52941176470588,63.0030959752322,True,False,True,True,False,False,True
S1-19184531,S2-610368678,Prime Healthcare Private Limited,प्राइम हेल्थकेयर प्राइवेट लिमिटेड,"13, Bhairav Nagar, Ajmer Road Bhankrota, Tehsil Sanganer, Jaipur, Rajasthan","राजस्थान, JAIPUR, 13, JAIPUR",0.0,0.1428571428571428,13,13,1,0,prime healthcare private limited,praaim helthkeyr praaivett limittedd,10.526315789473683,73.52941176470588,63.0030959752322,True,False,True,True,False,False,True
S1-299995665,S2-240437956,CD Labs Private Limited,CD Labs  Private,"No 66, 2Nd Main, Pothalappa Garden Near Mico Hosur Main Road, Audugodi, Bangalore, Karnataka",,0.75,0.0,"2,66",,0,1,cd labs private limited,cd labs private,100.0,100.0,0.0,False,True,False,False,False,True,True
S1-730848061,S2-988217120,Drishya Diamond Private Limited,Drishya Private Limited Services,"B-103 Silver Star Pl-50, 63, 64, 65 Sec 18 Kamothe, Panvel, Raigarh, Maharashtra",,0.6,0.0,"103,18,50,63,64,65",,0,1,drishya diamond private limited,drishya private limited services,85.18518518518519,85.18518518518519,0.0,False,True,False,False,False,True,True
S1-248452630,S2-856544115,Vs Brothers Pvt. Ltd.,Pvt. Vs 8trhes Ltd.,"Plot No 59 Floor Ground, Block-Cw Landmark Near Desi Sharab Ka Theka Sanjay Gandhi, Delhi, North West Delhi, Delhi","PLOT NO 59 FLOOR GROUND, DELHI",0.6,0.3333333333333333,59,59,1,0,vs brothers pvt ltd,pvt vs 8trhes ltd,83.33333333333334,83.33333333333334,0.0,False,False,False,True,False,True,True
S1-23589069,S2-930305210,Super One Engineering Private Limited,சூப்பர் ஒன் இன்ஜினியரிங் பிரைவேட் லிமிடெட்,"1A, Jeeva Road, Periyar Nagar, Alwarthirunagar, Chennai, Tamil Nadu","DOOR NO 480  1A, CHENNAI, MADRAS, தமிழ்நாடு",0.0,0.1176470588235294,1,"1,480",1,0,super one engineering private limited,cuuppr onnn innnjinnniyring piraiveett limittett,11.764705882352942,63.52941176470588,51.764705882352935,True,False,True,True,False,False,False
S1-23589069,S2-457575524,Super One Engineering Private Limited,சூப்பர் ஒன் இன்ஜினியரிங் பிரைவேட் லிமிடெட்,"1A, Jeeva Road, Periyar Nagar, Alwarthirunagar, Chennai, Tamil Nadu","1A, MADRAS, CHENNAI, Tamil Nadu",0.0,0.4,1,1,1,0,super one engineering private limited,cuuppr onnn innnjinnniyring piraiveett limittett,11.764705882352942,63.52941176470588,51.764705882352935,True,False,True,True,False,False,False
S1-673365883,S2-698947965,WS Pressings Private Limited,wspressings.com,"203, Sidcup Tower, Race Course Road, Vadodara, Gujarat","HN 482 203, VADODARA, ગુજરાત",0.0,0.1538461538461538,203,"203,482",1,0,ws pressings private limited,wspressings com,60.46511627906976,60.46511627906976,0.0,False,False,False,True,False,False,False
S1-793300194,S2-222587488,Sm Printers Private Limited,smprintersprivate.com,"Durga Chambers 1333, D.B. Gupta Road, Delhi, 101, Karol Bagh, New Delhi","101, KAROL BAGH, NEW DELHI, दिल्ली",0.0,0.3571428571428571,"101,1333",101,1,0,sm printers private limited,smprintersprivate com,79.16666666666666,79.16666666666666,0.0,False,False,False,True,False,False,True
S1-491081790,S2-902430559,Vision Consulting Private Limited,विजन कंसल्टिंग प्राइवेट लिमिटेड,"18, Kailas Apt, Near Hansnagar, Behind S.T. Workshop, Thane, Thane, Maharashtra","18, THANE, Maharashtra",0.0,0.2727272727272727,18,18,1,0,vision consulting private limited,vijn knsltting praaivett limittedd,10.169491525423725,74.6268656716418,64.45737414621807,True,False,True,True,False,False,True
S1-717194054,S2-418430522,Sree Engineering Private Limited,-- SREEENGINEERINGCOM,"Office, 200, 201, 202 Parshwnath Business Park, Sur. No. 836, F.P.No.1/2, Nr.Auda Garden, Vejalpur, Ahmedabad, Gujarat","OFFICE, AHMEDABAD, Gujarat",0.0,0.15,"1,2,200,201,202,836",,0,0,sree engineering private limited,sreeengineeringcom,64.0,64.0,0.0,False,False,False,False,False,False,False
S1-198159340,S2-239192429,Urban Trading Private Limited,अर्बन ट्रेडिंग प्राइवेट लिमिटेड,"F-1/9 Okhla Industrial Area Phase-1, New Delhi, South Delhi, Delhi","DOOR NO 00248 F-1/9 OKHLA INDUSTRIAL AREA PHASE-1, SOUTH DELHI, NEW DELHI, दिल्ली",0.0,0.6666666666666666,"1,9","00248,1,9",2,0,urban trading private limited,arbn ttredding praaivett limittedd,11.764705882352942,76.19047619047619,64.42577030812325,True,False,True,True,True,False,True
S1-161965217,S2-218244482,Blue Media Private Limited,ब्लू मीडिया प्राइवेट लिमिटेड,"Jaipur, Rajasthan, Jaipur, P No. 359-A, Gali No. 2, Raja Park, Jawahar Nagar","P NO. 359-A, JAIPUR, Rajasthan",0.0,0.5,"2,359",359,1,0,blue media private limited,bluu miiddiyaa praaivett limittedd,13.63636363636364,73.33333333333334,59.6969696969697,True,False,True,True,True,False,True
S1-319627604,S2-772464701,Amos Academy Private Limited,Amos Academy Pivgate Limited,"Kerala, Nh Bypass, Near Emc, Vennala P O, Skyline House, Cochin, Ernakulam",,0.6,0.0,,,0,1,amos academy private limited,amos academy pivgate limited,96.42857142857144,96.42857142857144,0.0,False,True,False,False,False,True,True
S1-793205745,S2-228442612,One Solutions Pvt Ltd,వన్ సొల్యూషన్స్ ప్రైవేట్ లిమిటెడ్,"D.No.40-9-73, 2Nd Floor, Kala Nagar Near Benz Circle Vijayawada Municipal Corporation, Revenue Ward -13, Vijayawada (Urban), Krishna, Andhra Pradesh","D.NO.0-9-73, KRISHNA, ఆంధ్రప్రదేశ్",0.0,0.1785714285714285,"13,2,40,73,9","0,73,9",2,0,one solutions pvt ltd,vn solyuussns praiveett limittedd,13.63636363636364,59.25925925925925,45.62289562289561,True,False,True,True,False,False,False
S1-899143408,S2-826727581,Baba Infra Private Limited,বাবা ইনফ্রা প্রাইভেট লিমিটেড,"15, Lake Terrace, Kolkata, Howrah, West Bengal","BLOCK G-632 15, HOWRAH, NO BLOCK, West Bengal",0.0,0.3636363636363636,15,"15,632",1,0,baba infra private limited,baabaa inphraa praaibhett limittedd,13.043478260869565,72.1311475409836,59.08766928011404,True,False,True,True,False,False,True
S1-478145003,S2-300073033,Jaipur Tourism Private Limited,Jaipur Tourism Private Ltd,"Flat No. 801, Pearl Prem, Apartments, Rajendra Marg, Jaipur, Rajasthan",,0.6,0.0,801,,0,1,jaipur tourism private limited,jaipur tourism private ltd,92.85714285714286,92.85714285714286,0.0,False,True,False,False,False,True,True
S1-605943445,S2-374365399,Best Producer Private Limited,Private Best Producer Ltd,"Vasundhara, 2/7 Sarat Bose Road, Unit A, 9Th Floor, Kolkata, Kolkata, Howrah, West Bengal","VASUNDHARA, KOLKATA, HOWRAH, West Bengal",0.6,0.3571428571428571,"2,7,9",,0,0,best producer private limited,private best producer ltd,92.5925925925926,92.5925925925926,0.0,False,False,False,False,False,True,True
S1-605943445,S2-324373457,Best Producer Private Limited,বেস্ট প্রডিউসার প্রাইভেট লিমিটেড,"Vasundhara, 2/7 Sarat Bose Road, Unit A, 9Th Floor, Kolkata, Kolkata, Howrah, West Bengal","VASUNDHARA, KOLKATA, HOWRAH, পশ্চিমবঙ্গ",0.0,0.1666666666666666,"2,7,9",,0,0,best producer private limited,bestt prddiusaar praaibhett limittedd,11.320754716981128,69.6969696969697,58.376214979988575,True,False,True,False,False,False,False
S1-355020180,S2-695933793,Shakti Enterprises Private Limited,ಶಕ್ತಿ ಎಂಟರ್‌ಪ್ರೈಸಸ್ ಪ್ರೈವೇಟ್ ಲಿಮಿಟೆಡ್,"Bangalore, No. 20, 4Th Floor, Vishnu Towers, 9Th Cross Iti Layout, 1St Phase, J. P. Nagar, Karnataka, Bengaluru","NO. 20, BENGALURU, BANGALORE, Karnataka",0.0,0.2777777777777778,"1,20,4,9",20,1,0,shakti enterprises private limited,shkti enttrpraiss praiveett limittedd,10.0,81.69014084507043,71.69014084507043,True,False,True,True,False,False,True
S1-355020180,S2-241336046,Shakti Enterprises Private Limited,ಶಕ್ತಿ ಎಂಟರ್‌ಪ್ರೈಸಸ್ ಪ್ರೈವೇಟ್ ಲಿಮಿಟೆಡ್,"Bangalore, No. 20, 4Th Floor, Vishnu Towers, 9Th Cross Iti Layout, 1St Phase, J. P. Nagar, Karnataka, Bengaluru","20, BENGALURU, BANGALORE, ಕರ್ನಾಟಕ",0.0,0.1428571428571428,"1,20,4,9",20,1,0,shakti enterprises private limited,shkti enttrpraiss praiveett limittedd,10.0,81.69014084507043,71.69014084507043,True,False,True,True,False,False,True
S1-978894984,S2-264066172,Shakti Technologies Private Limited,शक्ति टेक्नोलॉजीज प्राइवेट लिमिटेड,"Plot No. 93, 1St Floor, A-Block, Nangal Dewat, Vasant Kunj, Delhi, South Delhi, Delhi","93, DELHI, SOUTH DELHI, Delhi",0.0,0.2307692307692307,"1,93",93,1,0,shakti technologies private limited,shkti tteknolonjiij praaivett limittedd,10.0,72.97297297297297,62.97297297297297,True,False,True,True,False,False,True
S1-996392491,S2-881939662,Jai It Limited,Jai It Ltd,"Panna Lalbuilding Ram Ghat Road Aligarh, Uttar Pradesh, Aligarh, Uttar Pradesh",,0.5,0.0,,,0,1,jai it limited,jai it ltd,83.33333333333334,83.33333333333334,0.0,False,True,False,False,False,True,True
S1-78333566,S2-559799455,Good Products Private Limited,গুড প্রোডাক্টস প্রাইভেট লিমিটেড,"17/1E, Alipore Road, Flat No-2C 2Nd Floor, Kolkata, Kolkata, Howrah, West Bengal","পশ্চিমবঙ্গ, HOWRAH, 17/1E, KOLKATA",0.0,0.2352941176470588,"1,17,2","1,17",2,0,good products private limited,gudd proddaaktts praaibhett limittedd,12.0,66.66666666666667,54.66666666666667,True,False,True,True,False,False,False
S1-764234422,S2-13885940,Red Consultancy Private Limited,ரெட் கன்சல்டன்சி பிரைவேட் லிமிடெட்,"25, Flowers Road, Iii Floor, Egmore Benefit Society Building, Kilpau, K, Chennai, Tamil Nadu","25, MADRAS, CHENNAI, Tamil Nadu",0.0,0.2666666666666666,25,25,1,0,red consultancy private limited,rett knnnclttnnnci piraiveett limittett,11.320754716981128,60.0,48.67924528301887,True,False,True,True,False,False,False
S1-904177969,S2-506745930,Bharat Projects Private Limited,ભારત પ્રોજેક્ટ્સ પ્રાઇવેટ લિમિટેડ,"Block I House Number 402, Arohi Elegance Gala Gym Khana Road, South Bopal, Ahmedabad, Gujarat","BLOCK I HOUSE NUMBER 40, AHMEDABAD, ગુજરાત",0.0,0.2631578947368421,402,40,0,0,bharat projects private limited,bhaart projektts praaivett limittedd,10.714285714285708,80.59701492537313,69.88272921108742,True,False,True,False,False,False,True
S1-345629468,S2-890776541,Hanuman Consultancy Private Limited,SOLCIRA,"S.F.No 18, Maruthamalai Road, V.O Nagar, Vadavally, Coimbatore, Tamil Nadu","S.F.NO 18, COIMBATORE, தமிழ்நாடு",0.0,0.2941176470588235,18,18,1,0,hanuman consultancy private limited,solcira,28.57142857142857,28.57142857142857,0.0,False,False,False,True,False,False,False
S1-290162312,S2-134378160,Great Infotech Private Limited,ગ્રેટ ઇન્ફોટેક પ્રાઇવેટ લિમિટેડ,"404, Samedh, B/S. Associated Petrol Pump C.G. Road, Ellisbridge, Ahmedabad, Gujarat","BLOCK B-618 404, MUMBAI, ELLISBRIDGE, Gujarat",0.0,0.25,404,"404,618",1,0,great infotech private limited,grett inphottek praaivett limittedd,11.320754716981128,73.84615384615385,62.525399129172726,True,False,True,True,False,False,True
S1-430697586,S2-379289118,Life Developers Private Limited,लाइफ डेवलपर्स प्राइवेट लिमिटेड,"27-F-110, Sanjay Place, Agra, Uttar Pradesh","7-F-110, AGRA, Uttar Pradesh",0.0,0.5555555555555556,"110,27","110,7",1,0,life developers private limited,laaiph ddevlprs praaivett limittedd,10.909090909090908,72.72727272727273,61.81818181818183,True,False,True,True,True,False,True
S1-722496161,S2-918996018,Senthil Finserve Private Limited,SENTHIL FNERE PRIVATE LIMITED,"13, Indrani Chs Ltd Poornima Chs Ltd 62, Mahul Rd Nr Bharat Gas, Chembur(West), Mumbai, Mumbai City, Maharashtra",,0.6,0.0,"13,62",,0,1,senthil finserve private limited,senthil fnere private limited,95.08196721311477,95.08196721311477,0.0,False,True,False,False,False,True,True
S1-872904973,S2-797176952,Shree (India) Industries Corporation,Shree (lndia) (Industries),"Plot No. 27, Brij Nikunj, Hawa Sarak, Brij Colony, Civil Lines, Jaipur, Rajasthan",,0.4,0.0,27,,0,1,shree india industries corporation,shree lndia industries,84.21052631578948,84.21052631578948,0.0,False,True,False,False,False,False,True
S1-652543420,S2-456442177,YRY Plastic Private Limited,YRY PLASTIC,"Tamil Nadu, Madurai, 175, Vilachery Main Road Muniyandipuram Andalpuram",,0.5,0.0,175,,0,1,yry plastic private limited,yry plastic,100.0,100.0,0.0,False,True,False,False,False,True,True
S1-871793224,S2-104850361,Gujarat Software Private Limited,Gujarat Software,"No 14 Ezhil Nagar Main Rd, Saidapet, Kanchipuram, Tamil Nadu",,0.5,0.0,14,,0,1,gujarat software private limited,gujarat software,100.0,100.0,0.0,False,True,False,False,False,True,True
S1-708766326,S2-131298372,Arab & Associates Private Limited,Dr Arab & Private Limited Center,"141 C Pocket-1 Phase-1 Mayur Vihar, Delhi, East Delhi, Delhi",,0.5714285714285714,0.0,"1,141",,0,1,arab and associates private limited,dr arab and private limited center,82.75862068965517,82.75862068965517,0.0,False,True,False,False,False,True,True
S1-383936081,S2-845242677,Swastik Classic Projects LLP,స్వస్తిక్ క్లాసిక్ ప్రాజెక్ట్స్ ఎల్‌ఎల్‌పీ,"Rangareddy, Plot No 27, Flat No 901 C Block, Raheja Vistas, Nacharam-Ida, Telangana, Hyderabad","PLOT NO ##27, RANGAREDDY, HYDERABAD, Andhra Pradesh",0.0,0.3125,"27,901",27,1,0,swastik classic projects llp,svstik klaasik praajektts elelpii,12.244897959183676,68.85245901639344,56.60756105720976,True,False,True,True,False,False,False
S1-893017965,S2-869503207,Blue Eastern Management Private Limited,ब्लू ईस्टर्न मैनेजमेंट प्राइवेट लिमिटेड,"1St Floor, System No 1, Hubtown Solaris Bldg, N S Phadke Rd, Near Flyover Bridge, Saiwadi, Andheri E, Mumbai, Mumbai City, Maharashtra","1ST- FLOOR, MUMBAI CITY, Maharashtra",0.0,0.238095238095238,1,1,1,0,blue eastern management private limited,bluu iisttrn mainejmentt praaivett limittedd,12.121212121212125,74.6987951807229,62.57758305951077,True,False,True,True,False,False,True
S1-391995593,S2-782877873,Shivam Global Private Limited,ಶಿವಂ ಗ್ಲೋಬಲ್ ಪ್ರೈವೇಟ್ ಲಿಮಿಟೆಡ್,"No 15, 3Rd Main, Industrial Town Rajajinagar, Bangalore, Karnataka","NO 15, BANGALORE, Karnataka",0.0,0.4444444444444444,"15,3",15,1,0,shivam global private limited,shivn gloobl praiveett limittedd,12.244897959183676,78.68852459016394,66.44362663098026,True,False,True,True,False,False,True
S1-862706434,S2-348567661,Pragya Overseas,Cirayuma,"Newno.12A, Old No.25, Pl.No.25&26 F Ii Main Road, Ii Extension, Venkatesanagar, Virugambakk, Am, Chennai, Tamil Nadu","NO 12A, CHENNAI, தமிழ்நாடு",0.0,0.1304347826086956,"12,25,26",12,1,0,pragya overseas,cirayuma,34.78260869565217,34.78260869565217,0.0,False,False,False,True,False,False,False
S1-149529708,S2-55154327,Bright Industries Private Limited,ब्राइट इंडस्ट्रीज प्राइवेट लिमिटेड,"101-3/4 (277), Sector 5, Sanpada, Navi Mumbai, Thane, Maharashtra","(277), THANE, महाराष्ट्र",0.0,0.1333333333333333,"101,277,3,4,5",277,1,0,bright industries private limited,braaitt inddsttriij praaivett limittedd,10.169491525423725,72.22222222222223,62.052730696798506,True,False,True,True,False,False,True
S1-511187745,S2-330879284,Lion Solutions Private Limited,Lion Solutions Private Ltd,"H.No- 69/14 M A Sarani, Bishorpara, Birati, Airport, North 24 Parganas, West Bengal",,0.6,0.0,"14,24,69",,0,1,lion solutions private limited,lion solutions private ltd,92.85714285714286,92.85714285714286,0.0,False,True,False,False,False,True,True
S1-202478300,S2-915817576,Lotus Constructions Private Limited,लोटस कंस्ट्रक्शंस प्राइवेट लिमिटेड,"F-2, Shree Ganesham - 2, Shopping Centre, 15, Indraprastha Colony, Amrapali Marg V, Aishali Na, Jaipur, Rajsamand, Rajasthan","F-2, JAIPUR, Rajasthan",0.0,0.2352941176470588,"15,2",2,1,0,lotus constructions private limited,lotts knsttrkshns praaivett limittedd,9.836065573770496,69.44444444444444,59.608378870673945,True,False,True,True,False,False,False
S1-304936240,S2-464144448,Creative Builders Private Limited,क्रिएटिव बिल्डर्स प्राइवेट लिमिटेड,"401, 4Th Floor, Bhavya Plaza 5Th Road, Khar (W), Mumbai, Maharashtra","401/7, KHAR (W), NULL, Maharashtra",0.0,0.3076923076923077,"4,401,5","401,7",1,0,creative builders private limited,kriettiv bilddrs praaivett limittedd,9.836065573770496,75.36231884057972,65.52625326680922,True,False,True,True,False,False,True
S1-583664503,S2-294739966,Dream Consulting Limited,ড্রিম কনসাল্টিং লিমিটেড,"P.R.N House 177, Mahatma Gandhi Road, Kolkata, Howrah, West Bengal","P.R.N HOUSE 177, West Bengal, HOWRAH, KOLKATA",0.0,0.75,177,177,1,0,dream consulting limited,ddrim knsaalttin limittedd,10.810810810810809,72.0,61.18918918918919,True,False,True,True,True,False,True
S1-929470458,S2-769403000,Dj Valley Private Limited,Dj Valley Private,"1013-1020, A Wing, 1St Floor, Oberoi Garden Estate Chandivali Farm Road, Nr. Studio Andheri, (E), Mumbai, Mumbai City, Maharashtra",,0.75,0.0,"1,1013,1020",,0,1,dj valley private limited,dj valley private,100.0,100.0,0.0,False,True,False,False,False,True,True
S1-482152306,S2-284639843,Life Engineering Private Limited,लाइफ इंजीनियरिंग प्राइवेट लिमिटेड,"A-212, Gali No-1 Shakarpur, Delhi, East Delhi, Delhi","A-0212, GALI NO-1 SHAKARPUR, DELHI, EAST, दिल्ली",0.0,0.6363636363636364,"1,212","0212,1",1,0,life engineering private limited,laaiph injiiniyring praaivett limittedd,10.0,67.6056338028169,57.6056338028169,True,False,True,True,True,False,False
S1-807210753,S2-102439314,Sky It Private Limited,स्काई आईटी प्राइवेट लिमिटेड,"20, Sharda Nagar, Ambajogai Road, Latur, Maharashtra","20, NULL, LATUR, Maharashtra",0.0,0.375,20,20,1,0,sky it private limited,skaaii aaiittii praaivett limittedd,13.043478260869565,66.66666666666667,53.62318840579711,True,False,True,True,False,False,False
S1-969115166,S2-831435528,Universal Technocrat Public Limited,*** Universal Tceahconart Public Limited,"Plot No 230, Scheme No 54, P.U. 4, Vijay Nagar, Indore, Madhya Pradesh","PLOT NO 30, SCHEME NO 54, P.U. 4, VIJAY NAGAR, INDORE, मध्य प्रदेश",0.6,0.5263157894736842,"230,4,54","30,4,54",2,0,universal technocrat public limited,universal tceahconart public limited,87.32394366197182,87.32394366197182,0.0,False,False,False,True,True,True,True
S1-220855079,S2-593607607,Tech Healthcare Private Limited,Tech Hea1thcare Limited Center,"324-325, S-4, Sun & Moon Chambers, Gopal Bari, Near Ajmer Pulia, Jaipur, Rajasthan",,0.3333333333333333,0.0,"324,325,4",,0,1,tech healthcare private limited,tech hea1thcare limited center,72.1311475409836,72.1311475409836,0.0,False,True,False,False,False,False,True
S1-85285845,S2-627115933,Bharat Healthcare Private Limited,ભારત હેલ્થકેર પ્રાઇવેટ લિમિટેડ,"Plot-C/43, Shiv Nagar Society, Matawadi Varachha Road, Surat, Gujarat","SURAT, ગુજરાત, PLOT-C/C-43",0.0,0.2857142857142857,43,43,1,0,bharat healthcare private limited,bhaart helthker praaivett limittedd,10.526315789473683,76.47058823529412,65.94427244582043,True,False,True,True,False,False,True
S1-19902257,S2-577761710,Ace Indian Technology Private Limited,एस इंडियन टेक्नोलॉजी प्राइवेट लिमिटेड,"Survey No 40, Common, Raghunandan Kasturi, Kamte, Pune City, Pune, Maharashtra","101, PUNE, Maharashtra",0.0,0.1818181818181818,40,101,0,0,ace indian technology private limited,es inddiyn tteknolonjii praaivett limittedd,12.307692307692308,70.0,57.69230769230769,True,False,True,False,False,False,True
S1-15018062,S2-490054774,Swastik Software Limited,স্বস্তিক সফটওয়্যার লিমিটেড,"Jubilee Park 4C, Nand Lal Basu Sarani, Ground Floor, Kolkata, Kolkata, Howrah, West Bengal","KOLKATA, JUBILEE PARK 4C, পশ্চিমবঙ্গ, HOWRAH",0.0,0.2941176470588235,4,4,1,0,swastik software limited,sbstik sphttoy yaar limittedd,8.0,67.9245283018868,59.9245283018868,True,False,True,True,False,False,False
S1-540319368,S2-958994920,Royal Projects,Royal Prrjects,"No.62/43, Rangasayee Street Perambur, Chennai, Tamil Nadu",,0.3333333333333333,0.0,"43,62",,0,1,royal projects,royal prrjects,92.85714285714286,92.85714285714286,0.0,False,True,False,False,False,False,True
S1-257032654,S2-64658572,Indo Trading Private Limited,ଇଣ୍ଡୋ ଟ୍ରେଡିଂ ପ୍ରାଇଭେଟ୍ ଲିମିଟେଡ୍,"Plot No. D/2, Zabar Colony, Unit-Iii, Bhubaneswar, Khordha, Orissa","PLOT NO. D/3-2, BHUBANESWAR, Odisha",0.0,0.3846153846153846,2,"2,3",1,0,indo trading private limited,innddo ttreddin praaibhett limittedd,13.333333333333329,71.875,58.54166666666667,True,False,True,True,False,False,True
S1-103202172,S2-623424926,Om International Private Limited,ওম ইন্টারন্যাশনাল প্রাইভেট লিমিটেড,"Chandrani, Plot Nos.11 & 12, S.D. Park, Narendrapur, Kolkata, Kolkata, Howrah, West Bengal","CHANDRANI, KOLKATA, HOWRAH, পশ্চিমবঙ্গ",0.0,0.1666666666666666,"11,12",,0,0,om international private limited,om inttaarnyaashnaal praaibhett limittedd,10.0,68.49315068493152,58.49315068493152,True,False,True,False,False,False,False
S1-813141833,S2-698219646,Tech Trading Private Limited,டெக் டிரேடிங் பிரைவேட் லிமிடெட்,"284, 9Th Street, Ashtalaxmi Nagar, Alapakkam, Chennai, Tamil Nadu","DOOR NO #904 284, CHENNAI, Tamil Nadu",0.0,0.3333333333333333,"284,9","284,904",1,0,tech trading private limited,ttek ttireetting piraiveett limittett,13.95348837209302,64.61538461538461,50.6618962432916,True,False,True,True,False,False,False
S1-813141833,S2-930552117,Tech Trading Private Limited,டெக் டிரேடிங் பிரைவேட் லிமிடெட்,"284, 9Th Street, Ashtalaxmi Nagar, Alapakkam, Chennai, Tamil Nadu","#904 284, CHENNAI, Tamil Nadu",0.0,0.4,"284,9","284,904",1,0,tech trading private limited,ttek ttireetting piraiveett limittett,13.95348837209302,64.61538461538461,50.6618962432916,True,False,True,True,False,False,False
S1-813141833,S2-523549442,Tech Trading Private Limited,டெக் டிரேடிங் பிரைவேட் லிமிடெட்,"284, 9Th Street, Ashtalaxmi Nagar, Alapakkam, Chennai, Tamil Nadu","CHENNAI, DOOR NO #904 284, CHENNAI, Tamil Nadu",0.0,0.3333333333333333,"284,9","284,904",1,0,tech trading private limited,ttek ttireetting piraiveett limittett,13.95348837209302,64.61538461538461,50.6618962432916,True,False,True,True,False,False,False
S1-754088708,S2-553727929,Dream Foods Private Limited,ಡ್ರೀಮ್ ಫುಡ್ಸ್ ಪ್ರೈವೇಟ್ ಲಿಮಿಟೆಡ್,"Mobius Tower, 2Nd Floor, Sjr I Park, No. 13, 14 & 15 Kiadb Industrial Area, Bangalore, Karnataka","MOBIUS TOWER, BANGALORE, Karnataka",0.0,0.2352941176470588,"13,14,15,2",,0,0,dream foods private limited,ddriim phudds praiveett limittedd,13.63636363636364,66.66666666666667,53.03030303030303,True,False,True,False,False,False,False
S1-754088708,S2-142623824,Dream Foods Private Limited,ಡ್ರೀಮ್ ಫುಡ್ಸ್ ಪ್ರೈವೇಟ್ ಲಿಮಿಟೆಡ್,"Mobius Tower, 2Nd Floor, Sjr I Park, No. 13, 14 & 15 Kiadb Industrial Area, Bangalore, Karnataka","BANGALORE, MOIBUS TOWER, ಕರ್ನಾಟಕ",0.0,0.0952380952380952,"13,14,15,2",,0,0,dream foods private limited,ddriim phudds praiveett limittedd,13.63636363636364,66.66666666666667,53.03030303030303,True,False,True,False,False,False,False
S1-987099874,S2-519646793,NQ Constructions Private Limited,NQ CONSTRUCTIONS PRETE LÍMITED,"Patnab, Flat No. 501, Bihar, Block -B, Manju Shree Complex, Bank Road, Patna",,0.3333333333333333,0.0,501,,0,1,nq constructions private limited,nq constructions prete limited,90.3225806451613,93.5483870967742,3.225806451612911,True,True,True,False,False,False,True
S1-460762612,S2-56056564,Ed Consultants,Ed Consultants Corp,"C/O Aditi Sharma U.No.48, Rohan Seher, Baner Sno.34, Haveli, Pune, Maharashtra",,0.6666666666666666,0.0,"34,48",,0,1,ed consultants,ed consultants corp,100.0,100.0,0.0,False,True,False,False,False,True,True
S1-907747710,S2-818661472,Sara Global Private Limited,Mr SARA GLOBAL PRVABT LIMITED,"C/O. Manoj Kr Shrivastava, Shanti Path Saristabad Ps, Phulwari, Patna, Bihar",,0.5,0.0,,,0,1,sara global private limited,mr sara global prvabt limited,89.28571428571429,89.28571428571429,0.0,False,True,False,False,False,True,True
S1-810205552,S2-178111924,Laxmi Exports Private Limited,લક્ષ્મી એક્સપોર્ટ્સ પ્રાઇવેટ લિમિટેડ,"10, Aditraj Bunglows Nr. Prernatirth Derasar, Satellite, Ahmedabad, Gujarat","Gujarat, AHMEDABAD, #901 10, AHMEDABAD",0.0,0.3,10,"10,901",1,0,laxmi exports private limited,lkssmii eksportts praaivett limittedd,10.714285714285708,72.72727272727273,62.01298701298703,True,False,True,True,False,False,True
S1-810205552,S2-234132975,Laxmi Exports Private Limited,Prriblvtae Laxmi Exports Limited,"10, Aditraj Bunglows Nr. Prernatirth Derasar, Satellite, Ahmedabad, Gujarat","H.NO 901 10, AHMEDABAD, Gujarat",0.6,0.25,10,"10,901",1,0,laxmi exports private limited,prriblvtae laxmi exports limited,91.8032786885246,91.8032786885246,0.0,False,False,False,True,False,True,True
S1-810205552,S2-702054747,Laxmi Exports Private Limited,exp0rtsprivatelaxmi.com,"10, Aditraj Bunglows Nr. Prernatirth Derasar, Satellite, Ahmedabad, Gujarat","901 10, AHMEDABAD, Gujarat",0.0,0.3,10,"10,901",1,0,laxmi exports private limited,exp0rtsprivatelaxmi com,61.53846153846154,61.53846153846154,0.0,False,False,False,True,False,False,False
S1-545357842,S2-435793821,International Trading Private Limited,Private International Trading Ltd,"No.80, Ii Floor Godown Street, Chennai, Tamil Nadu","NO.C-80, MADRAS, CHENNAI, Tamil Nadu",0.6,0.4545454545454545,80,80,1,0,international trading private limited,private international trading ltd,94.28571428571428,94.28571428571428,0.0,False,False,False,True,False,True,True
S1-545357842,S2-313428533,International Trading Private Limited,இன்டர்நேஷனல் டிரேடிங் பிரைவேட் லிமிடெட்,"No.80, Ii Floor Godown Street, Chennai, Tamil Nadu","DOOR NO C-80, CHENNAI, MADRAS, Tamil Nadu",0.0,0.4166666666666667,80,80,1,0,international trading private limited,innnttrneessnnnl ttireetting piraiveett limittett,9.677419354838705,60.46511627906977,50.78769692423106,True,False,True,True,False,False,False
S1-945690075,S2-558713347,Star Power Private Limited,স্টার পাওয়ার প্রাইভেট লিমিটেড,"425, Jodhpur Park, Kolkata, Howrah, West Bengal","BLOCK A-853 425, KOLKATA REGION, HOWRAH, West Bengal",0.0,0.4545454545454545,425,"425,853",1,0,star power private limited,sttaar paaoy aar praaibhett limittedd,13.333333333333329,66.66666666666667,53.33333333333334,True,False,True,True,False,False,False
S1-945690075,S2-365490390,Star Power Private Limited,স্টার পাওয়ার প্রাইভেট লিমিটেড,"425, Jodhpur Park, Kolkata, Howrah, West Bengal","BLOCK A-853 425, KOLKATA REGION, KOLKATA, West Bengal",0.0,0.3636363636363636,425,"425,853",1,0,star power private limited,sttaar paaoy aar praaibhett limittedd,13.333333333333329,66.66666666666667,53.33333333333334,True,False,True,True,False,False,False
S1-947535946,S2-60988591,Sky Constructions Private Limited,स्काई कंस्ट्रक्शंस प्राइवेट लिमिटेड,"Delhi, Property No.3 Park End, Vikas Marg, Iiird Floor, East Delhi","IIIRD FLOOR, DELHI",0.0,0.2727272727272727,3,,0,0,sky constructions private limited,skaaii knsttrkshns praaivett limittedd,10.34482758620689,64.7887323943662,54.44390480815932,True,False,True,False,False,False,False
S1-399214770,S2-97824088,Al Finance,ಅಲ್ ಫೈನಾನ್ಸ್,"119/120, I St Floor, Old Madras Road, Bangalore, Karnataka","119/120, BANGALORE, Karnataka",0.0,0.4,"119,120","119,120",2,0,al finance,al phainaans,11.111111111111114,63.63636363636363,52.52525252525252,True,False,True,True,False,False,False
S1-751222766,S2-730012000,KK Build Private Limited,KK Bui1d Private,"C-145 Shastri Nagar, Meerut, Uttar Pradesh",,0.4,0.0,145,,0,1,kk build private limited,kk bui1d private,76.92307692307692,76.92307692307692,0.0,False,True,False,False,False,False,True
S1-578170060,S2-662195176,Prime Ventures Private Limited,प्राइम वेंचर्स प्राइवेट लिमिटेड,"A-128, 2Nd Floor Anand Vihar, New Delhi, East Delhi, Delhi","A-128, NEW DELHI, EAST DELHI, Delhi",0.0,0.5555555555555556,"128,2",128,1,0,prime ventures private limited,praaim vencrs praaivett limittedd,11.111111111111114,76.19047619047619,65.07936507936508,True,False,True,True,True,False,True
S1-578170060,S2-123754861,Prime Ventures Private Limited,प्राइम वेंचर्स प्राइवेट लिमिटेड,"A-128, 2Nd Floor Anand Vihar, New Delhi, East Delhi, Delhi","A-128, EAST DELHI, NEW DELHI, Delhi",0.0,0.5555555555555556,"128,2",128,1,0,prime ventures private limited,praaim vencrs praaivett limittedd,11.111111111111114,76.19047619047619,65.07936507936508,True,False,True,True,True,False,True
S1-392839211,S2-773539302,Sunrise Estate Private Limited,सनराइज एस्टेट प्राइवेट लिमिटेड,"701, B - Wing, Maitri Residency, Poisar Gymkhana Rd Opp Poisar Gymkhana, Kandivali (W), Mumbai, Mumbai City, Maharashtra","701, MUMBAI, MUMBAI CITY, Maharashtra",0.0,0.2857142857142857,701,701,1,0,sunrise estate private limited,snraaij esttett praaivett limittedd,11.111111111111114,73.84615384615385,62.73504273504274,True,False,True,True,False,False,True
S1-620891022,S2-367314002,QR Avenue Pvt. Ltd.,QR ANEVRE PVT.  LTD.,"3, Milan Industrial Estate, Nagervel Hanuman Road, Rakhial., Ahmedabad, Gujarat",,0.6,0.0,3,,0,1,qr avenue pvt ltd,qr anevre pvt ltd,82.35294117647058,82.35294117647058,0.0,False,True,False,False,False,True,True
S1-770572417,S2-872219473,Aditya Hospitality Private Limited,ಆದಿತ್ಯ ಹಾಸ್ಪಿಟಾಲಿಟಿ ಪ್ರೈವೇಟ್ ಲಿಮಿಟೆಡ್,"17 B, Industrial Suburb Tumkur Road, Bangalore-22, Bangalore, Karnataka","17 B, BANGALORE, null, Karnataka",0.0,0.4,"17,22",17,1,0,aditya hospitality private limited,aadity haaspittaalitti praiveett limittedd,10.34482758620689,76.31578947368422,65.97096188747733,True,False,True,True,False,False,True
S1-872678125,S2-830261741,Eastern Consultancy Limited,ઈસ્ટર્ન કન્સલ્ટન્સી લિમિટેડ,"Anand, Gujarat, Anand, Satyanarayan Park, Kant Colony Behind Grid, 8","#200 8, ANAND, Gujarat",0.0,0.3,8,"200,8",1,0,eastern consultancy limited,iisttrn knslttnsii limittedd,7.547169811320757,65.45454545454545,57.9073756432247,True,False,True,True,False,False,False
S1-619894697,S2-903477993,Perfect Graph Private Limited,M/s Perfect Private Limited Service,"No: 3, Chennai, Tamil Nadu, Chennai, Raja Gopal Street, 30Th Cross Street Village High Road, Sholinganallur",,0.4285714285714285,0.0,"3,30",,0,1,perfect graph private limited,m s perfect private limited service,88.46153846153847,88.46153846153847,0.0,False,True,False,False,False,False,True
S1-831316878,S2-237755832,Hope & Brothers Ltd,hopebros.com,"134/1, M.G.Road, 3Rd Floor, Kolkata, Kolkata, Howrah, West Bengal","134/1, M.G.ROAD, 3RD FLOOR, KOLKATA, KOLKATA, পশ্চিমবঙ্গ",0.0,0.5333333333333333,"1,134,3","1,134,3",3,0,hope and brothers ltd,hopebros com,54.54545454545454,54.54545454545454,0.0,False,False,False,True,True,False,False
S1-532729238,S2-229679139,North Media Limited,নর্থ মিডিয়া লিমিটেড,"Room No.-405, 4Th Floor, 83/02/1, Topsia Road (South), A. C Lane, Kolkata, Howrah, West Bengal","NO. 295 ROOM NO.-405, KOLKATA, West Bengal",0.0,0.3157894736842105,"02,1,4,405,83","295,405",1,0,north media limited,nrth middiy aa limittedd,12.121212121212125,79.06976744186046,66.94855532064834,True,False,True,True,False,False,True
S1-618462593,S2-75781092,Madan Brothers Private Limited,Néxviodova,"D-408, Life Montage, Sus-Nande Road, Sus Gaon, Opp Sunnys World Sus, Pune, Maharashtra","BLOCK A-236 D-408, PUNE, Maharashtra",0.0,0.25,408,"236,408",1,0,madan brothers private limited,nexviodova,20.0,25.0,5.0,True,False,True,True,False,False,False
S1-917021070,S2-273264778,Sai Technologies Private Limited,Sai Tecfnologies Private Limited,"D.No.64-3-7, Sri Ramalayam Patamata Lanka, Vijayawada, Krishna, Andhra Pradesh",,0.6,0.0,"3,64,7",,0,1,sai technologies private limited,sai tecfnologies private limited,96.875,96.875,0.0,False,True,False,False,False,True,True
S1-576341681,S2-747520938,Classic Marketing Private Limited,ಕ್ಲಾಸಿಕ್ ಮಾರ್ಕೆಟಿಂಗ್ ಪ್ರೈವೇಟ್ ಲಿಮಿಟೆಡ್,"1590, Nandi, 2 Floor, 1 Phase, Sri Tiruchi Mahaswamiji Road, 5 Stage, Beml Layout, Rajarajeshwa, Ri Nagar, Bangalore, Karnataka","1590, BANGALORE, Karnataka",0.0,0.1578947368421052,"1,1590,2,5",1590,1,0,classic marketing private limited,klaasik maarketting praiveett limittedd,11.538461538461531,77.77777777777779,66.23931623931625,True,False,True,True,False,False,True
S1-330089790,S2-825741511,Sun Food Private Limited,Miracalo,"H.No.-7/9, W.No.-9, Gf Shop Near Gaushala Mandir, Kishan Garh, Delhi, South West Delhi, Delhi","H.NO.-7/9, DELHI",0.0,0.3333333333333333,"7,9","7,9",2,0,sun food private limited,miracalo,25.0,25.0,0.0,False,False,False,True,False,False,False
S1-396311175,S2-457817844,Mudra Services Private Limited,MUDRA SSVCIBES PRIVATE  LIMITED,"H.No.18-1107/A/1, Santhosh Nagar, Miryalguda, Nalgonda, Telangana",,0.6,0.0,"1,1107,18",,0,1,mudra services private limited,mudra ssvcibes private limited,90.0,90.0,0.0,False,True,False,False,False,True,True
S1-457553316,S2-884040368,South Hospitality Private Limited,South Hospitality Private Ltd,"E-36, Lower Ground Floor East Of Kailash, New Delhi, Delhi",,0.6,0.0,36,,0,1,south hospitality private limited,south hospitality private ltd,93.5483870967742,93.5483870967742,0.0,False,True,False,False,False,True,True
S1-893209460,S2-194843981,Gujarat Management Private Limited,गुजरात मैनेजमेंट प्राइवेट लिमिटेड,"304, Rainbow Chambers S.V.Road, Near Poisar Depot, Kandivali(W, ), Mumbai, Mumbai City, Maharashtra","304, MUMBAI CITY, MUMBAI, Maharashtra",0.0,0.2857142857142857,304,304,1,0,gujarat management private limited,gujraat mainejmentt praaivett limittedd,10.0,79.45205479452055,69.45205479452055,True,False,True,True,False,False,True
S1-347253835,S2-760006689,Lotus Tech Private Limited,லோட்டஸ் டெக் பிரைவேட் லிமிடெட்,"Block V, 3F Sathyadev Avenue Rani Meiyammai Towers Mrc Nagar, Raja Annamalaipuram, Chennai, Tamil Nadu","BLOCK V, CHENNAI, Tamil Nadu",0.0,0.3333333333333333,3,,0,0,lotus tech private limited,lootttts ttek piraiveett limittett,14.285714285714292,66.66666666666667,52.38095238095238,True,False,True,False,False,False,False
S1-240570275,S2-899533988,Fruits Infrastructures Pvt Ltd,fruitsinfrastructures.com,"619 Feelkhana, Pilibhit, Uttar Pradesh, Pilibhit","DOOR NO 6-19 FEELKHANA, PILIBHIT, उत्तर प्रदेश",0.0,0.1428571428571428,619,"19,6",0,0,fruits infrastructures pvt ltd,fruitsinfrastructures com,80.0,80.0,0.0,False,False,False,False,False,False,True
S1-490838554,S2-664719804,Royal Healthcare,Rizaveo,"305, 3Rd Floor, Unitech Cyber Park, Village Jharsa, Sector-39, Sector -45, Gurgaon, Haryana","305, SECTOR -45, GURUGRAM SECTOR, Haryana",0.0,0.2857142857142857,"3,305,39,45","305,45",2,0,royal healthcare,rizaveo,26.086956521739136,26.086956521739136,0.0,False,False,False,True,False,False,False
S1-80327748,S2-541894240,Prime Al Business Private Limited,প্রাইম আল বিজনেস প্রাইভেট লিমিটেড,"6, Burtolla Street, Kolkata, Howrah, West Bengal","##6, KOLKATA, HOWRAH, West Bengal",0.0,0.7142857142857143,6,6,1,0,prime al business private limited,praaim aal bijnes praaibhett limittedd,13.333333333333329,73.23943661971832,59.90610328638499,True,False,True,True,True,False,True
S1-641200384,S2-881362032,Jhansi Leathers Private Limited,Jhansi Leathers,"House No. 580/1, Dariya Pura Anna Purna Colony, Jhansi, Uttar Pradesh",,0.5,0.0,"1,580",,0,1,jhansi leathers private limited,jhansi leathers,100.0,100.0,0.0,False,True,False,False,False,True,True
S1-273676088,S2-955826545,Sarita Building Private Limited,Belokoraria,"Amal, Tc 36/1104(4), Thondukadavu Karali, Bypass Road, Enchakkal, Vallakkadavu P.O, Trivandrum, Kerala","AMAL, TRIVANDRUM, THIRUVANANTHAPURAM SANGUMUGHAM, Kerala",0.0,0.1764705882352941,"1104,36,4",,0,0,sarita building private limited,belokoraria,33.333333333333336,33.333333333333336,0.0,False,False,False,False,False,False,False
S1-518262604,S2-429514263,Dnr Clubs Private Limited,Dnr Clubs,"Shri Krupa Building, Savarkarroad, Tilakwadi Tilakwadi, Belgaum, Karnataka",,0.5,0.0,,,0,1,dnr clubs private limited,dnr clubs,100.0,100.0,0.0,False,True,False,False,False,True,True
S1-776840964,S2-502763653,Sky Marketing Private Limited,स्काई मार्केटिंग प्राइवेट लिमिटेड,"506, Vikram Tower, Rajendra Palace, Delhi, Central Delhi, Delhi","#51 506, DELHI, CENTRAL DELHI, Delhi",0.0,0.375,506,"506,51",1,0,sky marketing private limited,skaaii maarketting praaivett limittedd,11.764705882352942,77.61194029850746,65.84723441615452,True,False,True,True,False,False,True
