source1_entity_id,candidate_entity_id,s1_business_name,s2_business_name,s1_business_address,s2_business_address,label,predicted_label,probability,name_ratio,name_token_sort,name_token_set,name_token_jaccard,name_length_ratio,translit_name_ratio,translit_name_token_sort,translit_name_token_set,address_ratio,address_token_sort,address_token_set,address_token_jaccard,address_length_ratio,shared_number_count,number_jaccard,number_exact_set,from_name_blocker,from_address_blocker,from_structured_blocker,from_embedding_blocker,blocker_count,name_retrieval_score,address_retrieval_score,embedding_rank,name_exact,name_token_count_s1,name_token_count_s2,shared_name_token_count,s1_name_containment,s2_name_containment,meaningful_name_token_count_s1,meaningful_name_token_count_s2,shared_meaningful_name_tokens,extra_meaningful_tokens_s1,extra_meaningful_tokens_s2,meaningful_s1_containment,meaningful_s2_containment,legal_suffix_stripped_ratio,legal_suffix_stripped_token_set,name_char_3gram_jaccard,address_exact,s1_address_missing,s2_address_missing,both_have_numbers,number_conflict,ordered_number_exact,first_number_match,first_number_conflict
S1-961748985,S2-226920017,Mumbai Samachar Marg Foods Co,16mumbaisamachar.com,"Sir Vithaldas Chambers, 4Th Floor 16, Mumbai Samachar Marg, Mumbai, Maharashtra","SIR VITHALDAS CHAMBERS, 16-MUMBAI SAMACHAR MARG, Maharashtra",0,1,0.9981484580793765,0.6938775510204082,0.5714285714285714,0.5714285714285715,0.0,0.6896551724137931,0.6938775510204082,0.5714285714285714,0.5714285714285715,0.8721804511278195,0.8721804511278195,1.0,0.8,0.7733333333333333,1,0.5,0,0,1,1,0,2,0.0,0.9174695014953613,0,0,5,2,0,0.0,0.0,4,2,0,4,2,0.0,0.0,0.6956521739130435,0.6086956521739131,0.42857142857142855,0,0,0,1,0,0,0,1
S1-591250131,S2-681576947,RRZ Technologies Ltd,Technologies RLZ Ltd,"57 Raja Basanta Roy Road, Kolkata, Calcutta, West Bengal","#057 RAJA BASANTA ROY ROAD, CALCUTTA, NO BLOCK, West Bengal",0,1,0.996590133614381,0.8,0.95,0.95,0.5,1.0,0.8,0.95,0.95,0.8333333333333335,0.8703703703703703,0.8888888888888888,0.5833333333333334,0.9636363636363636,1,1.0,1,0,1,1,0,2,0.0,0.8246876001358032,0,0,3,3,2,0.6666666666666666,0.6666666666666666,2,2,1,1,1,0.5,0.5,0.75,0.9375,0.5238095238095238,0,0,0,1,0,1,1,0
S1-37974746,S2-333046178,Suryaika Greh Private Limited,Suryaiki Greh Private  Limited,"Nalini Apartment, 1St Floor Shop No 17, Kisan Nagar No 3, Bhatwadi, Road No 16, Wagle Estate, Thane, Maharashtra","NALINI APARTMENT, D/1ST FLOOR SHOP NO 17, KISAN NAGAR NO 3, BHATWADI, ROAD NO 16, WAGLE ESTATE, THANE, Maharashtra",0,1,0.9955489224329891,0.9655172413793103,0.9655172413793103,0.9655172413793103,0.6,1.0,0.9655172413793103,0.9655172413793103,0.9655172413793103,0.9905660377358491,0.9905660377358491,1.0,0.9444444444444444,0.9813084112149533,4,1.0,1,1,1,1,0,3,0.9166663289070129,0.9977827072143555,0,0,4,4,3,0.75,0.75,2,2,1,1,1,0.5,0.5,0.923076923076923,0.923076923076923,0.7777777777777778,0,0,0,1,0,1,1,0
S1-735325699,S2-680286007,Noida Services Private Limited,Noida  Private Limited Services,"Shop No. 47, Ii Nd Floor Sector 18, Noida, Gautam Buddha Nagar, Uttar Pradesh","E-3-6, 2ND FLOOR, SECTOR 8, GAUTAM BUDDHA NAGAR, NOIDA, Uttar Pradesh",0,1,0.9952694082670885,0.7,1.0,1.0,1.0,1.0,0.7,1.0,1.0,0.7941176470588236,0.7941176470588236,0.896551724137931,0.42105263157894735,0.8888888888888888,0,0.0,0,1,1,0,0,2,0.9999996423721313,0.8812944293022156,0,0,4,4,4,1.0,1.0,2,2,2,0,0,1.0,1.0,1.0,1.0,0.7241379310344828,0,0,0,1,1,0,0,1
S1-521580178,S2-201433030,Services Rescue Luxmi Private Limited,PERFECT SERVICES PRIVATE  LIMITED,"Meerut, Plot No 3 Bhopal Vihar, Uttar Pradesh","Uttar Pradesh, PLOT NO #3 BHOPAL VIHAR, MEERUT",0,1,0.9944445101519221,0.6956521739130435,0.7246376811594203,0.8571428571428571,0.5,0.8648648648648649,0.6956521739130435,0.7246376811594203,0.8571428571428571,0.6511627906976745,1.0,1.0,1.0,1.0,1,1.0,1,0,1,1,0,2,0.0,1.0000008344650269,0,0,5,4,3,0.6,0.75,3,2,1,2,1,0.3333333333333333,0.5,0.4324324324324324,0.6666666666666665,0.45,0,0,0,1,0,1,1,0
S1-255359118,S2-553680593,NC Jain Company,NSC Jain Company,"1-10-233/1, Ashok Nagar, Hyderabad, Telangana","1-10-233/1, ASHOK NAGAR, తెలంగాణ",0,1,0.9936236831111652,0.967741935483871,0.967741935483871,0.967741935483871,0.5,0.9375,0.967741935483871,0.967741935483871,0.967741935483871,0.6666666666666667,0.6388888888888888,0.8333333333333333,0.45454545454545453,0.7142857142857143,3,1.0,1,1,0,1,0,2,0.8340574502944946,0.0,0,0,3,3,2,0.6666666666666666,0.6666666666666666,2,2,1,1,1,0.5,0.5,0.9333333333333332,0.9333333333333332,0.7692307692307693,0,0,0,1,0,1,1,0
S1-403309795,S2-926241111,PLM Management,PLM Management Infratech,"Uttar Pradesh, Gautam Buddha Nagar, Noida, Flat No 804 T6 Panchsheel, Hynish, Greaternoidawest","H.NO 804 T6 PANCHSHEEL, HYNISH, GREATERNOIDAWEST, NOIDA, Uttar Pradesh",0,1,0.993499059323266,0.736842105263158,0.736842105263158,1.0,0.6666666666666666,0.5833333333333334,0.736842105263158,0.736842105263158,1.0,0.5935483870967742,0.8258064516129032,0.9846153846153847,0.6428571428571429,0.7415730337078652,2,1.0,1,0,1,1,0,2,0.0,0.8673996925354004,0,0,2,3,2,1.0,0.6666666666666666,2,3,2,0,1,1.0,0.6666666666666666,0.736842105263158,1.0,0.55,0,0,0,1,0,1,1,0
S1-610243400,S2-972008688,Indram Biscuits Pvt. Ltd.,Indrim Biscuits Pvt. (Ltd.),"B-3/16Safdarjung Enclave, New Delhi, South Delhi, Delhi","B-3/16SAFDARJUNG ENCLAVE, NEW DELHI, Delhi",0,1,0.9928111440651848,0.9565217391304348,0.9565217391304348,0.9565217391304348,0.6,1.0,0.9565217391304348,0.9565217391304348,0.9565217391304348,0.8695652173913043,0.8695652173913043,1.0,0.8571428571428571,0.7692307692307693,2,1.0,1,1,1,1,0,3,0.8333336114883423,0.9465709924697876,0,0,4,4,3,0.75,0.75,2,2,1,1,1,0.5,0.5,0.9333333333333332,0.9333333333333332,0.7142857142857143,0,0,0,1,0,1,1,0
S1-502574894,S2-204442051,Vaayuendra Data Limited,Vaayuendova Data Limited,"Door No.3A, M.G.R. Nagar, 5Th Main Road Velacherry, Chennai, Tamil Nadu","DOOR NO.3A  , M.G.R. NAGAR, 5TH MAIN ROAD VELACHERRY, Tamil Nadu",0,1,0.9924087963143045,0.9361702127659575,0.9361702127659575,0.9361702127659575,0.5,0.9583333333333334,0.9361702127659575,0.9361702127659575,0.9361702127659575,0.9354838709677421,0.9354838709677421,1.0,0.9285714285714286,0.8787878787878788,2,1.0,1,1,1,1,0,3,0.8252583146095276,0.9246165156364441,0,0,3,3,2,0.6666666666666666,0.6666666666666666,2,2,1,1,1,0.5,0.5,0.9032258064516128,0.903225806451613,0.6956521739130435,0,0,0,1,0,1,1,0
S1-457075911,S2-471358078,Sarasora Resources Private Limited,Sarazora Resources Private Limited,"Eco House-401, 402 & 403, Vishweshwar Nagar, Off Aarey Road, Goregaon (East), Mumbai, Mumbai City, Maharashtra","ECO HOUSE-401, 402 & 403, VISHWESHWAR NAGAR, OFF AAREY ROAD, GOREGAON (EAST), MUMBAI, Maharashtra",0,1,0.9909636391252441,0.9705882352941176,0.9705882352941176,0.9705882352941176,0.6,1.0,0.9705882352941176,0.9705882352941176,0.9705882352941176,0.9381443298969071,0.9381443298969071,1.0,0.9375,0.883495145631068,3,1.0,1,1,1,1,0,3,0.8793100714683533,0.9532012343406677,0,0,4,4,3,0.75,0.75,2,2,1,1,1,0.5,0.5,0.9444444444444444,0.9444444444444444,0.8125,0,0,0,1,0,1,1,0
S1-651980285,S2-709091118,KWW Engineers Public Limited,KCW Engineers  Public Limited,"Tamil Nadu, Chennai, Old No. L 125, New No. L. 125, L Block Anna Nagar East, Chennai","OLD NO. L 134, NEW NO. L. 125, L BLOCK ANNA NAGAR EAST, CHENNAI, Tamil Nadu",0,1,0.9907456543289793,0.9642857142857143,0.9642857142857143,0.9642857142857143,0.6,1.0,0.9642857142857143,0.9642857142857143,0.9642857142857143,0.7638888888888888,0.9166666666666665,1.0,0.9230769230769231,0.8947368421052632,1,0.5,0,1,1,1,0,3,0.8913041949272156,0.9287136793136597,0,0,4,4,3,0.75,0.75,3,3,2,1,1,0.6666666666666666,0.6666666666666666,0.95,0.95,0.84,0,0,0,1,0,0,0,1
S1-875557409,S2-645150708,Vallabhi (India) Properties,Vallabhi (India) Properties Limited,"At- Urmila Complex, Plot No-33/1689 Nh-203, Cuttack Road, Rasulgarh, Bhubaneswar, Khordha, Orissa","NO 59 AT- URMILA COMPLEX, PLOT NO-33/1689 NH-203, CUTTACK ROAD, RASULGARH, BHUBANESWAR, Odisha",0,1,0.987741310821307,0.8620689655172413,0.8620689655172413,1.0,0.75,0.7575757575757576,0.8620689655172413,0.8620689655172413,1.0,0.9101123595505618,0.9101123595505618,0.9375,0.7647058823529411,0.9777777777777777,3,0.75,0,1,1,1,0,3,0.8762742877006531,0.8556749820709229,0,0,3,4,3,1.0,0.75,3,3,3,0,0,1.0,1.0,1.0,1.0,0.75,0,0,0,1,0,0,0,1
S1-953201808,S2-210005011,Suyash Charitable Trust,Suyash Charitable Tlst LLP,"National Insurance Bldg., 204, Dr. D.N.Road, Mumbai, Maharashtra","NO 58 NATIONAL INSURANCE BLDG., 204, DR. D.N.ROAD, महाराष्ट्र",0,1,0.9862055765914735,0.8571428571428572,0.8571428571428572,0.8571428571428571,0.4,0.8846153846153846,0.8571428571428572,0.8571428571428572,0.8571428571428571,0.7192982456140351,0.6842105263157895,0.8387096774193549,0.5,0.9655172413793104,1,0.5,0,0,1,1,0,2,0.0,0.719057023525238,0,0,3,4,2,0.6666666666666666,0.5,3,3,2,1,1,0.6666666666666666,0.6666666666666666,0.9333333333333332,0.9333333333333332,0.6,0,0,0,1,0,0,0,1
S1-772426551,S2-223169535,Ernakulam Solutions Ltd,Ernakulam Solutions Industries Ltd,"No. 11 A, Nucleus Saffron, Ernakulam, Kerala","NO. 11 A, NUCLEUS SAFFRON, ERNAKULAM, <NULL>, Keralam",0,1,0.9854478847988263,0.8070175438596492,0.8070175438596492,1.0,0.75,0.6764705882352942,0.8070175438596492,0.8070175438596492,1.0,0.9302325581395349,0.9302325581395349,0.9302325581395349,0.6666666666666666,0.8695652173913043,1,1.0,1,1,1,1,0,3,0.8200081586837769,0.9075512290000916,0,0,3,4,3,1.0,0.75,2,3,2,0,1,1.0,0.6666666666666666,0.7755102040816326,1.0,0.6,0,0,0,1,0,1,1,0
S1-963389526,S2-154742802,Rajadhani Consultants Pvt Ltd,Pvt Best Consultants Industries Ltd,"270 Balaji Chuk Baglan, Nashik, Lakhamapur Baglan, Malegaon, Nashik, Maharashtra","#270, MALEGAON, NASHIK, Maharashtra",0,1,0.9850517469370862,0.5625,0.59375,0.7916666666666667,0.5,0.8285714285714286,0.5625,0.59375,0.7916666666666667,0.5849056603773585,0.5849056603773585,1.0,0.5,0.41333333333333333,1,1.0,1,0,1,1,0,2,0.0,0.6840571761131287,0,0,4,5,3,0.75,0.6,2,3,1,1,2,0.5,0.3333333333333333,0.5,0.6875,0.2619047619047619,0,0,0,1,0,1,1,0
S1-581529880,S2-392674434,Mumbai Tours Private Limited,Mumbai Private Pharma Limited,"Aw 6251, Bharat Diamond, Bourse, Nabard Head Office, Mumbai, Maharashtra","DW 6251, BHARAT DIAMOND BOURSE, BKC, MUMBAI, Maharashtra",0,1,0.9826366786030576,0.7719298245614035,0.7719298245614035,0.88,0.6,0.9655172413793104,0.7719298245614035,0.7719298245614035,0.88,0.8403361344537815,0.7899159663865547,0.9278350515463917,0.5,0.7761194029850746,1,1.0,1,0,1,1,0,2,0.0,0.8152392506599426,0,0,4,4,3,0.75,0.75,2,2,1,1,1,0.5,0.5,0.64,0.6666666666666665,0.42424242424242425,0,0,0,1,0,1,1,0
S1-579059700,S2-357544735,Nextlevel (India) Technologies Ltd,NEXTLEVEL (ÍNDIA) TECHNOLOGIES LLP,"D-02, Ff, Shopping Plaza, Sec-49, South City-02, Gurgaon, Haryana","D-15, FF, SHOPPING PLAZA, SEC-49, SOUTH CITY-02, GURGAON, Haryana",0,1,0.9820074767799101,0.90625,0.75,0.84375,0.3333333333333333,1.0,0.9375,0.9375,0.9375,0.9661016949152542,0.9661016949152542,1.0,0.9166666666666666,1.0,2,0.6666666666666666,0,1,1,1,1,4,0.8333330154418945,0.9735628962516785,1,0,4,4,2,0.5,0.5,3,3,2,1,1,0.6666666666666666,0.6666666666666666,0.9642857142857143,0.9642857142857143,0.6875,0,0,0,1,0,0,0,1
S1-33111390,S2-443285620,Dhanvijay Vidyalaya,Sailani-Vidyalaya,"Ghaziabad, Uttar Pradesh, 116, Ghaziabad, G.T. Road Ghaziabad","116, G.T. ROAD GHAZIABAD, GHAZIABAD, Uttar Pradesh",0,1,0.9804449592511648,0.7222222222222221,0.7222222222222221,0.7222222222222223,0.3333333333333333,0.8947368421052632,0.7222222222222221,0.7222222222222221,0.7222222222222223,0.5294117647058824,0.9019607843137255,1.0,1.0,0.8214285714285714,1,1.0,1,0,1,1,0,2,0.0,0.985646665096283,0,0,2,2,1,0.5,0.5,2,2,1,1,1,0.5,0.5,0.7222222222222221,0.7222222222222223,0.30434782608695654,0,0,0,1,0,1,1,0
S1-237798524,S2-623277365,Services Buhari Exports Mumbai Private Limited,Services Buhari Exports Mumbai Infratech Prívate,"Flt 1/A, 1St Flr, Silver Line, Cts 497, J B Nagar, Bagadka Marg, Andheri (E), Mumbai, Mumbai City, Maharashtra","FLT 3/A, 1ST FLR, SILVER LINE, CTS 497, J B NAGAR, BAGADKA MARG, ANDHERI (E), MUMBAI, Maharashtra",0,1,0.9790751020512412,0.8085106382978724,0.872340425531915,0.8723404255319148,0.5,0.9583333333333334,0.8297872340425532,0.8936170212765957,0.9047619047619048,0.9247311827956989,0.9139784946236559,0.9883720930232558,0.85,0.8787878787878788,2,0.6666666666666666,0,0,1,1,1,3,0.0,0.9421578049659729,1,0,6,6,4,0.6666666666666666,0.6666666666666666,4,6,4,0,2,1.0,0.6666666666666666,0.7692307692307692,1.0,0.5192307692307693,0,0,0,1,0,0,0,1
S1-660506093,S2-68049283,Roopin Devi Private Limited,Rupin Devi Private Limited,"Plot No 10, Madhya Pradesh, Jabalpur, Mahaveer Colony, Jabalpur","H.NO 10 , MAHAVEER COLONY, JABALPUR, मध्य प्रदेश",0,1,0.9785781995714279,0.9433962264150944,0.9433962264150944,0.9433962264150944,0.6,0.9629629629629629,0.9433962264150944,0.9433962264150944,0.9433962264150944,0.6019417475728155,0.6407766990291262,0.8108108108108109,0.35714285714285715,0.7457627118644068,1,1.0,1,1,0,1,0,2,0.8374356031417847,0.0,0,0,4,4,3,0.75,0.75,2,2,1,1,1,0.5,0.5,0.8571428571428572,0.8571428571428571,0.7916666666666666,0,0,0,1,0,1,1,0
S1-508000801,S2-814381511,Chennai Technology Private Limited,Malhotra Technology Private [Limited],"No.F-41/6, Chennai, Tamil Nadu, Second Floor, 1St Main Road, Anna Nagar East","NO.F-41/6, SECOND FLOOR, 1ST MAIN ROAD, ANNA NAGAR EAST, CHENNAI, Tamil Nadu",0,1,0.9775854933320437,0.8405797101449275,0.7536231884057972,0.8666666666666667,0.6,0.9714285714285714,0.8405797101449275,0.7536231884057972,0.8666666666666667,0.7323943661971832,1.0,1.0,1.0,1.0,3,1.0,1,0,1,1,0,2,0.0,0.9999993443489075,0,0,4,4,3,0.75,0.75,2,2,1,1,1,0.5,0.5,0.7027027027027026,0.7142857142857143,0.6285714285714286,0,0,0,1,0,1,1,0
S1-382957897,S2-39681850,JH Solutions Private Limited,JM SOLUTIONS PRIVATE LIMITED,"C 103 Matrusri Apartsold Mla Quarters Road Hyderguda, Hyderabad, Telangana","DOOR NO 187 C 103 MATRUSRI APARTSOLD MLA QUARTERS ROAD HYDERGUDA, HYDERABAD, తెలంగాణ",0,1,0.9734499345239032,0.9642857142857143,0.9642857142857143,0.9642857142857143,0.6,1.0,0.9642857142857143,0.9642857142857143,0.9642857142857143,0.8181818181818181,0.8181818181818181,0.9253731343283582,0.5294117647058824,0.8780487804878049,1,0.5,0,0,1,1,0,2,0.0,0.8729404807090759,0,0,4,4,3,0.75,0.75,2,2,1,1,1,0.5,0.5,0.9166666666666665,0.9166666666666667,0.84,0,0,0,1,0,0,0,1
S1-75854279,S2-800773933,Taraora Publications Pvt Ltd,Taraoro Publications Pvt Ltd,"Karnataka, Bangalore, No.37, Bangalore, Ground Floor, Nittur Srinivasa Road (South End Road), Opp. Kamala Nehru School, Bas, Avanagudi","#37 , GROUND FLOOR, NITTUR SRINIVASA ROAD (SOUTH END ROAD), OPP. KAMLA NEHRU SCHOOL, BAS, AVANAGUDI, BANGALORE, Karnataka",0,1,0.9708081555166334,0.9642857142857143,0.9642857142857143,0.9642857142857143,0.6,1.0,0.9642857142857143,0.9642857142857143,0.9642857142857143,0.7672413793103449,0.9396551724137931,0.9811320754716981,0.8333333333333334,0.8861788617886179,1,1.0,1,1,1,1,0,3,0.9130433201789856,0.9295651912689209,0,0,4,4,3,0.75,0.75,2,2,1,1,1,0.5,0.5,0.95,0.95,0.7692307692307693,0,0,0,1,0,1,1,0
S1-253546820,S2-302296165,Sfa Eximp (India) Private Limited,Ahuja Dealers (India) Private Limited,"504 Cinema Complex Greater Kailash, Delhi, South Delhi, Delhi","#504 CINEMA COMPLEX GREATER KAILASH II, NEW DELHI, Delhi",0,1,0.9692224344277973,0.7575757575757575,0.696969696969697,0.8076923076923077,0.42857142857142855,0.8857142857142857,0.7575757575757575,0.696969696969697,0.8076923076923077,0.8828828828828829,0.8468468468468469,0.9302325581395349,0.6666666666666666,0.9137931034482759,1,1.0,1,0,1,1,0,2,0.0,0.9162477850914001,0,0,5,5,3,0.6,0.6,3,3,1,2,2,0.3333333333333333,0.3333333333333333,0.5294117647058824,0.5,0.4594594594594595,0,0,0,1,0,1,1,0
S1-683489423,S2-251425889,Shyam Logistics Private Limited,श्याम बिजनेस प्राइवेट लिमिटेड,"Highland Garden Opp. Highland Residency, Siddhi Real Estate Developers Office, Thane, Dhokali, Maharashtra","NO 22. SIDDHI REAL ESTATE DEVELOPERS OFFICE, THANE, Maharashtra",0,1,0.9677466270379433,0.09999999999999998,0.09999999999999998,0.10714285714285708,0.0,0.9354838709677419,0.6875,0.59375,0.59375,0.7204968944099379,0.670807453416149,0.9473684210526315,0.5,0.594059405940594,0,0.0,0,0,1,1,0,2,0.0,0.6624611020088196,0,0,4,12,0,0.0,0.0,2,12,0,2,12,0.0,0.0,0.045454545454545414,0.05,0.0,0,0,0,0,0,0,0,0
S1-535660089,S2-154347127,Jay Finance Private Limited,Private Jay Foundation Limited,"Dotspace Business Center, Tc 24/3088, Ushasandya Building, Kowdiar Devasam Bo, Ard, Thiruvananthapuram, Thiruvananthapuram, Trivandrum, Kerala","Kerala, TC 24/3088, USHASANDYA BUILDING, KOWDIAR DEVASAM BO, ARD, THIRUVANANTHAPURAM, TRIVANDRUM, H.NO 20 DOTSPACE BUSINESS CENTER, THIRUVANANTHAPURAM",0,1,0.9576365496093087,0.5614035087719298,0.8421052631578947,0.8421052631578948,0.6,0.9,0.5614035087719298,0.8421052631578947,0.8421052631578948,0.6884057971014492,0.9710144927536232,1.0,0.8333333333333334,0.9436619718309859,2,0.6666666666666666,0,0,1,1,0,2,0.0,0.9918670058250427,0,0,4,4,3,0.75,0.75,2,2,1,1,1,0.5,0.5,0.64,0.64,0.34285714285714286,0,0,0,1,0,0,1,0
S1-758847716,S2-544562359,UDV Life Pvt Ltd,UV Life Pvt,"Cbs Appartment, U-37 Village Nathupur, Gurugram, Gurgaon, Haryana","Haryana, DOOR NO 0037 CBS APPARTMENT, U-37 VILLAGE NATHUPUR, GURUGRAM",0,1,0.9545149025565248,0.814814814814815,0.814814814814815,0.8421052631578948,0.4,0.6875,0.814814814814815,0.814814814814815,0.8421052631578948,0.7086614173228347,0.8661417322834646,0.9298245614035088,0.6666666666666666,0.9242424242424242,1,1.0,1,0,1,1,0,2,0.0,0.859211802482605,0,0,4,3,2,0.5,0.6666666666666666,2,2,1,1,1,0.5,0.5,0.9333333333333332,0.9333333333333332,0.5,0,0,0,1,0,0,1,0
S1-989879321,S2-700861548,Sarasora India Private Limited,Sarazora Private India Limited,"K-3, Gali No-1, Sourabh, Vihar, Jaitpur, New Delhi, South Delhi, Delhi","K-3, GALI NO-1, SOURABH, VIHAR, JAITPUR, NEW DELHI, दिल्ली",0,1,0.9498134032601567,0.7666666666666666,0.9666666666666667,0.9666666666666667,0.6,1.0,0.7666666666666666,0.9666666666666667,0.9666666666666667,0.8421052631578947,0.7894736842105263,0.9574468085106383,0.7692307692307693,0.8095238095238095,2,1.0,1,1,1,1,0,3,0.8599997758865356,0.8339837193489075,0,0,4,4,3,0.75,0.75,2,2,1,1,1,0.5,0.5,0.9285714285714286,0.9285714285714286,0.5151515151515151,0,0,0,1,0,1,1,0
S1-299803477,S2-302738705,Pi Agro Private Limited,প্রাইম সার্ভিসেস লিমিটেড,"Dd 68, Narayantala (E), Aswininagar, Deshbandhunagar, North 24 Parganas, West Bengal","#68, NORTH 24 PGS, NORTH 24 PARGANAS, West Bengal",0,1,0.9493028884707652,0.12765957446808507,0.12765957446808507,0.1463414634146342,0.0,0.9583333333333334,0.6,0.56,0.56,0.6557377049180328,0.5901639344262295,0.9411764705882354,0.5,0.5844155844155844,2,1.0,1,0,0,1,0,1,0.0,0.0,0,0,4,9,0,0.0,0.0,2,9,0,2,9,0.0,0.0,0.06451612903225812,0.08,0.0,0,0,0,1,0,0,1,0
S1-747038191,S2-469621987,New Delhi Financial Pvt. Ltd.,New Delhi Prop Pvt Ltd,"West Delhi, New Delhi, Delhi, Main Road, Old Plot No 1, Kh No 1/25, New No Rz-A-50","NEW NO RZ-A-50., MAIN ROAD, OLD PLOT NO 1, KH NO 1/25, NEW DELHI, Delhi",0,1,0.9492307283364226,0.7346938775510203,0.6938775510204082,0.8717948717948718,0.6666666666666666,0.8148148148148148,0.7346938775510203,0.6938775510204082,0.8717948717948718,0.6524822695035462,0.9219858156028369,1.0,0.9285714285714286,0.8552631578947368,3,1.0,1,0,1,1,0,2,0.0,0.959896981716156,0,0,5,5,4,0.8,0.8,3,3,2,1,1,0.6666666666666666,0.6666666666666666,0.6060606060606061,0.782608695652174,0.37037037037037035,0,0,0,1,0,0,0,1
S1-762807101,S2-863337391,Chandrora Transporting Private Limited,Prbivamte Chandrori Transporting [Limited],"P.No. 118, Sy.No.400, 403, Hyderguda, Attapur, Rajendranagar, K.V.Rangareddy, Telangana","P.NO. 118, K.V.RANGAREDDY, RAJENDRANAGAR, Telangana",0,1,0.9469365340225475,0.7435897435897436,0.9487179487179486,0.9487179487179488,0.3333333333333333,0.95,0.7435897435897436,0.9487179487179486,0.9487179487179488,0.6190476190476191,0.746031746031746,1.0,0.6153846153846154,0.5949367088607594,1,0.3333333333333333,0,1,1,1,0,3,0.7650372982025146,0.8136193752288818,0,0,4,4,2,0.5,0.5,2,3,1,1,2,0.5,0.3333333333333333,0.7777777777777779,0.8148148148148148,0.4782608695652174,0,0,0,1,0,0,1,0
S1-615519698,S2-861375377,Chirag Prime Private Limited,बिग इम्पेक्स प्राइवेट लिमिटेड,"190 Saini Enclave, East Delhi, Delhi","Haryana, FIRST FLOOR, SECTOR-34 ASHOKA ENCLAVE-I, NCR DELHI, 190",0,1,0.9466768837772488,0.10526315789473684,0.10526315789473684,0.11320754716981128,0.0,0.9655172413793104,0.6896551724137931,0.5517241379310345,0.5517241379310345,0.4042553191489362,0.5106382978723405,0.7555555555555555,0.23076923076923078,0.5666666666666667,1,0.5,0,0,0,1,0,1,0.0,0.0,0,0,4,12,0,0.0,0.0,2,12,0,2,12,0.0,0.0,0.04878048780487809,0.054054054054054036,0.0,0,0,0,1,0,0,0,1
S1-245699591,S2-119391504,Jogeshwari West Solutions Private Limited,jogeshwartwestmumbai.com,"Flexcel Park, C Wing, 2Nd Floor, S.V. Road, Near 24 Karat Multiplex, Jogeshwari West, Mumbai, Maharashtra","महाराष्ट्र, DOOR NO 548 FLEXCEL PARK, C WING, 2ND FLOOR, S. V. ROAD, NEAR 24 KARAT MULTIPLEX, JOGESHWART WEST MUMBAI",0,1,0.9463188084118288,0.523076923076923,0.4307692307692308,0.4307692307692308,0.0,0.5853658536585366,0.523076923076923,0.4307692307692308,0.4307692307692308,0.8195121951219513,0.8195121951219513,0.8654970760233919,0.6,0.8981481481481481,2,0.6666666666666666,0,0,1,1,0,2,0.0,0.8304706811904907,0,0,5,2,0,0.0,0.0,3,2,0,3,2,0.0,0.0,0.653061224489796,0.5714285714285715,0.19148936170212766,0,0,0,1,0,0,0,1
S1-485435572,S2-678162447,Akshaj Industries Group Private Limited,Akshaj Industries Group Private,"Snehakoodu Hill Road, Aluva, Ernakulam, Kerala",,0,1,0.9412426753732027,0.8857142857142857,0.8857142857142857,1.0,0.8,0.7948717948717948,0.8857142857142857,0.8857142857142857,1.0,0.0,0.0,0.0,0.0,0.0,0,0.0,0,1,0,0,0,1,0.894427478313446,0.0,0,0,5,4,4,0.8,1.0,3,3,3,0,0,1.0,1.0,1.0,1.0,0.7878787878787878,0,0,1,0,0,0,0,0
S1-799669471,S2-541167296,Tejam Consultancy Private Limited,TEJJAM CONSULTANCY  PRIVATE LIMITED,"Hno 2934 A/P Koregaon Bhi, Maharashtra, Pune, Haveli, Tal Shirur","#2934 A/P KOREGAON BHI, TAL SHIRUR, HAGELI, महाराष्ट्र",0,1,0.9392520914252039,0.9850746268656717,0.9850746268656717,0.9850746268656717,0.6,0.9705882352941176,0.9850746268656717,0.9850746268656717,0.9850746268656717,0.6363636363636364,0.6909090909090909,0.8,0.4375,0.8333333333333334,1,1.0,1,1,0,1,0,2,0.9299671649932861,0.0,0,0,4,4,3,0.75,0.75,2,2,1,1,1,0.5,0.5,0.9714285714285714,0.9714285714285714,0.9,0,0,0,1,0,1,1,0
S1-160052800,S2-146550328,Kaveransh Estates Private Limited,KAVERINSH ESTATES  LIMITED SERVICE,"Delhi North East, North West Delhi, Delhi, 2Nd Floor, C-181-D, Gali No-6, Ganga Vihar","#2ND FLOOR, C-181-D, GALI NO-6, GANGA VIHAR, DELHI NORTH EAST, Delhi",0,1,0.9383918734596144,0.7272727272727273,0.8484848484848484,0.8484848484848484,0.3333333333333333,1.0,0.7272727272727273,0.8484848484848484,0.8484848484848484,0.5531914893617021,0.8794326241134752,1.0,0.9285714285714286,0.7848101265822784,3,1.0,1,0,1,1,0,2,0.0,0.9532280564308167,0,0,4,4,2,0.5,0.5,2,3,1,1,2,0.5,0.3333333333333333,0.7619047619047619,0.7619047619047619,0.41025641025641024,0,0,0,1,0,1,1,0
S1-237949680,S2-845758609,Real Industries Private Limited,प्राइम फाइनेंस प्राइवेट लिमिटेड,"A-112 Urbtech Trade Centre, Sector 132 Noida, Dadri, Gautam Buddha Nagar, Uttar Pradesh","A 112 URBTECH TRADE, CENTRE SEC 132 NOIDA, NOIDA, GAUTAM BUDDHA NAGAR, Uttar Pradesh",0,1,0.9376196907716762,0.09836065573770492,0.09836065573770492,0.10909090909090907,0.0,0.967741935483871,0.6268656716417911,0.417910447761194,0.41791044776119407,0.9447852760736197,0.9079754601226994,0.9722222222222223,0.8,0.963855421686747,2,1.0,1,0,1,1,0,2,0.0,0.8950498104095459,0,0,4,11,0,0.0,0.0,2,11,0,2,11,0.0,0.0,0.04444444444444439,0.05128205128205124,0.0,0,0,0,1,0,1,1,0
S1-446128651,S2-548190740,JNG Exim Ltd,JNG Exim L.L.P.,"Laxmi Niwas, Room No.3, Pipe Line, Saffaid Pool, Nr. St. Judes High School, Mumbai, Mumbai City, Maharashtra","NO 98 LAXMI NIWAS, ROOM NO.3, PIPE LINE, SAFFAID POOL, NR. ST. JUDES HIGH SCHOOL, MUMBAI, महाराष्ट्र",0,1,0.9364240336439448,0.7692307692307692,0.7692307692307692,0.8333333333333333,0.4,0.8571428571428571,0.7692307692307692,0.7692307692307692,0.8333333333333333,0.8167539267015707,0.7958115183246073,0.9259259259259259,0.6818181818181818,0.9292929292929293,1,0.5,0,1,1,1,0,3,0.7058823108673096,0.8360171914100647,0,0,3,4,2,0.6666666666666666,0.5,2,4,2,0,2,1.0,0.5,0.7272727272727273,1.0,0.6,0,0,0,1,0,0,0,1
S1-693389341,S2-736034763,Shree Consultants (India) Limited,MIRAQUO,"No.12A J.R. Complex, Veeravanjinathan Street, P, Erungudi, Chennai, Tamil Nadu","NO.12A J.R. COMPLEX, VEERAVANJINATHAN STREET, P, ERUNGUDI, CHENNAI, Tamil Nadu",0,1,0.9329505536341142,0.10526315789473684,0.1578947368421053,0.1578947368421052,0.0,0.22580645161290322,0.10526315789473684,0.1578947368421053,0.1578947368421052,1.0,1.0,1.0,1.0,1.0,1,1.0,1,0,1,1,0,2,0.0,0.9999992251396179,0,0,4,1,0,0.0,0.0,3,1,0,3,1,0.0,0.0,0.1333333333333333,0.13333333333333328,0.0,1,0,0,1,0,1,1,0
S1-51837600,S2-87477922,Manohar Appliances (India) Company,Manohar Appliances-(India) LLP,"Bangalore, Karnataka, Bangalore, Unit No. S-211, Brigade Metropolis, Mahadevapura, The Arcade","NO 26 THE ARCADE, UNIT NO. S-211, BRIGADE METROPOLIS, MAHADEVAPURA, BANGALORE, ಕರ್ನಾಟಕ",0,1,0.9328447341475304,0.8666666666666667,0.8,0.923076923076923,0.6,0.875,0.8666666666666667,0.8,0.923076923076923,0.6987951807228916,0.7951807228915662,0.9295774647887324,0.6666666666666666,0.9302325581395349,1,0.5,0,1,1,1,0,3,0.8226362466812134,0.8692193031311035,0,0,4,4,3,0.75,0.75,3,3,3,0,0,1.0,1.0,1.0,1.0,0.6666666666666666,0,0,0,1,0,0,0,1
S1-546348737,S2-375148476,Ali (India) Agro Private Limited,Private Ali (India) Advisor Limited,"B-2/11, 1St Floor, Mohan Industrial Estate Badarpur, New Delhi, South Delhi, Delhi","B-2/1, 1ST FLOOR, MOHAN INDUSTRIAL ESTATE BADARPUR, NEW DELHI, SOUTH DELHI, Delhi",0,1,0.932458674897243,0.6666666666666667,0.8888888888888888,0.9090909090909091,0.6666666666666666,0.9090909090909091,0.6666666666666667,0.8888888888888888,0.9090909090909091,0.9934640522875817,0.9934640522875817,0.992248062015504,0.8461538461538461,0.987012987012987,2,0.6666666666666666,0,0,1,1,0,2,0.0,0.9910417199134827,0,0,5,5,4,0.8,0.8,3,3,2,1,1,0.6666666666666666,0.6666666666666666,0.7741935483870968,0.782608695652174,0.5,0,0,0,1,0,0,1,0
S1-361011390,S2-899967519,Solutions Digi Seeds Limited,SOLUTIONS DIGI SEEDS LTD,"H. No 1091 G/F Bazar Mohalla Village Tughlakabad, New Delhi, South Delhi, Delhi",,0,1,0.9292595803223626,0.923076923076923,0.923076923076923,0.923076923076923,0.6,0.8571428571428571,0.923076923076923,0.923076923076923,0.923076923076923,0.0,0.0,0.0,0.0,0.0,0,0.0,0,1,0,0,0,1,0.7893023490905762,0.0,0,0,4,4,3,0.75,0.75,3,3,3,0,0,1.0,1.0,1.0,1.0,0.68,0,0,1,0,0,0,0,0
S1-420459287,S2-513335188,Ghaziabad Burst Private Limited,बाबा इंटरनेशनल प्राइवेट लिमिटेड,"58/5/Dt-13, Vandana Vihar, Khoda, Ghaziabad, Uttar Pradesh","58/5/DT-13, VANDANA VIHAR, KHODA COLONY, GHAZIABAD, GAUTAM BUDDHA NAGAR, Uttar Pradesh",0,1,0.9289827891758115,0.09836065573770492,0.09836065573770492,0.10526315789473685,0.0,0.967741935483871,0.6086956521739131,0.5507246376811594,0.5507246376811594,0.8,0.8,1.0,0.7142857142857143,0.6666666666666666,3,1.0,1,0,1,1,0,2,0.0,0.8142120838165283,0,0,4,11,0,0.0,0.0,2,11,0,2,11,0.0,0.0,0.04444444444444439,0.04878048780487802,0.0,0,0,0,1,0,1,1,0
S1-715049118,S2-291224264,Baba Developers Private Limited,FLUXEVO,"Room No.734, 7Th Floor, Marshal House, 33/1, Netaji Subhas Road, Kolkata, Kolkata, Howrah, West Bengal","ROOM NO.734, KOLKATA, HOWRAH, West Bengal, 7TH FLOOR, MARSHAL HOUSE, 33/1, NETAJI SUBHAS ROAD, KOLKATA",0,1,0.9256984434743639,0.1578947368421053,0.1578947368421053,0.1578947368421052,0.0,0.22580645161290322,0.1578947368421053,0.1578947368421053,0.1578947368421052,0.7127659574468085,1.0,1.0,1.0,1.0,4,1.0,1,0,1,1,0,2,0.0,0.999998152256012,0,0,4,1,0,0.0,0.0,2,1,0,2,1,0.0,0.0,0.2727272727272727,0.27272727272727265,0.0,0,0,0,1,0,1,1,0
S1-715049118,S2-365572786,Baba Developers Private Limited,Belolyra,"Room No.734, 7Th Floor, Marshal House, 33/1, Netaji Subhas Road, Kolkata, Kolkata, Howrah, West Bengal","ROOM NO.734, 7TH FLOOR, MARSHAL HOUSE, 33/1, NETAJI SUBHAS ROAD, KOLKATA, KOLKATA, HOWRAH, West Bengal",0,1,0.9255962144293582,0.3076923076923077,0.3589743589743589,0.358974358974359,0.0,0.25806451612903225,0.3076923076923077,0.3589743589743589,0.358974358974359,1.0,1.0,1.0,1.0,1.0,4,1.0,1,0,1,1,0,2,0.0,0.999998152256012,0,0,4,1,0,0.0,0.0,2,1,0,2,1,0.0,0.0,0.43478260869565216,0.43478260869565216,0.03225806451612903,1,0,0,1,0,1,1,0
S1-964193301,S2-18522082,Saurashtra Plantation Clinic,Shri Saurashtra Plantation Clinic Industries,"6-3-1090/A/3/3 Ii Floor Krb Towers Somajiguda, Hyderabad, Telangana","#6-3-1090/A/3/6 II FLOOR KRB TOWERS SOMAJIGUDA, HYDERABAD, తెలంగాణ",0,1,0.9237571389994423,0.7777777777777779,0.7777777777777779,1.0,0.6,0.6363636363636364,0.7777777777777779,0.7777777777777779,1.0,0.859375,0.84375,0.9272727272727274,0.6666666666666666,0.9692307692307692,3,1.0,1,1,1,1,0,3,0.8082902431488037,0.8786984086036682,0,0,3,5,3,1.0,0.6,3,5,3,0,2,1.0,0.6,0.7777777777777779,1.0,0.631578947368421,0,0,0,1,0,0,1,0
S1-880521436,S2-466853308,City Trading Limited,பிரைம் கன்சல்டிங் லிமிடெட்,"Rh-82, Shriram Sheshta, Bodipalayam Road, Madukarai Market, Coimbatore South, Coimbatore, Tamil Nadu","RH-82, SHRIRAM SHESHTA, BODIPALAYAM ROAD, MADUKARAI MARKET, COIMBATORE SOUTH, COIMBATORE, Tamil Nadu",0,1,0.9231985803242109,0.09302325581395354,0.09302325581395354,0.10810810810810807,0.0,0.8695652173913043,0.5416666666666667,0.5416666666666667,0.5416666666666666,1.0,1.0,1.0,1.0,1.0,1,1.0,1,0,1,1,0,2,0.0,1.0000008344650269,0,0,3,8,0,0.0,0.0,2,8,0,2,8,0.0,0.0,0.05714285714285716,0.06896551724137936,0.0,1,0,0,1,0,1,1,0
S1-757120700,S2-874848405,Hotel Exports Private Limited,बेस्ट इम्पेक्स प्राइवेट लिमिटेड,"Anadaram Choudhary S/O Sh Gangha Ram Choudhary Udhaniyo Ka Bas, Gudamalni, Barmer, Rajasthan","ANADARAM CHOUDHARY S/O SH GANGHA RAM CHOUDHARY UDHANIYO KA BAS, GUDAMALNI, BARMER, Rajasthan",0,1,0.9222715325135469,0.09999999999999998,0.09999999999999998,0.11538461538461534,0.0,0.9354838709677419,0.5901639344262295,0.5901639344262295,0.5901639344262295,1.0,1.0,1.0,1.0,1.0,0,0.0,0,0,1,1,0,2,0.0,1.0000014305114746,0,0,4,11,0,0.0,0.0,2,11,0,2,11,0.0,0.0,0.045454545454545414,0.05555555555555557,0.0,1,0,0,0,0,0,0,0
S1-591500370,S2-446599374,Rohan Express Ltd,Ltd Rohan Furniture,"Telangana, 4Th Floor, Xeno Office, Shaikpet, Hyderabad","NO 49 XENO OFFICE, 4TH FLOOR, HYDERABAD, Telangana",0,1,0.9221514937821995,0.4444444444444444,0.6666666666666667,0.6923076923076923,0.5,0.8947368421052632,0.4444444444444444,0.6666666666666667,0.6923076923076923,0.5567010309278351,0.845360824742268,0.9318181818181819,0.6666666666666666,0.94,1,0.5,0,0,1,1,0,2,0.0,0.872502863407135,0,0,3,3,2,0.6666666666666666,0.6666666666666666,2,2,1,1,1,0.5,0.5,0.5714285714285714,0.5714285714285715,0.16666666666666666,0,0,0,1,0,0,0,1
S1-153505931,S2-820354453,Exquisite Traders Private Limited,Vision Properties प्राइवेट लिमिटेड,"Unit611, 6Th Floor, Reliables Pride, Aanand Nagar Opp Heera Panna, Jogeshwari (W), Mumbai, Mumbai City, Maharashtra","UNIT611, 6TH FLOOR, RELIABLES PRIDE, AANAND NAGAR OPP HEERA PANNA, JOGESHWARI (W), MUMBAI, Maharashtra",0,1,0.9201280878860358,0.29850746268656714,0.23880597014925375,0.24615384615384614,0.0,0.9705882352941176,0.6285714285714286,0.5142857142857142,0.5142857142857143,0.94,0.94,1.0,0.9333333333333333,0.8867924528301887,2,1.0,1,0,1,1,0,2,0.0,0.9545961618423462,0,0,4,9,0,0.0,0.0,2,9,0,2,9,0.0,0.0,0.3137254901960784,0.20408163265306128,0.02040816326530612,0,0,0,1,0,1,1,0
S1-100063762,S2-882171048,Innovative Enterprises Private Limited,INNOVATIVE ENTRPHRISES STORES PRIVATE LIMITED,"No.35/6-5, Sri Krishna Residency2Nd Floor, Langfordroadcross, Bangalore, Karnataka","Karnataka, H.NO 35/6-6 , SRI KRISHNA RESIDENCY2ND FLOOR, LANGFORDROADCROSS, BANGALORE",0,1,0.9178194933818167,0.891566265060241,0.891566265060241,0.891566265060241,0.5,0.8444444444444444,0.891566265060241,0.891566265060241,0.891566265060241,0.8481012658227847,0.9746835443037974,0.9871794871794871,0.8333333333333334,0.975,3,0.75,0,0,1,1,0,2,0.0,0.9915348291397095,0,0,4,5,3,0.75,0.6,2,3,1,1,2,0.5,0.3333333333333333,0.8235294117647058,0.8235294117647058,0.6428571428571429,0,0,0,1,0,0,1,0
S1-402437932,S2-664310597,Industries Vinit Paper Private Limited,regencypolytechniccom,"C/O Shree Balaji Multispecialty Hospital, Aashapura Main Road, Near Rmc Chowk, Karan Para, Rajkot, Gujarat","C/O SHREE BALAJI MULTISPECIALTY HOSPITAL, AASHAPURA MAIN ROAD, NEAR RMC CHOWK, KARAN PARA, RAJKOT, Gujarat",0,1,0.9081793764337002,0.27118644067796616,0.27118644067796616,0.2711864406779661,0.0,0.5526315789473685,0.27118644067796616,0.27118644067796616,0.2711864406779661,1.0,1.0,1.0,1.0,1.0,0,0.0,0,0,1,1,0,2,0.0,0.999999463558197,0,0,5,1,0,0.0,0.0,3,1,0,3,1,0.0,0.0,0.23255813953488372,0.2790697674418605,0.0,1,0,0,0,0,0,0,0
S1-709747114,S2-990044522,Meditek Solutions,-- TJ  Solution,"Flat 208, Devulapalli, Padma'S Flower Blocks, Rangareddy, Telangana","FT NO:208, RANGAREDDY, Telangana",0,1,0.9066369355832564,0.7142857142857143,0.5714285714285714,0.5714285714285715,0.0,0.6470588235294118,0.7142857142857143,0.5714285714285714,0.5714285714285715,0.5806451612903225,0.6236559139784946,0.8888888888888888,0.2727272727272727,0.47619047619047616,1,1.0,1,0,0,1,0,1,0.0,0.0,0,0,2,2,0,0.0,0.0,2,2,0,2,2,0.0,0.0,0.7142857142857143,0.5714285714285715,0.375,0,0,0,1,0,1,1,0
S1-938974096,S2-192599898,Diksha Institute of Technology Pvt Ltd,Diksha Institute of Limited Technology,"Ist Fllor, Gajendra Towers, No.5, 11Th Main 4Th Block, Jayanagar, Bangalore, Karnataka","NO G-18 IST FLLOR, GAJENDRA TOWERS, NO.5, 11TH MAIN 4TH BLOCK, JAYANAGAR, BANGALORE, Karnataka",0,1,0.9053306589098807,0.7894736842105263,0.8947368421052632,0.8947368421052632,0.5714285714285714,1.0,0.7894736842105263,0.8947368421052632,0.8947368421052632,0.9523809523809522,0.9523809523809522,1.0,0.8666666666666667,0.9090909090909091,3,0.75,0,0,1,1,0,2,0.0,0.9808370471000671,0,0,6,5,4,0.6666666666666666,0.8,4,4,4,0,0,1.0,1.0,1.0,1.0,0.575,0,0,0,1,0,0,0,1
S1-640598828,S2-12733570,Great Services Pvt Ltd,ग्रेट सर्विसेज प्रोविजन प्रा. लि.,"Azziano, D Wing, 601, Nr Rustomjee School, Thane, Maharashtra","DOOR NO 97 AZZIANO, D WING, 601, NR RUSTOMJEE SCHOOL, THANE, Maharashtra",0,1,0.9033270451534894,0.11764705882352944,0.11764705882352944,0.1395348837209302,0.0,0.7586206896551724,0.5882352941176471,0.5882352941176471,0.5882352941176471,0.9105691056910569,0.9105691056910569,1.0,0.75,0.835820895522388,1,0.5,0,0,1,1,0,2,0.0,0.9428431391716003,0,0,4,10,0,0.0,0.0,2,10,0,2,10,0.0,0.0,0.04651162790697672,0.05714285714285708,0.0,0,0,0,1,0,0,0,1
S1-900995222,S2-448212916,International Aerostar Lifestyle-New Delhi,International Aerostar Lifestyle-New Delhi Group,"3-R, 3Rd Floor, Dcm Building 16 Barakhamba Road, New Delhi, Delhi","5-R , 3RD FLOOR, DCM BUILDING 16 BARAKHAMBA ROAD, NEW DELHI, Delhi",0,1,0.8947679300308107,0.9333333333333332,0.9333333333333332,1.0,0.8333333333333334,0.875,0.9333333333333332,0.9333333333333332,1.0,0.9836065573770492,0.9672131147540983,0.9818181818181819,0.8333333333333334,1.0,2,0.6666666666666666,0,1,1,1,0,3,0.9420730471611023,0.9928560256958008,0,0,5,6,5,1.0,0.8333333333333334,5,6,5,0,1,1.0,0.8333333333333334,0.9333333333333332,1.0,0.8780487804878049,0,0,0,1,0,0,0,1
S1-572384013,S2-545549586,Gold Consulting LLP,Dr Bgd Consu1ting Pvt Ltd,"Suraj Prakash Bldg86 S Ghanekar Marg Prabhadevi, Mumbai, Maharashtra","Maharashtra, SURAJ PRAKASH BLDG86. S GHANEKAR MARGARG PRABHADEVI, MUMBAI",0,1,0.8940494488074192,0.6363636363636364,0.6363636363636364,0.6363636363636364,0.0,0.76,0.6363636363636364,0.6363636363636364,0.6363636363636364,0.8,0.9777777777777777,0.9777777777777777,0.8,0.9565217391304348,1,1.0,1,0,1,1,0,2,0.0,0.9669076800346375,0,0,3,5,0,0.0,0.0,2,3,0,2,3,0.0,0.0,0.75,0.6875,0.21428571428571427,0,0,0,1,0,1,1,0
S1-670792148,S2-262694771,Gravity Catering (India) Private Limited,AVIZEPHBRIX,"G-78A, Block-G Kalkaji, New Delhi, South Delhi, Delhi","G-78A, BLOCK-G KALKAJI, NEW DELHI, SOUTH DELHI, Delhi",0,1,0.8935683895970606,0.2857142857142857,0.2857142857142857,0.2857142857142857,0.0,0.2894736842105263,0.2857142857142857,0.2857142857142857,0.2857142857142857,1.0,1.0,1.0,1.0,1.0,1,1.0,1,0,1,1,0,2,0.0,1.0000004768371582,0,0,5,1,0,0.0,0.0,3,1,0,3,1,0.0,0.0,0.36363636363636365,0.2424242424242425,0.02564102564102564,1,0,0,1,0,1,1,0
S1-823457012,S2-52027125,Pune City Infrastructure Private Limited,Pune City Infrastructure Exports Private,"Flat No. 85 D Wing, 1455 Kasba Peth, Krishna Heights, Maharashtra, Pune, Pune City","NO 71 KRISHNA HEIGHTS, FLAT NO. 85 D WING, 1455 KASBA PETH, PUNE CITY, Maharashtra",0,1,0.8922922431897568,0.8,0.8,0.8888888888888888,0.6666666666666666,1.0,0.8,0.8,0.8888888888888888,0.65359477124183,0.9281045751633986,1.0,0.9285714285714286,0.987012987012987,2,0.6666666666666666,0,0,1,1,0,2,0.0,0.9537509679794312,0,0,5,5,4,0.8,0.8,3,4,3,0,1,1.0,0.75,0.8571428571428572,1.0,0.5813953488372093,0,0,0,1,0,0,0,1
S1-292783147,S2-522705207,Indrva India Limited,Indryx India,"Vijayawada, Krishna, Andhra Pradesh, 76-12-3 Dolphin Restaurant Road","76-12-3 DOLPHIN RESTAURANT ROAD, VIJAYAWADA, ఆంధ్రప్రదేశ్",0,1,0.8888936056026755,0.625,0.625,0.625,0.25,0.6,0.625,0.625,0.625,0.5210084033613445,0.7058823529411764,0.875,0.4666666666666667,0.8307692307692308,3,1.0,1,0,1,1,0,2,0.0,0.757860541343689,0,0,3,2,1,0.3333333333333333,0.5,2,2,1,1,1,0.5,0.5,0.8333333333333335,0.8333333333333333,0.21052631578947367,0,0,0,1,0,1,1,0
S1-535660089,S2-250080140,Jay Finance Private Limited,myfinance.com,"Dotspace Business Center, Tc 24/3088, Ushasandya Building, Kowdiar Devasam Bo, Ard, Thiruvananthapuram, Thiruvananthapuram, Trivandrum, Kerala","DOTSPACE BUSINESS CENTER, TC 24/3088/2, USHASANDYA BUILDING, KOWDIAR, DEVASOM BOARD ROAD, KOWDIAR, TRIVANDRUM, THIRUVANANTHAPURAM, TRIVANDRUM, THIRUVANANTHAPURAM, കേരളം",0,1,0.8883627795003741,0.5,0.35,0.35,0.0,0.48148148148148145,0.5,0.35,0.35,0.8109965635738832,0.865979381443299,0.9145299145299145,0.5238095238095238,0.8535031847133758,2,0.6666666666666666,0,0,1,1,0,2,0.0,0.9023528099060059,0,0,4,2,0,0.0,0.0,2,2,0,2,2,0.0,0.0,0.6666666666666667,0.5833333333333334,0.23076923076923078,0,0,0,1,0,0,1,0
S1-258292802,S2-84718728,North It LLP,नॉर्थ आईटी एलएलपी,"Delhi, Central Delhi, Gali No-6, Paharganj, New Delhi, 8246","2-6/22, NEW DELHI, CENTRAL DELHI, Delhi",0,1,0.8869491889762274,0.14814814814814814,0.14814814814814814,0.14814814814814808,0.0,0.8,0.6857142857142857,0.6857142857142857,0.6857142857142857,0.5555555555555556,0.7333333333333334,0.8837209302325582,0.4,0.6666666666666666,1,0.25,0,0,0,0,1,1,0.0,0.0,7,0,3,5,0,0.0,0.0,2,5,0,2,5,0.0,0.0,0.08695652173913049,0.08695652173913046,0.0,0,0,0,1,0,0,0,1
S1-292651328,S2-542058196,Services Fusion Intelligent Private Limited,Services Fusion Intelligent  Group Private,"Jbmr Workspace, G-14, 5Th Floor, Sector-3, Noida, Gautam Buddha Nagar, Uttar Pradesh","NO 91 JBMR WORKSPACE, G-14, 5TH FLOOR, SECTOR-3, NOIDA, Uttar Pradesh",0,1,0.8834711764514032,0.8333333333333335,0.8333333333333335,0.9210526315789473,0.6666666666666666,0.9534883720930233,0.8333333333333335,0.8333333333333335,0.9210526315789473,0.8169014084507044,0.8591549295774648,0.9508196721311475,0.6875,0.8205128205128205,3,0.75,0,1,1,1,0,3,0.8454062342643738,0.8366329073905945,0,0,5,5,4,0.8,0.8,3,4,3,0,1,1.0,0.75,0.9,1.0,0.6511627906976745,0,0,0,1,0,0,0,1
S1-313898168,S2-841454297,KVV Solutions Pvt. Ltd.,XKVV Sólutions Pvt. Ltd.,"Shed No. C1B, Plot No. 3523, Road No. 3, Near Paliwal Chokdi, Chorasi, Surat, Gujarat","SHED NO. CD/1B, PLOT NO. 3523, ROAD NO. 3, NEAR PALIWAL CHOKDI, CHORASI, Gujarat",0,1,0.8833204763913841,0.9302325581395349,0.7441860465116279,0.7441860465116279,0.3333333333333333,0.9545454545454546,0.9767441860465115,0.7906976744186046,0.9767441860465117,0.9459459459459459,0.9189189189189189,0.9523809523809524,0.7333333333333333,0.9473684210526315,3,1.0,1,0,1,1,1,3,0.0,0.9339403510093689,1,0,4,4,2,0.5,0.5,2,2,0,2,2,0.0,0.0,0.8888888888888888,0.5925925925925926,0.65,0,0,0,1,0,1,1,0
S1-880521436,S2-188507010,City Trading Limited,பிரைம் கன்சல்டிங் லிமிடெட்,"Rh-82, Shriram Sheshta, Bodipalayam Road, Madukarai Market, Coimbatore South, Coimbatore, Tamil Nadu","RH-82, SHRIRAM SHESHTA, BODIPALAYAM ROAD, MADUKARAI MARKET, COIMBATORE SOUTH, COIMBATORE, தமிழ்நாடு",0,1,0.882550492031147,0.09302325581395354,0.09302325581395354,0.10810810810810807,0.0,0.8695652173913043,0.5416666666666667,0.5416666666666667,0.5416666666666666,0.9139784946236559,0.9032258064516128,0.9411764705882354,0.625,0.9787234042553191,1,1.0,1,0,1,1,0,2,0.0,0.9486806988716125,0,0,3,8,0,0.0,0.0,2,8,0,2,8,0.0,0.0,0.05714285714285716,0.06896551724137936,0.0,0,0,0,1,0,1,1,0
S1-670307573,S2-519680618,NJQ Commercial Pvt. Ltd.,NJE Commercial Pvt.,"Plot No. 01, Gurudev Industrial Area-3 Ravki-Makhavad Main Road, Village Ravki, Tal Lodhika, Rajkot, Gujarat","#01 , GURUDEV INDUSTRIAL AREA-3 RAVKI-MAKHAVAD MAIN ROAD, VILLAGE RAVKI, TAL LODHIKA, Gujarat",0,1,0.8763731058955274,0.85,0.85,0.875,0.4,0.8181818181818182,0.85,0.85,0.875,0.9206349206349206,0.9206349206349206,1.0,0.8125,0.8529411764705882,2,1.0,1,0,1,1,0,2,0.0,0.9392497539520264,0,0,4,3,2,0.5,0.6666666666666666,2,2,1,1,1,0.5,0.5,0.9285714285714286,0.9285714285714286,0.55,0,0,0,1,0,1,1,0
S1-653294749,S2-60991259,Shiv Exports Private Limited,శివ్ డెవలపర్స్ ప్రైవేట్ లిమిటెడ్,"306, Balaji Castle Krishna Nagar, Maharanipeta, Visakhapatnam, Vishakhapatnam, Andhra Pradesh","FL NO 306, BL -B, ADITYA, FORTUNE MIDHILAPURI, VISAKHAPATNAM (RURAL), VISAKHAPATNAM, VISHAKHAPATNAM, ఆంధ్రప్రదేశ్",0,1,0.8708885346331411,0.1071428571428571,0.1071428571428571,0.12,0.0,1.0,0.7540983606557377,0.7540983606557377,0.7540983606557377,0.5684210526315789,0.6,0.625,0.13043478260869565,0.8627450980392157,1,1.0,1,0,0,1,0,1,0.0,0.0,0,0,4,10,0,0.0,0.0,2,10,0,2,10,0.0,0.0,0.050000000000000044,0.058823529411764636,0.0,0,0,0,1,0,1,1,0
S1-757120700,S2-390107070,Hotel Exports Private Limited,बेस्ट इम्पेक्स प्राइवेट लिमिटेड,"Anadaram Choudhary S/O Sh Gangha Ram Choudhary Udhaniyo Ka Bas, Gudamalni, Barmer, Rajasthan","BARMER, ANADARAM CHOUDHARY S/O SH GANGHA RAM CHOUDHARY UDHANIYO KA BAS, Rajasthan, GUDAMALNI",0,1,0.8698845911462919,0.09999999999999998,0.09999999999999998,0.11538461538461534,0.0,0.9354838709677419,0.5901639344262295,0.5901639344262295,0.5901639344262295,0.8089887640449437,1.0,1.0,1.0,1.0,0,0.0,0,0,1,1,0,2,0.0,1.0000014305114746,0,0,4,11,0,0.0,0.0,2,11,0,2,11,0.0,0.0,0.045454545454545414,0.05555555555555557,0.0,0,0,0,0,0,0,0,0
S1-101883786,S2-616497083,Bhubaneswar Communications Private Limited,Bhubaneswar Communications Limited,"Flat No-A 402, Plot No-220/2174, Bomikhal, Bhubaneswar, Khordha, Orissa","FLAT NO-A 403, PLOT NO-220/2174, BOMIKHAL, BHUBANESWAR, ଓଡ଼ିଶା",0,1,0.8667065101840219,0.8947368421052632,0.8947368421052632,1.0,0.75,0.8095238095238095,0.8947368421052632,0.8947368421052632,1.0,0.8524590163934427,0.819672131147541,0.9072164948453608,0.5714285714285714,0.8484848484848485,2,0.5,0,1,1,1,0,3,0.9079235196113586,0.812390148639679,0,0,4,3,3,0.75,1.0,2,2,2,0,0,1.0,1.0,1.0,1.0,0.717948717948718,0,0,0,1,0,0,0,1
S1-156980495,S2-310679590,Red Systems Private Limited,Ectoriza,"32/2611, N.H. Palarivattom, Cochin, Kerala","N.H. PALARIVATTOM, 32/2611, Kerala, COCHIN",0,1,0.8662368668947137,0.2857142857142857,0.22857142857142854,0.22857142857142862,0.0,0.2962962962962963,0.2857142857142857,0.22857142857142854,0.22857142857142862,0.631578947368421,1.0,1.0,1.0,1.0,2,1.0,1,0,1,1,0,2,0.0,1.0000004768371582,0,0,4,1,0,0.0,0.0,2,1,0,2,1,0.0,0.0,0.21052631578947367,0.2105263157894737,0.0,0,0,0,1,0,1,1,0
S1-373684022,S2-124699033,Mumbai (bombay) Pvt. Ltd.,#oneagra,"1205, East Point, 90 Feet, Road, Ghatkopar (E), Mumbai, Maharashtra","1205, EAST POINT, 90 FEET, ROAD, GHATKOPAR (E), MUMBAI, Maharashtra",0,1,0.8658919872267404,0.1428571428571429,0.2142857142857143,0.2142857142857143,0.0,0.3333333333333333,0.1428571428571429,0.2142857142857143,0.2142857142857143,1.0,1.0,1.0,1.0,1.0,2,1.0,1,0,1,1,0,2,0.0,1.0000009536743164,0,0,4,1,0,0.0,0.0,2,1,0,2,1,0.0,0.0,0.19999999999999996,0.3,0.0,1,0,0,1,0,1,1,0
S1-902884795,S2-779895710,New Delhi Media Pvt Ltd,New Delhi Media Pvt.,"Ae-59, Tagore Garden, New Delhi, West Delhi, Delhi",,0,1,0.8633590473479827,0.9047619047619048,0.9047619047619048,1.0,0.8,0.8260869565217391,0.9047619047619048,0.9047619047619048,1.0,0.0,0.0,0.0,0.0,0.0,0,0.0,0,1,0,0,0,1,0.921132504940033,0.0,0,0,5,4,4,0.8,1.0,3,3,3,0,0,1.0,1.0,1.0,1.0,0.8235294117647058,0,0,1,0,0,0,0,0
S1-934308012,S2-643407328,Nm Chemicals Private Limited,Private Nm Builders Limited,"C/O Harshil O H, Olavakott House, P.O South Vazhakulam, Aluva, Ernakulam, Kerala","DOR NO 36 C/O HARSHIL O H, ALUVA, ERNAKULAM, OLAVAKOTT HOUSE, P.O SOUTH VAZHAKULAM, Keralam",0,1,0.8604565256468996,0.5454545454545454,0.8,0.8,0.6,0.9642857142857143,0.5454545454545454,0.8,0.8,0.7329192546583851,0.9316770186335404,0.9481481481481481,0.6875,0.872093023255814,0,0.0,0,0,1,1,0,2,0.0,0.9480479955673218,0,0,4,4,3,0.75,0.75,2,2,1,1,1,0.5,0.5,0.5217391304347826,0.5217391304347826,0.2857142857142857,0,0,0,0,0,0,0,0
S1-20101829,S2-114197904,Aarvora Solutions,Aarvori Sooluditoocn,"F-126, Ground Floor Lado Sarai, New Delhi, Delhi, South Delhi, Delhi","NO. 849 F-126, GROUND FLOOR LADO SARAI, NEW DELHI, DELHI, Delhi",0,1,0.8596526762256521,0.7567567567567568,0.7567567567567568,0.7567567567567568,0.0,0.85,0.7567567567567568,0.7567567567567568,0.7567567567567568,0.8429752066115702,0.859504132231405,0.9285714285714286,0.7272727272727273,0.9206349206349206,1,0.5,0,0,1,1,0,2,0.0,0.9438890218734741,0,0,2,2,0,0.0,0.0,2,2,0,2,2,0.0,0.0,0.7567567567567568,0.7567567567567568,0.19230769230769232,0,0,0,1,0,0,0,1
S1-908632251,S2-512916109,Big Investments Pvt Ltd,बिग इन्वेस्टमेंट्स एलएलपी,"Room No 207Ranjeet Sadan K-128 Mohammadpur, Delhi, West Delhi, Delhi","ROOM NO 207RANJEET SADAN K-141 MOHAMMADPUR, DELHI, NEW DELHI, दिल्ली",0,1,0.8573994832892337,0.13043478260869568,0.13043478260869568,0.1363636363636364,0.0,1.0,0.7083333333333333,0.625,0.625,0.8527131782945736,0.8217054263565892,0.9072164948453608,0.5384615384615384,0.9846153846153847,1,0.3333333333333333,0,0,1,1,0,2,0.0,0.8871254920959473,0,0,4,8,0,0.0,0.0,2,8,0,2,8,0.0,0.0,0.05263157894736848,0.05555555555555557,0.0,0,0,0,1,0,0,1,0
S1-144238294,S2-658134953,Visakhapatnam Vincom,ivisakhapatnam.com,"Rajkamal Building, Industrial Estate, Narsingarao Peta, Anakapalli, Anakapalle, Visakhapatnam, Vishakhapatnam, Andhra Pradesh","6-55-70/4, VISAKHAPATNAM, VISHAKHAPATNAM, Andhra Pradesh",0,1,0.8548040070672459,0.8947368421052632,0.8947368421052632,0.8947368421052632,0.0,0.9,0.8947368421052632,0.8947368421052632,0.8947368421052632,0.5497076023391814,0.5380116959064327,0.8958333333333333,0.25,0.4491525423728814,0,0.0,0,1,0,0,0,1,0.745601236820221,0.0,0,0,2,2,0,0.0,0.0,2,2,0,2,2,0.0,0.0,0.8947368421052632,0.8947368421052632,0.6,0,0,0,0,0,0,0,0
S1-85270923,S2-335534992,Minerva Consultancy,Limited Minerva Consultancy,"6-3-788/A/20, Ground Floor, Plot No.125 Durga Nagar Colony, Ameerpet, Hyderabad, Telangana","6-3-788/A/29, GROUND FLOOR, PLOT NO.125 DURGA NAGAR COLONY, AMEERPET, HYDERABAD, తెలంగాణ",0,1,0.848765163383027,0.826086956521739,0.826086956521739,1.0,0.6666666666666666,0.7037037037037037,0.826086956521739,0.826086956521739,1.0,0.8928571428571429,0.8928571428571429,0.9290322580645162,0.6666666666666666,0.9764705882352941,4,0.6666666666666666,0,1,1,1,0,3,0.850532054901123,0.8935350775718689,0,0,2,3,2,1.0,0.6666666666666666,2,2,2,0,0,1.0,1.0,1.0,1.0,0.6956521739130435,0,0,0,1,0,0,1,0
S1-66609434,S2-777299447,Hans Polytechnic,Hans Ventures,"C/O Ali Hossain Khan, Vill-Dihi Baliharpur P.O., Ghatal, West Midnapore, West Bengal","NO 77 C/O ALI HOSSAIN KHAN, VILL-DIHI BALIHARPUR P.O., GHATAL, West Bengal",0,1,0.8486274409028663,0.48275862068965514,0.48275862068965514,0.48275862068965514,0.3333333333333333,0.8125,0.48275862068965514,0.48275862068965514,0.48275862068965514,0.8590604026845639,0.8993288590604027,0.9538461538461539,0.8,0.8860759493670886,0,0.0,0,0,1,1,0,2,0.0,0.8839005827903748,0,0,2,2,1,0.5,0.5,2,2,1,1,1,0.5,0.5,0.48275862068965514,0.48275862068965514,0.09523809523809523,0,0,0,0,0,0,0,0
S1-391878655,S2-653430007,Prime Care Pvt Ltd,Pvt ZFG Prime Ltd,"Olympia Technology Park, No. 1 Sidco Industrial Estate, Iind Floor, Altius, Guindy Chennai, Chennai, Tamil Nadu","1ND FLOOR, CHENNAI, Tamil Nadu",0,1,0.8447085169401858,0.5142857142857142,0.7428571428571429,0.8666666666666667,0.6,0.9444444444444444,0.5142857142857142,0.7428571428571429,0.8666666666666667,0.4242424242424242,0.40909090909090906,0.923076923076923,0.25,0.2692307692307692,1,1.0,1,1,0,0,0,1,0.7606086730957031,0.0,0,0,4,4,3,0.75,0.75,2,2,1,1,1,0.5,0.5,0.5263157894736843,0.7142857142857143,0.25,0,0,0,1,0,1,1,0
S1-571849474,S2-178237304,Ndt Marketing LLP,JCX,"Telangana, K.V.Rangareddy, Vila No 50, Saroornagar, Grd Fioor, Legend Chimes, Kokapet","VILA NO 50, GRD FIOOR, LEGEND CHIMES, KOKAPET, SAROORNAGAR, Telangana",0,1,0.8444227461088996,0.0,0.0,0.0,0.0,0.17647058823529413,0.0,0.0,0.0,0.5874125874125874,0.8951048951048951,1.0,0.7692307692307693,0.810126582278481,1,1.0,1,0,1,1,0,2,0.0,0.9132394194602966,0,0,3,1,0,0.0,0.0,2,1,0,2,1,0.0,0.0,0.0,0.0,0.0,0,0,0,1,0,1,1,0
S1-670792148,S2-364352256,Gravity Catering (India) Private Limited,NEW INDIA DELHI PRIVATE LIMITED,"G-78A, Block-G Kalkaji, New Delhi, South Delhi, Delhi","G-78A, BLOCK-G KALKAJI, NEW DELHI, Delhi",0,1,0.8437278399797342,0.6666666666666667,0.6956521739130435,0.8076923076923077,0.42857142857142855,0.8157894736842105,0.6666666666666667,0.6956521739130435,0.8076923076923077,0.8604651162790699,0.8604651162790699,1.0,0.8571428571428571,0.7551020408163265,1,1.0,1,0,1,1,0,2,0.0,0.9446349740028381,0,0,5,5,3,0.6,0.6,3,3,1,2,2,0.3333333333333333,0.3333333333333333,0.3783783783783784,0.5,0.36585365853658536,0,0,0,1,0,1,1,0
S1-484456754,S2-460945260,Archisha Hospitality Corporation,Archisha Hospitality Group Corporation,"Al-Hashmi, 24 - Motlibai Street, Agripada, Mumbai, Mumbai City, Maharashtra","NO 78 AL-HASHMI, 24 - MOTLIBAI STREET, AGRIPADA, MUMBAI, महाराष्ट्र",0,1,0.8414176215702907,0.9142857142857143,0.9142857142857143,1.0,0.75,0.8421052631578947,0.9142857142857143,0.9142857142857143,1.0,0.7286821705426356,0.6976744186046511,0.854368932038835,0.4666666666666667,0.8970588235294118,1,0.5,0,1,1,1,0,3,0.9293196201324463,0.7996731996536255,0,0,3,4,3,1.0,0.75,2,3,2,0,1,1.0,0.6666666666666666,0.8695652173913043,1.0,0.7428571428571429,0,0,0,1,0,0,0,1
S1-392845570,S2-799212249,Jaisai Trading LLP,Jaisai Trading Group LLP,"Sno 8/2/2 Shree Ganesh, Graceland Flat No B - 202, Pune City, Pune, Maharashtra","SNO 8/2/2 SHREE GANESH, GRACELAND FLAT NO B - 202, PUNE CITY, <NULL>, Maharashtra",0,1,0.8366791707450454,0.8571428571428572,0.8571428571428572,1.0,0.75,0.75,0.8571428571428572,0.8571428571428572,1.0,0.9589041095890412,0.9589041095890412,1.0,0.9285714285714286,1.0,3,1.0,1,1,1,1,0,3,0.8735892176628113,0.941316545009613,0,0,3,4,3,1.0,0.75,2,3,2,0,1,1.0,0.6666666666666666,0.8235294117647058,1.0,0.5714285714285714,0,0,0,1,0,1,1,0
S1-593328189,S2-818462868,Ashraya Passive Pvt Ltd,Ltd Ashraya Syntex Pvt,"Chitralekha Complex, Lal Bazar, Bettiah, Bettiah, West Champaran, Bihar","DOOR NO 067 CHITRALEKHA COMPLEX, LAL BAZAR, BETTIAH, BETTIAH, WEST CHAMPARAN, बिहार",0,1,0.8359505009187495,0.6222222222222222,0.7111111111111111,0.8108108108108109,0.6,0.9565217391304348,0.6222222222222222,0.7111111111111111,0.8108108108108109,0.8472222222222221,0.8333333333333335,0.9454545454545454,0.5,0.8461538461538461,0,0.0,0,1,1,1,0,3,0.6574113965034485,0.9135390520095825,0,0,4,4,3,0.75,0.75,2,2,1,1,1,0.5,0.5,0.6896551724137931,0.689655172413793,0.25,0,0,0,0,0,0,0,0
S1-945434665,S2-150479909,Solutions Cherry Technology Pvt Ltd,Solutions Cherry Technology Pvt [Limited],"315, Hemkunt Tower 98 Nehru Place, New Delhi, Delhi",,0,1,0.8348405728883619,0.9459459459459459,0.9459459459459459,0.9459459459459459,0.6666666666666666,0.8974358974358975,0.9459459459459459,0.9459459459459459,0.9459459459459459,0.0,0.0,0.0,0.0,0.0,0,0.0,0,1,0,0,0,1,0.8542981743812561,0.0,0,0,5,5,4,0.8,0.8,3,3,3,0,0,1.0,1.0,1.0,1.0,0.7714285714285715,0,0,1,0,0,0,0,0
S1-174378107,S2-412978247,Sree Global,श्री ग्लोबल,"Plot No.28, Nagpur, Patil Layout 5, Savitribai Fule Chowk Indraprasth Nagar, Maharashtra","RE 28, THANE, DOMBIVLI EAST, Maharashtra",0,1,0.8341576415904658,0.09523809523809523,0.09523809523809523,0.09523809523809518,0.0,0.9090909090909091,0.7272727272727273,0.7272727272727273,0.7272727272727272,0.4297520661157025,0.4297520661157025,0.5490196078431372,0.11764705882352941,0.44047619047619047,1,0.5,0,0,0,0,1,1,0.0,0.0,7,0,2,5,0,0.0,0.0,2,5,0,2,5,0.0,0.0,0.09523809523809523,0.09523809523809518,0.0,0,0,0,1,0,0,1,0
S1-173895552,S2-784853316,Digital Industries Pvt Ltd,डिजिटल इंडस्ट्रीज लिमिटेड,"C/O Rochak Gupta, Near Sanskrit College Rani Bazar, Bikaner, Rajasthan","H.NO 46 C/O ROCHAK GUPTA, BIKANER, Rajasthan",0,1,0.8332209377550674,0.11764705882352944,0.11764705882352944,0.13333333333333328,0.0,0.9615384615384616,0.6071428571428572,0.6071428571428572,0.6071428571428572,0.6238532110091743,0.6788990825688073,0.8947368421052632,0.42857142857142855,0.6268656716417911,0,0.0,0,0,1,1,0,2,0.0,0.6793666481971741,0,0,4,9,0,0.0,0.0,2,9,0,2,9,0.0,0.0,0.04651162790697672,0.054054054054054036,0.0,0,0,0,0,0,0,0,0
S1-531278434,S2-103959014,Alpha Medical Centre,Alpha Medical Centre,"House No. C-6, South City-Ii, Gurgaon, Haryana",,0,1,0.8321847325340546,1.0,1.0,1.0,1.0,1.0,1.0,1.0,1.0,0.0,0.0,0.0,0.0,0.0,0,0.0,0,1,0,0,0,1,0.9999995231628418,0.0,0,1,3,3,3,1.0,1.0,3,3,3,0,0,1.0,1.0,1.0,1.0,1.0,0,0,1,0,0,0,0,0
S1-146689887,S2-714404544,India Group of Companies,India Group Of Companies,"G-163-G-2, Dilshad Colony, Shahdara, Delhi",,0,1,0.8320658098964356,1.0,1.0,1.0,1.0,1.0,1.0,1.0,1.0,0.0,0.0,0.0,0.0,0.0,0,0.0,0,1,0,0,0,1,1.000000238418579,0.0,0,1,4,4,4,1.0,1.0,4,4,4,0,0,1.0,1.0,1.0,1.0,1.0,0,0,1,0,0,0,0,0
S1-90246250,S2-409784761,Hotel Estate LLP,होटल एस्टेट लिमिटेड,"C/O - Nand Kumar Prasad, Park Road, Kadamkuan, Sampatchak, Patna, Bihar","DOOR NO 35 C/O - NAND KUMAR PRASAD, PARK ROAD, KADAMKUAN, SAMPATCHAK, PATNA, Bihar",0,1,0.8320231661714914,0.11428571428571432,0.11428571428571432,0.12903225806451615,0.0,0.8421052631578947,0.6153846153846154,0.6153846153846154,0.6153846153846154,0.920863309352518,0.920863309352518,1.0,0.7857142857142857,0.8533333333333334,0,0.0,0,0,1,1,0,2,0.0,0.9507316946983337,0,0,3,7,0,0.0,0.0,2,7,0,2,7,0.0,0.0,0.06451612903225812,0.07407407407407404,0.0,0,0,0,0,0,0,0,0
S1-178909985,S2-133186683,Vaayuesh Plywood Private Limited,Vaayueshyn Plywood Piatlvae Limited,"Ranga Reddy Dist, Telangana, Hyderabad, H No 1-7-114/2, Kamala Nagar, Opp Round Building Ecil, Kushaiguda","Telangana, H NO 1-7-114/2, KAMALA NAGAR, OPP ROUND BUILDING ECIL, KUSHAIGUDA, RANGA REDDY DIST",0,1,0.8296924181240571,0.8955223880597015,0.7164179104477613,0.8955223880597015,0.3333333333333333,0.9142857142857143,0.8955223880597015,0.7164179104477613,0.8955223880597015,0.7659574468085107,0.946808510638298,1.0,0.9444444444444444,0.898989898989899,4,1.0,1,0,1,1,0,2,0.0,0.938717782497406,0,0,4,4,2,0.5,0.5,2,3,1,1,2,0.5,0.3333333333333333,0.7441860465116279,0.7441860465116279,0.46153846153846156,0,0,0,1,0,1,1,0
S1-945984086,S2-846135223,City Technologies Private Limited,City Technology Steel Private Limited,"Wilow Tower Shopping Centrevasant Garden Swapna Nagari Mulund West, Mumbai, Maharashtra","NO #65 WILOW TOWER SHOPPING CENTREVASANT GARDEN SWAPNA NAGARI MULUND WEST, MUMBAI, महाराष्ट्र",0,1,0.8275888662107811,0.8857142857142857,0.8571428571428572,0.8571428571428571,0.5,0.8918918918918919,0.8857142857142857,0.8571428571428572,0.8571428571428571,0.8457142857142856,0.8342857142857143,0.9240506329113924,0.5882352941176471,0.9444444444444444,0,0.0,0,0,1,1,0,2,0.0,0.8813334703445435,0,0,4,5,3,0.75,0.6,2,3,1,1,2,0.5,0.3333333333333333,0.7894736842105263,0.736842105263158,0.6388888888888888,0,0,0,0,0,0,0,0
S1-958275934,S2-93543015,United Tirupati Consulting Private Limited,યુનાઇટેડ તિરુપતિ સોલ્યુશન્સ પ્રાઇવેટ લિમિટેડ,"B - 505, Soham Sanidhya Near Soham Sanidhya Raghav Complex, Ramol, Ahmedabad, Gujarat","SOHAM SANIDHYA NEAR SOHAM SANIDHYA RAGHAV COMPLEX, RAMOL, Gujarat, AHMEDABAD HQ REGION, AHMEDABAD, B - 509",0,1,0.8210012552002901,0.09411764705882353,0.09411764705882353,0.10958904109589042,0.0,0.9767441860465116,0.6881720430107527,0.6021505376344086,0.6021505376344086,0.7752808988764045,0.8764044943820225,0.967741935483871,0.6923076923076923,0.797979797979798,0,0.0,0,0,1,1,0,2,0.0,0.9195855855941772,0,0,5,14,0,0.0,0.0,3,14,0,3,14,0.0,0.0,0.05797101449275366,0.07017543859649124,0.0,0,0,0,1,1,0,0,1
S1-699115135,S2-202772568,Avj Medical Centre,avj medical centre,"44 Magarvel Industrial Estatenagarvel Hanuman Road Rakhial, Ahmedabad, Gujarat",,0,1,0.8122411337014699,1.0,1.0,1.0,1.0,1.0,1.0,1.0,1.0,0.0,0.0,0.0,0.0,0.0,0,0.0,0,1,0,0,0,1,1.0000001192092896,0.0,0,1,3,3,3,1.0,1.0,3,3,3,0,0,1.0,1.0,1.0,1.0,1.0,0,0,1,0,0,0,0,0
S1-704943573,S2-327070418,Chennai City Corporation Educational Ltd,CHENNAI LTD CORPORATION ENTERPRISES CITY,"Sai Tech Park, First Floor Left Wing, No 105, Anna Salai, Guindy, Chennai, Chennai City Corporation, Chennai, Tamil Nadu","#22 SAI TECH PARK, FIRST FLOOR LEFT WING, NO 105, ANNA SALAI, GUINDY, CHENNAI, CHENNAI CITY CORPORATION, Tamil Nadu",0,1,0.8117221937225492,0.675,0.8,0.8235294117647058,0.6666666666666666,1.0,0.675,0.8,0.8235294117647058,0.9497716894977168,0.9497716894977168,1.0,0.9444444444444444,0.9553571428571429,1,0.5,0,0,1,1,0,2,0.0,0.977128803730011,0,0,5,5,4,0.8,0.8,3,3,2,1,1,0.6666666666666666,0.6666666666666666,0.5,0.6666666666666665,0.3829787234042553,0,0,0,1,0,0,0,1
S1-255511888,S2-654532521,Aarvya Nidhi Pvt Ltd,Aarvyayn Nidhi Pvt Ltd,"Plot 66, Lower Ground Floor, #The Hub, Okhla Phase Iii, Okhla Industrial Estate, New Delhi, South Delhi, Delhi","PLOT 66, LOWER GROUND FLOOR, #THE HUB, OKHLA PHASE III, OKHLA INDUSTRIAL ESTATE, NEW DELHI, दिल्ली",0,1,0.8114120762125635,0.9523809523809522,0.9523809523809522,0.9523809523809524,0.6,0.9090909090909091,0.9523809523809522,0.9523809523809522,0.9523809523809524,0.90625,0.875,0.975,0.8235294117647058,0.8823529411764706,1,1.0,1,1,1,1,0,3,0.8767139911651611,0.887360692024231,0,0,4,4,3,0.75,0.75,2,2,1,1,1,0.5,0.5,0.923076923076923,0.923076923076923,0.6842105263157895,0,0,0,1,0,1,1,0
S1-696177244,S2-402532674,Infrastructure Sai Buildcons,Infrastructure Technologies Sai,"Sh Suraj Singh Panna Udhyannear Bus Stand Narela, Delhi, North West, Delhi","NO 48 SH SURAJ SINGH PANNA UDHYANNEAR BUS STAND NARELA, DELHI, Delhi",0,1,0.8095158704374863,0.6101694915254237,0.6101694915254237,0.782608695652174,0.5,0.9032258064516129,0.6101694915254237,0.6101694915254237,0.782608695652174,0.8759124087591242,0.9197080291970804,0.9473684210526315,0.6923076923076923,0.9295774647887324,0,0.0,0,0,1,1,0,2,0.0,0.9240625500679016,0,0,3,3,2,0.6666666666666666,0.6666666666666666,3,3,2,1,1,0.6666666666666666,0.6666666666666666,0.6101694915254237,0.782608695652174,0.34210526315789475,0,0,0,0,0,0,0,0
S1-858880417,S2-207149683,Modern Projects Private Limited,मॉडर्न प्रोजेक्ट्स प्राइवेट लिमिटेड,"201, Orbit Plaza, 2Nd Floor, New Prabhadevi Road, Prabhadevi., Mumbai, Mumbai City, Maharashtra","MUMBAI, MUMBAI CITY, B-WING, Maharashtra",0,1,0.8084108113723522,0.09090909090909094,0.09090909090909094,0.10714285714285708,0.0,0.8857142857142857,0.7941176470588236,0.7941176470588236,0.7941176470588235,0.4838709677419355,0.5483870967741935,0.8679245283018868,0.23076923076923078,0.42528735632183906,0,0.0,0,0,0,0,1,1,0.0,0.0,10,0,4,12,0,0.0,0.0,2,12,0,2,12,0.0,0.0,0.040000000000000036,0.05,0.0,0,0,0,0,0,0,0,0
S1-807616344,S2-723774585,Unique Consulting Private Limited,Unique Consulting Solutions Private,"Dhar & Sardar Para, Southbishnupur Mandirbazar, South 24, Parganas, Parganas South, West Bengal","#25 DHAR & SARDAR PARA, SOUTHBISHNUPUR MANDIRBAZAR, SOUTH 24, PARGANAS, West Bengal",0,1,0.8023645461873319,0.7352941176470589,0.7352941176470589,0.8620689655172414,0.6,0.9428571428571428,0.7352941176470589,0.7352941176470589,0.8620689655172414,0.8953488372093024,0.8953488372093024,1.0,0.9166666666666666,0.8695652173913043,1,0.5,0,0,1,1,0,2,0.0,0.956791877746582,0,0,4,4,3,0.75,0.75,2,3,2,0,1,1.0,0.6666666666666666,0.7727272727272727,1.0,0.5,0,0,0,1,0,0,0,1
S1-319576870,S2-648217591,R&m Event,R&m (Event),"Bansra, Jibantola, South 24 Parganas, West Bengal, Ghutiry Sharif, Canning",,0,1,0.8010768060724708,1.0,1.0,1.0,1.0,1.0,1.0,1.0,1.0,0.0,0.0,0.0,0.0,0.0,0,0.0,0,1,0,0,0,1,1.0,0.0,0,1,4,4,4,1.0,1.0,4,4,4,0,0,1.0,1.0,1.0,1.0,1.0,0,0,1,0,0,0,0,0
S1-33111390,S2-956079580,Dhanvijay Vidyalaya,SAILANI VIDYHGADLYA,"Ghaziabad, Uttar Pradesh, 116, Ghaziabad, G.T. Road Ghaziabad","116, G.T. ROAD GHAZIABAD, GHAZIABAD, Uttar Pradesh",0,1,0.8006096304473838,0.631578947368421,0.631578947368421,0.631578947368421,0.0,1.0,0.631578947368421,0.631578947368421,0.631578947368421,0.5294117647058824,0.9019607843137255,1.0,1.0,0.8214285714285714,1,1.0,1,0,1,1,0,2,0.0,0.985646665096283,0,0,2,2,0,0.0,0.0,2,2,0,2,2,0.0,0.0,0.631578947368421,0.631578947368421,0.06666666666666667,0,0,0,1,0,1,1,0
S1-356408911,S2-688121184,GNT Business,GNT Business LLP,"Khasra No. 1124, 1St Floor, Right Portion, Bagga Link Road, Village Rithala, Delhi, North West Delhi, Delhi","KHASRA NO. 1131. , 1ST FLOOR, RIGHT PORTION, BAGGA LINK ROAD, VILLAGE RITHALA, DLEHI, Delhi",0,1,0.7996715209613207,0.8571428571428572,0.8571428571428572,1.0,0.6666666666666666,0.75,0.8571428571428572,0.8571428571428572,1.0,0.8839779005524862,0.8839779005524862,0.9281045751633986,0.7058823529411765,0.8282828282828283,1,0.3333333333333333,0,1,1,1,0,3,0.8944272398948669,0.8165956735610962,0,0,2,3,2,1.0,0.6666666666666666,2,2,2,0,0,1.0,1.0,1.0,1.0,0.75,0,0,0,1,0,0,0,1
S1-39635752,S2-974378787,Real Services Limited,#cwentertainment,"S. No. 36/2 Jakatwadi, Satara, Maharashtra","S. NO. 36/2 JAKATWADI, SATARA, Maharashtra",0,1,0.7989062274258012,0.33333333333333337,0.33333333333333337,0.33333333333333326,0.0,0.7142857142857143,0.33333333333333337,0.33333333333333337,0.33333333333333326,1.0,1.0,1.0,1.0,1.0,2,1.0,1,0,1,1,0,2,0.0,0.9999995827674866,0,0,3,1,0,0.0,0.0,2,1,0,2,1,0.0,0.0,0.3571428571428571,0.3571428571428571,0.0,1,0,0,1,0,1,1,0
S1-226373288,S2-973142150,First Projects Private Limited,గోల్డెన్ ప్రొడక్ట్స్ ప్రైవేట్ లిమిటెడ్,"D.No.60-9-10, Unit No.2, Gev Radha Madhav Apartmet, Vijayawada (Urban), Krishna, Andhra Pradesh","KRISHNA, D.NO.60-9-10, VIJAYAWADA (URBAN), ఆంధ్రప్రదేశ్",0,1,0.7979806285426543,0.09375,0.09375,0.11538461538461534,0.0,0.8823529411764706,0.5882352941176471,0.5882352941176471,0.5882352941176471,0.46715328467153283,0.5401459854014599,0.8604651162790699,0.38095238095238093,0.5568181818181818,3,0.75,0,0,0,1,0,1,0.0,0.0,0,0,4,11,0,0.0,0.0,2,11,0,2,11,0.0,0.0,0.04166666666666662,0.05555555555555557,0.0,0,0,0,1,0,0,1,0
S1-219156874,S2-732485606,Aircom Beans Pvt Ltd,aircom béans pvt ltd,"Delhi, North West Delhi, A-198/1 Dda Flats, A Block, Ashok Vihar",,0,1,0.7976568450528155,0.95,0.95,0.95,0.6,1.0,1.0,1.0,1.0,0.0,0.0,0.0,0.0,0.0,0,0.0,0,1,0,0,1,2,0.7999997138977051,0.0,1,0,4,4,3,0.75,0.75,2,2,1,1,1,0.5,0.5,0.9166666666666665,0.9166666666666667,0.6666666666666666,0,0,1,0,0,0,0,0
S1-11150886,S2-178237304,Investment & Sons Pvt. Ltd.,JCX,"Vila No 50, Grd Fioor, Legend Chimes, Kokapet, Saroornagar, K.V.Rangareddy, Telangana","VILA NO 50, GRD FIOOR, LEGEND CHIMES, KOKAPET, SAROORNAGAR, Telangana",0,1,0.7970886448122269,0.0,0.0,0.0,0.0,0.1111111111111111,0.0,0.0,0.0,0.8951048951048951,0.8951048951048951,1.0,0.7692307692307693,0.810126582278481,1,1.0,1,0,1,1,0,2,0.0,0.9132394194602966,0,0,5,1,0,0.0,0.0,3,1,0,3,1,0.0,0.0,0.0,0.0,0.0,0,0,0,1,0,1,1,0
S1-311174989,S2-298345496,Innovative Engineering,INNOVATIVE VENTURES #84400,"Om Shiv Shakti Chs Ltd, B-1, 3Rd Floor, Mumbai, Maharashtra","NO 18 OM SHIV SHAKTI CHS LTD, B-1, 3RD FLOOR, MUMBAI, Maharashtra",0,1,0.7966015501830105,0.5957446808510638,0.46808510638297873,0.625,0.25,0.88,0.5957446808510638,0.46808510638297873,0.625,0.9482758620689655,0.9482758620689655,1.0,0.8461538461538461,0.9016393442622951,2,0.6666666666666666,0,0,1,1,0,2,0.0,0.9728459119796753,0,0,2,3,1,0.5,0.3333333333333333,2,3,1,1,2,0.5,0.3333333333333333,0.5957446808510638,0.625,0.25,0,0,0,1,0,0,0,1
S1-998519012,S2-718963978,Pashupati Charitable Trust Gadchiroli,Pashupati Charitable Trudt Gadchiroli Ventures,"Behind Grampanchayat, Navegaon Po, Mudza, Gadchiroli, Maharashtra","DOOR NO 47 BEHIND GRAMPANCHAYAT, NAVEGAON PO, MUDZA, GADCHIROLI, महाराष्ट्र",0,1,0.7953797409006437,0.8674698795180723,0.8674698795180723,0.9117647058823529,0.5,0.8043478260869565,0.8674698795180723,0.8674698795180723,0.9117647058823529,0.7575757575757575,0.7424242424242425,0.890909090909091,0.42857142857142855,0.8591549295774648,0,0.0,0,1,1,1,0,3,0.8156886696815491,0.8086933493614197,0,0,4,5,3,0.75,0.6,4,5,3,1,2,0.75,0.6,0.8674698795180723,0.9117647058823529,0.6744186046511628,0,0,0,0,0,0,0,0
S1-379214895,S2-571368428,Good Properties Private Limited,राम प्रॉपर्टीज प्राइवेट लिमिटेड,"Lucknow, Uttar Pradesh, Lucknow, 9B/262 Vrindavan Yojna, Uttar Pradesh, Lucknow","LUCKNOW, Uttar Pradesh, LUCKNOW, VRINDAVAN YOJNA",0,1,0.7937771460545086,0.09677419354838712,0.09677419354838712,0.12,0.0,1.0,0.6567164179104478,0.6268656716417911,0.6268656716417911,0.7563025210084033,0.7563025210084033,1.0,0.7142857142857143,0.6081081081081081,0,0.0,0,0,1,0,0,1,0.0,0.960321307182312,0,0,4,9,0,0.0,0.0,2,9,0,2,9,0.0,0.0,0.04347826086956519,0.058823529411764636,0.0,0,0,0,0,0,0,0,0
S1-43054141,S2-71386321,Automation Herbals Private Limited,Automation Earth Private Limited,"C/O Mani Ram S/O Pasadi Aseypur, Gavri, Amroha, Jyotiba Phule Nagar, Uttar Pradesh","#28/2 C/O MANI RAM S/O PASADI ASEYPUR, GAVRI, AMROHA, Uttar Pradesh",0,1,0.7897857679962469,0.8787878787878788,0.8787878787878788,0.896551724137931,0.6,0.9411764705882353,0.8787878787878788,0.8787878787878788,0.896551724137931,0.8226950354609929,0.8226950354609929,0.9572649572649573,0.6875,0.8076923076923077,0,0.0,0,0,1,1,0,2,0.0,0.8388860821723938,0,0,4,4,3,0.75,0.75,2,2,1,1,1,0.5,0.5,0.7647058823529411,0.7692307692307692,0.5555555555555556,0,0,0,0,0,0,0,0
S1-944330942,S2-579706156,Balaji Impex Private Limited,ಬಾಲಾಜಿ ಫುಡ್ ಪ್ರೈವೇಟ್ ಲಿಮಿಟೆಡ್,"92/A 2Nd Main Road Electronics City Phase 1, Bangalore, Karnataka","94/A 2ND MAIN ROAD ELECTRONICS CITY PHASE 1, BENGALURU, BANGALORE, Karnataka",0,1,0.7852772164735484,0.1132075471698113,0.1132075471698113,0.12765957446808515,0.0,0.8928571428571429,0.7096774193548387,0.6451612903225806,0.6451612903225806,0.9117647058823529,0.9117647058823529,0.975609756097561,0.7692307692307693,0.863013698630137,2,0.5,0,0,1,0,0,1,0.0,0.9000702500343323,0,0,4,10,0,0.0,0.0,2,10,0,2,10,0.0,0.0,0.05405405405405405,0.06451612903225808,0.0,0,0,0,1,0,0,0,1
S1-174389944,S2-483532448,Smart Infrastructure Private Limited,Smart Infrastructure Agencies Private,"Plot No 21 Kh No 136/21/1, 3Rd Floor Prime Enclave, Delhi, North Delhi, Delhi","DOOR NO 22 KH NO 136/21/1, 3RD FLOOR PRIME ENCLAVE, DELHI, Delhi",0,1,0.7815749760890313,0.7671232876712328,0.7671232876712328,0.875,0.6,0.972972972972973,0.7671232876712328,0.7671232876712328,0.875,0.8507462686567164,0.8507462686567164,0.9166666666666667,0.7142857142857143,0.8356164383561644,4,0.8,0,0,1,1,0,2,0.0,0.8850432634353638,0,0,4,4,3,0.75,0.75,2,3,2,0,1,1.0,0.6666666666666666,0.8163265306122449,1.0,0.5365853658536586,0,0,0,1,0,0,0,1
S1-823457012,S2-451205330,Pune City Infrastructure Private Limited,Pune City  Infrastructure Private-Limited,"Flat No. 85 D Wing, 1455 Kasba Peth, Krishna Heights, Maharashtra, Pune, Pune City",,0,1,0.7757864770204559,1.0,1.0,1.0,1.0,1.0,1.0,1.0,1.0,0.0,0.0,0.0,0.0,0.0,0,0.0,0,1,0,0,0,1,0.9999994039535522,0.0,0,1,5,5,5,1.0,1.0,3,3,3,0,0,1.0,1.0,1.0,1.0,1.0,0,0,1,0,0,0,0,0
S1-730122389,S2-562526977,Premier Aerospace Private Limited,రెడ్ ఎక్స్‌పోర్ట్స్ ప్రైవేట్ లిమిటెడ్,"27-4-345, Flat No-102, Trishul Apartment 5Th Street, Ramji Nagar, Nellore, Andhra Pradesh","NELLORE, Andhra Pradesh, 27-4-345",0,1,0.7689877971651037,0.09230769230769231,0.09230769230769231,0.11764705882352942,0.0,0.9696969696969697,0.5882352941176471,0.5588235294117647,0.5588235294117647,0.3826086956521739,0.5391304347826087,1.0,0.4,0.36904761904761907,3,0.6,0,0,1,1,0,2,0.0,0.6061927676200867,0,0,4,9,0,0.0,0.0,2,9,0,2,9,0.0,0.0,0.04081632653061229,0.05714285714285708,0.0,0,0,0,1,0,0,1,0
S1-792320776,S2-21663587,Tirupati Consulting Private Limited,তিরুপতি কনসাল্টিং এজেন্সিজ প্রাইভেট লিমিটেড,"C/O Biplab Kumar Roy, Banbania Mesi Po, Habra, Parganas North, West Bengal","H.NO 71 C/O BIPLAB KUMAR ROY, BANBANIA MESI PO, PARGANAS NORTH, HABRA, পশ্চিমবঙ্গ",0,1,0.768317689644412,0.07999999999999996,0.07999999999999996,0.08955223880597017,0.0,0.875,0.6585365853658536,0.6585365853658536,0.6585365853658536,0.7482993197278911,0.8027210884353742,0.90625,0.55,0.9090909090909091,0,0.0,0,0,1,1,0,2,0.0,0.8490093350410461,0,0,4,14,0,0.0,0.0,2,14,0,2,14,0.0,0.0,0.03389830508474578,0.0392156862745098,0.0,0,0,0,0,0,0,0,0
S1-160456889,S2-648057864,Bangalore South Goods Pvt Ltd,Bangalore South Sant Pvt Ltd,"Bangalore, Flat No 304 Sls Splendor, Karnataka, Devarabeesanahalli, Bangalore South","NO. 304, PRANAVAH BLOSSOM, BANGALORE SOUTH, Karnataka",0,1,0.7654531830890785,0.8771929824561404,0.8070175438596492,0.9019607843137254,0.6666666666666666,0.9655172413793104,0.8771929824561404,0.8070175438596492,0.9019607843137254,0.5,0.59375,0.7901234567901234,0.45454545454545453,0.620253164556962,1,1.0,1,1,0,0,0,1,0.8183934092521667,0.0,0,0,5,5,4,0.8,0.8,3,3,2,1,1,0.6666666666666666,0.6666666666666666,0.8292682926829268,0.8571428571428571,0.5517241379310345,0,0,0,1,0,1,1,0
S1-133624164,S2-966107594,Kolkata Developers Limited,Kolkata Developers Overseas,"India House, 6Th Floor, Block-A, 69, Ganesh Chandra Avenue, Kolkata, Kolkata, Howrah, West Bengal","NO 35 INDIA HOUSE, 6TH FLOOR, BLOCK-A, 69, GANESH CHANDRA AVENUE, KOLKATA, KOLKATA, West Bengal",0,1,0.7633267250866225,0.7547169811320755,0.7547169811320755,0.8181818181818181,0.5,0.9629629629629629,0.7547169811320755,0.7547169811320755,0.8181818181818181,0.9265536723163842,0.9265536723163842,0.961038961038961,0.8125,0.9887640449438202,2,0.6666666666666666,0,0,1,1,0,2,0.0,0.9511361718177795,0,0,3,3,2,0.6666666666666666,0.6666666666666666,2,3,2,0,1,1.0,0.6666666666666666,0.8,1.0,0.5172413793103449,0,0,0,1,0,0,0,1
S1-731146596,S2-925872385,Bangalore North Agrofarms Pvt. Ltd.,Bangalore North Infosolutions Ltd. Pvt.,"Bangalore, First Floor, Karnataka, No 2731, Hal 3Rd Stage, Bangalore, Bangalore North","H.NO 65 FIRST FLOOR, NO 2731, HAL 3RD STAGE, BANGALORE, BANGALORE NORTH, Karnataka",0,1,0.7631898192021658,0.657142857142857,0.657142857142857,0.8214285714285714,0.6666666666666666,0.8918918918918919,0.657142857142857,0.657142857142857,0.8214285714285714,0.7948717948717949,0.8974358974358975,1.0,0.8333333333333334,0.9746835443037974,2,0.6666666666666666,0,0,1,1,0,2,0.0,0.9602779746055603,0,0,5,5,4,0.8,0.8,3,3,2,1,1,0.6666666666666666,0.6666666666666666,0.6666666666666667,0.75,0.3181818181818182,0,0,0,1,0,0,0,1
S1-89277541,S2-996064661,Continent Constructions Center,Continent Constructions  Center,"F-7/ 130, Sector 16 Rohini, Delhi",,0,1,0.7629852064676531,1.0,1.0,1.0,1.0,1.0,1.0,1.0,1.0,0.0,0.0,0.0,0.0,0.0,0,0.0,0,1,0,0,0,1,0.9999999403953552,0.0,0,1,3,3,3,1.0,1.0,3,3,3,0,0,1.0,1.0,1.0,1.0,1.0,0,0,1,0,0,0,0,0
S1-445410460,S2-876017116,Taranth Beverages,Tarantha Béverages,"71/B Ambal Nagar Street Kumudham Kancheepuram Porur, Chennai, Kancheepuram, Tamil Nadu","80/B AMBAL NAGAR STREET KUMUDHAM KANCHEEPURAM PORUR, CHENNAI, Tamil Nadu",0,1,0.7625805280231219,0.9142857142857143,0.9142857142857143,0.9142857142857143,0.0,0.9444444444444444,0.9714285714285714,0.9714285714285714,0.9714285714285714,0.8888888888888888,0.8888888888888888,0.9781021897810218,0.8333333333333334,0.8433734939759037,0,0.0,0,1,1,1,1,4,0.7100468873977661,0.9349439740180969,1,0,2,2,0,0.0,0.0,2,2,0,2,2,0.0,0.0,0.9142857142857143,0.9142857142857143,0.5263157894736842,0,0,0,1,1,0,0,1
S1-577674375,S2-218188028,Jain Investment Private Limited,यूनिक इन्वेस्टमेंट्स प्राइवेट लिमिटेड,"5Th Floor, City Centre Dwarka Sector - 12, Delhi, South West Delhi, New Delhi, 524","#5TH FLOOR, NEW DELHI, SOUTH WEST DELHI, Delhi",0,1,0.761163266246875,0.08955223880597017,0.08955223880597017,0.09836065573770497,0.0,0.8611111111111112,0.7323943661971832,0.676056338028169,0.676056338028169,0.717948717948718,0.717948717948718,1.0,0.5,0.56,1,0.3333333333333333,0,0,1,0,0,1,0.0,0.8447872400283813,0,0,4,14,0,0.0,0.0,2,14,0,2,14,0.0,0.0,0.039215686274509776,0.044444444444444425,0.0,0,0,0,1,0,0,1,0
S1-108104117,S2-215406338,Litmus Rice Associates,Litmus Services Associates,"Ghaziabad, H No. F 202 S.P.S Residency Vaibhav Khand Indirapuram, Uttar Pradesh, Ghaziabag","H NO. F 207 S.P.S RESIDENCY VAIBHAV KHAND INDIRAPURAM, GHAZIABAD, GHAZIABAG, Uttar Pradesh",0,1,0.7562254067193123,0.9166666666666665,0.9166666666666665,0.9166666666666667,0.5,0.8461538461538461,0.9166666666666665,0.9166666666666665,0.9166666666666667,0.7558139534883721,0.9883720930232558,0.9880952380952381,0.8666666666666667,1.0,0,0.0,0,1,1,1,0,3,0.7673619389533997,0.9766345620155334,0,0,3,3,2,0.6666666666666666,0.6666666666666666,3,3,2,1,1,0.6666666666666666,0.6666666666666666,0.9166666666666665,0.9166666666666667,0.48148148148148145,0,0,0,1,1,0,0,1
S1-325133758,S2-608254906,Indo Software Limited,Brixflux,"714, Shreeji Signature, Opp, Ashka Hospital, Sargasan, Gandhinagar, Gandhi Nagar, Gujarat","BLOCK B-00310 714, SHREEJI SIGNATURE, OPP, ASHKA HOSPITAL, SARGASAN, GANDHINAGAR, GANDHI NAGAR, Gujarat",0,1,0.7532315836233342,0.2068965517241379,0.13793103448275867,0.13793103448275856,0.0,0.38095238095238093,0.2068965517241379,0.13793103448275867,0.13793103448275856,0.9213483146067416,0.9213483146067416,1.0,0.7857142857142857,0.8541666666666666,1,0.5,0,0,1,1,0,2,0.0,0.9486837983131409,0,0,3,1,0,0.0,0.0,2,1,0,2,1,0.0,0.0,0.19047619047619047,0.19047619047619052,0.0,0,0,0,1,0,0,0,1
S1-414780598,S2-525448357,Darsh Trading Private Limited,Wexonyx,"4Th Floor, Rectangle No. 1, Behind Marriot Hotel Saket Commercial Complex D4, Saket, New Delhi, South Delhi, Delhi","H.NO 4TH FLOOR RECTANGLE NO.1 BEHIND MARRIOT HOTEL, NEW DELHI, SOUTH DELHI, COMMERCIAL COMPLEX, D4, SAKET, Delhi",0,1,0.7491196350540765,0.05555555555555558,0.11111111111111116,0.11111111111111115,0.0,0.2413793103448276,0.05555555555555558,0.11111111111111116,0.11111111111111115,0.7699530516431925,0.9483568075117371,1.0,0.9375,0.9906542056074766,2,1.0,1,0,1,1,0,2,0.0,0.9748942255973816,0,0,4,1,0,0.0,0.0,2,1,0,2,1,0.0,0.0,0.09999999999999998,0.1,0.0,0,0,0,1,0,1,1,0
S1-368884837,S2-965621821,Al Trading Private Limited,JL TRADING PRIVATE,"32, Shiv Shakti Nagar, Indore, Madhya Pradesh","#131  32, RAJWADA CHOWK, INDORE, Madhya Pradesh",0,1,0.7466631590767574,0.7727272727272727,0.7727272727272727,0.9090909090909091,0.4,0.6923076923076923,0.7727272727272727,0.7727272727272727,0.9090909090909091,0.6666666666666667,0.6190476190476191,0.7272727272727272,0.4,1.0,1,0.5,0,0,0,1,0,1,0.0,0.0,0,0,4,3,2,0.5,0.6666666666666666,2,2,1,1,1,0.5,0.5,0.9,0.9,0.5909090909090909,0,0,0,1,0,0,0,1
S1-496811448,S2-724097818,Classic Sai International Private Limited,PVT CLASSIC INTERNATIONAL LIMITED,"Aunitof Sabari Foundation, Kuthambakam, Poonamalle, Tk, Poonamallee, Tiruvallur, Tamil Nadu","NO 1, POONAMALLEE, TIRUVALLUR, Tamil Nadu",0,1,0.743921188216099,0.7837837837837838,0.8918918918918919,0.9354838709677419,0.5,0.8048780487804879,0.7837837837837838,0.8918918918918919,0.9354838709677419,0.6016260162601625,0.5853658536585367,0.9295774647887324,0.3333333333333333,0.4470588235294118,0,0.0,0,0,1,0,0,1,0.0,0.7245693206787109,0,0,5,4,3,0.6,0.75,3,2,2,1,0,0.6666666666666666,1.0,0.9130434782608696,1.0,0.5,0,0,0,0,0,0,0,0
S1-814252615,S2-111410421,Kolkata Electronics Private Limited,গ্যালাক্সি ডেভেলপারস প্রাইভেট লিমিটেড,"12/2 Sovaram Bysack Street, Kolkata, Howrah, West Bengal","12/2  SOVARAM BYSACK STREET., KOLKATA, CALCUTTA, West Bengal",0,1,0.7432308683929889,0.08450704225352113,0.08450704225352113,0.09230769230769226,0.0,0.9722222222222222,0.5316455696202531,0.5316455696202531,0.5316455696202531,0.8888888888888888,0.8888888888888888,0.9292929292929293,0.8,0.9636363636363636,2,1.0,1,0,1,1,0,2,0.0,0.8439883589744568,0,0,4,14,0,0.0,0.0,2,14,0,2,14,0.0,0.0,0.036363636363636376,0.0408163265306122,0.0,0,0,0,1,0,1,1,0
S1-102253041,S2-341251615,IP Services LLP,IP SEVIGCS GROUP LLP,"Bihar, C/O Abhishek Kumar, Patna, F No-401, Durga Acropolis, Khetan Gali, Boring Canal Road, Near Titan Eye, Showroom","21 C/O ABHISHEK KUMAR, F NO-401, DURGA ACROPOLIS, KHETAN GALI, BORING CANAL ROAD, NEAR TITAN EYE, SHOWROOM, PATNA, Bihar",0,1,0.7428908120675191,0.7428571428571429,0.7428571428571429,0.7428571428571428,0.4,0.75,0.7428571428571429,0.7428571428571429,0.7428571428571428,0.8868778280542986,0.9864253393665159,1.0,0.9523809523809523,0.9732142857142857,1,0.5,0,0,1,1,0,2,0.0,0.9934581518173218,0,0,3,4,2,0.6666666666666666,0.5,2,3,1,1,2,0.5,0.3333333333333333,0.6666666666666667,0.6666666666666665,0.13043478260869565,0,0,0,1,0,0,0,1
S1-591337209,S2-263956427,Kanchenjunga Currency Pvt. Ltd.,Pvt. Kanchenjunga Services Ltd,"912, Vashi Infotech Park Plot No. 16, Sector 30-A, Vashi, Navi Mumbai, Thane, Maharashtra","NAVI MUMBAI, D/925, VASHI INFOTECH PARK PLOT NO. 16, SECTOR 30-A, VASHI, महाराष्ट्र, THANE",0,1,0.7353277979253474,0.6551724137931035,0.6896551724137931,0.8163265306122449,0.6,1.0,0.6551724137931035,0.6896551724137931,0.8163265306122449,0.7151515151515152,0.8363636363636364,0.8888888888888888,0.6,0.9879518072289156,2,0.5,0,1,1,1,0,3,0.6874998807907104,0.8542598485946655,0,0,4,4,3,0.75,0.75,2,2,1,1,1,0.5,0.5,0.7142857142857143,0.7272727272727272,0.3333333333333333,0,0,0,1,0,0,0,1
S1-497562363,S2-225810875,White Trading Private Limited,शिव इंजीनियरिंग प्राइवेट लिमिटेड,"E-309 Crystal Plaza Premises Coop. Soc. 3Rd Floor Room-A Link Road, Andheri, Mumbai City, Maharashtra","CO-OP SOC LTD, 3RD FLOOR ROOM A-LINK ROAD, OPP INFINITY MALL, MUMBAI, E309 CRYSTAL PLAZA PREMISES, MUMBAI, Maharashtra",0,1,0.7336153607334862,0.09999999999999998,0.09999999999999998,0.1034482758620689,0.0,0.9354838709677419,0.6363636363636364,0.5151515151515151,0.5151515151515151,0.5769230769230769,0.7403846153846154,0.8571428571428571,0.5,0.8571428571428571,2,1.0,1,0,1,1,0,2,0.0,0.7827988266944885,0,0,4,14,0,0.0,0.0,2,14,0,2,14,0.0,0.0,0.045454545454545414,0.04761904761904759,0.0,0,0,0,1,0,0,0,1
S1-391649243,S2-319643563,New Nursing Home,New  Nursing Home,"10/153A, Sankarankovil Road, 3Rd Cross Street, Rajapalayam, Virudhunagar, Tamil Nadu",,0,1,0.7334728017341136,1.0,1.0,1.0,1.0,1.0,1.0,1.0,1.0,0.0,0.0,0.0,0.0,0.0,0,0.0,0,1,0,0,0,1,1.000000238418579,0.0,0,1,3,3,3,1.0,1.0,3,3,3,0,0,1.0,1.0,1.0,1.0,1.0,0,0,1,0,0,0,0,0
S1-949980565,S2-109542086,Shyam & Sons Private Limited,SHYAM & SONS PRIVATE LIMITED,"Pramod Phagunanda Sahu C/O Gangal Yakhedi, Indore, Madhya Pradesh",,0,1,0.7334604368303691,1.0,1.0,1.0,1.0,1.0,1.0,1.0,1.0,0.0,0.0,0.0,0.0,0.0,0,0.0,0,1,0,0,0,1,0.9999999403953552,0.0,0,1,5,5,5,1.0,1.0,3,3,3,0,0,1.0,1.0,1.0,1.0,1.0,0,0,1,0,0,0,0,0
S1-565374946,S2-853131869,New Delhi Global Pvt Ltd,New Delhi Global Pvt Ltd,"603, Meghdoot Building Nehru Place, New Delhi, South Delhi, Delhi",,0,1,0.7334604368303691,1.0,1.0,1.0,1.0,1.0,1.0,1.0,1.0,0.0,0.0,0.0,0.0,0.0,0,0.0,0,1,0,0,0,1,0.9999999403953552,0.0,0,1,5,5,5,1.0,1.0,3,3,3,0,0,1.0,1.0,1.0,1.0,1.0,0,0,1,0,0,0,0,0
S1-558642309,S2-17922537,KH Services Ltd,SYNIRIJAX,"Ground Floor, C-55, Abul Fazal Enclave Part-2, Shaheen Bagh, Jamia Nagar, Delhi, New Delhi, South Delhi, Delhi","GROUND FLOOR, C-55, ABUL FAZAL ENCLAVE PART-2, SHAHEEN BAGH, JAMIA NAGAR, DELHI, SOUTH DELHI, NEW DELHI, Delhi",0,1,0.7334217509825914,0.25,0.25,0.25,0.0,0.6,0.25,0.25,0.25,0.9215686274509803,1.0,1.0,1.0,1.0,2,1.0,1,0,1,1,0,2,0.0,0.9999997615814209,0,0,3,1,0,0.0,0.0,2,1,0,2,1,0.0,0.0,0.30000000000000004,0.3,0.0,0,0,0,1,0,1,1,0
S1-303974953,S2-426822907,Ram Systems Private Limited,L.L.P. Ram Systems,"Hyderabad, H. No. 11-5-238/3, Telangana, Third Floor Hp Road Moosapet, Medchal Malkajgiri District, Hyderabad","H. NO. 11-5-238/5, THIRD FLOOR HP ROAD MOOSAPET, MEDCHAL MALKAJGIRI DISTRICT, HYDERABAD, Telangana",0,1,0.7329214679669647,0.5,0.6818181818181819,0.8461538461538461,0.3333333333333333,0.6296296296296297,0.5,0.6818181818181819,0.8461538461538461,0.8350515463917526,0.9381443298969071,1.0,0.9375,0.9019607843137255,3,0.75,0,0,1,1,0,2,0.0,0.9546686410903931,0,0,4,4,2,0.5,0.5,2,4,2,0,2,1.0,0.5,0.7857142857142857,1.0,0.32,0,0,0,1,0,0,1,0
S1-665423270,S2-303843281,Ace Investment Private Limited,प्रीमियर कंसल्टेंट्स प्राइवेट लिमिटेड,"Wework Berger, Sector 16B, C-001/A2, Noida, Gautam Buddha Nagar, Uttar Pradesh","BERGER DELHI-WEWORK DELHI ONE, SECTOR 16B, C-001/A2, SECTOR 16B, GAUTAM BUDH NAGAR, Uttar Pradesh, GAUTAM BUDDHA NAGAR, NOIDA",0,1,0.7315815887711592,0.09090909090909094,0.09090909090909094,0.11111111111111115,0.0,0.8333333333333334,0.6,0.5714285714285714,0.5714285714285715,0.6596858638743455,0.7643979057591623,1.0,0.8125,0.6186440677966102,3,1.0,1,0,1,1,0,2,0.0,0.8626618981361389,0,0,4,11,0,0.0,0.0,2,11,0,2,11,0.0,0.0,0.040000000000000036,0.052631578947368356,0.0,0,0,0,1,0,0,1,0
S1-508000801,S2-275330923,Chennai Technology Private Limited,Rizaveo,"No.F-41/6, Chennai, Tamil Nadu, Second Floor, 1St Main Road, Anna Nagar East","Tamil Nadu, CHENNAI, SECOND FLOOR, 1ST MAIN ROAD, ANNA NAGAR EAST, NO.F-41/6, CHENNAI",0,1,0.7288195347714511,0.19512195121951215,0.24390243902439024,0.24390243902439024,0.0,0.20588235294117646,0.19512195121951215,0.24390243902439024,0.24390243902439024,0.7066666666666667,0.9466666666666668,1.0,1.0,0.8987341772151899,3,1.0,1,0,1,1,0,2,0.0,0.9588767290115356,0,0,4,1,0,0.0,0.0,2,1,0,2,1,0.0,0.0,0.24,0.24,0.0,0,0,0,1,0,0,0,1
S1-389296687,S2-287229018,Amardeep Foundation Limited,AMARDEEP FOUNDATION LTD,"F-19/2 Second Floor, Shaheen Bagh Abul Fazal E, New Delhi, South Delhi, Delhi",,0,1,0.7274840079283332,0.92,0.92,0.92,0.5,0.8518518518518519,0.92,0.92,0.92,0.0,0.0,0.0,0.0,0.0,0,0.0,0,1,0,0,0,1,0.7941411137580872,0.0,0,0,3,3,2,0.6666666666666666,0.6666666666666666,2,2,2,0,0,1.0,1.0,1.0,1.0,0.68,0,0,1,0,0,0,0,0
S1-724320662,S2-390641610,Shiva Ace Systems Private Limited,शक्ति एस्टेट प्राइवेट लिमिटेड,"12-A, Station Road, Lucknow, Uttar Pradesh","#12, LUCKNOW, Uttar Pradesh",0,1,0.7247424149284947,0.1311475409836066,0.1311475409836066,0.14545454545454548,0.0,0.8484848484848485,0.6666666666666667,0.5757575757575757,0.5757575757575758,0.7619047619047619,0.7619047619047619,1.0,0.5714285714285714,0.6153846153846154,1,1.0,1,0,1,0,0,1,0.0,0.8034737706184387,0,0,5,10,0,0.0,0.0,3,10,0,3,10,0.0,0.0,0.0888888888888889,0.10256410256410263,0.0,0,0,0,1,0,1,1,0
S1-303680634,S2-325455328,Jaipur Leasing Pvt. Ltd.,#jai,"110 A Railway, Officers Colony Jaipur, Jaipur, Rajasthan","DOOR NO 110 A RAILWAY, OFFICERS COLONY JAIPUR, JAIPUR, Rajasthan",0,1,0.7241932411128916,0.24,0.24,0.24,0.0,0.13636363636363635,0.24,0.24,0.24,0.9298245614035088,0.9298245614035088,1.0,0.7777777777777778,0.8688524590163934,1,1.0,1,0,1,1,0,2,0.0,0.961523175239563,0,0,4,1,0,0.0,0.0,2,1,0,2,1,0.0,0.0,0.3529411764705882,0.35294117647058826,0.058823529411764705,0,0,0,1,0,1,1,0
S1-804849213,S2-818101857,Lotus Estate Private Limited,జై కన్సల్టెంట్స్ ప్రైవేట్ లిమిటెడ్,"Plot No 82, Anand Villa Lake View Residency Sainikpuri, Secunderabad, Hyderabad, Telangana","PLOT NO 82, ANAND VILLA LAKE VIEW RESIDENCY SAINIKPURI, SECUNDERABAD, HYDERABAD, Andhra Pradesh",0,1,0.7225496386714908,0.10526315789473684,0.10526315789473684,0.11764705882352942,0.0,0.9655172413793104,0.6031746031746033,0.5714285714285714,0.5714285714285715,0.9152542372881356,0.8587570621468926,0.9382716049382717,0.7857142857142857,0.945054945054945,1,1.0,1,0,1,1,0,2,0.0,0.8755282163619995,0,0,4,11,0,0.0,0.0,2,11,0,2,11,0.0,0.0,0.04878048780487809,0.05714285714285708,0.0,0,0,0,1,0,1,1,0
S1-804849213,S2-262969808,Lotus Estate Private Limited,జై కన్సల్టెంట్స్ ప్రైవేట్ లిమిటెడ్,"Plot No 82, Anand Villa Lake View Residency Sainikpuri, Secunderabad, Hyderabad, Telangana","PLOT NO 82, ANAND VILLA LAKE VIEW RESIDENCY SAINIKPURI, SECUNDERABAD, HYDERABAD, Andhra Pradesh",0,1,0.7225496386714908,0.10526315789473684,0.10526315789473684,0.11764705882352942,0.0,0.9655172413793104,0.6031746031746033,0.5714285714285714,0.5714285714285715,0.9152542372881356,0.8587570621468926,0.9382716049382717,0.7857142857142857,0.945054945054945,1,1.0,1,0,1,1,0,2,0.0,0.8755282163619995,0,0,4,11,0,0.0,0.0,2,11,0,2,11,0.0,0.0,0.04878048780487809,0.05714285714285708,0.0,0,0,0,1,0,1,1,0
S1-735937306,S2-531906459,Golden Seva Samiti Ltd,Golden Seva Samiti Ltd,"Chhindwara, Madhya Pradesh, Jugnu Palace Rohna Kala, Rohna",,0,1,0.7189977309080883,1.0,1.0,1.0,1.0,1.0,1.0,1.0,1.0,0.0,0.0,0.0,0.0,0.0,0,0.0,0,1,0,0,0,1,1.0000003576278687,0.0,0,1,4,4,4,1.0,1.0,3,3,3,0,0,1.0,1.0,1.0,1.0,1.0,0,0,1,0,0,0,0,0
S1-238727644,S2-122722744,Products Natural Colour Private Limited,LIMITED PRODUCTS NATURAL COLOUR,"C/O Makwana Pankajbhai, Gam Taraf Na Raste, Charoniya, Limbdi, Surendrangar, Surendranagar, Gujarat","#4 C/O MAKWANA PANKAJBHAI, SURENDRANGAR, SURENDRANAGAR, Gujarat",0,1,0.7136449224397542,0.657142857142857,0.8857142857142857,1.0,0.8,0.7948717948717948,0.657142857142857,0.8857142857142857,1.0,0.75,0.7631578947368421,0.9827586206896552,0.5,0.6344086021505376,0,0.0,0,1,1,1,0,3,0.8979179263114929,0.8480877876281738,0,0,5,4,4,0.8,1.0,3,3,3,0,0,1.0,1.0,1.0,1.0,0.6857142857142857,0,0,0,0,0,0,0,0
S1-9443892,S2-685214601,Panchsheel & Sons,Panchsheel & Sons LLP,"7-100/8/1, Hayathnagar, Rangareddy, Telangana, Sri Nagar Colony, Kuntloor","7-100/8/5, SRI NAGAR COLONY, KUNTLOOR, HAYATHNAGAR, తెలంగాణ",0,1,0.7091326175114333,0.9047619047619048,0.9047619047619048,1.0,0.75,0.8260869565217391,0.9047619047619048,0.9047619047619048,1.0,0.5528455284552846,0.7479674796747969,0.9,0.5,0.8088235294117647,3,0.6,0,1,1,1,0,3,0.9279609322547913,0.7963523864746094,0,0,3,4,3,1.0,0.75,3,3,3,0,0,1.0,1.0,1.0,1.0,0.8333333333333334,0,0,0,1,0,0,1,0
S1-876943891,S2-846943014,Masji D Bunder - West Educational Private Limited,Limited Masji D Bunder - West Educational,"408, Parshva Chambers, 17/21, Isaaji Street, Vadgadi, Masji D Bunder - West, Mumbai, Maharashtra","410, PARSHVA CHAMBERS, 17/21, ISAAJI STREET, VADGADI, MUMBAI, MASJI D BUNDER - WEST, Maharashtra",0,1,0.7074419306593579,0.7209302325581395,0.9069767441860467,1.0,0.8571428571428571,0.8297872340425532,0.7209302325581395,0.9069767441860467,1.0,0.9080459770114941,0.9885057471264368,0.9885057471264368,0.8666666666666667,1.0,2,0.5,0,1,1,1,0,3,0.909212052822113,0.9675689339637756,0,0,7,6,6,0.8571428571428571,1.0,5,5,5,0,0,1.0,1.0,1.0,1.0,0.725,0,0,0,1,0,0,0,1
S1-103903427,S2-462616246,Akb Milk Ltd,Akb Management  Ltd,"Village-Nanduwali, P.O., Naraingarh (219), Ambala City, Ambala, Haryana","H.NO 95- VILLAGE-NANDUWALI, P.O., NRAAINGARH (219), AMBALA CITY, Haryana",0,1,0.7036484990035239,0.6,0.6,0.736842105263158,0.5,0.6666666666666666,0.6,0.6,0.736842105263158,0.8661417322834646,0.8818897637795275,0.9166666666666667,0.6153846153846154,0.984375,1,0.5,0,0,1,1,0,2,0.0,0.8504831194877625,0,0,3,3,2,0.6666666666666666,0.6666666666666666,2,2,1,1,1,0.5,0.5,0.4545454545454546,0.5454545454545454,0.15789473684210525,0,0,0,1,0,0,0,1
S1-18264844,S2-883570385,Perambalur Estate Private Limited,Wex0nyx,"Trivandrum, Thiruvananthapuram, 27/1440 27/2188, Sankara Bhavan Rishimangalam, Chirakkulam Road, Gpo, Thiruvananthapuram, Kerala","#27/1440- 27/2188, THIRUVANANTHAPURAM, TRIVANDRUM, Keralam",0,1,0.7027742606313594,0.050000000000000044,0.050000000000000044,0.05,0.0,0.21212121212121213,0.050000000000000044,0.050000000000000044,0.05,0.48275862068965514,0.6091954022988506,0.9130434782608695,0.38461538461538464,0.4380165289256198,3,1.0,1,0,1,1,0,2,0.0,0.8131252527236938,0,0,4,1,0,0.0,0.0,2,1,0,2,1,0.0,0.0,0.08333333333333337,0.08333333333333329,0.0,0,0,0,1,0,1,1,0
S1-901503416,S2-826738679,Blue Constructions Private Limited,Private Blue Software Stores Limited,"D No 28, Bharathiyar Street Nandivaram, Chengalpattu, Kanchipuram, Tamil Nadu","NO.28, KANCHIPURAM, Tamil Nadu",0,1,0.696009243854718,0.5714285714285714,0.5714285714285714,0.7714285714285714,0.5,0.9444444444444444,0.5714285714285714,0.5714285714285714,0.7714285714285714,0.5544554455445545,0.5544554455445545,1.0,0.5,0.3835616438356164,1,1.0,1,0,0,1,0,1,0.0,0.0,0,0,4,5,3,0.75,0.6,2,3,1,1,2,0.5,0.3333333333333333,0.5789473684210527,0.5789473684210527,0.26666666666666666,0,0,0,1,0,1,1,0
S1-518160983,S2-973479209,Mohit & Brothers Private Limited,Mohit  Brothers & Private Limited,"B-45A, Somdutt Chamber-1 5, Bhikaji Cama Place, New Delhi, South Delhi, Delhi",,0,1,0.6958329094937532,0.8823529411764706,1.0,1.0,1.0,1.0,0.8823529411764706,1.0,1.0,0.0,0.0,0.0,0.0,0.0,0,0.0,0,1,0,0,0,1,0.9999992847442627,0.0,0,0,5,5,5,1.0,1.0,3,3,3,0,0,1.0,1.0,0.7777777777777779,1.0,0.6470588235294118,0,0,1,0,0,0,0,0
S1-911870326,S2-752525304,Shree Law Chambers,Shree Law Chambers Private,"2/58, Rajani Khand, Sarda Nagar Yojna, Lucknow, Uttar Pradesh",,0,1,0.6939327530342391,0.8181818181818181,0.8181818181818181,1.0,0.75,0.6923076923076923,0.8181818181818181,0.8181818181818181,1.0,0.0,0.0,0.0,0.0,0.0,0,0.0,0,1,0,0,0,1,0.8309487104415894,0.0,0,0,3,4,3,1.0,0.75,3,3,3,0,0,1.0,1.0,1.0,1.0,0.6666666666666666,0,0,1,0,0,0,0,0
S1-787085242,S2-926372838,Krushnai Engineering Public Limited,Krushnai Limited Public Online Online,"Door No 13-3-278/7 1St Floor Kunil Center Opp Wenlock Hospital, G H S Road Hampankatta, Dakshina Kannada, Karnataka","NO 13-3-278/1 1ST FLOOR KUNIL CENTER OPP WENLOCK HOSPITAL, G H S ROAD HAMPANKATTA, Karnataka",0,1,0.6929867769255832,0.6388888888888888,0.6388888888888888,0.8679245283018868,0.6,0.9459459459459459,0.6388888888888888,0.6388888888888888,0.8679245283018868,0.8811881188118812,0.8712871287128714,0.9887640449438203,0.7727272727272727,0.8035714285714286,4,0.8,0,0,1,1,0,2,0.0,0.8826085925102234,0,0,4,4,3,0.75,0.75,3,3,2,1,1,0.6666666666666666,0.6666666666666666,0.5714285714285714,0.8163265306122449,0.3902439024390244,0,0,0,1,0,0,1,0
S1-394977535,S2-67804769,Shiv Memorial Trust,SHIV  MEMORIAL TRUST,"B-D Shyam Apartment, C-77 Sarojani Marg, C Scheme, Jaipur, Rajasthan",,0,1,0.6914555110777946,1.0,1.0,1.0,1.0,1.0,1.0,1.0,1.0,0.0,0.0,0.0,0.0,0.0,0,0.0,0,1,0,0,0,1,1.0000004768371582,0.0,0,1,3,3,3,1.0,1.0,3,3,3,0,0,1.0,1.0,1.0,1.0,1.0,0,0,1,0,0,0,0,0
S1-264134511,S2-640311615,Kritan Works,#murshidabadmount,"S/O Lt Wahid Hossain Biswas Saw Mill Domkal, Jaurampura Behind Krishna, Murshidabad, West Bengal","S/O LT WAHID HOSSAIN BISWAS SAW MILL DOMKAL, JAURAMPURA BEHIND KRISHNA, MURSHIDABAD, West Bengal",0,1,0.6909606973123769,0.2857142857142857,0.2857142857142857,0.2857142857142857,0.0,0.75,0.2857142857142857,0.2857142857142857,0.2857142857142857,1.0,1.0,1.0,1.0,1.0,0,0.0,0,0,1,1,0,2,0.0,1.0000025033950806,0,0,2,1,0,0.0,0.0,2,1,0,2,1,0.0,0.0,0.2857142857142857,0.2857142857142857,0.0,1,0,0,0,0,0,0,0
S1-347704743,S2-864413410,Sree Sree Business Private Limited,Sree Private Limited Center,"402 Uphar Off J P Rd7 Bunglows Andheri W, Mumbai, Maharashtra","RM N B 402 SAI SANKALP, 7BGLW OF JP RD ANDHERI W, MUMBAI, Maharashtra",0,1,0.6908280217512582,0.6557377049180328,0.7540983606557377,0.851063829787234,0.6,0.7941176470588235,0.6557377049180328,0.7540983606557377,0.851063829787234,0.688,0.704,0.752,0.25,0.8939393939393939,2,1.0,1,0,0,1,0,1,0.0,0.0,0,0,4,4,3,0.75,0.75,2,2,1,1,1,0.5,0.5,0.5517241379310345,0.5833333333333334,0.4117647058823529,0,0,0,1,0,1,1,0
S1-905316848,S2-339645737,Prime Construction Private Limited,Prime Limited Private Consulting,"Flat No-404 S.No-5, Avenue-J, Virar Chikhal Dongre, Thane, Bldg No-40, Maharashtra, Vasai","BLDG NO-61, FLAT NO-404 S.NO-5, AVENUE-J, VIRAR CHIKHAL DONGRE, VASAI, महाराष्ट्र",0,1,0.6900518469219231,0.5454545454545454,0.9090909090909091,0.9090909090909091,0.6,0.9411764705882353,0.5454545454545454,0.9090909090909091,0.9090909090909091,0.6918238993710691,0.779874213836478,0.903225806451613,0.6,0.9156626506024096,2,0.5,0,0,1,1,0,2,0.0,0.8219424486160278,0,0,4,4,3,0.75,0.75,2,2,1,1,1,0.5,0.5,0.8235294117647058,0.8235294117647058,0.42105263157894735,0,0,0,1,0,0,0,1
S1-60743077,S2-883570385,Builders Eastend Partnership LLP,Wex0nyx,"27/1440 27/2188, Sankara Bhavan Rishimangalam, Chirakkulam Road, Gpo, Thiruvananthapuram, Thiruvananthapuram, Trivandrum, Kerala","#27/1440- 27/2188, THIRUVANANTHAPURAM, TRIVANDRUM, Keralam",0,1,0.6894892294982531,0.10256410256410253,0.10256410256410253,0.10256410256410263,0.0,0.21875,0.10256410256410253,0.10256410256410253,0.10256410256410263,0.5977011494252873,0.6091954022988506,0.9130434782608695,0.38461538461538464,0.4380165289256198,3,1.0,1,0,1,1,0,2,0.0,0.8131252527236938,0,0,4,1,0,0.0,0.0,3,1,0,3,1,0.0,0.0,0.11428571428571432,0.11428571428571431,0.0,0,0,0,1,0,1,1,0
S1-10364806,S2-305343635,Dynamic Construction Private Limited,Private Dynamic Jmin Construction Limited,"Krv House, 3, 9Th Lane Shastri Nnagar, Adyar, Chennai-20, Tamil Nadu","3, MANDAVELLI, CHENNAI, Tamil Nadu",0,1,0.6886967153852069,0.7272727272727273,0.9350649350649349,1.0,0.8,0.8780487804878049,0.7272727272727273,0.9350649350649349,1.0,0.5319148936170213,0.5106382978723405,0.7843137254901962,0.3076923076923077,0.49206349206349204,1,0.3333333333333333,0,1,0,0,0,1,0.9479187726974487,0.0,0,0,4,5,4,1.0,0.8,2,3,2,0,1,1.0,0.6666666666666666,0.8888888888888888,1.0,0.625,0,0,0,1,0,0,1,0
S1-135080007,S2-723234937,Inventure Traders Pvt Ltd,పయనీర్ ఇన్వెస్ట్‌మెంట్స్ ప్రైవేట్ లిమిటెడ్,"Jeedimetla Village, Quthbullapur Road, Hyderabad, Survey No.123, Telangana, Hyderabad","SURVEY NO.##123, JEEDIMETLA VILLAGE, QUTHBULLAPUR ROAD, TIRUMALAGIRI, HYDERABAD, Telangana",0,1,0.6818031751273864,0.09836065573770492,0.09836065573770492,0.12765957446808515,0.0,0.6944444444444444,0.49230769230769234,0.49230769230769234,0.49230769230769234,0.6871165644171779,0.8588957055214724,1.0,0.9,0.963855421686747,1,1.0,1,0,1,1,0,2,0.0,0.8726985454559326,0,0,4,10,0,0.0,0.0,2,10,0,2,10,0.0,0.0,0.037735849056603765,0.05128205128205124,0.0,0,0,0,1,0,1,1,0
S1-941066489,S2-112782390,Seven Projects Private Limited,श्री सदर्न प्रोड्यूसर प्राइवेट लिमिटेड,"F-2, Pooja Ghar, Pathik Nagar Sanganer Road, Bhilwara, Rajasthan","F-2, POOJA GHAR, PATHIK NAGAR SANGANER ROAD, SHASTRI NAGAR, Rajasthan",0,1,0.6798134016019785,0.08955223880597017,0.08955223880597017,0.10526315789473685,0.0,0.8108108108108109,0.5915492957746479,0.5915492957746479,0.5915492957746479,0.8960000000000001,0.8320000000000001,0.9272727272727274,0.8181818181818182,0.9230769230769231,1,1.0,1,0,1,1,0,2,0.0,0.8314914107322693,0,0,4,12,0,0.0,0.0,2,12,0,2,12,0.0,0.0,0.039215686274509776,0.04878048780487802,0.0,0,0,0,1,0,1,1,0
S1-158143435,S2-481948927,Green Energy Private Limited,ग्रेट वेंचर्स प्राइवेट लिमिटेड,"Suite No.2, 2Nd Floor, Kartarbhavan 121, S.B.S. Road, Colab A, Mumbai, Mumbai City, Maharashtra","2ND FLOOR, MUMBAI, MUMBAI CITY, Maharashtra",0,1,0.6792286729589575,0.10526315789473684,0.10526315789473684,0.11764705882352942,0.0,0.9655172413793104,0.7,0.6,0.6,0.6299212598425197,0.6299212598425197,1.0,0.3333333333333333,0.45977011494252873,1,0.5,0,0,1,0,0,1,0.0,0.7667718529701233,0,0,4,11,0,0.0,0.0,2,11,0,2,11,0.0,0.0,0.04878048780487809,0.05714285714285708,0.0,0,0,0,1,0,0,1,0
S1-302591620,S2-612281314,North Big Investment Private Limited,बाबा इन्वेस्टमेंट प्राइवेट लिमिटेड,"Madhuban Delhi, Delhi, North Delhi, B-24","24, DELHI, NORTH DELHI, Delhi",0,1,0.6787417072014093,0.11764705882352944,0.11764705882352944,0.12903225806451615,0.0,0.8888888888888888,0.6933333333333335,0.6933333333333335,0.6933333333333332,0.6031746031746033,0.8253968253968254,1.0,0.6,0.7027027027027027,1,1.0,1,0,1,0,0,1,0.0,0.9210188984870911,0,0,5,12,0,0.0,0.0,3,12,0,3,12,0.0,0.0,0.07692307692307687,0.08695652173913046,0.0,0,0,0,1,0,1,1,0
S1-717020240,S2-449495575,Shree & Sons Corp,Shree & Sons,"C/O Arati Agarwal West Lake, Town, P.O. Bhakti Nagar, Darjiling, Darjiling, Darjeeling, West Bengal",,0,1,0.6753828364722717,0.8484848484848484,0.8484848484848484,1.0,0.75,0.7368421052631579,0.8484848484848484,0.8484848484848484,1.0,0.0,0.0,0.0,0.0,0.0,0,0.0,0,1,0,0,0,1,0.8660256266593933,0.0,0,0,4,3,3,0.75,1.0,3,3,3,0,0,1.0,1.0,1.0,1.0,0.7142857142857143,0,0,1,0,0,0,0,0
S1-714436297,S2-857578515,Kolkata Global,Kolkata Global LLP,"203, Sarat Bose Road Ground Floor, Kolkata, Howrah, West Bengal","208, SARAT BOSE ROAD GROUND FLOOR, KOLKATA, West Bengal",0,1,0.6743012594208521,0.875,0.875,1.0,0.6666666666666666,0.7777777777777778,0.875,0.875,1.0,0.9189189189189189,0.9189189189189189,0.96,0.7272727272727273,0.8813559322033898,0,0.0,0,1,1,0,0,2,0.9097179174423218,0.890870213508606,0,0,2,3,2,1.0,0.6666666666666666,2,2,2,0,0,1.0,1.0,1.0,1.0,0.7857142857142857,0,0,0,1,1,0,0,1
S1-670792148,S2-590772614,Gravity Catering (India) Private Limited,राम Projects प्राइवेट लिमिटेड,"G-78A, Block-G Kalkaji, New Delhi, South Delhi, Delhi","G-78A, BLOCK-G KALKAJI, NEW DELHI, SOUTH DELHI, Delhi",0,1,0.6658463271633365,0.17910447761194026,0.17910447761194026,0.1967213114754098,0.0,0.7631578947368421,0.5352112676056338,0.3943661971830986,0.39436619718309857,1.0,1.0,1.0,1.0,1.0,1,1.0,1,0,1,1,0,2,0.0,1.0000004768371582,0,0,5,8,0,0.0,0.0,3,8,0,3,8,0.0,0.0,0.1568627450980392,0.1777777777777777,0.0,1,0,0,1,0,1,1,0
S1-79099485,S2-300405007,Marketing International School,International Marketing School Group,"H.No. 39/1, First Floor, Ghora Mohalla Village Aya Nagar, New Delhi, South West Delhi, Delhi","H.NO. 0039/22, SOUTH WEST DELHI, दिल्ली",0,1,0.6626499389276312,0.6060606060606061,0.9090909090909091,1.0,0.75,0.8333333333333334,0.6060606060606061,0.9090909090909091,1.0,0.4297520661157025,0.4132231404958677,0.7777777777777777,0.2631578947368421,0.4069767441860465,1,0.3333333333333333,0,1,0,0,0,1,0.9245744943618774,0.0,0,0,3,4,3,1.0,0.75,3,4,3,0,1,1.0,0.75,0.6060606060606061,1.0,0.6285714285714286,0,0,0,1,0,0,1,0
S1-338438830,S2-538844537,Nectar & Associates,Nectar &  Associates Corporation,"Chennai City Corporation, Tamil Nadu, No 4/608, Desk No.204, V O C Street, Perungudi, G1, Kanchipuram",,0,1,0.6599363053624767,0.7777777777777779,0.7777777777777779,1.0,0.75,0.6363636363636364,0.7777777777777779,0.7777777777777779,1.0,0.0,0.0,0.0,0.0,0.0,0,0.0,0,1,0,0,0,1,0.790569543838501,0.0,0,0,3,4,3,1.0,0.75,3,3,3,0,0,1.0,1.0,1.0,1.0,0.6071428571428571,0,0,1,0,0,0,0,0
S1-286187679,S2-48220216,Exports Clarity Tech Limited,Exports Clarity Tech LLP LLP,"C/O Subhash Lagad, Maharashtra, Junnar, Nimgaonsava, Pune","NO 30 C/O SUBHASH LAGAD, NIMGAONSAVA, JUNNAR, महाराष्ट्र",0,1,0.6559273119571065,0.7857142857142857,0.7857142857142857,0.9090909090909091,0.6,1.0,0.7857142857142857,0.7857142857142857,0.9090909090909091,0.6037735849056604,0.6981132075471699,0.8275862068965517,0.42857142857142855,1.0,0,0.0,0,0,1,1,0,2,0.0,0.7486172914505005,0,0,4,4,3,0.75,0.75,3,3,3,0,0,1.0,1.0,1.0,1.0,0.6296296296296297,0,0,0,0,0,0,0,0
S1-245699591,S2-222040070,Jogeshwari West Solutions Private Limited,Jogeshwari  West Solutions Group,"Flexcel Park, C Wing, 2Nd Floor, S.V. Road, Near 24 Karat Multiplex, Jogeshwari West, Mumbai, Maharashtra","NO 16 FLEXCEL PARK, C WING, 2ND FLOOR, S.V. ROAD, NEAR 24 KARAT MULTIPLEX, JOGESHWARI WEST, Maharashtra",0,1,0.6555242119042037,0.75,0.6944444444444444,0.8928571428571429,0.5,0.7560975609756098,0.75,0.6944444444444444,0.8928571428571429,0.9326424870466322,0.9326424870466322,0.967741935483871,0.8421052631578947,0.9896907216494846,2,0.6666666666666666,0,0,1,1,0,2,0.0,0.9472038149833679,0,0,5,4,3,0.6,0.75,3,4,3,0,1,1.0,0.75,0.8928571428571429,1.0,0.525,0,0,0,1,0,0,0,1
S1-17687537,S2-626119395,Sarasanth Producer Private Limited,Sarasanade Producer Private-Limited,"Midnapore, C/O- Biswanath Mitra Khanjanchak, West Bengal, Khanjanchak, Haldia, Haldia","C/O- BISWANATH MITRA KHANJANCHAK, KHANJANCHAK, HALDIA, HALDIA, West Bengal",0,1,0.6464001341971078,0.927536231884058,0.927536231884058,0.927536231884058,0.6,0.9714285714285714,0.927536231884058,0.927536231884058,0.927536231884058,0.7702702702702703,0.9324324324324325,1.0,0.8888888888888888,0.8734177215189873,0,0.0,0,1,1,1,0,3,0.8853645920753479,0.9541827440261841,0,0,4,4,3,0.75,0.75,2,2,1,1,1,0.5,0.5,0.8648648648648648,0.8648648648648648,0.7352941176470589,0,0,0,0,0,0,0,0
S1-131744455,S2-535839884,Maximus Traders Private Limited,design traders private limited,"Cabin I 4Th Floor Ghatala Towers Door No 19 Avenue Road Nungambakkam, Chennai, Tamil Nadu","##19 AVENUE ROAD NUNGAMBAKKAM, CHENNAI, Tamil Nadu",0,1,0.6425631044921909,0.819672131147541,0.7540983606557377,0.8679245283018868,0.6,0.967741935483871,0.819672131147541,0.7540983606557377,0.8679245283018868,0.6917293233082706,0.6917293233082706,1.0,0.4666666666666667,0.5287356321839081,1,0.5,0,0,1,1,0,2,0.0,0.7395680546760559,0,0,4,4,3,0.75,0.75,2,2,1,1,1,0.5,0.5,0.6206896551724138,0.6666666666666665,0.59375,0,0,0,1,0,0,0,1
S1-131744455,S2-105184503,Maximus Traders Private Limited,DESIGN-TRADERS PRIVATE LIMITED,"Cabin I 4Th Floor Ghatala Towers Door No 19 Avenue Road Nungambakkam, Chennai, Tamil Nadu","##19 AVENUE ROAD NUNGAMBAKKAM, CHENNAI, Tamil Nadu",0,1,0.6425631044921909,0.819672131147541,0.7540983606557377,0.8679245283018868,0.6,0.967741935483871,0.819672131147541,0.7540983606557377,0.8679245283018868,0.6917293233082706,0.6917293233082706,1.0,0.4666666666666667,0.5287356321839081,1,0.5,0,0,1,1,0,2,0.0,0.7395680546760559,0,0,4,4,3,0.75,0.75,2,2,1,1,1,0.5,0.5,0.6206896551724138,0.6666666666666665,0.59375,0,0,0,1,0,0,0,1
S1-374746293,S2-698193133,Bluewave Industries Private Limited,Dr Bluewave Industries L.L.P.,"C/O Attar Singh S/O Moti Lal, Laharu Road, Near Pnb Bank, Charkhi Dadri, Bhiwani, Haryana, Bhiwani, Haryana","#72 C/O ATTAR SINGH S/O MOTI LAL, LAHARU ROAD, NEAR PNB BANK, CHARKHI DADRI, BHIWANI, HARYANA, NULL, Haryana",0,1,0.6423086794734967,0.6984126984126984,0.7301587301587302,0.8444444444444444,0.2857142857142857,0.8,0.6984126984126984,0.7301587301587302,0.8444444444444444,0.94,0.92,1.0,0.8888888888888888,1.0,0,0.0,0,0,1,1,0,2,0.0,0.9453961849212646,0,0,4,5,2,0.5,0.4,2,5,2,0,3,1.0,0.4,0.8085106382978724,1.0,0.45714285714285713,0,0,0,0,0,0,0,0
S1-182172265,S2-869910523,Indo Systems Private Limited,Private Indo Industries Limited,"145 A/9, Kishangarh, Vasant Kunj, New Delhi, South West Delhi, Delhi","1-156 A/9, KISHANGARH, VASANT KUNJ, NEW DELHI, SOUTH WEST DELHI, दिल्ली",0,1,0.6348609659367098,0.6101694915254237,0.6779661016949151,0.847457627118644,0.6,0.9032258064516129,0.6101694915254237,0.6779661016949151,0.847457627118644,0.890625,0.875,0.9591836734693878,0.6428571428571429,0.9692307692307692,1,0.25,0,0,1,1,0,2,0.0,0.9223141074180603,0,0,4,4,3,0.75,0.75,2,2,1,1,1,0.5,0.5,0.6666666666666667,0.6666666666666665,0.3333333333333333,0,0,0,1,0,0,0,1
S1-799116976,S2-819877574,Sai Infraa Private Limited,साईं एनर्जी प्राइवेट लिमिटेड,"Shop No. B-579, Haryana, 2Nd Floor, Faridabad","N/A, Haryana, FARIDABAD, NO 2ND FLOOR",0,1,0.6344377231476261,0.11538461538461542,0.11538461538461542,0.12,0.0,1.0,0.6779661016949151,0.6779661016949151,0.6779661016949151,0.5333333333333333,0.8533333333333333,0.9375,0.5,0.8292682926829268,1,0.5,0,0,1,0,0,1,0.0,0.8791648149490356,0,0,4,11,0,0.0,0.0,2,11,0,2,11,0.0,0.0,0.05555555555555558,0.058823529411764636,0.0,0,0,0,1,0,0,0,1
S1-702901861,S2-586199151,International Products LLP,इंटरनेशनल प्रोडक्ट्स एलएलपी,"Shop No-1, Street No-5, Chanderlok, Mandoli Road, Delhi, House No-613, North East Delhi","#5ND FLOOR, NEW DELHI, NORTH EAST, Delhi",0,1,0.6343262180078999,0.07692307692307687,0.07692307692307687,0.07692307692307693,0.0,1.0,0.6545454545454545,0.509090909090909,0.509090909090909,0.5128205128205128,0.5470085470085471,0.6956521739130435,0.1875,0.4444444444444444,1,0.3333333333333333,0,0,0,0,1,1,0.0,0.0,5,0,3,9,0,0.0,0.0,2,9,0,2,9,0.0,0.0,0.04166666666666662,0.04166666666666671,0.0,0,0,0,1,0,0,0,1
S1-956775890,S2-336747560,Shakti Industries Pvt Ltd,सिल्वर इंफ्रा प्राइवेट लिमिटेड,"Shop No 6 & 7 Badarpur Badarpur Metro Stations, Badarpur, New Delhi, Delhi","SHOP NO. 6 & 7, NEW DELHI, BADARPUR, दिल्ली",0,1,0.6324847678893214,0.11111111111111116,0.11111111111111116,0.125,0.0,0.8620689655172413,0.48275862068965514,0.48275862068965514,0.48275862068965514,0.5663716814159292,0.6194690265486726,0.9444444444444444,0.6666666666666666,0.547945205479452,2,1.0,1,0,1,1,0,2,0.0,0.82099848985672,0,0,4,11,0,0.0,0.0,2,11,0,2,11,0.0,0.0,0.04347826086956519,0.05,0.0,0,0,0,1,0,1,1,0
S1-185851679,S2-595851413,Ratan Construction Limited,TRIDENT  CORP,"B-20/21, 3Rd Floor, Fruit Garden Near Bajaj Automobile, Nit-5, Faridabad, Haryana, Faridabad, Haryana","B-0020/21, 3RD FLOOR, FRUIT GARDEN NEAR BAJAJ AUTOMOBILE, NIT-5, FARIDABAD, HARYANA, FARIDABAD, Haryana",0,1,0.6301015553376785,0.3157894736842105,0.368421052631579,0.368421052631579,0.0,0.46153846153846156,0.3157894736842105,0.368421052631579,0.368421052631579,0.9894736842105263,0.9894736842105263,0.987012987012987,0.8666666666666667,0.9791666666666666,4,1.0,1,0,1,1,0,2,0.0,0.9823246002197266,0,0,3,2,0,0.0,0.0,2,1,0,2,1,0.0,0.0,0.31999999999999995,0.4,0.0,0,0,0,1,0,1,1,0
S1-762042015,S2-648612271,Kolkata India Pvt Ltd,PVT. KOLKATA INDIA LTD.,"31 B B D Bag (S)1St Floor, Honkonh House, 1St Floor, Kolkata, Kolkata, Howrah, West Bengal","KOLKATA, 1ST FLOOR, 16/1A, ABDUL HAMID STREET, KOLKATA, West Bengal, ROOM NO. 1A(II), HOWRAH",0,1,0.6300544339220265,0.8095238095238095,1.0,1.0,1.0,1.0,0.8095238095238095,1.0,1.0,0.4698795180722891,0.6385542168674698,0.7407407407407408,0.2857142857142857,1.0,1,0.3333333333333333,0,1,0,0,0,1,0.9999999403953552,0.0,0,0,4,4,4,1.0,1.0,2,2,2,0,0,1.0,1.0,1.0,1.0,0.6,0,0,0,1,0,0,0,1
S1-409229921,S2-342735295,Bright Investment Private Limited,यूनिक इन्वेस्टमेंट्स प्राइवेट लिमिटेड,"Bihar, Jagdishpur, Khelafat Nagar Shahjangi, C/O Md Sajid Ullah, Bhagalpur","C/O PODDAR, JAGDISHPUR, BHAGALPUR, Bihar",0,1,0.6291048912459084,0.08695652173913049,0.08695652173913049,0.09523809523809518,0.0,0.9166666666666666,0.7123287671232876,0.6575342465753424,0.6575342465753425,0.44859813084112155,0.6168224299065421,0.8955223880597015,0.4166666666666667,0.5285714285714286,0,0.0,0,0,1,0,0,1,0.0,0.6340472102165222,0,0,4,14,0,0.0,0.0,2,14,0,2,14,0.0,0.0,0.037735849056603765,0.042553191489361666,0.0,0,0,0,0,0,0,0,0
S1-836249948,S2-908220845,Mediant Tieup Private Limited,Mediant Limited Private Sales,"B- 60, G.No- 5 Rbsm Colony Bhondasi, Gurugram, Gurgaon, Haryana","B- 65, G.NO- 5 RBSM COLONY BHONDASI, GURUGRAM, हरियाणा",0,1,0.6260122136630104,0.7241379310344827,0.8620689655172413,0.8846153846153847,0.6,1.0,0.7241379310344827,0.8620689655172413,0.8846153846153847,0.8,0.7619047619047619,0.8837209302325582,0.5333333333333333,0.8421052631578947,1,0.3333333333333333,0,1,1,1,0,3,0.8124997615814209,0.7752166390419006,0,0,4,4,3,0.75,0.75,2,2,1,1,1,0.5,0.5,0.6923076923076923,0.7,0.45454545454545453,0,0,0,1,0,0,0,1
S1-868382403,S2-748746820,Ma Instruments Pvt Ltd,Ma Instruments Ltd Pvt,"Flat No. 611, 6Th Floor, Panchratna, Mama Parmanand Marg, Opera H, Ouse, Mumbai, Mumbai City, Maharashtra",,0,1,0.624479335557731,0.8181818181818181,1.0,1.0,1.0,1.0,0.8181818181818181,1.0,1.0,0.0,0.0,0.0,0.0,0.0,0,0.0,0,1,0,0,0,1,1.0000003576278687,0.0,0,0,4,4,4,1.0,1.0,2,2,2,0,0,1.0,1.0,1.0,1.0,0.6190476190476191,0,0,1,0,0,0,0,0
S1-908632251,S2-249819998,Big Investments Pvt Ltd,एस इन्वेस्टमेंट्स लिमिटेड,"Room No 207Ranjeet Sadan K-128 Mohammadpur, Delhi, West Delhi, Delhi","A-128, NEW DELHI, WEST DELHI, Delhi",0,1,0.6234505193209902,0.12765957446808507,0.12765957446808507,0.1395348837209302,0.0,0.9583333333333334,0.653061224489796,0.653061224489796,0.653061224489796,0.5979381443298969,0.6185567010309279,0.8235294117647058,0.2727272727272727,0.49230769230769234,1,0.5,0,0,1,0,0,1,0.0,0.7534534335136414,0,0,4,9,0,0.0,0.0,2,9,0,2,9,0.0,0.0,0.05128205128205132,0.05714285714285708,0.0,0,0,0,1,0,0,0,1
S1-717020240,S2-7739762,Shree & Sons Corp,Shree & Sons Sons,"C/O Arati Agarwal West Lake, Town, P.O. Bhakti Nagar, Darjiling, Darjiling, Darjeeling, West Bengal",,0,1,0.62323922483196,0.8421052631578947,0.736842105263158,1.0,0.75,1.0,0.8421052631578947,0.736842105263158,1.0,0.0,0.0,0.0,0.0,0.0,0,0.0,0,1,0,0,0,1,0.816496729850769,0.0,0,0,4,3,3,0.75,1.0,3,3,3,0,0,1.0,1.0,0.8484848484848484,1.0,0.625,0,0,1,0,0,0,0,0
S1-394005806,S2-922500529,Narsimha & Co,NARSINGH [CO] &,"H. No-125, Kh. No. 906 Friends Enclave, Mundka, New Delhi, West Delhi, Delhi",,0,1,0.622022467065733,0.6666666666666667,0.8666666666666667,0.8666666666666667,0.5,1.0,0.6666666666666667,0.8666666666666667,0.8666666666666667,0.0,0.0,0.0,0.0,0.0,0,0.0,0,1,0,0,0,1,0.6521738171577454,0.0,0,0,3,3,2,0.6666666666666666,0.6666666666666666,2,2,1,1,1,0.5,0.5,0.8333333333333335,0.8333333333333333,0.2222222222222222,0,0,1,0,0,0,0,0
S1-466371754,S2-217781523,Re Educational Society,Re Éducational Society Ltd,"Shop No 04 Yadav Market Village - Nawada (Opp. Power House), Sector-62, Noida, Gautam Buddha Nagar, Uttar Pradesh",,0,1,0.6213511682125789,0.875,0.5,0.875,0.4,0.8461538461538461,0.9166666666666665,0.9166666666666665,1.0,0.0,0.0,0.0,0.0,0.0,0,0.0,0,0,0,0,1,1,0.0,0.0,1,0,3,4,2,0.6666666666666666,0.5,3,3,2,1,1,0.6666666666666666,0.6666666666666666,0.9545454545454546,0.9545454545454546,0.625,0,0,1,0,0,0,0,0
S1-269620112,S2-149836568,Aura Fisheries Private Limited,रेड फूड प्राइवेट लिमिटेड,"401, Maker Bhavan - 3, 21, New Marine Lines, Mumbai, Mumbai City, Maharashtra","401, MAKER BHAVAN - 3, 21, NEW MARINE LINES, MUMBAI CITY, MUMBAI, महाराष्ट्र",0,1,0.6210006304029321,0.11111111111111116,0.11111111111111116,0.13043478260869562,0.0,0.8,0.5573770491803278,0.4590163934426229,0.4590163934426229,0.7883211678832117,0.8321167883211679,0.9174311926605505,0.6666666666666666,0.9855072463768116,3,1.0,1,0,1,1,0,2,0.0,0.8840153813362122,0,0,4,8,0,0.0,0.0,2,8,0,2,8,0.0,0.0,0.05263157894736848,0.06666666666666671,0.0,0,0,0,1,0,1,1,0
S1-670819214,S2-596624129,Conquest Ventures Private Limited,अर्बन इन्वेस्टमेंट प्राइवेट लिमिटेड,"6/41, Sunder Kiran Building 209 W.E.A Karol Bagh, New Delhi, Central Delhi, Delhi","H.NO 6/41 209 2ND FLOOR SUNDER KIRAN BUILDING, WEA KAROL BAGH, NEW DELHI, CENTRAL DELHI, Delhi",0,1,0.6206359782854417,0.08955223880597017,0.08955223880597017,0.09523809523809518,0.0,0.9705882352941176,0.6,0.5428571428571429,0.5428571428571428,0.8502994011976048,0.8862275449101795,0.9516129032258064,0.5789473684210527,0.8555555555555555,3,0.75,0,0,1,1,0,2,0.0,0.9329897165298462,0,0,4,13,0,0.0,0.0,2,13,0,2,13,0.0,0.0,0.039215686274509776,0.042553191489361666,0.0,0,0,0,1,0,0,1,0
S1-475993735,S2-163071825,Big Best Industries Private Limited,बिग बेस्ट टेक प्राइवेट लिमिटेड,"Plot No.69, Shivaji Nagar, Yavatmal, Maharashtra","PLOT NO.76, SHIVAJI NAGAR, YAVATMAL, Maharashtra",0,1,0.619554086383523,0.12307692307692308,0.12307692307692308,0.14035087719298248,0.0,0.8571428571428571,0.7246376811594203,0.6666666666666667,0.6956521739130435,0.9777777777777777,0.9777777777777777,0.9777777777777777,0.75,1.0,0,0.0,0,0,1,0,0,1,0.0,0.9687506556510925,0,0,5,11,0,0.0,0.0,3,11,0,3,11,0.0,0.0,0.08163265306122447,0.09756097560975605,0.0,0,0,0,1,1,0,0,1
S1-598665907,S2-569919656,Southern It Private Limited,सदर्न एंटरप्राइजेज लिमिटेड,"The Executive Center Unit B3, Level 18, Tower A, Dlf Building No. 5, Dlf Phase 3, Dlf Cyber City, Gurgaon, Haryana","TOWER A BUILDING NO. C-5, LEVEL 18, DLF CYBER CITY, PHASE III, GURGOAN, GURGAON, Haryana",0,1,0.618660815404769,0.1132075471698113,0.1132075471698113,0.11320754716981128,0.0,0.9629629629629629,0.6181818181818182,0.47272727272727283,0.4727272727272727,0.5989304812834224,0.748663101604278,0.9054054054054055,0.5909090909090909,0.7641509433962265,2,0.6666666666666666,0,0,1,1,0,2,0.0,0.7492507696151733,0,0,4,11,0,0.0,0.0,2,11,0,2,11,0.0,0.0,0.05405405405405405,0.054054054054054036,0.0,0,0,0,1,0,0,0,1
S1-205407435,S2-89357158,Bombay Developers Private Limited,Shri Bombay Developers Limited,"D No 4, V.K.V. Nanjappa Gounder Street Karattumedu, Saravanampatti (Po), Coimbatore, Tamil Nadu","NO 25 , V.K.V. NANJAPPA GOUNDER STREET KARATTUMEDU, SARAVANAMPATTI (PO), COIMBATORE, Tamil Nadu",0,1,0.6184577842538207,0.7936507936507937,0.8888888888888888,0.9090909090909091,0.6,0.9090909090909091,0.7936507936507937,0.8888888888888888,0.9090909090909091,0.9714285714285714,0.9714285714285714,0.9820359281437127,0.8,0.9886363636363636,0,0.0,0,0,1,1,0,2,0.0,0.987017810344696,0,0,4,4,3,0.75,0.75,2,3,2,0,1,1.0,0.6666666666666666,0.8717948717948718,1.0,0.5588235294117647,0,0,0,1,1,0,0,1
S1-517993853,S2-957930046,Technologies Godson Services Limited,EQUUS,"Suravi House, No.-2 Airport Gate, Kolkata, Howrah, West Bengal","SURAVI HOUSE, NO.-G-2 AIRPORT GATE, KOLKATA, West Bengal",0,1,0.6182588686078734,0.09756097560975607,0.09756097560975607,0.09756097560975605,0.0,0.1388888888888889,0.09756097560975607,0.09756097560975607,0.09756097560975605,0.9174311926605505,0.9174311926605505,0.9803921568627452,0.8181818181818182,0.9122807017543859,1,1.0,1,0,1,1,0,2,0.0,0.9291120171546936,0,0,4,1,0,0.0,0.0,3,1,0,3,1,0.0,0.0,0.12121212121212122,0.12121212121212124,0.0,0,0,0,1,0,1,1,0
S1-270727346,S2-97100597,Tirupati Exports Limited,તિરુપતિ બિઝનેસ લિમિટેડ,"Arpan Aptts.7, Sevakunj Society, Opp Abhilasha Flats, Nr. Shantivan, Pald, I, Ahmedabad, Gujarat","ARPN APTTS.##12, SEVAKUNJ SOCIETY, OPP ABHILASHA FLATS, NR. SHANTIVAN, PALD, I, AHMEDABAD, Gujarat",0,1,0.6175286594980604,0.0888888888888889,0.0888888888888889,0.08888888888888885,0.0,0.875,0.7346938775510203,0.7346938775510203,0.7346938775510204,0.9772727272727273,0.9772727272727273,0.9772727272727273,0.75,1.0,0,0.0,0,0,1,1,0,2,0.0,0.9498987197875977,0,0,3,10,0,0.0,0.0,2,10,0,2,10,0.0,0.0,0.05405405405405405,0.054054054054054036,0.0,0,0,0,1,1,0,0,1
S1-747077231,S2-170285347,Model Broking (India) Pvt Ltd,Pvt Model Producer (India) Ltd,"1 98/85/10, Plot No 10 Vitthal Rao Nagar, Madhapur, Hyderabad, Telangana","10  98/85/10, PLOT NO 10 VITTHAL RAO NAGAR, MADHAPUR, HYDERABAD, Telangana",0,1,0.6107874589840906,0.6545454545454545,0.6909090909090909,0.826086956521739,0.6666666666666666,0.9642857142857143,0.6545454545454545,0.6909090909090909,0.826086956521739,0.9927007299270073,0.9927007299270073,1.0,0.9166666666666666,0.9855072463768116,3,0.75,0,1,1,1,0,3,0.6668558716773987,0.9871974587440491,0,0,5,5,4,0.8,0.8,3,3,2,1,1,0.6666666666666666,0.6666666666666666,0.717948717948718,0.7333333333333333,0.22857142857142856,0,0,0,1,0,0,0,1
S1-255820031,S2-487813062,Agro Dhanshree Farmer Limited,Agro Dhanshree Lucky Limited,"Fl No 1, Maharashtra, Waters Apartment Sn-65/1/2F, Cts 510 Ghorpadi, Pune, Pune City","FL NO 10, WATERS APARTMENT SN-65/1/2F, CTS 510 GHORPADI, PUNE CITY, Maharashtra",0,1,0.6084696950676863,0.8070175438596492,0.7719298245614035,0.88,0.6,0.9655172413793104,0.8070175438596492,0.7719298245614035,0.88,0.8051948051948052,0.961038961038961,1.0,0.9333333333333333,0.9493670886075949,4,0.8,0,1,1,1,0,3,0.7874124050140381,0.9608456492424011,0,0,4,4,3,0.75,0.75,3,3,2,1,1,0.6666666666666666,0.6666666666666666,0.7317073170731707,0.8235294117647058,0.5161290322580645,0,0,0,1,0,0,0,1
S1-802991096,S2-817683124,Megapix Weaves Pvt Ltd,शक्ति सर्विसेज प्राइवेट लिमिटेड,"1419, Ground Floor, Pocket B, Sector-16 B, Dwarka, New Delhi, New Delhi, South West Delhi, Delhi","GROUND FLOOR, POCKET B, SECTOR-16 B, DWARKA, NEW DELHI, NEW DELHI, Delhi, ##1419, SOUTH WEST DELHI",0,1,0.607137611472419,0.11538461538461542,0.11538461538461542,0.12,0.0,0.7333333333333333,0.4363636363636364,0.4,0.4,0.875,1.0,1.0,1.0,1.0,2,1.0,1,0,1,1,0,2,0.0,0.999998927116394,0,0,4,13,0,0.0,0.0,2,13,0,2,13,0.0,0.0,0.045454545454545414,0.04761904761904759,0.0,0,0,0,1,0,0,0,1
S1-781452787,S2-136290402,YW Exports Private Limited,NYW Exports Private Limited,"No. 1-C, Bangalore, Bangalore North, Karnataka, West Cliff, 17 Keshavaraj Layout, C B Road, Ulsoor","Karnataka, NO 14-C , WEST CLIFF, 17 KESHAVARAJ LAYOUT, C B ROAD, ULSOOR, BANGALORE NORTH",0,1,0.606859739126903,0.9811320754716981,0.8679245283018868,0.9811320754716981,0.6,0.9629629629629629,0.9811320754716981,0.8679245283018868,0.9811320754716981,0.6666666666666667,0.9356725146198829,0.9936305732484076,0.8666666666666667,0.9,1,0.3333333333333333,0,1,1,1,0,3,0.9304839372634888,0.9441602230072021,0,0,4,4,3,0.75,0.75,2,2,1,1,1,0.5,0.5,0.9523809523809522,0.9523809523809524,0.9545454545454546,0,0,0,1,0,0,0,1
S1-960286007,S2-891749239,India Brothers Private Limited,MOTORSBANGALORECOM,"Q 31 Diamond District Old Airport Road Opp Carlton Towers Domlur Indira Nagar, Bangalore, Karnataka","Q 31 DIAMOND DISTRICT OLD AIRPORT ROAD OPP CARLTON TOWERS DOMLUR INDIRA NAGAR, BANGALORE, Karnataka",0,1,0.6030918344804505,0.29166666666666663,0.375,0.375,0.0,0.6,0.29166666666666663,0.375,0.375,1.0,1.0,1.0,1.0,1.0,1,1.0,1,0,1,1,0,2,0.0,0.9999980926513672,0,0,4,1,0,0.0,0.0,2,1,0,2,1,0.0,0.0,0.25,0.375,0.0,1,0,0,1,0,1,1,0
S1-324849617,S2-431173484,Go & Co Group,MIRAGILD,"Door No. 5/3084 D, Lakshmi Arcade J K Colony, Calicut, Kozhikode, Kerala","KOZHIKODE, DOOR NO:5/3084D, CALICUT, LAKSHMI ARCADE, J K COLONY ROAD, Kerala",0,1,0.6016054425502825,0.17391304347826086,0.17391304347826086,0.17391304347826092,0.0,0.5333333333333333,0.17391304347826086,0.17391304347826086,0.17391304347826092,0.7391304347826086,0.9420289855072465,0.9710144927536232,0.7333333333333333,0.9436619718309859,2,1.0,1,0,1,1,0,2,0.0,0.9326238036155701,0,0,4,1,0,0.0,0.0,3,1,0,3,1,0.0,0.0,0.19999999999999996,0.2,0.0,0,0,0,1,0,1,1,0
S1-285766328,S2-473911228,Urban Finance Pvt Ltd,ಅರ್ಬನ್ ಪವರ್ ಪ್ರೈವೇಟ್ ಲಿಮಿಟೆಡ್,"Dhaaruni Commercial, No. 512/10, Outer Ring Road Next To More Mega Store, Mahadevpura, Bangalore, Karnataka","BANGALORE, NO. 512/10, OUTER RING ROAD NEXT TO MORE MEGA STORE, MAHADEVPURA, Karnataka, #74 DHAARUNI COMMERCIAL, BENGALURU URBAN",0,1,0.5991978264460319,0.13043478260869568,0.13043478260869568,0.1363636363636364,0.0,0.84,0.4897959183673469,0.4897959183673469,0.4897959183673469,0.6968325791855203,0.9140271493212669,1.0,0.8421052631578947,0.8416666666666667,2,0.6666666666666666,0,0,1,1,0,2,0.0,0.9265193343162537,0,0,4,10,0,0.0,0.0,2,10,0,2,10,0.0,0.0,0.05263157894736848,0.05555555555555557,0.0,0,0,0,1,0,0,1,0
S1-402448954,S2-818795703,Ace Trading Private Limited,टेक ग्लोबल प्राइवेट लिमिटेड,"H No. 1025, Anand Nagar, Village And Post- Kandawa, Varanasi, Uttar Pradesh","H NO. C-1025, ANAND NAGAR, VILLAGE AND POST- KANDAWA, VARANASI REGION, VARANASI, Uttar Pradesh",0,1,0.5966167643646471,0.11111111111111116,0.11111111111111116,0.125,0.0,1.0,0.5964912280701755,0.5614035087719298,0.5614035087719298,0.8846153846153846,0.8846153846153846,1.0,0.8571428571428571,0.7931034482758621,1,1.0,1,0,1,1,0,2,0.0,0.9254475831985474,0,0,4,10,0,0.0,0.0,2,10,0,2,10,0.0,0.0,0.05263157894736848,0.0625,0.0,0,0,0,1,0,1,1,0
S1-880967792,S2-655293439,Kamya Tours (India) Public Limited,Kamya Tours (India) Private Limited,"Ground Floor, Premises No. 2/I, Dr. Biresh Guha Street, Kolkata, Kolkata, Howrah, West Bengal","NO ##78 GROUND FLOOR, PREMISES NO. 2/I, DR. BIRESH GUHA STREET, KOLKATA, KOLKATA, পশ্চিমবঙ্গ",0,1,0.5946164634094,0.8615384615384616,0.8615384615384616,0.8771929824561403,0.6666666666666666,0.9696969696969697,0.8615384615384616,0.8615384615384616,0.8771929824561403,0.8214285714285714,0.8095238095238095,0.8923076923076922,0.5789473684210527,0.9764705882352941,1,0.5,0,0,1,1,0,2,0.0,0.8601768612861633,0,0,5,5,4,0.8,0.8,4,3,3,1,0,0.75,1.0,0.8292682926829268,1.0,0.5588235294117647,0,0,0,1,0,0,0,1
S1-406275044,S2-736125401,Tns (India) It Private Limited,गोल्डन इंडस्ट्रीज लिमिटेड,"B 403 Mansarovar Bldgsuchidham, Mumbai, Maharashtra","B A-403 MANSAROVAR BLGSUCHIDHAM, MUMBAI, Maharashtra",0,1,0.5894369978132311,0.15094339622641506,0.15094339622641506,0.16326530612244894,0.0,0.8928571428571429,0.5714285714285714,0.4642857142857143,0.4642857142857143,0.9696969696969697,0.9696969696969697,0.9696969696969697,0.625,0.98,1,1.0,1,0,1,1,0,2,0.0,0.9138281345367432,0,0,5,10,0,0.0,0.0,3,10,0,3,10,0.0,0.0,0.1081081081081081,0.12121212121212124,0.0,0,0,0,1,0,1,1,0
S1-331735715,S2-298383629,Om Welfare Society,OM WELFARE SOCIETY LLP,"11/42(15) Krishna Nagar, Kanpur, Uttar Pradesh",,0,1,0.5881565024730726,0.9,0.9,1.0,0.75,0.8181818181818182,0.9,0.9,1.0,0.0,0.0,0.0,0.0,0.0,0,0.0,0,1,0,0,0,1,0.9235478639602661,0.0,0,0,3,4,3,1.0,0.75,3,3,3,0,0,1.0,1.0,1.0,1.0,0.8235294117647058,0,0,1,0,0,0,0,0
S1-742312267,S2-632161218,New Delhi India Limited,New India Delhi Limited,"House No, Kh No.44, Tika Mohalla Maidan Garhi Near Peer Baba, New Delhi, South Delhi, Delhi",,0,1,0.5862687842094059,0.7391304347826086,1.0,1.0,1.0,1.0,0.7391304347826086,1.0,1.0,0.0,0.0,0.0,0.0,0.0,0,0.0,0,1,0,0,0,1,1.0000003576278687,0.0,0,0,4,4,4,1.0,1.0,3,3,3,0,0,1.0,1.0,0.6,1.0,0.5,0,0,1,0,0,0,0,0
S1-722173177,S2-229181963,Vision Red Global LLP,విజన్ రెడ్ పవర్ ఎల్‌ఎల్‌పీ,"P. No. 66 A, Phase 4, Behind My Lan Lab, Ida, Jeedimetla, Hyderabad, Telangana","P. NO. 73 A, PHASE 4, BEHIND MY LAN LAB, IDA, JEEDIMETLA, HYDERABAD, తెలంగాణ",0,1,0.5841131540159035,0.14634146341463417,0.14634146341463417,0.1578947368421052,0.0,0.9523809523809523,0.5714285714285714,0.5714285714285714,0.5714285714285715,0.855072463768116,0.855072463768116,0.912,0.631578947368421,0.9714285714285714,1,0.3333333333333333,0,0,1,1,0,2,0.0,0.8673639893531799,0,0,4,7,0,0.0,0.0,3,7,0,3,7,0.0,0.0,0.1081081081081081,0.11764705882352942,0.0,0,0,0,1,0,0,0,1
S1-545572900,S2-268702545,QTJ It Corp,QTJ It Holdings,"Arihant Aura, 12Th Floor, B-1206, D-13-1 Ttc Midc Turbhe, Navi Mumbai, Mumbai City, Maharashtra","NO 53 ARIHANT AURA, 12TH FLOOR, B-1206, D-13-1 TTC MIDC TURBHE, NAVI MUMBAI, Maharashtra",0,1,0.5828546835179886,0.6153846153846154,0.6153846153846154,0.7058823529411765,0.5,0.7333333333333333,0.6153846153846154,0.6153846153846154,0.7058823529411765,0.8953488372093024,0.8953488372093024,0.9685534591194969,0.8333333333333334,0.9325842696629213,4,0.8,0,0,1,1,0,2,0.0,0.9252986311912537,0,0,3,3,2,0.6666666666666666,0.6666666666666666,2,3,2,0,1,1.0,0.6666666666666666,0.5714285714285714,1.0,0.2,0,0,0,1,0,0,0,1
S1-143458972,S2-910769820,Jain Foods Private Limited,जैन एस्टेट प्राइवेट लिमिटेड,"C09 2 Flr S148/150 P 1920, Swojas Scy Nr Parihar, Haveli, Pune, Maharashtra","C09 2 FLR S148/150 P 1921, HAVELI, PUNE, Maharashtra",0,1,0.5822434993570089,0.1132075471698113,0.1132075471698113,0.12765957446808515,0.0,0.9629629629629629,0.6896551724137931,0.6896551724137931,0.689655172413793,0.8,0.8,0.946236559139785,0.6,0.6901408450704225,4,0.6666666666666666,0,0,1,1,0,2,0.0,0.7777783870697021,0,0,4,10,0,0.0,0.0,2,10,0,2,10,0.0,0.0,0.05405405405405405,0.06451612903225808,0.0,0,0,0,1,0,0,1,0
S1-95824696,S2-815263009,Nagesh Castle Private Limited,Nagosh Castle Private Limited,"G1, #4/608, V.O.C. Street, Desk, # 496, Kottivakkam, Perungudi, Omr, Chennai City Corporation, Chennai, Tamil Nadu","G22, #4/608, V.O.C. STREET, DESK, # 496, KOTTIVAKKAM, PERUNGUDI, OMR, CHENNAI CITY CORPORATION, தமிழ்நாடு",0,1,0.5804230030667462,0.9655172413793103,0.9655172413793103,0.9655172413793103,0.6,1.0,0.9655172413793103,0.9655172413793103,0.9655172413793103,0.8691099476439791,0.837696335078534,0.923076923076923,0.6363636363636364,0.91,3,0.6,0,1,0,1,0,2,0.8541663885116577,0.0,0,0,4,4,3,0.75,0.75,2,2,1,1,1,0.5,0.5,0.923076923076923,0.923076923076923,0.7777777777777778,0,0,0,1,0,0,0,1
S1-427158013,S2-717858856,Star Foods,STAR FÓODS ELECTRONICS,"Kiadb Industrial Area, Plot-218, Bommasandra 3Rd Phase, Anekal Taluk, Bangalore, Karnataka","NO 82 KIADB INDUSTRIAL AREA, PLOT-218, BOMMASANDRA 3RD PHASE, ANEKAL TALUK, Karnataka",0,1,0.5797847415860445,0.5625,0.5625,0.5714285714285715,0.25,0.45454545454545453,0.625,0.625,1.0,0.9036144578313254,0.9036144578313254,0.9615384615384616,0.7857142857142857,0.9529411764705882,2,0.6666666666666666,0,0,1,1,0,2,0.0,0.9173604249954224,0,0,2,3,1,0.5,0.3333333333333333,2,3,1,1,2,0.5,0.3333333333333333,0.5625,0.5714285714285715,0.19047619047619047,0,0,0,1,0,0,0,1
S1-847177937,S2-685125984,Prime Edible (India) Care,Prime Edible (India) Care Pvt Ltd,"Building No. 64/1014, S J Building, Eranhipalam, Kozhikode, Kerala","BLOCK G-956 BUILDING NO. 64/1015, S J BUILDING, ERANHIPALAM, KOZHIKODE, Kerala",0,1,0.5741290689961579,0.8518518518518519,0.8518518518518519,1.0,0.6666666666666666,0.7419354838709677,0.8518518518518519,0.8518518518518519,1.0,0.8955223880597015,0.8955223880597015,0.9494949494949495,0.6153846153846154,0.8356164383561644,1,0.25,0,1,1,1,0,3,0.8846520185470581,0.9167609810829163,0,0,4,6,4,1.0,0.6666666666666666,4,4,4,0,0,1.0,1.0,1.0,1.0,0.75,0,0,0,1,0,0,0,1
S1-641872478,S2-626824874,Royal Services LLP,Noida LLP Services,"H-183, Basement, Sector 63, Noida, Noida, Gautam Buddha Nagar, Uttar Pradesh","A-108, SECTOR 63 GAUTAM BUDDHA NAGAR, NOIDA, Uttar Pradesh",0,1,0.5722823650775983,0.6666666666666667,0.8333333333333335,0.8333333333333333,0.5,1.0,0.6666666666666667,0.8333333333333335,0.8333333333333333,0.752,0.8640000000000001,0.9423076923076923,0.6153846153846154,0.7857142857142857,1,0.3333333333333333,0,0,0,1,0,1,0.0,0.0,0,0,3,3,2,0.6666666666666666,0.6666666666666666,2,2,1,1,1,0.5,0.5,0.7857142857142857,0.7857142857142857,0.3333333333333333,0,0,0,1,0,0,0,1
S1-179270832,S2-76987421,Great Services Private Limited,ग्रेट डेवलपर्स प्राइवेट लिमिटेड,"Surya-Kiran Apt., Dipali Nagar, Nashik- Mumbai Highway, Near Sharma Mangal, Karyalaya, Nashik, Maharashtra, #1, Nashik","#14, SURYA-KIRAN APT., DIPALI NAGAR, NASHIK- MUMBAI HIGHWAY, NEAR SHARMA MANGAL, KARYALAYA, NASHIK, Maharashtra",0,1,0.5675774387739263,0.09836065573770492,0.09836065573770492,0.11320754716981128,0.0,0.967741935483871,0.6875,0.5625,0.5625,0.9423076923076923,0.9615384615384616,0.9946524064171123,0.8666666666666667,0.9439252336448598,0,0.0,0,0,1,1,0,2,0.0,0.9765383005142212,0,0,4,10,0,0.0,0.0,2,10,0,2,10,0.0,0.0,0.04444444444444439,0.054054054054054036,0.0,0,0,0,1,1,0,0,1
S1-105996942,S2-80235072,Eastern Energy Private Limited,ईस्टर्न एनर्जी लिमिटेड,"Ground Floor, 32, Kamani Chambers, Ramji Kamani Marg, Ballard Estate, Mumbai, Mumbai City, Maharashtra","NO 41 GROUND FLOOR, 32, KAMANI CHAMBERS, RAMJI KAMANI MARG, BALLARD ESTATE, GREATER BOMBAY, MUMBAI CITY, Maharashtra",0,1,0.5672753553063933,0.11764705882352944,0.11764705882352944,0.11764705882352942,0.0,0.7,0.6296296296296297,0.4814814814814815,0.48148148148148145,0.9019607843137255,0.8725490196078431,1.0,0.75,0.8715596330275229,1,0.5,0,0,1,1,0,2,0.0,0.9022541046142578,0,0,4,9,0,0.0,0.0,2,9,0,2,9,0.0,0.0,0.05714285714285716,0.05714285714285708,0.0,0,0,0,1,0,0,0,1
S1-672760706,S2-445461636,Anand Consultants Private Limited,आनंद कंसल्टेंट्स जनरल प्राइवेट लिमिटेड,"Flat No. 501, Block No.6, Sector- 22, Pappan Kalan (Dwarka), Phase-I, New Delhi, West Delhi, Delhi","H.NO 506, BLOCK NO.6, SECTOR- 22, PAPPAN KALAN (DWARKA), PHASE-I, SOUTH WEST DELHI, WEST DELHI, Delhi",0,1,0.562343028010752,0.08571428571428574,0.08571428571428574,0.09375,0.0,0.8918918918918919,0.6933333333333335,0.6933333333333335,0.6933333333333332,0.898876404494382,0.8764044943820225,0.9076923076923077,0.6666666666666666,0.9560439560439561,2,0.5,0,0,1,1,0,2,0.0,0.9073171019554138,0,0,4,13,0,0.0,0.0,2,13,0,2,13,0.0,0.0,0.03703703703703709,0.04166666666666671,0.0,0,0,0,1,0,0,0,1
S1-664436524,S2-436942161,Ss Care Private Limited,@newcable,"S/O Gop Singh Rajpurohit, Mehtab Singh Ka Nohera, Alwar, Rajasthan","S/O GOP SINGH RAJPUROHIT, MEHTAB SINGH KA NOHERA, ALWAR, राजस्थान",0,1,0.5614952717302082,0.25806451612903225,0.25806451612903225,0.2580645161290323,0.0,0.34782608695652173,0.25806451612903225,0.25806451612903225,0.2580645161290323,0.8640000000000001,0.848,0.912621359223301,0.6428571428571429,0.9841269841269841,0,0.0,0,0,1,1,0,2,0.0,0.900307297706604,0,0,4,1,0,0.0,0.0,2,1,0,2,1,0.0,0.0,0.4,0.4,0.0,0,0,0,0,0,0,0,0
S1-819639690,S2-375393231,Thiruvananthapuram Milk Pvt Ltd,Thiruvananthapuram Atlantis Pvt  Ltd,"Second Floor, Tc 40/1710 (8), Mansaa Complex Attakulangara, Manacaud Po, Thiruvananthapuram, Trivandrum, Kerala","NO 20 SECOND FLOOR, TC 40/1710 (8), MANSAA COMPLEX ATTAKULANGARA, MANACAUD PO, THIRUVANANTHAPURAM, Kerala",0,1,0.5613192785639036,0.8484848484848484,0.8181818181818181,0.912280701754386,0.6,0.8857142857142857,0.8484848484848484,0.8181818181818181,0.912280701754386,0.9154228855721394,0.9154228855721394,0.9684210526315788,0.8125,0.9514563106796117,3,0.75,0,0,1,1,0,2,0.0,0.9286580681800842,0,0,4,4,3,0.75,0.75,2,2,1,1,1,0.5,0.5,0.8,0.878048780487805,0.5714285714285714,0,0,0,1,0,0,0,1
S1-505486540,S2-94944001,Seven Services Private Limited,ಸೆವೆನ್ ಸರ್ವಿಸಸ್ ಜನರಲ್ ಪ್ರೈವೇಟ್ ಲಿಮಿಟೆಡ್,"#19/B Industrial Suburb, Vishweshwaranagar, Shree Vaishnavi Sweets And Snacks, Mysore, Karnataka","NO 8 SHREE VAISHNAVI SWEETS AND SNACKS, MYSORE, ಕರ್ನಾಟಕ",0,1,0.561182977960825,0.09375,0.09375,0.1034482758620689,0.0,0.8823529411764706,0.7462686567164178,0.6268656716417911,0.746268656716418,0.6111111111111112,0.5833333333333333,0.8602150537634408,0.35294117647058826,0.5824175824175825,0,0.0,0,0,1,1,0,2,0.0,0.6148889064788818,0,0,4,12,0,0.0,0.0,2,12,0,2,12,0.0,0.0,0.04166666666666662,0.04761904761904759,0.0,0,0,0,1,1,0,0,1
S1-301686226,S2-821992574,Asta & Brothers Private Limited,सिटी फाउंडेशन प्राइवेट लिमिटेड,"9/3, Pahadiya Road Pahadiya Road, Jaora, Ratlam, Madhya Pradesh","9, RATLAM, Madhya Pradesh",0,1,0.560945348583597,0.12903225806451613,0.12903225806451613,0.1428571428571429,0.0,0.8787878787878788,0.6111111111111112,0.36111111111111116,0.36111111111111116,0.5609756097560976,0.5609756097560976,1.0,0.5,0.3898305084745763,1,0.5,0,0,1,1,0,2,0.0,0.5342147350311279,0,0,5,11,0,0.0,0.0,3,11,0,3,11,0.0,0.0,0.08695652173913049,0.1,0.0,0,0,0,1,0,0,1,0
S1-433866991,S2-980317097,Ascendant Clinic Private Limited,Ascendant Footwear Private  Limited,"Ashokahouse, 3A, Harestreet4Thfloor, Roomno:401&402, Kolkata, Howrah, West Bengal","NO 78 ASHOKAHOUSE, 3A, HARESTREET4THFLOOR, ROOMNO:401&402, KOLKATA, West Bengal",0,1,0.5600005978041345,0.7878787878787878,0.7878787878787878,0.8771929824561403,0.6,0.9411764705882353,0.7878787878787878,0.7878787878787878,0.8771929824561403,0.9171974522292995,0.9171974522292995,0.96,0.7692307692307693,0.9873417721518988,4,0.8,0,0,1,1,0,2,0.0,0.9400179982185364,0,0,4,4,3,0.75,0.75,2,2,1,1,1,0.5,0.5,0.5882352941176471,0.72,0.5135135135135135,0,0,0,1,0,0,0,1
S1-808590906,S2-508099854,Vadodara Finance Private Limited,Vadodara Life Private Limited,"C/O, Jayendra Rasiklal Soni, Vadi Wadi, Near Sarabhai Society, Alkapuri, Vadodara, Gujarat","H.NO D/76 C/O, JAYENDRA RASIKLAL SONI, VADI WADI, NEAR SARABHAI SOCIETY, ALKAPURI, VADODARA, Gujarat",0,1,0.5596372099107616,0.8852459016393442,0.8852459016393442,0.9056603773584905,0.6,0.90625,0.8852459016393442,0.8852459016393442,0.9056603773584905,0.9438202247191011,0.9438202247191011,1.0,0.7647058823529411,0.8936170212765957,0,0.0,0,0,1,1,0,2,0.0,0.9806756973266602,0,0,4,4,3,0.75,0.75,2,2,1,1,1,0.5,0.5,0.7586206896551724,0.7619047619047619,0.59375,0,0,0,0,0,0,0,0
S1-495166226,S2-13010587,Shree Mats Private Limited,સુપર મીડિયા પ્રાઇવેટ લિમિટેડ,"602, Prominence By Sangath Ipl, Nr. Vaishnodevi U/P, Zundal, Gandhinagar, Gandhi Nagar, Gujarat","602, PROMINENCE BY SANGATH IPL OPPOSITE CBD MALL, S.P. RING ROAD, ZUNDAL GANDHINAGAR NEAR VAISHNODEVI, GANDHINAGAR, GANDHI NAGAR, Gujarat",0,1,0.558495360904917,0.1132075471698113,0.1132075471698113,0.12765957446808515,0.0,0.9629629629629629,0.6229508196721312,0.6229508196721312,0.6229508196721312,0.706422018348624,0.7889908256880733,0.9707602339181287,0.5714285714285714,0.676923076923077,1,1.0,1,0,1,1,0,2,0.0,0.888592004776001,0,0,4,10,0,0.0,0.0,2,10,0,2,10,0.0,0.0,0.05405405405405405,0.06451612903225808,0.0,0,0,0,1,0,1,1,0
S1-927643101,S2-807638062,Diamond & Sons Pvt Ltd,Diamond & Sons Public Limited,"1St-Fr, 2/1/1 Bholanath Nandy Lane Lp-463/3, Howrah, West Bengal","West Bengal, 2ST-FR, 2/1/1 BHOLANATH NANDY LANE LP-463/3, HOWRAH",0,1,0.5571458537567471,0.8,0.8,0.8,0.42857142857142855,0.7741935483870968,0.8,0.8,0.8,0.7868852459016393,0.9508196721311475,0.9830508474576272,0.8571428571428571,1.0,4,1.0,1,0,1,1,0,2,0.0,0.9553581476211548,0,0,5,5,3,0.6,0.6,3,4,3,0,1,1.0,0.75,0.8205128205128205,1.0,0.43333333333333335,0,0,0,1,0,0,0,1
S1-719876638,S2-564919863,Best Marketing Limited,बेस्ट मार्केटिंग लिमिटेड,"R No 13 Joseph Mansion Himanshu Roy Rd Malad West, Mumbai, Mumbai City, Maharashtra","Maharashtra, MUMBAI, FLAT NO 11 D, MALAD WEST",0,1,0.5562752833442789,0.0888888888888889,0.0888888888888889,0.10256410256410263,0.0,0.9565217391304348,0.8979591836734694,0.8979591836734694,0.8979591836734694,0.39344262295081966,0.6065573770491803,0.8648648648648648,0.3125,0.525,0,0.0,0,0,0,0,1,1,0.0,0.0,5,0,3,9,0,0.0,0.0,2,9,0,2,9,0.0,0.0,0.05405405405405405,0.06451612903225808,0.0,0,0,0,1,1,0,0,1
S1-999438300,S2-83359986,GF Chits Partners,GP CHITS-PARTNERS,"B/5-6 Silver Belle2Nd Floor Opp Thomas Cook Shriniwas Barkar Marg J B Naga, Mumbai, Maharashtra","B/5-6 SILVER BELLE9ND FLOOR OPP THOMAS COOK SHRINIWAS BARKAR MARG J B NAGA, MUMBAI, Maharashtra",0,1,0.5546142449890045,0.9411764705882352,0.9411764705882352,0.9411764705882354,0.5,1.0,0.9411764705882352,0.9411764705882352,0.9411764705882354,0.989247311827957,0.989247311827957,0.989010989010989,0.8823529411764706,1.0,2,0.5,0,1,1,1,0,3,0.8888887166976929,0.9424095153808594,0,0,3,3,2,0.6666666666666666,0.6666666666666666,3,3,2,1,1,0.6666666666666666,0.6666666666666666,0.9411764705882352,0.9411764705882354,0.7333333333333333,0,0,0,1,0,0,1,0
S1-524890453,S2-790749848,Guru Tech Private Limited,ओम केयर प्राइवेट लिमिटेड,"City Plaza, Nirwan Marg, Bani Park, Jaipur, Rajasthan","142, CITY PLAZA, NIRMAN MARG, BANI PARK, JAIPUR, JAIPUR, Rajasthan",0,1,0.5540819868460836,0.12244897959183676,0.12244897959183676,0.12765957446808515,0.0,0.96,0.6153846153846154,0.6153846153846154,0.6153846153846154,0.8807339449541286,0.8807339449541286,0.9411764705882354,0.7,0.8166666666666667,0,0.0,0,0,1,1,0,2,0.0,0.8506314158439636,0,0,4,10,0,0.0,0.0,2,10,0,2,10,0.0,0.0,0.06060606060606055,0.06451612903225808,0.0,0,0,0,0,0,0,0,0
S1-426371426,S2-816292454,Shivam Construction Private Limited,Shivam Construction Hotel Private Limited,"4, Kumar Panorama, 1St Floor, 45/1, B. Shankarseth Road, Pune, Maharashtra","7, KUMAR PANORAMA, 1ST FLOOR, 45/1, B. SHANKARSETH ROAD, Maharashtra",0,1,0.549441607821502,0.9210526315789473,0.9210526315789473,1.0,0.8,0.8536585365853658,0.9210526315789473,0.9210526315789473,1.0,0.9457364341085271,0.9302325581395349,0.9836065573770492,0.7692307692307693,0.9253731343283582,2,0.5,0,0,1,1,0,2,0.0,0.9584258794784546,0,0,4,5,4,1.0,0.8,2,3,2,0,1,1.0,0.6666666666666666,0.8636363636363636,1.0,0.7714285714285715,0,0,0,1,0,0,0,1
S1-729096540,S2-630520799,Heritage Township Private Limited,HERITAGE TOWNSHIP EXPORTS PRIVATE LTD,"F-2-19 Ashish Nagar, Indore, Madhya Pradesh","F-2-2 ASHISH NAGAR, INDORE, Madhya Pradesh",0,1,0.5494218943192585,0.8285714285714285,0.8285714285714285,0.8620689655172414,0.5,0.8918918918918919,0.8285714285714285,0.8285714285714285,0.8620689655172414,0.962962962962963,0.962962962962963,1.0,0.875,0.975609756097561,1,0.5,0,0,1,0,0,1,0.0,0.9756091833114624,0,0,4,5,3,0.75,0.6,2,3,2,0,1,1.0,0.6666666666666666,0.8095238095238095,1.0,0.5128205128205128,0,0,0,1,0,0,1,0
S1-946179682,S2-349259813,Nexus (India) Farms Private Limited,Nexus (India) Farms Overseas Prívate Limited,"1, Floor 1, 61, Vijaya, Bhavan, Ranade Rd, Dadar, Mumbai, Maharashtra","10, FLOOR 1, 61, VIJAYA, BHAVAN, RANADE RD, DADAR, MUMBAI, महाराष्ट्र",0,1,0.5456773929990762,0.8533333333333333,0.8533333333333333,0.8620689655172414,0.5714285714285714,0.7857142857142857,0.88,0.88,1.0,0.819672131147541,0.8032786885245902,0.8867924528301887,0.6,1.0,2,0.6666666666666666,0,0,1,1,1,3,0.0,0.814064621925354,2,0,5,6,4,0.8,0.6666666666666666,3,5,3,0,2,1.0,0.6,0.6666666666666667,1.0,0.5897435897435898,0,0,0,1,0,0,0,1
S1-910938004,S2-384482738,Yamuavi Facility,Yamuaex Fácility,"8/276, Trilokpuri, Delhi, East Delhi, Delhi","8/277, TRILOKPURI, DELHI, EAST DELHI, दिल्ली",0,1,0.5441369708880989,0.8125,0.8125,0.8125,0.0,1.0,0.875,0.875,0.875,0.8461538461538461,0.8205128205128205,0.92,0.5,1.0,1,0.3333333333333333,0,0,1,0,1,2,0.0,0.9136262536048889,1,0,2,2,0,0.0,0.0,2,2,0,2,2,0.0,0.0,0.8125,0.8125,0.3684210526315789,0,0,0,1,0,0,1,0
S1-439998143,S2-537623995,Pioneer Impex Private Limited,Pioneer Impex  Private,"323, Third Floor, Gupta Arcade Plot No. 4, Shreshtha Vihar, Delhi, East Delhi, Delhi",,0,1,0.5425427457545408,0.84,0.84,1.0,0.75,0.7241379310344828,0.84,0.84,1.0,0.0,0.0,0.0,0.0,0.0,0,0.0,0,1,0,0,0,1,0.8539122939109802,0.0,0,0,4,3,3,0.75,1.0,2,2,2,0,0,1.0,1.0,1.0,1.0,0.7083333333333334,0,0,1,0,0,0,0,0
S1-237414282,S2-866040861,Bimal Polytechnic Company,Bimal Polytechnic LLP,"C/O Sarita Bhartiya, 305, Verma Centre, Boring Road Choraha, Patna, Bihar","NO 29 C/O SARITA BHARTIYA, 305, VERMA CENTRE, BORING ROAD CHORAHA, PATNA, Bihar",0,1,0.5381613075131867,0.826086956521739,0.826086956521739,0.8947368421052632,0.5,0.84,0.826086956521739,0.826086956521739,0.8947368421052632,0.9577464788732395,0.9577464788732395,1.0,0.8571428571428571,0.918918918918919,1,0.5,0,0,1,1,0,2,0.0,0.9794034361839294,0,0,3,3,2,0.6666666666666666,0.6666666666666666,2,2,2,0,0,1.0,1.0,1.0,1.0,0.5833333333333334,0,0,0,1,0,0,0,1
S1-452854247,S2-310596446,Kritva Infradevelopers Private Limited,Critva Infradevelopers Private,"Atul Nagar, Phase Ii Sno 79/B Warje, Pune, Maharashtra","NO 96 ATUL NAGAR, PHASE II SNO 79/B WARJE, PUNE, Maharashtra",0,1,0.5380649326742091,0.8529411764705883,0.6764705882352942,0.8679245283018868,0.4,0.7894736842105263,0.8529411764705883,0.6764705882352942,0.8679245283018868,0.9444444444444444,0.9444444444444444,1.0,0.8333333333333334,0.8947368421052632,1,0.5,0,0,1,1,0,2,0.0,0.9710575938224792,0,0,4,3,2,0.5,0.6666666666666666,2,2,1,1,1,0.5,0.5,0.9545454545454546,0.9545454545454546,0.7352941176470589,0,0,0,1,0,0,0,1
S1-680025397,S2-926932265,Golden International Limited,गोल्डन इंटरनेशनल एलएलपी,"C/O Rahul Vadukle Link Road Kushal Mangal Complex, City Hospital Ke Samne Chandrashekhar Ward, Betul, Madhya Pradesh","Madhya Pradesh, CITY HOSPITAL KE SAMNE CHANDRASHEKHAR WARD, NO 72 C/O RAHUL VADUKLE LINK ROAD KUSHAL MANGAL COMPLEX, BETUL",0,1,0.5374435786443406,0.07999999999999996,0.07999999999999996,0.08,0.0,0.7857142857142857,0.6296296296296297,0.4814814814814815,0.48148148148148145,0.5517241379310345,0.9741379310344827,1.0,0.9,0.9495798319327731,0,0.0,0,0,1,1,0,2,0.0,0.9880226254463196,0,0,3,7,0,0.0,0.0,2,7,0,2,7,0.0,0.0,0.04761904761904767,0.04761904761904759,0.0,0,0,0,0,0,0,0,0
S1-213794592,S2-514838995,Neeru Technologies Private Limited,Private Neeru Advertisement Limited,"In Front Of Rajendra Hospital, Rani Sati Road, Sikar, Rajasthan","SIKAR, Rajasthan, SIKAR, NO 68 IN FROT OF RAJENDRA HOSPITAL",0,1,0.5355603628779708,0.5217391304347826,0.6086956521739131,0.7636363636363636,0.6,0.9714285714285714,0.5217391304347826,0.6086956521739131,0.7636363636363636,0.48275862068965514,0.8103448275862069,0.8764044943820224,0.46153846153846156,0.9333333333333333,0,0.0,0,0,1,1,0,2,0.0,0.7813555002212524,0,0,4,4,3,0.75,0.75,2,2,1,1,1,0.5,0.5,0.4864864864864865,0.48648648648648646,0.2826086956521739,0,0,0,0,0,0,0,0
S1-377848073,S2-768389889,Jaipur Packaging Limited,बिग केयर प्राइवेट लिमिटेड,"P.No- J 490 B Vistar, Phase 2, Ind. Area Sarna, Jaipur, Rajasthan","P.NO- J 490 B VISTAR, JAIPUR, Rajasthan",0,1,0.5343456771698276,0.08163265306122447,0.08163265306122447,0.08510638297872347,0.0,0.96,0.5769230769230769,0.5769230769230769,0.576923076923077,0.7578947368421054,0.7578947368421054,1.0,0.6153846153846154,0.6101694915254238,1,0.5,0,0,1,1,0,2,0.0,0.7890759110450745,0,0,3,11,0,0.0,0.0,2,11,0,2,11,0.0,0.0,0.04878048780487809,0.05128205128205124,0.0,0,0,0,1,0,0,1,0
S1-110761621,S2-52404901,Mahameru International Private Limited,Public Mahameru International Limited,"Vill.P.O. - Basudebpur, Dist. Purba Medinipur, P.S. - Egra, Basudebpur, Midnapore, West Bengal","পশ্চিমবঙ্গ, DIST. PURBA MEDINIPUR, P.S. - EGRA, BASUDEBPUR, NO 53 VILL.P.O. - BASUDEBPUR, MIDNAPORE",0,1,0.5333779855052351,0.8,0.88,0.8955223880597015,0.6,0.9736842105263158,0.8,0.88,0.8955223880597015,0.6390532544378698,0.8402366863905325,0.9047619047619048,0.5555555555555556,0.9425287356321839,0,0.0,0,0,1,1,0,2,0.0,0.9149215817451477,0,0,4,4,3,0.75,0.75,2,3,2,0,1,1.0,0.6666666666666666,0.8627450980392157,1.0,0.5853658536585366,0,0,0,0,0,0,0,0
S1-145204485,S2-458514905,Gangva Estate Private Limited,Gangvi Estet  Private Limited,"W/P S#, 183/5, Dachkul Pada, Laxmi Baugh, Near Mbmc Sch, Thane, Maharashtra","##73 W/P S#, 183/5, DACHKUL PADA, LAXMI BAUGH, NEAR MBMC SCH, THANE, Maharashtra",0,1,0.5313884290811733,0.9122807017543859,0.9122807017543859,0.912280701754386,0.3333333333333333,0.9655172413793104,0.9122807017543859,0.9122807017543859,0.912280701754386,0.9784172661870504,0.9784172661870504,1.0,0.9333333333333333,0.9577464788732394,2,0.6666666666666666,0,0,1,1,0,2,0.0,0.9883949160575867,0,0,4,4,2,0.5,0.5,2,2,0,2,2,0.0,0.0,0.8,0.8,0.5333333333333333,0,0,0,1,0,0,0,1
S1-604205948,S2-597595367,Shree Marketing Pvt Ltd,5hree Márketing LLP,"201, 2Nd Floor, Royal Arcade, Dongare Wadi, Varachha Road., Surat, Gujarat","202, 2ND FLOOR, ROYAL ARCADE, DONGARE WADI, VARACHHA ROAD., SURAT, Gujarat",0,1,0.5296266511672177,0.7142857142857143,0.4761904761904761,0.4761904761904762,0.0,0.8260869565217391,0.7619047619047619,0.5238095238095238,0.6666666666666665,0.9850746268656717,0.9850746268656717,0.9850746268656717,0.8333333333333334,1.0,1,0.3333333333333333,0,0,1,1,0,2,0.0,0.9662175178527832,0,0,4,3,0,0.0,0.0,2,2,0,2,2,0.0,0.0,0.8666666666666667,0.5333333333333333,0.32,0,0,0,1,0,0,0,1
S1-156728469,S2-635494872,Solutions Nkr Farmers Private Limited,@SHIVAMSOLUTIONS,"Promoter H - 73, Lajpat Nagar - I, New Delhi, Delhi","H.NO. II-C-73, T/F, LAJPAT NAGAR, NEW DELHI, Delhi",0,1,0.5287625507572093,0.34615384615384615,0.5,0.5,0.0,0.40540540540540543,0.34615384615384615,0.5,0.5,0.7640449438202246,0.8539325842696628,0.8311688311688311,0.46153846153846156,0.9777777777777777,1,1.0,1,0,0,1,0,1,0.0,0.0,0,0,5,1,0,0.0,0.0,3,1,0,3,1,0.0,0.0,0.5,0.6111111111111112,0.2222222222222222,0,0,0,1,0,1,1,0
S1-66617148,S2-176608263,Indran Entertainments Private Limited,Indrana Entertainments Private Ltd,"S-4 Thirthraj Apartments, Jacob Road, Achrol House, Civil Lines, Jaipur, Rajasthan","S-##4 THIRTHRAJ APARTMENTS, JACOB ROAD, ACHROL HOUSE, CIVIL LINES, JAIPUR, Rajasthan",0,1,0.5283967991408639,0.9295774647887324,0.9295774647887324,0.9295774647887324,0.3333333333333333,0.918918918918919,0.9295774647887324,0.9295774647887324,0.9295774647887324,1.0,1.0,1.0,1.0,1.0,1,1.0,1,0,1,1,0,2,0.0,0.9999987483024597,0,0,4,4,2,0.5,0.5,2,2,1,1,1,0.5,0.5,0.9767441860465115,0.9767441860465117,0.6388888888888888,1,0,0,1,0,1,1,0
S1-932328626,S2-739035156,Supreme Builders Private Limited,Supreme Builders Private,"18/678, Thangam Building, Binanipuram, Edayar, Paravur, Ernakulam, Kerala",,0,1,0.5282280059640801,0.8571428571428572,0.8571428571428572,1.0,0.75,0.75,0.8571428571428572,0.8571428571428572,1.0,0.0,0.0,0.0,0.0,0.0,0,0.0,0,1,0,0,0,1,0.8713552951812744,0.0,0,0,4,3,3,0.75,1.0,2,2,2,0,0,1.0,1.0,1.0,1.0,0.7407407407407407,0,0,1,0,0,0,0,0
