source1_entity_id,candidate_entity_id,s1_business_name,s2_business_name,s1_business_address,s2_business_address,label,predicted_label,probability,name_ratio,name_token_sort,name_token_set,name_token_jaccard,name_length_ratio,translit_name_ratio,translit_name_token_sort,translit_name_token_set,address_ratio,address_token_sort,address_token_set,address_token_jaccard,address_length_ratio,shared_number_count,number_jaccard,number_exact_set,from_name_blocker,from_address_blocker,from_structured_blocker,from_embedding_blocker,blocker_count,name_retrieval_score,address_retrieval_score,embedding_rank,name_exact,name_token_count_s1,name_token_count_s2,shared_name_token_count,s1_name_containment,s2_name_containment,meaningful_name_token_count_s1,meaningful_name_token_count_s2,shared_meaningful_name_tokens,extra_meaningful_tokens_s1,extra_meaningful_tokens_s2,meaningful_s1_containment,meaningful_s2_containment,legal_suffix_stripped_ratio,legal_suffix_stripped_token_set,name_char_3gram_jaccard,address_exact,s1_address_missing,s2_address_missing,both_have_numbers,number_conflict,ordered_number_exact,first_number_match,first_number_conflict
S1-858579802,S2-509566585,South & Associates,Mr Synciravantage,"#86 Shubhodaya 3Rd Floor, Kumara Park West, Seshadripuram, Bangalore North, Bangalore, Karnataka","H.NO 8-6 SHUBHODAYA 3RD FLOOR, BANGALORE NORTH, BANGALORE, Karnataka",1,0,1.5664484189805506e-05,0.3783783783783784,0.3783783783783784,0.3783783783783784,0.0,0.85,0.3783783783783784,0.3783783783783784,0.3783783783783784,0.7612903225806451,0.7612903225806451,0.9108910891089108,0.4,0.7222222222222222,1,0.25,0,0,1,0,0,1,0.0,0.829343855381012,0,0,3,2,0,0.0,0.0,3,2,0,3,2,0.0,0.0,0.3783783783783784,0.3783783783783784,0.0,0,0,0,1,0,0,0,1
S1-409533878,S2-87176842,Alpha Software Private Limited,ആൽഫ സോഫ്റ്റ്‌വെയർ പ്രൈവറ്റ് ലിമിറ്റഡ്,"Cp. Ix/107H, Cheruvathur, Sreevalsam Complex, Hosdurg, Kasargod, Kerala","CP. IX/1-07H, KASARGODE, Kerala, KASARGOD",1,0,2.809084552986788e-05,0.09375,0.09375,0.1034482758620689,0.0,0.8823529411764706,0.5588235294117647,0.5588235294117647,0.5588235294117647,0.5490196078431373,0.5686274509803921,0.7241379310344829,0.3333333333333333,0.5692307692307692,0,0.0,0,0,1,0,0,1,0.0,0.5028588771820068,0,0,4,12,0,0.0,0.0,2,12,0,2,12,0.0,0.0,0.04166666666666662,0.04761904761904759,0.0,0,0,0,1,1,0,0,1
S1-934391311,S2-198614746,Yavatmal Club,yclub.com,"Maharashtra, Yavatmal, Yeotamal, Aftabdhamangaonroad","AFTABDHAMANGAONROAD, YAVATMAL, NULL, महाराष्ट्र",1,0,0.0001802453128190981,0.4545454545454546,0.36363636363636365,0.36363636363636365,0.0,0.6923076923076923,0.4545454545454546,0.36363636363636365,0.36363636363636365,0.4086021505376344,0.6451612903225806,0.8,0.2222222222222222,0.8979591836734694,0,0.0,0,0,1,1,0,2,0.0,0.7076742649078369,0,0,2,2,0,0.0,0.0,2,2,0,2,2,0.0,0.0,0.4545454545454546,0.36363636363636365,0.14285714285714285,0,0,0,0,0,0,0,0
S1-79489962,S2-321980335,Surya Software Pvt Ltd,സൂര്യ സോഫ്റ്റ്‌വെയർ പ്രൈവറ്റ് ലിമിറ്റഡ്,"C/O Mohammedkutty Haji, Door No 10/210Bp, Kavilpadi, Ponani, Malappuram, Malapuram, Kerala","Keralam, H.NO 170 C/O MOHAMMEDKUTTY HAJI, MALAPPURAM, MALAPURAM",1,0,0.00018753995216766952,0.10344827586206895,0.10344827586206895,0.125,0.0,0.6111111111111112,0.4918032786885246,0.4918032786885246,0.4918032786885246,0.5972222222222222,0.7916666666666665,0.8679245283018868,0.4375,0.7142857142857143,0,0.0,0,0,1,1,0,2,0.0,0.8033144474029541,0,0,4,12,0,0.0,0.0,2,12,0,2,12,0.0,0.0,0.040000000000000036,0.05,0.0,0,0,0,1,1,0,0,1
S1-34649272,S2-115551573,Promise Consultancy Limited,Pr0mise Limited  Services,"#7, Nhai Complex, Near A2B Restaurant, Nh44, Bangalore To Chinnar Highway, Chinn, Ar, Shoolagiri, Krishnagiri, Dharmapuri, Tamil Nadu","#7, KRISHNAGIRI, DHARMAPURI, தமிழ்நாடு",1,0,0.00024543860959698016,0.5490196078431373,0.5490196078431373,0.5490196078431372,0.2,0.8888888888888888,0.5490196078431373,0.5490196078431373,0.5490196078431372,0.3354838709677419,0.3612903225806452,0.8421052631578948,0.13636363636363635,0.27049180327868855,1,0.3333333333333333,0,0,0,1,0,1,0.0,0.0,0,0,3,3,1,0.3333333333333333,0.3333333333333333,2,2,0,2,2,0.0,0.0,0.5142857142857142,0.3428571428571429,0.19444444444444445,0,0,0,1,0,0,1,0
S1-970594705,S2-434811986,Dynamic Properties Private Limited,டைனமிக் புராப்பர்ட்டீஸ் Private Limited,"47 & 48, 1St Floor, K.K Lane No.2, Avinashi Road, Coimbatore, Tamil Nadu","COIMBATORE, 47 & 48, COIMBATORE, தமிழ்நாடு",1,0,0.0003376951621820061,0.47887323943661975,0.45070422535211263,0.6521739130434783,0.18181818181818182,0.918918918918919,0.7105263157894737,0.6052631578947368,0.6122448979591837,0.42201834862385323,0.5321100917431192,0.8163265306122449,0.2222222222222222,0.5797101449275363,2,0.5,0,0,0,1,0,1,0.0,0.0,0,0,4,9,2,0.5,0.2222222222222222,2,7,0,2,7,0.0,0.0,0.05128205128205132,0.06060606060606062,0.2926829268292683,0,0,0,1,0,0,1,0
S1-639854056,S2-599895670,Rajputana & Co,Shri RAJPUTANA CO SERVICES,"Madhya Pradesh, Indore, 11/D Nandbagh, 613 Nand Bagh",,1,0,0.0003835354743671873,0.5714285714285714,0.5714285714285714,0.8571428571428571,0.4,0.6153846153846154,0.5714285714285714,0.5714285714285714,0.8571428571428571,0.0,0.0,0.0,0.0,0.0,0,0.0,0,1,0,0,0,1,0.6172133684158325,0.0,0,0,3,4,2,0.6666666666666666,0.5,2,3,1,1,2,0.5,0.3333333333333333,0.5555555555555556,0.8181818181818181,0.2692307692307692,0,0,1,0,0,0,0,0
S1-650153717,S2-289540862,Fortune Constructions Pvt Ltd,ഫോർച്യൂൺ കൺസ്ട്രക്ഷൻസ് പ്രൈവറ്റ് ലിമിറ്റഡ്,"Aluva, Ground Floor Door No.Xix/106 Royal Plaza, Ernakulam, Kerala, Bank Juncti, On","DOOR NO 28 GROUND FLOOR DOOR NO.XIX/106 ROYAL PLAZA, BANK JUNCTI, ON, ALUVA, ERNAKULAM, Kerala",1,0,0.00041576720521776606,0.08823529411764708,0.08823529411764708,0.09090909090909094,0.0,0.7435897435897436,0.38235294117647056,0.2941176470588235,0.2941176470588235,0.6946107784431138,0.9341317365269461,1.0,0.9333333333333333,0.8764044943820225,1,0.5,0,0,1,1,0,2,0.0,0.9661299586296082,0,0,4,15,0,0.0,0.0,2,15,0,2,15,0.0,0.0,0.033333333333333326,0.03448275862068968,0.0,0,0,0,1,0,0,0,1
S1-539975546,S2-520459949,Delhi Consultancy Pvt Ltd,De1hi Pvt Ltd Sérvices,"Rz-8H/10, Gali No. 5/10, Main Sagar Pur, Nangal Raya, South West Delhi, Delhi, South West Delhi, Delhi","RZ-8H/10, GALI NO. 5/10, MAIN SAGAR PUR, NANGAL RAYA, SOUTH WEST DELHI, SOUTH WEST DELHI, Delhi",1,0,0.00044000275512291525,0.5106382978723405,0.5106382978723405,0.5106382978723404,0.3333333333333333,0.88,0.5106382978723405,0.5106382978723405,0.5106382978723404,0.967032967032967,0.967032967032967,1.0,1.0,0.9361702127659575,3,1.0,1,0,1,1,0,2,0.0,0.9898035526275635,0,0,4,4,2,0.5,0.5,2,2,0,2,2,0.0,0.0,0.4516129032258065,0.2580645161290323,0.12121212121212122,0,0,0,1,0,1,1,0
S1-84044412,S2-606090470,High Software,हाई सॉफ्टवेयर,"Plot No. 162, East Part, Heerapura, Vikash Nagar, Jaipur, Rajasthan","JAIPUR, 16, JAIPUR, Rajasthan",1,0,0.0005287065261831891,0.07692307692307687,0.07692307692307687,0.07692307692307693,0.0,1.0,0.4666666666666666,0.4666666666666666,0.4666666666666666,0.5057471264367817,0.5517241379310345,0.9142857142857143,0.18181818181818182,0.4262295081967213,0,0.0,0,0,0,0,1,1,0.0,0.0,2,0,2,6,0,0.0,0.0,2,6,0,2,6,0.0,0.0,0.07692307692307687,0.07692307692307693,0.0,0,0,0,1,1,0,0,1
S1-584108482,S2-516752959,Star Technologies Private Limited,STAR  TECHNOLOGIES PRIVATE LIMITED,"West Bengal, Kolkata, 27 Amratolsa Street, Calcutta","H.NO 47 AMRATOLSA STREET, KOLKATA, পশ্চিমবঙ্গ",1,0,0.0005492597448572561,1.0,1.0,1.0,1.0,1.0,1.0,1.0,1.0,0.5714285714285714,0.6153846153846154,0.7164179104477612,0.21428571428571427,0.8958333333333334,0,0.0,0,1,0,0,0,1,0.9999995827674866,0.0,0,1,4,4,4,1.0,1.0,2,2,2,0,0,1.0,1.0,1.0,1.0,1.0,0,0,0,1,1,0,0,1
S1-363525474,S2-937007981,Apoorva Saur Private Limited,Mr Apoorva Private Limited Partners,"415/9, U/E, Sector 9, Gurgaon, Haryana",,1,0,0.0007015322758022397,0.7301587301587302,0.7301587301587302,0.9019607843137254,0.5,0.8,0.7301587301587302,0.7301587301587302,0.9019607843137254,0.0,0.0,0.0,0.0,0.0,0,0.0,0,1,0,0,0,1,0.7616373896598816,0.0,0,0,4,5,3,0.75,0.6,2,3,1,1,2,0.5,0.3333333333333333,0.6451612903225806,0.736842105263158,0.4857142857142857,0,0,1,0,0,0,0,0
S1-789011452,S2-724952138,Cosmos Gifting (India) Corp,Smt Cosmos Gifting,"Men S Colony Chitra Gupta Nagar P.S Partkarnagar, P.O Lohia Nagar, Patna, Bihar",,1,0,0.000766607989820214,0.6511627906976745,0.6976744186046511,0.875,0.4,0.72,0.6511627906976745,0.6976744186046511,0.875,0.0,0.0,0.0,0.0,0.0,0,0.0,0,1,0,0,0,1,0.7163352966308594,0.0,0,0,4,3,2,0.5,0.6666666666666666,3,3,2,1,1,0.6666666666666666,0.6666666666666666,0.736842105263158,0.875,0.4782608695652174,0,0,1,0,0,0,0,0
S1-922150247,S2-153394702,Apex Foundation Private Limited,அபெக்ஸ் ஃபவுண்டேஷன் பிரைவேட் லிமிடெட்,"Madhu Arcade (2Nd Floor), 22-A, Chinnakanmai Street, Goripalayam, Madurai, Tamil Nadu","MADHU ARCADE (ND FLOOR), GORIPALAYAM, Tamil Nadu",1,0,0.0008565315073806055,0.09375,0.09375,0.1034482758620689,0.0,0.9393939393939394,0.5753424657534247,0.5753424657534247,0.5753424657534246,0.7213114754098361,0.7049180327868853,0.9647058823529412,0.46153846153846156,0.5641025641025641,0,0.0,0,0,1,0,0,1,0.0,0.7425499558448792,0,0,4,12,0,0.0,0.0,2,12,0,2,12,0.0,0.0,0.04166666666666662,0.04761904761904759,0.0,0,0,0,0,0,0,0,0
S1-324620419,S2-818229626,South Consultants Private Limited,சவுத் கன்சல்டன்ட்ஸ் பிரைவேட் லிமிடெட்,"R.No.3-C, 102 Sf. No. 251/1 Towncity, Vedapatty, Coimbatore, Tamil Nadu","R.NO.6-3-C, VEDAPATTY, COIMBATORE, தமிழ்நாடு",1,0,0.0009653724299599939,0.09090909090909094,0.09090909090909094,0.1,0.0,1.0,0.6027397260273972,0.5753424657534247,0.5753424657534246,0.5904761904761905,0.5523809523809524,0.8405797101449275,0.3333333333333333,0.6153846153846154,1,0.2,0,0,1,0,0,1,0.0,0.6792887449264526,0,0,4,12,0,0.0,0.0,2,12,0,2,12,0.0,0.0,0.040000000000000036,0.04545454545454547,0.0,0,0,0,1,0,0,0,1
S1-936467735,S2-66536317,Apex Smart Healthcare,Apex Smart,"4/403, Markapur, Prakasam, Andhra Pradesh","NO 2-218 4/403, MARKAPUR, ఆంధ్రప్రదేశ్",1,0,0.001032447707134992,0.6451612903225806,0.6451612903225806,1.0,0.6666666666666666,0.47619047619047616,0.6451612903225806,0.6451612903225806,1.0,0.4657534246575342,0.4383561643835616,0.5714285714285715,0.21428571428571427,0.9210526315789473,2,0.5,0,0,0,1,0,1,0.0,0.0,0,0,3,2,2,0.6666666666666666,1.0,3,2,2,1,0,0.6666666666666666,1.0,0.6451612903225806,1.0,0.4117647058823529,0,0,0,1,0,0,0,1
S1-934308012,S2-855869812,Nm Chemicals Private Limited,ncprivate.c0m,"C/O Harshil O H, Olavakott House, P.O South Vazhakulam, Aluva, Ernakulam, Kerala","BLOCK G-206 C/O HARSHIL O H, ALUVA, ERNAKULAM, കേരളം",1,0,0.0011590469957970268,0.5365853658536586,0.5365853658536586,0.5365853658536586,0.0,0.4642857142857143,0.5365853658536586,0.5365853658536586,0.5365853658536586,0.5203252032520325,0.5365853658536586,0.7733333333333333,0.35294117647058826,0.64,0,0.0,0,0,0,1,0,1,0.0,0.0,0,0,4,2,0,0.0,0.0,2,2,0,2,2,0.0,0.0,0.31999999999999995,0.32,0.17857142857142858,0,0,0,0,0,0,0,0
S1-446007033,S2-984970238,East Nursing Home,Mr AVINOVINEX,"Mumbai, D 8/41 Greenfields Offmahakali Caves Road Andheri East, Mumbai, Maharashtra","D 8/4 GREENFIELDS OFFMAHAKALI CAVES ROAD ANDHERI EAST, MUMBAI II, Maharashtra, MUMBAI",1,0,0.0011886421473012365,0.33333333333333337,0.33333333333333337,0.33333333333333326,0.0,0.7647058823529411,0.33333333333333337,0.33333333333333337,0.33333333333333326,0.8888888888888888,0.9753086419753086,0.9790209790209791,0.7692307692307693,0.975609756097561,1,0.3333333333333333,0,0,1,1,0,2,0.0,0.9832950830459595,0,0,3,2,0,0.0,0.0,3,2,0,3,2,0.0,0.0,0.33333333333333337,0.33333333333333326,0.0,0,0,0,1,0,0,1,0
S1-898588030,S2-889299892,Newdelhi Products Private Limited,Newdelhi Próducts Próducts Private Limited,"4, New Friends Colony, Near Deep Sweets Corner, Newdelhi, South Delhi, Delhi",,1,0,0.0013143116871787274,0.8533333333333333,0.8533333333333333,0.9696969696969697,0.6,0.7857142857142857,0.88,0.88,1.0,0.0,0.0,0.0,0.0,0.0,0,0.0,0,0,0,0,1,1,0.0,0.0,6,0,4,4,3,0.75,0.75,2,2,1,1,1,0.5,0.5,0.7441860465116279,0.9411764705882354,0.8064516129032258,0,0,1,0,0,0,0,0
S1-768825896,S2-448433563,XK Credit Company,XK CDAIT-COMPANY,"A 1403, Kasigaon, Kanpur Nagar, Uttar Pradesh","उत्तर प्रदेश, A 1403, KASIAGON",1,0,0.0013983536896161504,0.9090909090909091,0.6060606060606061,0.9090909090909091,0.5,0.9411764705882353,0.9090909090909091,0.6060606060606061,0.9090909090909091,0.4,0.48571428571428577,0.4857142857142857,0.15384615384615385,0.6666666666666666,1,1.0,1,1,0,0,0,1,0.654330313205719,0.0,0,0,3,3,2,0.6666666666666666,0.6666666666666666,2,2,1,1,1,0.5,0.5,0.8235294117647058,0.8235294117647058,0.47058823529411764,0,0,0,1,0,1,1,0
S1-926738812,S2-143681591,Prime Media Pvt Ltd,பிரைம் மீடியா பிரைவேட் லிமிடெட்,"274, D.B.Road R.S.Puram, Coimbatore, Tamil Nadu","273, D.B.ROAD R.S.PURAM, COIMBATORE, Tamil Nadu",1,0,0.0014403436435623921,0.13043478260869568,0.13043478260869568,0.1875,0.0,0.7037037037037037,0.5357142857142857,0.5357142857142857,0.5357142857142857,0.9772727272727273,0.9772727272727273,0.9772727272727273,0.8181818181818182,1.0,0,0.0,0,0,1,0,0,1,0.0,0.9367093443870544,0,0,4,7,0,0.0,0.0,2,7,0,2,7,0.0,0.0,0.05263157894736848,0.08333333333333329,0.0,0,0,0,1,1,0,0,1
S1-926738812,S2-513160912,Prime Media Pvt Ltd,பிரைம் மீடியா பிரைவேட் லிமிடெட்,"274, D.B.Road R.S.Puram, Coimbatore, Tamil Nadu","273, D.B.ROAD R.S.PURAM, COIMBATORE, Tamil Nadu",1,0,0.0014403436435623921,0.13043478260869568,0.13043478260869568,0.1875,0.0,0.7037037037037037,0.5357142857142857,0.5357142857142857,0.5357142857142857,0.9772727272727273,0.9772727272727273,0.9772727272727273,0.8181818181818182,1.0,0,0.0,0,0,1,0,0,1,0.0,0.9367093443870544,0,0,4,7,0,0.0,0.0,2,7,0,2,7,0.0,0.0,0.05263157894736848,0.08333333333333329,0.0,0,0,0,1,1,0,0,1
S1-253496427,S2-231903087,Malini Porwal Corporation,Corporation Malini Poag,"71-B, U/G/F Kh No- 33/19, Nilothi Extn Guru Nanak Vihar, Chander Vihar, Delhi, North West, Delhi","31-B, NORTH WEST, DELHI",1,0,0.0014511421826824326,0.45833333333333337,0.9166666666666665,0.9166666666666667,0.5,0.92,0.45833333333333337,0.9166666666666665,0.9166666666666667,0.36363636363636365,0.3818181818181819,0.923076923076923,0.21052631578947367,0.23595505617977527,0,0.0,0,1,0,0,0,1,0.8115965127944946,0.0,0,0,3,3,2,0.6666666666666666,0.6666666666666666,2,2,1,1,1,0.5,0.5,0.8333333333333335,0.8333333333333333,0.625,0,0,0,1,1,0,0,1
S1-61739619,S2-438673589,Sanika Centre Private Limited,PRIVATE SANIKA LIMITED (CENTRE),"3026 Gf, Eldeco County, Sector 19, Gt Road, Sonipat, Haryana","N/A, H.NO 3016 GF, SONIPAT, Haryana",1,0,0.0014644759336126978,0.5172413793103448,1.0,1.0,1.0,1.0,0.5172413793103448,1.0,1.0,0.5747126436781609,0.6206896551724138,0.72,0.2,0.5818181818181818,0,0.0,0,1,0,0,0,1,0.9999995827674866,0.0,0,0,4,4,4,1.0,1.0,2,2,2,0,0,1.0,1.0,1.0,1.0,0.6,0,0,0,1,1,0,0,1
S1-264781307,S2-20870294,Eternity Embedded Private Limited,Limited Eternity Embedded Services,"1503, Shivalik Tower, 90 Feet Road Thakur Complex, Kandivali East, Mumbai, Mumbai City, Maharashtra","BLOCK G-688 1503, MUMBAI, MUMBAI CITY, महाराष्ट्र",1,0,0.0015178937205223987,0.6567164179104478,0.8656716417910448,0.8656716417910448,0.6,0.9705882352941176,0.6567164179104478,0.8656716417910448,0.8656716417910448,0.37410071942446044,0.41726618705035967,0.6037735849056604,0.15,0.4946236559139785,1,0.3333333333333333,0,1,0,0,0,1,0.7628210783004761,0.0,0,0,4,4,3,0.75,0.75,2,3,2,0,1,1.0,0.6666666666666666,0.7906976744186046,1.0,0.5,0,0,0,1,0,0,0,1
S1-238107171,S2-213590349,Riddhi Real Corporation,Service Riddhi Corporation,"D-172, Second Floor, West Patel Nagar, Delhi, West Delhi, Delhi","NORTH WEST DELHI, H.NO 825 D-172, दिल्ली, null, DELHI",1,0,0.0015266116640905289,0.7346938775510203,0.7346938775510203,0.878048780487805,0.5,0.8846153846153846,0.7346938775510203,0.7346938775510203,0.878048780487805,0.45283018867924535,0.6226415094339622,0.5925925925925926,0.26666666666666666,0.8275862068965517,1,0.5,0,1,0,0,0,1,0.7638555765151978,0.0,0,0,3,3,2,0.6666666666666666,0.6666666666666666,2,2,1,1,1,0.5,0.5,0.48,0.72,0.4642857142857143,0,0,0,1,0,0,0,1
S1-692556911,S2-563564975,Perfect Care Pvt Ltd,പെർഫെക്റ്റ് കെയർ പ്രൈവറ്റ് ലിമിറ്റഡ്,"Door No. Xv/782 Oppo: Federal Bank Limited, Tana, Irinjalakuda, Thrissur, Kerala","DOOR NO. XV/82 OPPO: FEDERAL BANK LIMITED, TANA, IRINJALAKUDA, THRISSUR, Kerala",1,0,0.0015326666302474352,0.1132075471698113,0.1132075471698113,0.1395348837209302,0.0,0.6060606060606061,0.4,0.4,0.4,0.9931972789115646,0.9931972789115646,0.9931972789115646,0.8461538461538461,0.9864864864864865,0,0.0,0,0,1,1,0,2,0.0,0.9781000018119812,0,0,4,10,0,0.0,0.0,2,10,0,2,10,0.0,0.0,0.04444444444444439,0.05714285714285708,0.0,0,0,0,1,1,0,0,1
S1-401054599,S2-542277001,House Charitable Trust,M/s >> Vantagevio #8135,"H.No:12-29-1, Reddy Palem, Pernamitta Post, Santha Nuthala Padu, Ongole, Prakasam, Andhra Pradesh","H.NO:12-29-1, ONGOLE, PRAKASAM, Andhra Pradesh",1,0,0.0018445708267955223,0.3414634146341463,0.24390243902439024,0.24390243902439024,0.0,0.8636363636363636,0.3414634146341463,0.24390243902439024,0.24390243902439024,0.6417910447761195,0.6417910447761195,1.0,0.5625,0.4725274725274725,3,1.0,1,0,1,1,0,2,0.0,0.6692658066749573,0,0,3,4,0,0.0,0.0,3,4,0,3,4,0.0,0.0,0.3414634146341463,0.24390243902439024,0.0,0,0,0,1,0,1,1,0
S1-383363765,S2-46230010,Mindful Future Corporation,Shri GILDTAVOKOR,"Deshlata Hospitaldelapeer Stadium Road Bareilly, Uttar Pradesh, Bareilly, Uttar Pradesh","Uttar Pradesh, BAREILLY, DESHLATA HOSPITALDELAPEER STADIUM ROAD BAREILLY",1,0,0.001912763114104665,0.2857142857142857,0.2857142857142857,0.2857142857142857,0.0,0.6153846153846154,0.2857142857142857,0.2857142857142857,0.2857142857142857,0.6103896103896104,0.9090909090909091,1.0,1.0,0.8333333333333334,0,0.0,0,0,1,1,0,2,0.0,0.958884596824646,0,0,3,2,0,0.0,0.0,2,2,0,2,2,0.0,0.0,0.2666666666666667,0.2666666666666667,0.0,0,0,0,0,0,0,0,0
S1-727628495,S2-159954112,Creative Vijay Finance Private Limited,क्रिएटिव Vijay फाइनेंस Private Limited,"F-262, First Floor, Sushant Lok Phase-Iii, Sector-57, Gurgaon, Haryana","Haryana, GURGAON, H.NO 0679 F-262",1,0,0.002048390760523422,0.6133333333333333,0.56,0.7241379310344829,0.25,0.9736842105263158,0.7948717948717949,0.6923076923076923,0.7948717948717949,0.3125,0.47916666666666663,0.8076923076923077,0.26666666666666666,0.47692307692307695,1,0.3333333333333333,0,0,0,0,1,1,0.0,0.0,1,0,5,10,3,0.6,0.3,3,8,1,2,7,0.3333333333333333,0.125,0.32558139534883723,0.3846153846153846,0.3488372093023256,0,0,0,1,0,0,0,1
S1-677954057,S2-306456384,Pioneer Raj Foundation Private Limited,പയനിയർ രാജ് ഫൗണ്ടേഷൻ പ്രൈവറ്റ് ലിമിറ്റഡ്,"50/179, Kannur Central, Mg Road, Thavakkara, Kannur, Kerala","DOOR NO 180 50/179, KANNUR, കേരളം",1,0,0.0020970036552903234,0.10666666666666667,0.10666666666666667,0.11267605633802816,0.0,0.9736842105263158,0.49382716049382713,0.4444444444444444,0.4444444444444444,0.3571428571428571,0.45238095238095233,0.6046511627906976,0.23076923076923078,0.5555555555555556,2,0.6666666666666666,0,0,0,1,0,1,0.0,0.0,0,0,5,14,0,0.0,0.0,3,14,0,3,14,0.0,0.0,0.06779661016949157,0.07272727272727267,0.0,0,0,0,1,0,0,0,1
S1-452034679,S2-470556187,Nrc Aero Private Limited,Nrc Aldr Prívate Limited,"Plot No. 55, Sn.No 1/10 To 16, Fl. No.4, Amachi Colony, Bavdhan Khurd, Pune, Maharashtra",,1,0,0.0021485480008217967,0.875,0.875,0.875,0.3333333333333333,1.0,0.9166666666666665,0.9166666666666665,0.9166666666666667,0.0,0.0,0.0,0.0,0.0,0,0.0,0,0,0,0,1,1,0.0,0.0,3,0,4,4,2,0.5,0.5,2,3,1,1,2,0.5,0.3333333333333333,0.5,0.5454545454545454,0.4074074074074074,0,0,1,0,0,0,0,0
S1-686834396,S2-533987653,One Consultancy Private Limited,ਵਨ ਕੰਸਲਟੈਂਸੀ ਪ੍ਰਾਈਵੇਟ ਲਿਮਟਿਡ,"Chak Hakim, Near Kamla Nehra School, Phagwara, Phagwara, Kapurthala, Punjab","KAPURTHALA, PUNJAB WEST REGION, CHAK HAKIM, ਪੰਜਾਬ",1,0,0.002153054956842787,0.10526315789473684,0.10526315789473684,0.10526315789473685,0.0,0.8387096774193549,0.5970149253731343,0.5373134328358209,0.5373134328358209,0.3448275862068966,0.5344827586206897,0.7567567567567568,0.2857142857142857,0.6571428571428571,0,0.0,0,0,0,1,0,1,0.0,0.0,0,0,4,11,0,0.0,0.0,2,11,0,2,11,0.0,0.0,0.04878048780487809,0.04878048780487802,0.0,0,0,0,0,0,0,0,0
S1-743051413,S2-282295473,All Finance Private Limited,ਆਲ ਫਾਈਨੈਂਸ ਪ੍ਰਾਈਵੇਟ ਲਿਮਟਿਡ,"Near Indian Oil Petrol Pump, Village Haripur, Dinanagar, Punjab, Gurdaspur, C/O Rajan Mahajan, Gurdaspur","PLOT 711- C/O RAJAN MAHAJAN, GURDASPUR, Punjab",1,0,0.0022470927287627715,0.11538461538461542,0.11538461538461542,0.11538461538461534,0.0,0.9259259259259259,0.6031746031746033,0.4444444444444444,0.4444444444444444,0.4397163120567376,0.524822695035461,0.8831168831168832,0.375,0.4387755102040816,0,0.0,0,0,1,0,0,1,0.0,0.6714540719985962,0,0,4,11,0,0.0,0.0,2,11,0,2,11,0.0,0.0,0.05555555555555558,0.05555555555555557,0.0,0,0,0,0,0,0,0,0
S1-743051413,S2-854619339,All Finance Private Limited,ਆਲ ਫਾਈਨੈਂਸ ਪ੍ਰਾਈਵੇਟ ਲਿਮਟਿਡ,"Near Indian Oil Petrol Pump, Village Haripur, Dinanagar, Punjab, Gurdaspur, C/O Rajan Mahajan, Gurdaspur","PLOT 711- C/O RAJAN MAHAJAN, GURDASPUR, Punjab",1,0,0.0022470927287627715,0.11538461538461542,0.11538461538461542,0.11538461538461534,0.0,0.9259259259259259,0.6031746031746033,0.4444444444444444,0.4444444444444444,0.4397163120567376,0.524822695035461,0.8831168831168832,0.375,0.4387755102040816,0,0.0,0,0,1,0,0,1,0.0,0.6714540719985962,0,0,4,11,0,0.0,0.0,2,11,0,2,11,0.0,0.0,0.05555555555555558,0.05555555555555557,0.0,0,0,0,0,0,0,0,0
S1-825983210,S2-76783801,OSX Automation Pvt Ltd,O5X  Pvt Ltd Center,"No.79/2, Flat No.03, Jyothi Nagar, Horamvu, Bangalore North, Bangalore, Karnataka","NO.79/2, FLAT NO.03, JYOTHI NAGAR, HORAMVU, BANGALORE NORTH, BANGALORE, Karnataka",1,0,0.0022544705540748977,0.5,0.6,0.6,0.3333333333333333,0.8181818181818182,0.5,0.6,0.6,1.0,1.0,1.0,1.0,1.0,3,1.0,1,0,1,1,0,2,0.0,1.000001072883606,0,0,4,4,2,0.5,0.5,2,2,0,2,2,0.0,0.0,0.33333333333333337,0.33333333333333326,0.15384615384615385,1,0,0,1,0,1,1,0
S1-150248356,S2-286052790,Lotus Technology,லோட்டஸ் டெக்னாலஜி,"Chennai City Corporation, 1Fa, 1St Floor, Kanagam Road, C/O. Iitm Research Park, Chennai, Tamil Nadu","HN 445 C/O. IITM RESEARCH PARK, CHENNAI, CHENNAI CITY CORPORATION, Tamil Nadu",1,0,0.0023180466626228123,0.06451612903225812,0.06451612903225812,0.06896551724137936,0.0,0.9375,0.4864864864864865,0.4864864864864865,0.48648648648648646,0.5421686746987953,0.8192771084337349,0.943089430894309,0.5882352941176471,0.7849462365591398,0,0.0,0,0,1,1,0,2,0.0,0.8568131327629089,0,0,2,6,0,0.0,0.0,2,6,0,2,6,0.0,0.0,0.06451612903225812,0.06896551724137936,0.0,0,0,0,1,1,0,0,1
S1-631106406,S2-293679230,Friction & Co,Shri Fgrictcn + [Co],"No 2831 1St Flr 15Th Main, 2Nd Cross E Block, Bangalore North, Bangalore, Karnataka","H.NO G-2831 1ST FLR 15TH MAIN, 2ND CROSS E BLOCK, ಕರ್ನಾಟಕ, BANGALORE, BENGALURU",1,0,0.002339108159923183,0.5806451612903225,0.5806451612903225,0.5806451612903225,0.2,0.9375,0.5806451612903225,0.5806451612903225,0.5806451612903225,0.7792207792207794,0.8051948051948052,0.8688524590163934,0.5789473684210527,0.9493670886075949,4,1.0,1,0,0,1,0,1,0.0,0.0,0,0,3,3,1,0.3333333333333333,0.3333333333333333,2,2,0,2,2,0.0,0.0,0.48,0.48,0.09523809523809523,0,0,0,1,0,1,1,0
S1-209789924,S2-482465966,Tsk Vinimay Private Limited,Evonovi,"C/O Anjali Sudhir Puranik, H. No. 1805 Dhundivinayak Nagar, Sudhagad, Pali (Ct), Raigarh, Maharashtra","C/O ANJALI SUDHIR PURANIK, RAIGARH, महाराष्ट्र",1,0,0.0023460495026059952,0.23529411764705888,0.23529411764705888,0.23529411764705885,0.0,0.25925925925925924,0.23529411764705888,0.23529411764705888,0.23529411764705885,0.5147058823529411,0.4852941176470588,0.88,0.3157894736842105,0.4782608695652174,0,0.0,0,0,1,0,0,1,0.0,0.607634425163269,0,0,4,1,0,0.0,0.0,2,1,0,2,1,0.0,0.0,0.33333333333333337,0.33333333333333326,0.0,0,0,0,0,0,0,0,0
S1-995512385,S2-652818404,Luxury Technologies Pvt. Ltd.,Jáxvio,"Sn.139Nr Bajaj Auction, Yard Power House Goteghar, Thane, Maharashtra","SN.39NR BAJAJ ABCTION, YARD POWER HOUSE GOTEGHAR, THANE, महाराष्ट्र",1,0,0.0023784018440690426,0.12121212121212122,0.18181818181818177,0.18181818181818188,0.0,0.2222222222222222,0.12121212121212122,0.18181818181818177,0.18181818181818188,0.8153846153846154,0.8,0.828125,0.4375,0.9696969696969697,0,0.0,0,0,1,1,0,2,0.0,0.749913215637207,0,0,4,1,0,0.0,0.0,2,1,0,2,1,0.0,0.0,0.16000000000000003,0.16,0.0,0,0,0,1,1,0,0,1
S1-230074033,S2-610316618,Infiniti & Brothers Pvt Ltd,INFINITI + BROTHERS  PVT LTD,"Bus Stand Road, Near Arya Samaj School, Nohar, Hanumangarh, Rajasthan",,1,0,0.0024564120861712544,0.9259259259259259,0.9259259259259259,1.0,0.8,0.8620689655172413,0.9259259259259259,0.9259259259259259,1.0,0.0,0.0,0.0,0.0,0.0,0,0.0,0,1,0,0,0,1,0.9428094029426575,0.0,0,0,5,4,4,0.8,1.0,3,2,2,1,0,0.6666666666666666,1.0,0.8947368421052632,1.0,0.72,0,0,1,0,0,0,0,0
S1-61739619,S2-234780195,Sanika Centre Private Limited,PRIVATE SANIKA CENTRE LIMITED,"3026 Gf, Eldeco County, Sector 19, Gt Road, Sonipat, Haryana","3016 GF, N/A, SONIPAT, Haryana",1,0,0.003075142365089246,0.7241379310344827,1.0,1.0,1.0,1.0,0.7241379310344827,1.0,1.0,0.6341463414634146,0.5853658536585367,0.8,0.23076923076923078,0.4909090909090909,0,0.0,0,1,0,0,0,1,0.9999995827674866,0.0,0,0,4,4,4,1.0,1.0,2,2,2,0,0,1.0,1.0,1.0,1.0,0.7777777777777778,0,0,0,1,1,0,0,1
S1-743051413,S2-630776438,All Finance Private Limited,ਆਲ ਫਾਈਨੈਂਸ ਪ੍ਰਾਈਵੇਟ ਲਿਮਟਿਡ,"Near Indian Oil Petrol Pump, Village Haripur, Dinanagar, Punjab, Gurdaspur, C/O Rajan Mahajan, Gurdaspur","GURDASPUR, PLOT 711- C/O RAJAN MAHAJAN, Punjab, GURDASPUR",1,0,0.00344798455579923,0.11538461538461542,0.11538461538461542,0.11538461538461534,0.0,0.9259259259259259,0.6031746031746033,0.4444444444444444,0.4444444444444444,0.49006622516556286,0.6225165562913908,0.8831168831168832,0.375,0.5408163265306123,0,0.0,0,0,1,0,0,1,0.0,0.7398954033851624,0,0,4,11,0,0.0,0.0,2,11,0,2,11,0.0,0.0,0.05555555555555558,0.05555555555555557,0.0,0,0,0,0,0,0,0,0
S1-37974746,S2-802905062,Suryaika Greh Private Limited,Suryaika Gtoh Private Limited,"Nalini Apartment, 1St Floor Shop No 17, Kisan Nagar No 3, Bhatwadi, Road No 16, Wagle Estate, Thane, Maharashtra",,1,0,0.0035723764025218973,0.9310344827586207,0.9310344827586207,0.9310344827586207,0.6,1.0,0.9310344827586207,0.9310344827586207,0.9310344827586207,0.0,0.0,0.0,0.0,0.0,0,0.0,0,1,0,0,0,1,0.8541663885116577,0.0,0,0,4,4,3,0.75,0.75,2,2,1,1,1,0.5,0.5,0.8461538461538461,0.8461538461538461,0.7142857142857143,0,0,1,0,0,0,0,0
S1-955370091,S2-51724126,Star Clinic,Smt Star-Service,"Arazi No. 2248, Gram Bisayakpur Tehsil Akbarpur, Zila Ramabai Nagar, Kanpur, Kanpur Dehat, Uttar Pradesh","Uttar Pradesh, ARAZI NO. 5248, GRAM BISAYAKPUR TEHSIL AKBARPUR, ZILA RAMABAI NAGAR, KNAPUR",1,0,0.0036415335899791707,0.5185185185185186,0.5185185185185186,0.5333333333333333,0.25,0.6875,0.5185185185185186,0.5185185185185186,0.5333333333333333,0.7650273224043715,0.9180327868852458,0.9431818181818181,0.6875,0.8673469387755102,0,0.0,0,0,1,1,0,2,0.0,0.8248925805091858,0,0,2,3,1,0.5,0.3333333333333333,2,3,1,1,2,0.5,0.3333333333333333,0.5185185185185186,0.5333333333333333,0.1111111111111111,0,0,0,1,1,0,0,1
S1-66112663,S2-749116074,Shiva Investment Private Limited,Private Shiva Investment Limited,"Off. No. 201, On 2Nd Floor, B Wing, Kasam Suleman Chohan Bldg Gaothan Lane No.2, S.V. Rd A, Ndheri (W), Mumbai City, Mumbai, Maharashtra","OFF. NO. 20, MUMBAI, MUMBAI CITY, महाराष्ट्र",1,0,0.004104367988897369,0.75,1.0,1.0,1.0,1.0,0.75,1.0,1.0,0.3703703703703704,0.4074074074074075,0.75,0.13793103448275862,0.3170731707317073,0,0.0,0,1,0,0,0,1,0.9999996423721313,0.0,0,0,4,4,4,1.0,1.0,2,2,2,0,0,1.0,1.0,1.0,1.0,0.7333333333333333,0,0,0,1,1,0,0,1
S1-358436855,S2-111757654,First Foods Private Limited,ਫਰਸਟ ਫੂਡਜ਼ ਪ੍ਰਾਈਵੇਟ ਲਿਮਟਿਡ,"F No.704, Tower J, Falcon View, Jlpl, Sector 66A, S.A.S.Nagar (Mohali), Rupnagar, Punjab","F NO.704, S.A.S.NAGAR (MOHALI), RUPNAGAR, Punjab",1,0,0.005039566639748323,0.11538461538461542,0.11538461538461542,0.11538461538461534,0.0,0.9259259259259259,0.5483870967741935,0.4193548387096774,0.41935483870967744,0.7049180327868853,0.7049180327868853,1.0,0.5625,0.5443037974683544,1,0.5,0,0,1,0,0,1,0.0,0.7674351334571838,0,0,4,10,0,0.0,0.0,2,10,0,2,10,0.0,0.0,0.05555555555555558,0.05555555555555557,0.0,0,0,0,1,0,0,1,0
S1-980916696,S2-101447343,Tirupati Consultancy Pvt Ltd,M/s Dovaveo,"No. 8/3709- A, Anna Nagar P N Road, Tirupur, Coimbatore, Tamil Nadu","null, Tamil Nadu, #8/3709- A, TIRUPUR, ANNA NAGAR P N ROAD",1,0,0.005061081576655276,0.20512820512820518,0.20512820512820518,0.20512820512820512,0.0,0.39285714285714285,0.20512820512820518,0.20512820512820518,0.20512820512820512,0.5309734513274336,0.8672566371681415,0.9494949494949495,0.7857142857142857,0.8524590163934426,2,1.0,1,0,1,1,0,2,0.0,0.8158026337623596,0,0,4,3,0,0.0,0.0,2,3,0,2,3,0.0,0.0,0.19354838709677424,0.19354838709677424,0.0,0,0,0,1,0,1,1,0
S1-872818070,S2-464434629,Apex Agro Pvt Ltd,অ্যাপেক্স অ্যাগ্রো প্রাইভেট লিমিটেড,"Hooghly, (Old-78/1), G.T. Raod, Champdani Lp- 30/23/1, West Bengal, 80/1, Hooghly","80/1, HOOGHLY, West Bengal",1,0,0.005219840251672239,0.11764705882352944,0.11764705882352944,0.1463414634146342,0.0,0.5,0.5555555555555556,0.5555555555555556,0.5555555555555556,0.4,0.5052631578947369,1.0,0.35714285714285715,0.3380281690140845,2,0.4,0,0,1,0,0,1,0.0,0.7669233679771423,0,0,4,12,0,0.0,0.0,2,12,0,2,12,0.0,0.0,0.04651162790697672,0.06060606060606062,0.0,0,0,0,1,0,0,0,1
S1-158421229,S2-398604879,Sss Air Pvt. Ltd.,5ss Air Pvt. Ltd.,"House No 31/53, Gali No 2 Bhikam Singh Colony, Vishwas Nagar, Shah, Dara, Delhi, East Delhi, Delhi","HOUSE NO 3-1/53, DELHI, EAST DELHI, Delhi",1,0,0.0064712001159293545,0.9333333333333332,0.7333333333333334,0.9333333333333332,0.6,1.0,0.9333333333333332,0.7333333333333334,0.9333333333333332,0.5736434108527132,0.5736434108527132,0.9166666666666667,0.29411764705882354,0.4175824175824176,1,0.2,0,1,0,0,0,1,0.8000000715255737,0.0,0,0,4,4,3,0.75,0.75,2,2,1,1,1,0.5,0.5,0.8571428571428572,0.8571428571428571,0.8181818181818182,0,0,0,1,0,0,0,1
S1-666007214,S2-571068521,Jks Advisors,Shri Jks Center,"632 A, Opp Petrol Pump, Wandoor, Nilambur, Malappuram, Malapuram, Kerala","32 A, OPP PETROL PUMP, WANDOOR, NILAMBUR, MALAPPURAM, Kerala",1,0,0.0067076787139823705,0.3703703703703704,0.3703703703703704,0.4444444444444444,0.25,0.8,0.3703703703703704,0.3703703703703704,0.4444444444444444,0.9090909090909091,0.9090909090909091,0.9719626168224299,0.7272727272727273,0.8333333333333334,0,0.0,0,0,1,1,0,2,0.0,0.9182832837104797,0,0,2,3,1,0.5,0.3333333333333333,2,3,1,1,2,0.5,0.3333333333333333,0.3703703703703704,0.4444444444444444,0.05263157894736842,0,0,0,1,1,0,0,1
S1-512183792,S2-8797011,City & Co Limited,Partners City Co Limited,"Door No 3-6-436, Naspur House Himayat Nagar, Hyderabad, Telangana","DOOR NO 3-6-436, HYDERABAD CITY REGION, HYDERABAD, Andhra Pradesh",1,0,0.007187284331765035,0.6976744186046511,0.6976744186046511,0.8823529411764706,0.6,0.7916666666666666,0.6976744186046511,0.6976744186046511,0.8823529411764706,0.6129032258064516,0.5806451612903225,0.6493506493506493,0.4,1.0,3,1.0,1,0,0,1,0,1,0.0,0.0,0,0,4,4,3,0.75,0.75,2,2,1,1,1,0.5,0.5,0.38095238095238093,0.6666666666666665,0.375,0,0,0,1,0,1,1,0
S1-251620738,S2-193518644,Kodagu Patrika Ltd,Kodagu Patrika Ltd. #18385,"22/13 First Floor, Geeta Mandir Marg, New Delhi, Central Delhi, Delhi","H.NO 2-2/13 FIRST FLOOR, GEETA MANDIR MARG, NEW DELHI, Delhi",1,0,0.007487873870911331,0.8571428571428572,0.8571428571428572,1.0,0.75,0.75,0.8571428571428572,0.8571428571428572,1.0,0.8360655737704918,0.8360655737704918,0.923076923076923,0.6153846153846154,0.8769230769230769,1,0.3333333333333333,0,1,1,1,0,3,0.8735892176628113,0.8972622156143188,0,0,3,4,3,1.0,0.75,2,3,2,0,1,1.0,0.6666666666666666,0.8235294117647058,1.0,0.7368421052631579,0,0,0,1,0,0,0,1
S1-876042474,S2-216670682,Jubilee Traders Private Limited,Smt JUBILEE TRADERS PRIVATE LTD,"279, Meerpur Cantt, Kanpur, Uttar Pradesh","281, MEERPUR CANTT, KANPUR, उत्तर प्रदेश",1,0,0.007529588984532467,0.8709677419354839,0.8709677419354839,0.8709677419354839,0.5,1.0,0.8709677419354839,0.8709677419354839,0.8709677419354839,0.64,0.64,0.7017543859649124,0.25,0.9736842105263158,0,0.0,0,0,0,1,0,1,0.0,0.0,0,0,4,5,3,0.75,0.6,2,3,2,0,1,1.0,0.6666666666666666,0.8823529411764706,1.0,0.6451612903225806,0,0,0,1,1,0,0,1
S1-637245704,S2-440936602,Fashion Global Private Limited,Fashion Global Private,"E- 1093, Rajajipuram, Lucknow, Uttar Pradesh","E- 3093, RAJAJIPURAM, LUCKNOW, उत्तर प्रदेश",1,0,0.008518929126932325,0.8461538461538461,0.8461538461538461,1.0,0.75,0.7333333333333333,0.8461538461538461,0.8461538461538461,1.0,0.6835443037974683,0.6582278481012658,0.7,0.25,0.975,0,0.0,0,1,0,0,0,1,0.8602322936058044,0.0,0,0,4,3,3,0.75,1.0,2,2,2,0,0,1.0,1.0,1.0,1.0,0.72,0,0,0,1,1,0,0,1
S1-324984339,S2-925916199,Sarvatman Securities Public Limited,5arvatman Securities Pibic Limited,"#502, 5Th Floor, Kushal Bazar, Nehru Place, Delhi, New Delhi, Delhi","#502, N/A, DELHI, GOHANA, Delhi",1,0,0.008521613628962126,0.927536231884058,0.6666666666666667,0.782608695652174,0.3333333333333333,0.9714285714285714,0.927536231884058,0.6666666666666667,0.782608695652174,0.48837209302325574,0.5581395348837209,0.6206896551724138,0.16666666666666666,0.43333333333333335,1,0.5,0,1,0,0,0,1,0.7797726392745972,0.0,0,0,4,4,2,0.5,0.5,3,3,1,2,2,0.3333333333333333,0.3333333333333333,0.9056603773584907,0.7169811320754716,0.6857142857142857,0,0,0,1,0,0,1,0
S1-564178937,S2-323930044,Intellectual Golden Group,Sri INTELLECTUAL GOLDEN,"64, Shivaji Hsg Society, Senapati Bapat Road, Pune, Maharashtra",,1,0,0.00894656966330597,0.7916666666666665,0.7916666666666665,0.9047619047619048,0.5,0.92,0.7916666666666665,0.7916666666666665,0.9047619047619048,0.0,0.0,0.0,0.0,0.0,0,0.0,0,1,0,0,0,1,0.8302565217018127,0.0,0,0,3,3,2,0.6666666666666666,0.6666666666666666,3,3,2,1,1,0.6666666666666666,0.6666666666666666,0.7916666666666665,0.9047619047619048,0.6666666666666666,0,0,1,0,0,0,0,0
S1-289076965,S2-673857533,Galaxy Constructions,ഗാലക്സി കൺസ്ട്രക്ഷൻസ്,"C/O Mini Paul, Viii/336-A, Austin Bhavan Near Kadackamon Bridge, Kadakkamon, Pathanapuram, Kollam, Kerala","C/O MINI PAUL, PATHANAPURAM, KOLLAM, Keralam",1,0,0.009009116188265946,0.05128205128205132,0.05128205128205132,0.05128205128205124,0.0,0.95,0.4324324324324324,0.2162162162162162,0.21621621621621628,0.5714285714285714,0.5714285714285714,0.8918918918918919,0.35294117647058826,0.41414141414141414,0,0.0,0,0,1,1,0,2,0.0,0.572613537311554,0,0,2,7,0,0.0,0.0,2,7,0,2,7,0.0,0.0,0.05128205128205132,0.05128205128205124,0.0,0,0,0,0,0,0,0,0
S1-13880148,S2-979566415,Tech Construction Limited,டெக் கன்ஸ்ட்ரக்ஷன் லிமிடெட்,"21A, Sutharsan Nagar, 4Th Street Ambika Nagar Extn, Madambakkam, Chennai, Kancheepuram, Tamil Nadu","BLOCK A-0033 21A, KANCHEEPURAM, CHENNAI, Tamil Nadu",1,0,0.009581188685971038,0.08163265306122447,0.08163265306122447,0.09302325581395351,0.0,0.96,0.5555555555555556,0.5555555555555556,0.5555555555555556,0.44285714285714284,0.5571428571428572,0.8433734939759036,0.3333333333333333,0.5217391304347826,1,0.3333333333333333,0,0,0,1,0,1,0.0,0.0,0,0,3,8,0,0.0,0.0,2,8,0,2,8,0.0,0.0,0.04878048780487809,0.05714285714285708,0.0,0,0,0,1,0,0,0,1
S1-296323915,S2-764982322,Good International Private Limited,குட் இன்டர்நேஷனல் பிரைவேட் லிமிடெட்,"No.2, Chennai, Padmavathi Nagar, Agraharam Road, Tamil Nadu, Korattur","#2, KORATTUR, CHENNAI, Tamil Nadu",1,0,0.009920409579374014,0.09230769230769231,0.09230769230769231,0.10169491525423723,0.0,0.9117647058823529,0.5526315789473684,0.5263157894736843,0.5263157894736842,0.4301075268817204,0.6236559139784946,1.0,0.5,0.453125,1,1.0,1,0,1,0,0,1,0.0,0.6757519841194153,0,0,4,11,0,0.0,0.0,2,11,0,2,11,0.0,0.0,0.04081632653061229,0.04651162790697669,0.0,0,0,0,1,0,1,1,0
S1-528863579,S2-744775330,Perfect Power Pvt Ltd,परफेक्ट पावर प्रा. लि.,"Pune, Maharashtra, E 803, Pune, Sr. No. 66/1A, Marvel Zephyr","E 803, PUNE, Maharashtra",1,0,0.009934153855111707,0.15384615384615385,0.15384615384615385,0.16216216216216212,0.0,0.8571428571428571,0.5116279069767442,0.4651162790697675,0.46511627906976744,0.42666666666666664,0.5866666666666667,1.0,0.4,0.41509433962264153,1,0.3333333333333333,0,0,1,0,0,1,0.0,0.7633364200592041,0,0,4,7,0,0.0,0.0,2,7,0,2,7,0.0,0.0,0.06451612903225812,0.06896551724137936,0.0,0,0,0,1,0,0,1,0
S1-528863579,S2-379637880,Perfect Power Pvt Ltd,परफेक्ट पावर प्रा. लि.,"Pune, Maharashtra, E 803, Pune, Sr. No. 66/1A, Marvel Zephyr","E 803, PUNE, Maharashtra",1,0,0.009934153855111707,0.15384615384615385,0.15384615384615385,0.16216216216216212,0.0,0.8571428571428571,0.5116279069767442,0.4651162790697675,0.46511627906976744,0.42666666666666664,0.5866666666666667,1.0,0.4,0.41509433962264153,1,0.3333333333333333,0,0,1,0,0,1,0.0,0.7633364200592041,0,0,4,7,0,0.0,0.0,2,7,0,2,7,0.0,0.0,0.06451612903225812,0.06896551724137936,0.0,0,0,0,1,0,0,1,0
S1-580203535,S2-393949268,Iris Hatcheries Limited,lris Hatehmerries Limited,"Azamgarh Sehada, Bhaw Maharajpur Road, Sadar, Azamgarh, Uttar Pradesh","DOOR NO 963 AZAGMARH SEHADA, SADAR, AZAMGARH, Uttar Pradesh",1,0,0.010360025826851495,0.875,0.7083333333333333,0.875,0.2,0.92,0.875,0.7083333333333333,0.875,0.7107438016528927,0.743801652892562,0.7857142857142857,0.4166666666666667,0.8615384615384616,0,0.0,0,0,1,1,0,2,0.0,0.7234275937080383,0,0,3,3,1,0.3333333333333333,0.3333333333333333,2,2,0,2,2,0.0,0.0,0.8125,0.8125,0.48148148148148145,0,0,0,0,0,0,0,0
S1-835603768,S2-465171076,FVB Life Associates,FVB Lmie-Associates,"Khasra No. 279, Allavardipur, Greater Noida, Noida, Gautam Buddha Nagar, Uttar Pradesh","H.NO 280 , ALLAVARDIPUR, GREATER NOIDA, NOIDA, उत्तर प्रदेश",1,0,0.010952255999303847,0.9473684210526316,0.9473684210526316,0.9473684210526315,0.5,1.0,0.9473684210526316,0.9473684210526316,0.9473684210526315,0.6567164179104478,0.6119402985074627,0.7532467532467533,0.2222222222222222,0.675,0,0.0,0,1,0,0,0,1,0.7741938233375549,0.0,0,0,3,3,2,0.6666666666666666,0.6666666666666666,3,3,2,1,1,0.6666666666666666,0.6666666666666666,0.9473684210526316,0.9473684210526315,0.5789473684210527,0,0,0,1,1,0,0,1
S1-666087323,S2-263789815,Trident & Co,t.c0m,"17/405-D, Chanthapparambil, C P Tower Near Nottanalukkal Temple, South Road, Kuttipuram, Malappuram, Malapuram, Kerala","17/405-D, CHANTHAPPARAMBIL, C P TOWER NEAR NOTTANALUKKAL TEMPLE, SOUTH ROAD, KUTTIPURAM, MALAPPURAM, MALAPURAM, കേരളം",1,0,0.011552189200419226,0.3157894736842105,0.3157894736842105,0.31578947368421056,0.0,0.35714285714285715,0.3157894736842105,0.3157894736842105,0.31578947368421056,0.9545454545454546,0.9454545454545454,0.9765258215962441,0.8333333333333334,0.9819819819819819,2,1.0,1,0,1,1,0,2,0.0,0.9705326557159424,0,0,3,2,0,0.0,0.0,2,2,0,2,2,0.0,0.0,0.25,0.25,0.0,0,0,0,1,0,1,1,0
S1-105501396,S2-708914234,Horizon Technology Private Limited,M/s Lúmkel0calo,"34 Vivekananda Road, Kolkata, South 24 Parganas, West Bengal","34 VIVEKANANDA ROAD, KOLKATA, SOUTH 24 PARGANAS, পশ্চিমবঙ্গ",1,0,0.011925611546368205,0.20408163265306123,0.24489795918367352,0.2448979591836735,0.0,0.4411764705882353,0.20408163265306123,0.24489795918367352,0.2448979591836735,0.831858407079646,0.8141592920353982,0.8910891089108911,0.5384615384615384,0.9824561403508771,2,1.0,1,0,1,1,0,2,0.0,0.8498321771621704,0,0,4,3,0,0.0,0.0,2,3,0,2,3,0.0,0.0,0.303030303030303,0.2424242424242425,0.0,0,0,0,1,0,1,1,0
S1-322640021,S2-111999655,Kritika & Sons Pvt Ltd,Dr KRITIKA & & SÓNS PVT LTD,"2Nd Floor, Old No. 132-A, Kh No063/3, Vandana Vihar, New Delhi, West Delhi, Delhi",,1,0,0.01344276514755262,0.8363636363636364,0.8363636363636364,0.9019607843137254,0.5714285714285714,0.7741935483870968,0.8727272727272728,0.8727272727272728,1.0,0.0,0.0,0.0,0.0,0.0,0,0.0,0,1,0,0,1,2,0.7894179224967957,0.0,1,0,5,6,4,0.8,0.6666666666666666,3,4,2,1,2,0.6666666666666666,0.5,0.7692307692307692,0.8571428571428571,0.6,0,0,1,0,0,0,0,0
S1-624312283,S2-304111657,Dp Seva Samiti,Sri DP SEVA SAMITI COMPANY,"113B Manohardas Katra Secondfloor, Kolkata, Calcutta, West Bengal","13B MANOHARDAS KATRA SECONDFLOOR, KOLKATA, West Bengal",1,0,0.013498383359678756,0.7,0.7,1.0,0.6,0.5384615384615384,0.7,0.7,1.0,0.9122807017543859,0.9122807017543859,0.96,0.6666666666666666,0.8387096774193549,0,0.0,0,0,1,1,0,2,0.0,0.8906935453414917,0,0,3,5,3,1.0,0.6,3,4,3,0,1,1.0,0.75,0.875,1.0,0.5,0,0,0,1,1,0,0,1
S1-154220911,S2-156774859,Saket & Partners,Yumakel0,"R-12/76, Raj Nagar One Room, Ingram Institute, Ghaziabad, Uttar Pradesh","PLOT 971/9 R-12/76, INGRAM INSTITUTE, Uttar Pradesh",1,0,0.013847365712949424,0.23076923076923073,0.23076923076923073,0.2307692307692308,0.0,0.4444444444444444,0.23076923076923073,0.23076923076923073,0.2307692307692308,0.6551724137931035,0.7068965517241379,0.8735632183908046,0.4666666666666667,0.7313432835820896,2,0.5,0,0,0,1,0,1,0.0,0.0,0,0,3,1,0,0.0,0.0,3,1,0,3,1,0.0,0.0,0.23076923076923073,0.2307692307692308,0.05263157894736842,0,0,0,1,0,0,0,1
S1-522470638,S2-758541369,Big Technologies LLP,பிக் டெக்னாலஜீஸ் எல்எல்பி,"No 426, Shanmuga Nagar, 2Nd Street, Samundipuram, Tirupur, Coimbatore, Tamil Nadu","426, தமிழ்நாடு, TIRUPUR, COIMBATORE",1,0,0.013876026855359814,0.09523809523809523,0.09523809523809523,0.11428571428571431,0.0,0.9090909090909091,0.5333333333333333,0.4444444444444444,0.4444444444444444,0.49056603773584906,0.45283018867924535,0.8301886792452831,0.2,0.41333333333333333,1,0.5,0,0,0,1,0,1,0.0,0.0,0,0,3,7,0,0.0,0.0,2,7,0,2,7,0.0,0.0,0.05263157894736848,0.06451612903225808,0.0,0,0,0,1,0,0,1,0
S1-984175616,S2-359839765,Life Constructions Pvt Ltd,लाइफ कंस्ट्रक्शंस प्रा. लि.,"Rajasthan, P. No. E-211 Shyam Nagar, Extn., New Sanganer Road, Jaipur","P. NO. E-21 SHYAM NAGAR, EXTN., NEW SANGANER ROAD, JAIPUR, Rajasthan",1,0,0.014172101766040474,0.12244897959183676,0.12244897959183676,0.13333333333333328,0.0,0.8846153846153846,0.5,0.5,0.5,0.8292682926829268,0.991869918699187,0.991869918699187,0.8461538461538461,0.9838709677419355,0,0.0,0,0,1,0,0,1,0.0,0.97029048204422,0,0,4,9,0,0.0,0.0,2,9,0,2,9,0.0,0.0,0.04878048780487809,0.054054054054054036,0.0,0,0,0,1,1,0,0,1
S1-524773868,S2-497528353,Om Foundation Private Limited,ॐ फाउंडेशन प्राइवेट लिमिटेड,"785/15, Faridabad, Haryana","785/15/8, FARIDABAD, हरियाणा",1,0,0.014469373189000247,0.1071428571428571,0.1071428571428571,0.11538461538461534,0.0,0.9310344827586207,0.6153846153846154,0.49230769230769234,0.49230769230769234,0.6938775510204082,0.6938775510204082,0.8,0.375,0.96,2,0.6666666666666666,0,0,0,1,0,1,0.0,0.0,0,0,4,11,0,0.0,0.0,2,11,0,2,11,0.0,0.0,0.050000000000000044,0.05555555555555557,0.0,0,0,0,1,0,0,1,0
S1-269078685,S2-462738813,Best Business,Drexriza,"6 Ashirwad, Opp Sohan Service Station, Ajmer Road, Jaipur, Rajasthan","6 ASHIRWAD, JAIPUR, Rajasthan",1,0,0.014573660310784265,0.19047619047619047,0.19047619047619047,0.19047619047619052,0.0,0.6153846153846154,0.19047619047619047,0.19047619047619047,0.19047619047619052,0.5934065934065934,0.5934065934065934,1.0,0.4,0.421875,1,1.0,1,0,1,0,0,1,0.0,0.6935334801673889,0,0,2,1,0,0.0,0.0,2,1,0,2,1,0.0,0.0,0.19047619047619047,0.19047619047619052,0.0,0,0,0,1,0,1,1,0
S1-645191187,S2-878949819,CJH Hope Private Limited,The CJH Hope Private Limited,"Villa No A 53, Prabhu, Pradhan City, Block A, Jaipur, Rajasthan",,1,0,0.014658503894866688,0.923076923076923,0.923076923076923,1.0,0.8,0.8571428571428571,0.923076923076923,0.923076923076923,1.0,0.0,0.0,0.0,0.0,0.0,0,0.0,0,1,0,0,0,1,0.9400647282600403,0.0,0,0,4,5,4,1.0,0.8,2,3,2,0,1,1.0,0.6666666666666666,0.8,1.0,0.8636363636363636,0,0,1,0,0,0,0,0
S1-771179384,S2-901426461,Mdb (India) Creations Limited,Sri MDB (INDIA),"63, Shivdaspur Lahartara, Varanasi, Uttar Pradesh","उत्तर प्रदेश, 63, SHIVDASPUR LAHARTARA",1,0,0.01521747261182399,0.44999999999999996,0.44999999999999996,0.8181818181818181,0.4,0.48148148148148145,0.44999999999999996,0.44999999999999996,0.8181818181818181,0.5609756097560976,0.6097560975609756,0.7796610169491526,0.2727272727272727,0.782608695652174,1,1.0,1,0,0,1,0,1,0.0,0.0,0,0,4,3,2,0.5,0.6666666666666666,3,3,2,1,1,0.6666666666666666,0.6666666666666666,0.5625,0.8181818181818181,0.24,0,0,0,1,0,1,1,0
S1-531012885,S2-382802071,Life Foods,लाइफ फूड्स,"B-177 Block-B, Okhla Industrial Area, Phase-I, New Delhi, South Delhi, Delhi","दिल्ली, NEW DELHI, B-77 BLOCK-B, SOUTH DELHI",1,0,0.015334917595998422,0.09999999999999998,0.09999999999999998,0.1,0.0,1.0,0.41666666666666663,0.16666666666666663,0.1666666666666667,0.4324324324324324,0.6126126126126126,0.8679245283018868,0.35714285714285715,0.5633802816901409,0,0.0,0,0,0,0,1,1,0.0,0.0,6,0,2,5,0,0.0,0.0,2,5,0,2,5,0.0,0.0,0.09999999999999998,0.1,0.0,0,0,0,1,1,0,0,1
S1-36495608,S2-304871861,UW Dealtrade Private Limited,UW Private Limited Services,"D.No.13-6-771/20, Opp Apsrtc Bus Stand, Tirupati (Urban), Chittoor, Andhra Pradesh","#15-6-771/20 , OPP APSRTC BUS STAND, TIRUPATI (URBAN), ఆంధ్రప్రదేశ్",1,0,0.015363877480611873,0.6545454545454545,0.6545454545454545,0.8,0.6,0.9642857142857143,0.6545454545454545,0.6545454545454545,0.8,0.7259259259259259,0.6814814814814816,0.854368932038835,0.42857142857142855,0.7763157894736842,3,0.6,0,0,0,1,0,1,0.0,0.0,0,0,4,4,3,0.75,0.75,2,2,1,1,1,0.5,0.5,0.5217391304347826,0.5217391304347826,0.36363636363636365,0,0,0,1,0,0,0,1
S1-725400558,S2-98111992,International Consultancy Private Limited,इंटरनेशनल कंसल्टेंसी Private Limited,"A/4 Garden View, Chs Ltd, 1St Floor, Borivali West Chandawarkar Cross Rd, Opp Rajmahal Hotel, Borivali, Mumbai, Mumbai City, Maharashtra","महाराष्ट्र, MUMBAI, MUMBAI CITY, HN 849 A/4 GARDEN VIEW",1,0,0.017069896012922102,0.45333333333333337,0.4,0.6122448979591837,0.18181818181818182,0.8292682926829268,0.725,0.625,0.625,0.3111111111111111,0.4222222222222223,0.7714285714285714,0.24,0.40625,1,0.3333333333333333,0,0,0,0,1,1,0.0,0.0,3,0,4,9,2,0.5,0.2222222222222222,2,7,0,2,7,0.0,0.0,0.04651162790697672,0.04651162790697669,0.25,0,0,0,1,0,0,0,1
S1-268584575,S2-607956391,Together Trade Corp,Trade Together Corp,"331, Areraj, Vill - Areraj, Circle - Areraj Distt - East Champaran, Motihari, Purba Champaran, Bihar","3-31, MOTIHARI, Bihar",1,0,0.017965570977466195,0.6842105263157895,1.0,1.0,1.0,1.0,0.6842105263157895,1.0,1.0,0.33644859813084116,0.33644859813084116,0.8484848484848484,0.16666666666666666,0.2159090909090909,0,0.0,0,1,0,0,0,1,1.0000004768371582,0.0,0,0,3,3,3,1.0,1.0,2,2,2,0,0,1.0,1.0,0.5714285714285714,1.0,0.5789473684210527,0,0,0,1,1,0,0,1
S1-319892799,S2-59877969,Codex Emerge Ltd,Dr Xylóirievo - 3746238165,"H. No. 21 Katahari, Belawan, Jaunpur, Uttar Pradesh","H. NO. 21 KATHAARI, BELAWAN, JAUNPUR, Uttar Pradesh",1,0,0.01814910678792847,0.25,0.19999999999999996,0.2,0.0,0.6666666666666666,0.25,0.19999999999999996,0.2,0.9782608695652173,0.9782608695652173,0.9782608695652173,0.7777777777777778,1.0,1,1.0,1,0,1,1,0,2,0.0,0.8404254913330078,0,0,3,3,0,0.0,0.0,2,3,0,2,3,0.0,0.0,0.2222222222222222,0.2222222222222223,0.0,0,0,0,1,0,1,1,0
S1-49464980,S2-214352412,Fortune Perfect Services Pvt Ltd,फॉर्च्यून परफेक्ट सर्विसेज प्रा. लि.,"Ahmed Nagar, Maharashtra, Ahmednagar, M.I.D.C, Ind Area, Ahilyanagar, Pl No. B/75","M.I.D.C, IND AREA, AHILYANAGAR, DEHERE, Maharashtra, PL NO. B/75",1,0,0.018315833300477074,0.125,0.125,0.12903225806451615,0.0,1.0,0.5671641791044777,0.5074626865671642,0.5074626865671642,0.5909090909090908,0.7727272727272727,0.9357798165137615,0.75,0.7837837837837838,1,1.0,1,0,0,1,0,1,0.0,0.0,0,0,5,14,0,0.0,0.0,3,14,0,3,14,0.0,0.0,0.0714285714285714,0.07407407407407404,0.0,0,0,0,1,0,1,1,0
S1-531012885,S2-703064300,Life Foods,Life  Foods Corporation #30381,"B-177 Block-B, Okhla Industrial Area, Phase-I, New Delhi, South Delhi, Delhi","Delhi, B-77 BLOCK-B, OKHLA INDUSTRIAL AREA, PHASE-I, NEW DELHI",1,0,0.018366828358501574,0.5263157894736843,0.5263157894736843,1.0,0.5,0.35714285714285715,0.5263157894736843,0.5263157894736843,1.0,0.8062015503875969,0.8992248062015504,0.9690721649484536,0.75,0.8169014084507042,0,0.0,0,0,1,0,0,1,0.0,0.9321781396865845,0,0,2,4,2,1.0,0.5,2,3,2,0,1,1.0,0.6666666666666666,0.7692307692307692,1.0,0.30434782608695654,0,0,0,1,1,0,0,1
S1-825501513,S2-771327801,Jai Software Private Limited,ஜெய் சாஃப்ட்வேர் பிரைவேட் லிமிடெட்,"1977-A, Trichy Road Singanallur, Coimbatore, Tamil Nadu","1977-A, COIMBATORE, Tamil Nadu",1,0,0.01839214445707335,0.10344827586206895,0.10344827586206895,0.125,0.0,0.9333333333333333,0.53125,0.46875,0.46875,0.7,0.7,1.0,0.625,0.5384615384615384,1,1.0,1,0,0,1,0,1,0.0,0.0,0,0,4,10,0,0.0,0.0,2,10,0,2,10,0.0,0.0,0.04761904761904767,0.0625,0.0,0,0,0,1,0,1,1,0
S1-593781516,S2-554736901,Lakshmi Energy Private Limited,Shri Lakshmi Energy Private [Limited],"Gen Arun Kumar Vaidya Road Opp Bapat Hospital, Panchpakhadi, Thane, (West), Thane, Maharashtra, Riddhi Siddhi Bunglow",,1,0,0.01852214509278558,0.923076923076923,0.923076923076923,1.0,0.8,0.8571428571428571,0.923076923076923,0.923076923076923,1.0,0.0,0.0,0.0,0.0,0.0,0,0.0,0,1,0,0,0,1,0.9365857243537903,0.0,0,0,4,5,4,1.0,0.8,2,3,2,0,1,1.0,0.6666666666666666,0.8484848484848484,1.0,0.8620689655172413,0,0,1,0,0,0,0,0
S1-202693048,S2-444833968,Elvis & Sons Corp,M/s Elvis & Shns Corp,"109, Sayal Complex, First Floor Millerganj, Ludhiana, Punjab",,1,0,0.019126172666474487,0.8571428571428572,0.8571428571428572,0.8571428571428571,0.42857142857142855,0.8260869565217391,0.8571428571428572,0.8571428571428572,0.8571428571428571,0.0,0.0,0.0,0.0,0.0,0,0.0,0,1,0,0,0,1,0.7590721249580383,0.0,0,0,4,6,3,0.75,0.5,3,5,2,1,3,0.6666666666666666,0.4,0.8125,0.8125,0.5789473684210527,0,0,1,0,0,0,0,0
S1-131986453,S2-636195441,Het Traders,Het Traders #30235,"137, S-3, S-4, Ii Nd Floor, Anr Centre Road No.1, Banjara Hills, Hyderabad, Telangana",,1,0,0.01914669301650246,0.7857142857142857,0.7857142857142857,1.0,0.6666666666666666,0.6470588235294118,0.7857142857142857,0.7857142857142857,1.0,0.0,0.0,0.0,0.0,0.0,0,0.0,0,1,0,0,0,1,0.8164966106414795,0.0,0,0,2,3,2,1.0,0.6666666666666666,2,3,2,0,1,1.0,0.6666666666666666,0.7857142857142857,1.0,0.6153846153846154,0,0,1,0,0,0,0,0
S1-237624149,S2-451803501,Rcube Agro Pvt. Ltd.,RAGRO.COM,"9/256 Sidco Building, Sidco Industrial Estate Peringadoor Post, Athani, Thrichur, Kerala","DOOR NO 9/256 SIDCO BUILDING, SIDCO INDUSTRIAL ESTATE PERINGADOOR POST, ATHANI, THRICHUR, കേരളം",1,0,0.019718840334028917,0.4444444444444444,0.2962962962962963,0.29629629629629634,0.0,0.5,0.4444444444444444,0.2962962962962963,0.29629629629629634,0.896551724137931,0.896551724137931,0.9530201342281879,0.6666666666666666,0.9333333333333333,2,1.0,1,0,1,1,0,2,0.0,0.9288257956504822,0,0,4,2,0,0.0,0.0,2,2,0,2,2,0.0,0.0,0.5263157894736843,0.4210526315789474,0.11764705882352941,0,0,0,1,0,1,1,0
S1-957481034,S2-693226826,Shree Financialservices Private Limited,*** Shree Financialservices Private Ltd,"J-66, Ugf, Gali No. 04, Near Bangali School, East Delhi, Delhi","J-96, EAST DELHI, दिल्ली",1,0,0.01993535783701847,0.9459459459459459,0.9459459459459459,0.9459459459459459,0.6,0.8974358974358975,0.9459459459459459,0.9459459459459459,0.9459459459459459,0.3896103896103897,0.4415584415584416,0.7741935483870968,0.21428571428571427,0.375,0,0.0,0,1,0,0,0,1,0.8610590696334839,0.0,0,0,4,4,3,0.75,0.75,2,2,2,0,0,1.0,1.0,1.0,1.0,0.7777777777777778,0,0,0,1,1,0,0,1
S1-720825131,S2-427293733,PF Clinic LLP,@PFCLINIC - 9544983777,"6-3-1085/D/701, Telangana, Hyderabad, 7Th Floor, Dega Towers, Rajbhavan Road, Somajiguda","BLOCK F-529 6-3-1085/D/701, HYDERABAD, Andhra Pradesh",1,0,0.02047013741058603,0.5625,0.375,0.375,0.0,0.6842105263157895,0.5625,0.375,0.375,0.49624060150375937,0.5263157894736843,0.64,0.3157894736842105,0.6219512195121951,4,0.6666666666666666,0,0,0,1,0,1,0.0,0.0,0,0,3,2,0,0.0,0.0,2,2,0,2,2,0.0,0.0,0.5714285714285714,0.42857142857142855,0.3157894736842105,0,0,0,1,0,0,0,1
S1-573085037,S2-308805852,Future Tech Private Limited,ഫ്യൂച്ചർ ടെക് പ്രൈവറ്റ് ലിമിറ്റഡ്,"Trivandrum, Kerala, Thiruvananthapuram, Dot Space Business Center, T C 24/3088, Ushasandya Building, Kowdiar-Devasom Boar, D Road, Kowdiar","TRIVANDRUM, കേരളം, T C 24/3088, USHASANDYA BUILDING, KOWDIAR-DEVASOM BOAR, D ROAD, KOWDIAR, TRIVANDRUM, DOT SPACE BUSINESS CENTER",1,0,0.020631677984082275,0.10526315789473684,0.10526315789473684,0.10909090909090907,0.0,0.9,0.5333333333333333,0.43333333333333335,0.43333333333333335,0.64,0.8960000000000001,0.9746192893401014,0.8,0.9230769230769231,2,1.0,1,0,1,1,0,2,0.0,0.8596002459526062,0,0,4,13,0,0.0,0.0,2,13,0,2,13,0.0,0.0,0.04878048780487809,0.05128205128205124,0.0,0,0,0,1,0,1,1,0
S1-664035737,S2-239065297,Dream Real Media Private Limited,*** Dream Real Media Private,"32, F No 2C Devadaya Apts, 1St Main Rd, Gandhi Nagar, Chennai City Corporation, Chennai, Tamil Nadu","33, CHENNAI CITY CORPORATION, CHENNAI, Tamil Nadu",1,0,0.020903437519574006,0.8571428571428572,0.8571428571428572,1.0,0.8,0.75,0.8571428571428572,0.8571428571428572,1.0,0.6474820143884892,0.6474820143884892,0.9589041095890412,0.29411764705882354,0.4946236559139785,0,0.0,0,1,0,0,0,1,0.8687446713447571,0.0,0,0,5,4,4,0.8,1.0,3,3,3,0,0,1.0,1.0,1.0,1.0,0.72,0,0,0,1,1,0,0,1
S1-890992382,S2-373052359,Alpha Impex Private Limited,Shri Alpha Impex Private  Ltd,"Bhiwandi, Thane, At - Vahuli Village, Post - Padgha, Nashik Highway, H. No. 477-A, Maharashtra","H. NO. 476-A , AT - VAHULI VILLAGE, POST - PADGHA, NASHIK HIGHWAY, BHIWANDI, Maharashtra",1,0,0.021203874624635168,0.8363636363636364,0.8363636363636364,0.8363636363636364,0.5,0.9642857142857143,0.8363636363636364,0.8363636363636364,0.8363636363636364,0.8101265822784811,0.949367088607595,0.9729729729729729,0.8,0.926829268292683,0,0.0,0,0,1,1,0,2,0.0,0.9331498146057129,0,0,4,5,3,0.75,0.6,2,3,2,0,1,1.0,0.6666666666666666,0.814814814814815,1.0,0.5714285714285714,0,0,0,1,1,0,0,1
S1-736474411,S2-85613234,Prayagraj Electric Private Limited,PRAYAGRAJ E1ECTRIC PRIVATE LÍMITED,"C/O Prem Singh, Phoolpati Campus Bamrauli Upahar, G.T. Raod, Allahabad, Prayagraj, Allahabad, Uttar Pradesh",,1,0,0.02144182307112847,0.9411764705882352,0.9411764705882352,0.9411764705882354,0.3333333333333333,1.0,0.9705882352941176,0.9705882352941176,0.9705882352941176,0.0,0.0,0.0,0.0,0.0,0,0.0,0,1,0,0,1,2,0.799999475479126,0.0,4,0,4,4,2,0.5,0.5,2,3,1,1,2,0.5,0.3333333333333333,0.7727272727272727,0.7727272727272728,0.6571428571428571,0,0,1,0,0,0,0,0
S1-958004482,S2-196291194,Supreme Foundation,സുപ്രീം ഫൗണ്ടേഷൻ,"Door No. 16/3331, Opposite Csez, Kakkanad, Ernakulam, Kerala","ERNAKULAM, DOOR NO. 16/3331, ERNAKULAM, കേരളം",1,0,0.02188216346044439,0.0625,0.0625,0.0625,0.0,0.7777777777777778,0.3783783783783784,0.3783783783783784,0.3783783783783784,0.5473684210526315,0.6736842105263158,0.9090909090909091,0.45454545454545453,0.7272727272727273,2,1.0,1,0,0,1,0,1,0.0,0.0,0,0,2,7,0,0.0,0.0,2,7,0,2,7,0.0,0.0,0.0625,0.0625,0.0,0,0,0,1,0,1,1,0
S1-522312766,S2-737507448,Anand Projects Pvt Ltd,ଆନନ୍ଦ ପ୍ରୋଜେକ୍ଟସ୍ ପ୍ରାଇଭେଟ୍ ଲିମିଟେଡ୍,"First Floor, Besides Dama Maharaja Sweet Stall, Balisahi, Link Road, Madhupatana, Cuttack, Orissa","FIRST FLOOR, CUTTACK, Odisha",1,0,0.022526986363611962,0.10909090909090914,0.10909090909090914,0.12244897959183675,0.0,0.6666666666666666,0.6551724137931035,0.5517241379310345,0.5517241379310345,0.41025641025641024,0.41025641025641024,0.8444444444444444,0.21428571428571427,0.2857142857142857,0,0.0,0,0,1,0,0,1,0.0,0.3933660089969635,0,0,4,12,0,0.0,0.0,2,12,0,2,12,0.0,0.0,0.042553191489361646,0.04878048780487802,0.0,0,0,0,0,0,0,0,0
S1-744939987,S2-439017463,Services Suraksha Plus Ltd,SERVICES SURAKSHA LTD SERVICES,"S.No. 16/5/3, M.No.21/6, Fl- 00103 Damodar Sanset View, Pune, Maharashtra",,1,0,0.023003711775134092,0.75,0.8214285714285714,1.0,0.75,0.8666666666666667,0.75,0.8214285714285714,1.0,0.0,0.0,0.0,0.0,0.0,0,0.0,0,1,0,0,0,1,0.862581729888916,0.0,0,0,4,3,3,0.75,1.0,3,2,2,1,0,0.6666666666666666,1.0,0.7916666666666665,1.0,0.6,0,0,1,0,0,0,0,0
S1-559356996,S2-838199844,Propel Public School,Ectobrix,"2305 New Medical Enclave, Amritsar, Punjab, Amritsar","2305 NEW MEDIAL ENCLAVE, AMRITSAR, ਪੰਜਾਬ",1,0,0.023064657570078795,0.2142857142857143,0.2142857142857143,0.2142857142857143,0.0,0.4,0.2142857142857143,0.2142857142857143,0.2142857142857143,0.7816091954022988,0.7586206896551724,0.8461538461538461,0.4,0.7755102040816326,1,1.0,1,0,1,1,0,2,0.0,0.7890457510948181,0,0,3,1,0,0.0,0.0,3,1,0,3,1,0.0,0.0,0.2142857142857143,0.2142857142857143,0.0,0,0,0,1,0,1,1,0
S1-542287314,S2-165943278,Sindhu Fuel Pvt. Ltd.,Sindhu Fil Pvt. Ltd.,"88 C, Dgp House, Old Prabhadevi Road, Mumbai, Mumbai City, Maharashtra",,1,0,0.024095708332928806,0.9189189189189189,0.9189189189189189,0.9189189189189189,0.6,0.9473684210526315,0.9189189189189189,0.9189189189189189,0.9189189189189189,0.0,0.0,0.0,0.0,0.0,0,0.0,0,1,0,0,0,1,0.7783117890357971,0.0,0,0,4,4,3,0.75,0.75,2,2,1,1,1,0.5,0.5,0.8571428571428572,0.8571428571428571,0.5882352941176471,0,0,1,0,0,0,0,0
S1-175827323,S2-517978300,Veena Cabin Private Limited,Dr Veena Cabin Pnrfe Limited,"17/13Mall Road Tilak Nagar, New Delhi, West Delhi, Delhi","#1730 ROAD TILAK NAGAR, NEW DELHI, Delhi",1,0,0.024096692608559248,0.8363636363636364,0.8363636363636364,0.8363636363636364,0.5,0.9642857142857143,0.8363636363636364,0.8363636363636364,0.8363636363636364,0.8,0.7777777777777779,0.912280701754386,0.5555555555555556,0.6981132075471698,0,0.0,0,0,1,0,0,1,0.0,0.8665780425071716,0,0,4,5,3,0.75,0.6,2,4,2,0,2,1.0,0.5,0.7096774193548387,1.0,0.5172413793103449,0,0,0,1,1,0,0,1
S1-932328626,S2-196254867,Supreme Builders Private Limited,സുപ്രീം ബിൽഡേഴ്സ് പ്രൈവറ്റ് ലിമിറ്റഡ്,"18/678, Thangam Building, Binanipuram, Edayar, Paravur, Ernakulam, Kerala","DOOR NO 00928 18/678, KOCHI REGION, PARAVUR, Kerala",1,0,0.024956266238191097,0.09375,0.09375,0.10714285714285708,0.0,1.0,0.5915492957746479,0.5915492957746479,0.5915492957746479,0.4695652173913043,0.4695652173913043,0.6086956521739131,0.2857142857142857,0.7164179104477612,2,0.6666666666666666,0,0,0,1,0,1,0.0,0.0,0,0,4,11,0,0.0,0.0,2,11,0,2,11,0.0,0.0,0.04166666666666662,0.05,0.0,0,0,0,1,0,0,0,1
S1-881005405,S2-974730268,ZKG Constructions Co,ZKG Có Center,"Manjacombai Village Manjacombai Bazaar Post Office, Nilgiris, Tamil Nadu","#221 MANJACOMBAI VILLAGE MANJACOMBAI BAZAAR POST OFFICE, NILGIRIS, Tamil Nadu",1,0,0.025236129882395205,0.48484848484848486,0.5454545454545454,0.5454545454545454,0.2,0.65,0.5454545454545454,0.6060606060606061,0.6666666666666665,0.9722222222222221,0.9722222222222221,1.0,0.8888888888888888,0.9459459459459459,0,0.0,0,0,1,1,1,3,0.0,0.9865770936012268,1,0,3,3,1,0.3333333333333333,0.3333333333333333,2,3,1,1,2,0.5,0.3333333333333333,0.5333333333333333,0.6,0.09090909090909091,0,0,0,0,0,0,0,0
S1-420687374,S2-986155217,Eye Ventures,Shri Eye  Ventures,"# 8/28, W.E.A, Second Floor Abdul Aziz Road, Karol Bagh, New Delhi, Delhi",,1,0,0.02556709574297748,0.8275862068965517,0.8275862068965517,1.0,0.6666666666666666,0.7058823529411765,0.8275862068965517,0.8275862068965517,1.0,0.0,0.0,0.0,0.0,0.0,0,0.0,0,1,0,0,0,1,0.8606627583503723,0.0,0,0,2,3,2,1.0,0.6666666666666666,2,3,2,0,1,1.0,0.6666666666666666,0.8275862068965517,1.0,0.6923076923076923,0,0,1,0,0,0,0,0
S1-276312507,S2-461096800,Golden Trading Pvt. Ltd.,Sri Golden Trading Pvt. (Ltd.),"Dehlo Road, Opp. Umedpur Powerhouse, Sahnewal, Ludhiana, Punjab",,1,0,0.025659985654754004,0.9166666666666665,0.9166666666666665,1.0,0.8,0.8461538461538461,0.9166666666666665,0.9166666666666665,1.0,0.0,0.0,0.0,0.0,0.0,0,0.0,0,1,0,0,0,1,0.9336996674537659,0.0,0,0,4,5,4,1.0,0.8,2,3,2,0,1,1.0,0.6666666666666666,0.875,1.0,0.85,0,0,1,0,0,0,0,0
S1-519424832,S2-806743626,Excellent Cold Pvt Ltd,Sri Excellent-Cold Pvt Ltd,"1101 Marvellab Palava, Phase Ii Khoni, Kalyan, Thane, Maharashtra",,1,0,0.025659985654754004,0.9166666666666665,0.9166666666666665,1.0,0.8,0.8461538461538461,0.9166666666666665,0.9166666666666665,1.0,0.0,0.0,0.0,0.0,0.0,0,0.0,0,1,0,0,0,1,0.9336996674537659,0.0,0,0,4,5,4,1.0,0.8,2,3,2,0,1,1.0,0.6666666666666666,0.875,1.0,0.85,0,0,1,0,0,0,0,0
S1-850054004,S2-7207357,Iris Sheet,Dr IRIS SHEET CORP,"109-A, Plaza Commercial Centre1St Floor Plotno. 117 Sector 8, Nr. Oslogolai, Gandhidham, Gujarat",,1,0,0.026328415731458676,0.7142857142857143,0.7142857142857143,1.0,0.5,0.5555555555555556,0.7142857142857143,0.7142857142857143,1.0,0.0,0.0,0.0,0.0,0.0,0,0.0,0,1,0,0,0,1,0.7844645977020264,0.0,0,0,2,4,2,1.0,0.5,2,3,2,0,1,1.0,0.6666666666666666,0.8695652173913043,1.0,0.5384615384615384,0,0,1,0,0,0,0,0
S1-639353592,S2-824143203,Indus Tech Private Limited,lndus Téch Limited Center,"1016 Antriksh Bhawank G Marg, New Delhi, Central Delhi, Delhi","CENTRAL DELHI, Delhi, NEW DELHI, 1016 ANTRIKSH BHAWANK G MERG",1,0,0.026405612987008494,0.6274509803921569,0.5490196078431373,0.6274509803921569,0.14285714285714285,0.9615384615384616,0.6666666666666667,0.5882352941176471,0.6666666666666665,0.4655172413793104,0.9827586206896551,0.9782608695652173,0.7777777777777778,1.0,1,1.0,1,0,1,1,0,2,0.0,0.9583330154418945,0,0,4,4,1,0.25,0.25,2,3,0,2,3,0.0,0.0,0.5925925925925926,0.5925925925925926,0.24242424242424243,0,0,0,1,0,1,1,0
S1-157584717,S2-415747438,(india) Royal Designer Private Limited,(india) Rboil Designer Private Limited,"190/2 Maniktala T.N. Mukherjee Road P.O. Makhla P.S. Utt, Arpara, Hooghly, West Bengal",,1,0,0.027162706520635647,0.9444444444444444,0.9444444444444444,0.9444444444444444,0.6666666666666666,1.0,0.9444444444444444,0.9444444444444444,0.9444444444444444,0.0,0.0,0.0,0.0,0.0,0,0.0,0,1,0,0,0,1,0.847458004951477,0.0,0,0,5,5,4,0.8,0.8,3,3,2,1,1,0.6666666666666666,0.6666666666666666,0.9,0.9,0.7142857142857143,0,0,1,0,0,0,0,0
S1-866222514,S2-162657909,Watermelon & Brothers Private Limited,Watermelon + Brothers Private,"655/3 Vanjipalayammangalam Via Tirupur, Tamilnadu, Coimbatore, Tamil Nadu",,1,0,0.0286436392090168,0.8181818181818181,0.8181818181818181,1.0,0.6,0.6923076923076923,0.8181818181818181,0.8181818181818181,1.0,0.0,0.0,0.0,0.0,0.0,0,0.0,0,1,0,0,0,1,0.8551861047744751,0.0,0,0,5,3,3,0.6,1.0,3,2,2,1,0,0.6666666666666666,1.0,0.9047619047619048,1.0,0.5882352941176471,0,0,1,0,0,0,0,0
S1-798674505,S2-957827245,Ace Software,ಏಸ್ ಸಾಫ್ಟ್‌ವೇರ್,"B1104 Bren Edgewaters, Owner'S Court Layout West, Bangalore South, Bangalore, Karnataka","Karnataka, BANGALORE SOUTH, BANGALORE, B1104 BREN EDGEWATERS, OWNER'S COURT LAYOUT WEST",1,0,0.028864680974088404,0.08333333333333337,0.08333333333333337,0.08333333333333329,0.0,1.0,0.3703703703703704,0.3703703703703704,0.3703703703703704,0.5662650602409638,1.0,1.0,1.0,1.0,1,1.0,1,0,1,1,0,2,0.0,1.0000014305114746,0,0,2,6,0,0.0,0.0,2,6,0,2,6,0.0,0.0,0.08333333333333337,0.08333333333333329,0.0,0,0,0,1,0,1,1,0
S1-10268444,S2-180995732,GQ Farms Private Limited,GQ Private Limited Service,"D-104, Saket, Meerut, Uttar Pradesh","Uttar Pradesh, D-102, SAKET, MEERUT",1,0,0.030733095644764705,0.72,0.72,0.8571428571428571,0.6,0.9230769230769231,0.72,0.72,0.8571428571428571,0.53125,0.96875,0.96875,0.7142857142857143,1.0,0,0.0,0,0,1,0,0,1,0.0,0.921875,0,0,4,4,3,0.75,0.75,2,2,1,1,1,0.5,0.5,0.4444444444444444,0.4444444444444444,0.42857142857142855,0,0,0,1,1,0,0,1
S1-779196192,S2-277713430,Sierra Solution Ltd,SIERRA SIUTION (LTD),"Sanchayani, Ravindra Nagar, Maharashtra, Nagpur, Flat No.004",,1,0,0.030845875929283575,0.9189189189189189,0.9189189189189189,0.9189189189189189,0.5,0.9473684210526315,0.9189189189189189,0.9189189189189189,0.9189189189189189,0.0,0.0,0.0,0.0,0.0,0,0.0,0,1,0,0,0,1,0.7741938233375549,0.0,0,0,3,3,2,0.6666666666666666,0.6666666666666666,2,2,1,1,1,0.5,0.5,0.896551724137931,0.896551724137931,0.6111111111111112,0,0,1,0,0,0,0,0
S1-876174847,S2-622913832,Ss Exports Private Limited,ଏସ୍‌ଏସ୍ ଏକ୍ସପୋର୍ଟସ୍ ପ୍ରାଇଭେଟ୍ ଲିମିଟେଡ୍,"Plot No-188, Unit-3, Kharvel Nagar, Bhubaneswar, Khordha, Orissa","#4 PLOT NO-188, BHUBANESWAR, KHORDHA, Odisha",1,0,0.030967410575204014,0.10169491525423723,0.10169491525423723,0.11538461538461534,0.0,0.7878787878787878,0.7213114754098361,0.6229508196721312,0.6229508196721312,0.7272727272727273,0.7474747474747474,0.8732394366197183,0.4166666666666667,0.6779661016949152,1,0.3333333333333333,0,0,0,1,0,1,0.0,0.0,0,0,4,11,0,0.0,0.0,2,11,0,2,11,0.0,0.0,0.04651162790697672,0.05555555555555557,0.0,0,0,0,1,0,0,0,1
S1-870328893,S2-943183930,AK Filling Pvt Ltd,AK Fi1ling [Pvt],"10/1008/3 Kandappath (H), Near Municipality, Perinthalmanna, Malappuram, Malapuram, Kerala","8/1008/3 KANDAPPATH (H), NEAR MUNICIPALITY, PERINTHALMANNA, MALAPPURAM, Kerala",1,0,0.0332992772387516,0.8125,0.8125,0.8125,0.4,0.7777777777777778,0.8125,0.8125,0.8125,0.9161290322580645,0.9032258064516128,0.9859154929577465,0.75,0.8674698795180723,2,0.5,0,1,1,1,0,3,0.5991447567939758,0.9427000284194946,0,0,4,3,2,0.5,0.6666666666666666,2,2,1,1,1,0.5,0.5,0.9,0.9,0.4375,0,0,0,1,0,0,0,1
S1-787560415,S2-230114433,Sign Homemakers Private Limited,Sign H0memakers  Private Limited,"C/O Roop Lal Kotli S. Malli, Dera Baba Nanak, Batala, Gurdaspur, Punjab",,1,0,0.03385954510122984,0.967741935483871,0.967741935483871,0.967741935483871,0.6,1.0,0.967741935483871,0.967741935483871,0.967741935483871,0.0,0.0,0.0,0.0,0.0,0,0.0,0,1,0,0,0,1,0.8846158385276794,0.0,0,0,4,4,3,0.75,0.75,2,2,1,1,1,0.5,0.5,0.9333333333333332,0.9333333333333332,0.7931034482758621,0,0,1,0,0,0,0,0
S1-382126969,S2-707852751,City International Private Limited,সিটি ইন্টারন্যাশনাল প্রাইভেট লিমিটেড,"3-B Upper Wood Street, Kolkata, Calcutta, West Bengal","West Bengal, CALCUTTA, KOLKATA, 4-B UPPER WOOD STREET",1,0,0.03389566192079066,0.08695652173913049,0.08695652173913049,0.09836065573770497,0.0,0.9714285714285714,0.641025641025641,0.5641025641025641,0.5641025641025641,0.4200000000000001,0.98,0.98,0.8,1.0,0,0.0,0,0,1,1,0,2,0.0,0.9904761910438538,0,0,4,12,0,0.0,0.0,2,12,0,2,12,0.0,0.0,0.037735849056603765,0.044444444444444425,0.0,0,0,0,1,1,0,0,1
S1-526458565,S2-170399048,Vinod Green Private Limited,Sri Vinod Green Limited Services,"Alak Nanda Chs Ltd A4 4:2, Pplot No 15 Sector Neru, Thane, Maharashtra","3-831 ALAK NANDA CHS LTD A4 4:2, PPLOT NO 15 SECTOR NERU, THANE, Maharashtra",1,0,0.035072079726879576,0.6440677966101696,0.7796610169491526,0.826086956521739,0.5,0.84375,0.6440677966101696,0.7796610169491526,0.826086956521739,0.9571428571428572,0.9571428571428572,1.0,0.875,0.9178082191780822,3,0.6,0,0,1,1,0,2,0.0,0.9724897742271423,0,0,4,5,3,0.75,0.6,2,4,2,0,2,1.0,0.5,0.6285714285714286,1.0,0.4117647058823529,0,0,0,1,0,0,0,1
S1-552263557,S2-939942391,Om Media Private Limited,ഓം മീഡിയ പ്രൈവറ്റ് ലിമിറ്റഡ്,"Ward No. Xx111 Building No.7, Chettichal, P O Chembuchira, Thrissur, Kerala","WARD NO. XX1-11 BUILDING NO.7, CHETTICHAL, P O CHEMBUCHIRA, THRISSUR, കേരളം",1,0,0.03559106274003706,0.12244897959183676,0.12244897959183676,0.13333333333333328,0.0,0.96,0.5714285714285714,0.5714285714285714,0.5714285714285715,0.920863309352518,0.8776978417266187,0.9,0.6,0.9857142857142858,1,0.25,0,0,1,1,0,2,0.0,0.8936030864715576,0,0,4,10,0,0.0,0.0,2,10,0,2,10,0.0,0.0,0.06060606060606055,0.06896551724137936,0.0,0,0,0,1,0,0,0,1
S1-594610384,S2-646435740,Apex Builders Private Limited,അപെക്സ് ബിൽഡേഴ്സ് പ്രൈവറ്റ് ലിമിറ്റഡ്,"Presad Nilayam Chunangamveli, Erumathala P O, Aluva, Ernakulam, Kerala","ERUMATHALA P O, കേരളം, BLOCK A-#65 PRESAD NILAYAM CHUNANGAMVELI, ALUVA, ERNAKULAM",1,0,0.03629168850768968,0.09677419354838712,0.09677419354838712,0.1034482758620689,0.0,0.8787878787878788,0.6060606060606061,0.6060606060606061,0.6060606060606061,0.624113475177305,0.8368794326241136,0.9440000000000001,0.5714285714285714,0.88,0,0.0,0,0,1,1,0,2,0.0,0.8895928859710693,0,0,4,13,0,0.0,0.0,2,13,0,2,13,0.0,0.0,0.04347826086956519,0.04761904761904759,0.0,0,0,0,0,0,0,0,0
S1-637849751,S2-690835590,Consultants Hyma Business Private Limited,Consultants Hbna Business Private Limited,"C-29, Gali No.13, Shashi Garden, Mayur Vihar, Phase-I, Delhi, East Delhi, Delhi",,1,0,0.03631143753763345,0.951219512195122,0.951219512195122,0.951219512195122,0.6666666666666666,1.0,0.951219512195122,0.951219512195122,0.951219512195122,0.0,0.0,0.0,0.0,0.0,0,0.0,0,1,0,0,0,1,0.8985505700111389,0.0,0,0,5,5,4,0.8,0.8,3,3,2,1,1,0.6666666666666666,0.6666666666666666,0.92,0.92,0.7948717948717948,0,0,1,0,0,0,0,0
S1-299848505,S2-526637453,Seven Foundation Pvt Ltd,സെവൻ ഫൗണ്ടേഷൻ പ്രൈവറ്റ് ലിമിറ്റഡ്,"C/O Kurian P D, Padinjarekanjirathunkal, Meenachil, Kottayam, Kerala","C/O KURIAN P D, MEENACHIL, KOTTAYAM, Kerala",1,0,0.036322599643130046,0.10909090909090914,0.10909090909090914,0.11320754716981128,0.0,0.7741935483870968,0.4,0.33333333333333337,0.33333333333333326,0.7692307692307692,0.7692307692307692,1.0,0.8888888888888888,0.625,0,0.0,0,0,1,1,0,2,0.0,0.7381240725517273,0,0,4,13,0,0.0,0.0,2,13,0,2,13,0.0,0.0,0.042553191489361646,0.044444444444444425,0.0,0,0,0,0,0,0,0,0
S1-681081072,S2-796150405,India Zari Private Limited,INDIA ZARI PRIVATE LIMITED - 6779208609,"A201 Vaishnavi Gardenview, Opp Shaligram Lake Khoraj, Gandhinagar, Gandhi Nagar, Gujarat","HN 448 A201 VAISHNAVI GARDENVIEW, OPP SALIGRAM LAKE KHORAJ, GANDHINAGAR, ગુજરાત",1,0,0.036966127920811075,0.8253968253968254,0.8253968253968254,1.0,0.8,0.7027027027027027,0.8253968253968254,0.8253968253968254,1.0,0.8125,0.7875,0.8217054263565892,0.4117647058823529,0.9047619047619048,1,0.5,0,0,1,1,0,2,0.0,0.8310307264328003,0,0,4,5,4,1.0,0.8,2,3,2,0,1,1.0,0.6666666666666666,0.6451612903225806,1.0,0.6774193548387096,0,0,0,1,0,0,0,1
S1-529268053,S2-905929480,Triratna Association (India) Pvt Ltd,TRIRATNA (INDIA) PVT LTD CENTER,"H.No.-1845 Sector-6, Bahadurgarh, Jhajjar, Haryana","H.NO.-845 SECTOR-6, BAHADURGARH, Haryana",1,0,0.037065391274325066,0.6984126984126984,0.7936507936507937,0.8627450980392157,0.6666666666666666,0.8529411764705882,0.6984126984126984,0.7936507936507937,0.8627450980392157,0.891566265060241,0.8433734939759038,0.942857142857143,0.6666666666666666,0.8043478260869565,1,0.3333333333333333,0,0,1,0,0,1,0.0,0.8468003869056702,0,0,5,5,4,0.8,0.8,3,3,2,1,1,0.6666666666666666,0.6666666666666666,0.5957446808510638,0.8,0.4166666666666667,0,0,0,1,0,0,0,1
S1-401182243,S2-818879175,UE Trading Co,UETRADING.COM,"D.No. 4/44 Sanappiratti, R.S Melapalayam, Karur, Tamil Nadu","584 SANAPPIRATTI, KARUR, தமிழ்நாடு",1,0,0.03748219457415672,0.923076923076923,0.7692307692307692,0.7692307692307692,0.0,1.0,0.923076923076923,0.7692307692307692,0.7692307692307692,0.5116279069767442,0.48837209302325574,0.7346938775510204,0.125,0.5636363636363636,0,0.0,0,0,1,1,0,2,0.0,0.5789250135421753,0,0,3,2,0,0.0,0.0,2,2,0,2,2,0.0,0.0,0.782608695652174,0.6086956521739131,0.9,0,0,0,1,1,0,0,1
S1-367935118,S2-901391540,One Business Pvt Ltd,वन Business Pvt Ltd,"501-A, President Tower 6/2 South Tukoganj, Indore, Madhya Pradesh","G-501-A, INDORE, Madhya Pradesh",1,0,0.03766144124704168,0.8717948717948718,0.8205128205128205,0.9142857142857143,0.6,0.95,0.923076923076923,0.8205128205128205,0.923076923076923,0.5934065934065934,0.5934065934065934,0.9642857142857143,0.4166666666666667,0.46774193548387094,1,0.3333333333333333,0,1,0,0,1,2,0.8625819683074951,0.0,5,0,4,4,3,0.75,0.75,2,2,1,1,1,0.5,0.5,0.782608695652174,0.8421052631578948,0.7058823529411765,0,0,0,1,0,0,1,0
S1-824960388,S2-219577993,Dry Welfare Society,Mr DRY  5OCIETY SERVICE,"45/S-1, Majumder Para, Italgacha, North 24 Paraganas, North 24 Parganas, West Bengal","045/S-1, MAJUMDER PARA, ITALGACHA, NORTH 24 PARAGANAS, West Bengal",1,0,0.038452700521493285,0.4878048780487805,0.4878048780487805,0.6829268292682927,0.16666666666666666,0.8636363636363636,0.4878048780487805,0.4878048780487805,0.6829268292682927,0.8652482269503546,0.8226950354609929,0.9666666666666667,0.7692307692307693,0.7848101265822784,3,1.0,1,0,1,1,0,2,0.0,0.9126222729682922,0,0,3,4,1,0.3333333333333333,0.25,3,4,1,2,3,0.3333333333333333,0.25,0.4878048780487805,0.6829268292682927,0.18518518518518517,0,0,0,1,0,0,1,0
S1-552564780,S2-162866297,Shared Memorial Trust,5hared Memorial Trust Ltd,"1St Floor, Bishnoi House, Plot4, 5, 6, 9Nr Vgl Station, Gujarat, Vadodara","NO 1ST FLOOR, Gujarat, VADODARA, BARODA",1,0,0.03901961264694726,0.8695652173913043,0.6086956521739131,0.8695652173913043,0.4,0.84,0.8695652173913043,0.6086956521739131,0.8695652173913043,0.5098039215686274,0.607843137254902,0.8387096774193549,0.2857142857142857,0.5454545454545454,1,0.2,0,1,1,0,0,2,0.8285098671913147,0.5853450298309326,0,0,3,4,2,0.6666666666666666,0.5,3,3,2,1,1,0.6666666666666666,0.6666666666666666,0.9523809523809522,0.9523809523809524,0.7619047619047619,0,0,0,1,0,0,1,0
S1-844308770,S2-769693970,Aatreya Finance Private Limited,Mr AATREYA FINANCE  PRIVATE LIMITED,"121 Tagore Park, Delhi, New Delhi",,1,0,0.03905978447574312,0.9538461538461537,0.9538461538461537,1.0,0.8,0.9117647058823529,0.9538461538461537,0.9538461538461537,1.0,0.0,0.0,0.0,0.0,0.0,0,0.0,0,1,0,0,0,1,0.9723444581031799,0.0,0,0,4,5,4,1.0,0.8,2,3,2,0,1,1.0,0.6666666666666666,0.9090909090909091,1.0,0.9285714285714286,0,0,1,0,0,0,0,0
S1-805997237,S2-584417390,Ventures Everest Destination Partners,Ventures Everest Destination Partners Company,"Sanwer, Jakhya, Indore, Madhya Pradesh, 431 Premium Paradise","NO 4-31 PREMIUM PARADISE, JAKHYA, SANWER, मध्य प्रदेश",1,0,0.04126840383777307,0.9024390243902439,0.9024390243902439,1.0,0.8,0.8222222222222222,0.9024390243902439,0.9024390243902439,1.0,0.4339622641509434,0.6603773584905661,0.75,0.25,0.8928571428571429,0,0.0,0,1,1,1,0,3,0.9162460565567017,0.7053850293159485,0,0,4,5,4,1.0,0.8,4,4,4,0,0,1.0,1.0,1.0,1.0,0.8108108108108109,0,0,0,1,1,0,0,1
S1-271508695,S2-482933004,Godawari Industries Group,Godawari Industries,"Parshwa Complex, Shop No 9, Near Bus Stand, At Post Halsangi, Chadchan, Bijapur, Karnataka",,1,0,0.04355723309194551,0.8636363636363636,0.8636363636363636,1.0,0.6666666666666666,0.76,0.8636363636363636,0.8636363636363636,1.0,0.0,0.0,0.0,0.0,0.0,0,0.0,0,1,0,0,0,1,0.8892115950584412,0.0,0,0,3,2,2,0.6666666666666666,1.0,3,2,2,1,0,0.6666666666666666,1.0,0.8636363636363636,1.0,0.7619047619047619,0,0,1,0,0,0,0,0
S1-535860257,S2-205653507,Shakti Producer Pvt Ltd,శక్తి ప్రొడ్యూసర్ ప్రైవేట్ లిమిటెడ్,"H.No 6-3-637, Lig, Phase Iii Ngos Colony, Vanasthalipuram, Hyderabad, Telangana","B3/63239, LIG, PHASE III NGOS COLONY, VANASTHALIPURAM, B N REDDY NAGAR, Telangana",1,0,0.04391362224398817,0.11111111111111116,0.11111111111111116,0.13043478260869562,0.0,0.7419354838709677,0.6779661016949151,0.5423728813559322,0.5423728813559322,0.8,0.76,0.816,0.3684210526315789,0.9736842105263158,1,0.25,0,0,0,1,0,1,0.0,0.0,0,0,4,11,0,0.0,0.0,2,11,0,2,11,0.0,0.0,0.04347826086956519,0.052631578947368356,0.0,0,0,0,1,0,0,0,1
S1-230692194,S2-869111519,Neuro Bikes Private Limited,Smt Neuro Bikes Private Ltd,"13/35 Sadar Bazar, Guna, Madhya Pradesh, Guna","DOOR NO 3/35 SADAR BAZAR, GUNA, मध्य प्रदेश",1,0,0.046044699931824105,0.8518518518518519,0.8518518518518519,0.8518518518518519,0.5,1.0,0.8518518518518519,0.8518518518518519,0.8518518518518519,0.5783132530120482,0.5542168674698795,0.6785714285714286,0.26666666666666666,0.9761904761904762,1,0.3333333333333333,0,0,0,1,0,1,0.0,0.0,0,0,4,5,3,0.75,0.6,2,3,2,0,1,1.0,0.6666666666666666,0.8461538461538461,1.0,0.5925925925925926,0,0,0,1,0,0,0,1
S1-281800243,S2-155737570,Shree Food,ஸ்ரீ ஃபுட்,"No B14, West Anna Ngr S, Kolatur Main Road, Tambaram, Kanchipuram, Tamil Nadu","NO B14., WEST ANNA NGR S, KOLATUR MAIN ROAD, TAMBARAM, KANCHIPURAM, Tamil Nadu",1,0,0.04756409587052969,0.11111111111111116,0.11111111111111116,0.11111111111111115,0.0,0.8,0.30000000000000004,0.30000000000000004,0.3,1.0,1.0,1.0,1.0,1.0,1,1.0,1,0,1,1,0,2,0.0,1.000000238418579,0,0,2,4,0,0.0,0.0,2,4,0,2,4,0.0,0.0,0.11111111111111116,0.11111111111111115,0.0,1,0,0,1,0,1,1,0
S1-300806634,S2-433470597,Thrive Liability Pvt Ltd,Smt Veraonyx,"B/1- 141 Orchid Heights, Applewoods Town Ship, Daskroi, Ahmedabad, Gujarat","AHMEDABAD, B/1- 141 ORCHID HEIGHTS, Gujarat, DASKROI, APPLEWOODS TOWN SHIP",1,0,0.048160013867850425,0.2777777777777778,0.2222222222222222,0.2222222222222223,0.0,0.5,0.2777777777777778,0.2222222222222222,0.2222222222222223,0.6231884057971014,1.0,1.0,1.0,1.0,2,1.0,1,0,1,1,0,2,0.0,0.9999982714653015,0,0,4,2,0,0.0,0.0,2,2,0,2,2,0.0,0.0,0.3571428571428571,0.2857142857142857,0.0,0,0,0,1,0,1,1,0
S1-953703668,S2-494390385,Lotus Enterprises Private Limited,LOTUS ENTERPRISES PRIVATE LIMITED Enterprises,"1 Kasba Peth, Sumero Apartments, Pune, Maharashtra",,1,0,0.04849872431945733,0.8461538461538461,0.8461538461538461,1.0,1.0,0.7333333333333333,0.8461538461538461,0.8461538461538461,1.0,0.0,0.0,0.0,0.0,0.0,0,0.0,0,1,0,0,0,1,0.9471604824066162,0.0,0,0,4,4,4,1.0,1.0,2,2,2,0,0,1.0,1.0,0.7391304347826086,1.0,0.9310344827586207,0,0,1,0,0,0,0,0
S1-161555182,S2-66423957,Lotus Infotech Private Limited,लोटस इंफोटेक प्राइवेट लिमिटेड,"G-135, Rodeo Drive Mall, Rasoi Sonipat, Sonipat, Haryana","G-1-35, Haryana, SONIPAT",1,0,0.0507733205785843,0.10169491525423723,0.10169491525423723,0.11320754716981128,0.0,0.9666666666666667,0.7384615384615385,0.7384615384615385,0.7384615384615384,0.5135135135135135,0.5675675675675675,0.8717948717948718,0.3,0.4230769230769231,0,0.0,0,0,1,0,0,1,0.0,0.7339254021644592,0,0,4,11,0,0.0,0.0,2,11,0,2,11,0.0,0.0,0.04651162790697672,0.054054054054054036,0.0,0,0,0,1,1,0,0,1
S1-627235187,S2-24699616,Stern Sangh,Stern  Sangh Limited,"Hig-Ii-152, H.No:4-152, Sagar Nagar Gudlavani Palem, Visakhapatnam, Vishakhapatnam, Andhra Pradesh",,1,0,0.05202201411512332,0.7333333333333334,0.7333333333333334,1.0,0.6666666666666666,0.5789473684210527,0.7333333333333334,0.7333333333333334,1.0,0.0,0.0,0.0,0.0,0.0,0,0.0,0,1,0,0,0,1,0.7620006203651428,0.0,0,0,2,3,2,1.0,0.6666666666666666,2,2,2,0,0,1.0,1.0,1.0,1.0,0.5333333333333333,0,0,1,0,0,0,0,0
S1-182758237,S2-42928897,Meentech Poultry Limited,Meentech Poultry Poultry Límited,"17, Main Building, Behind Yash, Rajeev Nagar, Vidisha, Madhya Pradesh",,1,0,0.05225167453870368,0.8214285714285714,0.8214285714285714,0.9583333333333333,0.5,0.75,0.8571428571428572,0.8571428571428572,1.0,0.0,0.0,0.0,0.0,0.0,0,0.0,0,1,0,0,0,1,0.8381165862083435,0.0,0,0,3,3,2,0.6666666666666666,0.6666666666666666,2,3,2,0,1,1.0,0.6666666666666666,0.6666666666666667,1.0,0.68,0,0,1,0,0,0,0,0
S1-998519012,S2-655852274,Pashupati Charitable Trust Gadchiroli,Pashupati  Charitable Trust Center,"Behind Grampanchayat, Navegaon Po, Mudza, Gadchiroli, Maharashtra","Maharashtra, BEHIND GRAMPANCHAYAT, NAVEGAON PO, MUDZA, GADCHIROLI, N/A",1,0,0.053660802848092715,0.8285714285714285,0.7428571428571429,0.8813559322033899,0.6,0.8918918918918919,0.8285714285714285,0.7428571428571429,0.8813559322033899,0.8095238095238095,0.9682539682539683,1.0,0.7777777777777778,0.9384615384615385,0,0.0,0,1,1,1,0,3,0.7516723275184631,0.9931280612945557,0,0,4,4,3,0.75,0.75,4,4,3,1,1,0.75,0.75,0.8285714285714285,0.8813559322033899,0.5789473684210527,0,0,0,0,0,0,0,0
S1-535860257,S2-47131367,Shakti Producer Pvt Ltd,శక్తి ప్రొడ్యూసర్ ప్రైవేట్ లిమిటెడ్,"H.No 6-3-637, Lig, Phase Iii Ngos Colony, Vanasthalipuram, Hyderabad, Telangana","VANASTHALIPURAM, Telangana, B N REDDY NAGAR, B3/63239, LIG, PHASE III NGOS COLONY",1,0,0.05389148666135348,0.11111111111111116,0.11111111111111116,0.13043478260869562,0.0,0.7419354838709677,0.6779661016949151,0.5423728813559322,0.5423728813559322,0.4666666666666666,0.76,0.816,0.3684210526315789,0.9736842105263158,1,0.25,0,0,0,1,0,1,0.0,0.0,0,0,4,11,0,0.0,0.0,2,11,0,2,11,0.0,0.0,0.04347826086956519,0.052631578947368356,0.0,0,0,0,1,0,0,0,1
S1-389177337,S2-435033379,Splendor Engineers Private Limited,Dr Splendor Engineers Private Limited | www.splendore.com,"Flat No. 22A, Central Delhi, New Delhi, Delhi, First Floor, Shankar Market Connaught Place",,1,0,0.05458635644130423,0.7640449438202246,0.7640449438202246,1.0,0.5,0.6181818181818182,0.7640449438202246,0.7640449438202246,1.0,0.0,0.0,0.0,0.0,0.0,0,0.0,0,1,0,0,0,1,0.8731567859649658,0.0,0,0,4,8,4,1.0,0.5,2,6,2,0,4,1.0,0.3333333333333333,0.631578947368421,1.0,0.7631578947368421,0,0,1,0,0,0,0,0
S1-287166646,S2-673111344,Haldia & Co,SERVICES CO HALDIA,"Sr No.50 Paiki, Plot No., 6 7/1, Malegaon (M Corp.), Malegaon, Nashik, Maharashtra","SR NO.50 PAIKI, MALEGAON, NASHIK, महाराष्ट्र",1,0,0.05493733202889845,0.3870967741935484,0.5806451612903225,0.8181818181818181,0.5,0.7222222222222222,0.3870967741935484,0.5806451612903225,0.8181818181818181,0.5486725663716814,0.5309734513274336,0.8695652173913043,0.35294117647058826,0.5694444444444444,1,0.25,0,0,0,1,0,1,0.0,0.0,0,0,3,3,2,0.6666666666666666,0.6666666666666666,2,2,1,1,1,0.5,0.5,0.48,0.75,0.21052631578947367,0,0,0,1,0,0,1,0
S1-761774465,S2-241377994,Trading Vital Developers Private Limited,Trading Vitela Developers Private Limited,"A/502, Crescent Apartment Race Course, Rajkot, Gujarat",,1,0,0.05582077085430788,0.962962962962963,0.962962962962963,0.9629629629629629,0.6666666666666666,0.975609756097561,0.962962962962963,0.962962962962963,0.9629629629629629,0.0,0.0,0.0,0.0,0.0,0,0.0,0,1,0,0,0,1,0.8989282250404358,0.0,0,0,5,5,4,0.8,0.8,3,3,2,1,1,0.6666666666666666,0.6666666666666666,0.9387755102040817,0.9387755102040817,0.8108108108108109,0,0,1,0,0,0,0,0
S1-792279295,S2-132954363,Axis India Corporation,Smt AXIS  INDIA CORPORATION,"303, 3Rd Floor, Shivalik, Panchvati, Ahmedabad, Gujarat",,1,0,0.05585504330097471,0.9166666666666665,0.9166666666666665,1.0,0.75,0.8461538461538461,0.9166666666666665,0.9166666666666665,1.0,0.0,0.0,0.0,0.0,0.0,0,0.0,0,1,0,0,0,1,0.9385907649993896,0.0,0,0,3,4,3,1.0,0.75,2,3,2,0,1,1.0,0.6666666666666666,0.8333333333333335,1.0,0.8571428571428571,0,0,1,0,0,0,0,0
S1-833691009,S2-538738236,Star Products Pvt Ltd,സ്റ്റാർ പ്രൊഡക്ട്സ് പ്രൈവറ്റ് ലിമിറ്റഡ്,"C/O Asha Lilly Thomas, 30/668 A1 Mentor Academy, College Road, Kothamangalam, Ernakulam, Kerala","30/668 A1 MENTOR ACADEMY, COLLEGE ROAD, Keralam, 307 C/O ASHA LILLY THOMAS, KOTHAMANGALAM, ERNAKULAM",1,0,0.05743439674887911,0.10526315789473684,0.10526315789473684,0.13333333333333328,0.0,0.5833333333333334,0.5084745762711864,0.4067796610169492,0.4067796610169491,0.6594594594594594,0.972972972972973,0.9729729729729729,0.8235294117647058,0.9473684210526315,3,0.75,0,0,1,1,0,2,0.0,0.9657481908798218,0,0,4,11,0,0.0,0.0,2,11,0,2,11,0.0,0.0,0.04081632653061229,0.054054054054054036,0.0,0,0,0,1,0,0,1,0
S1-763263989,S2-373485396,Wonder Development Pvt Ltd,WONDER DEVELOPMENT,"62/1446-A, 5Th Floor, Alhind Grande, Kannur Road, Kozhikode, Kerala",,1,0,0.061079486724390376,0.8181818181818181,0.8181818181818181,1.0,0.5,0.6923076923076923,0.8181818181818181,0.8181818181818181,1.0,0.0,0.0,0.0,0.0,0.0,0,0.0,0,1,0,0,0,1,0.872871458530426,0.0,0,0,4,2,2,0.5,1.0,2,2,2,0,0,1.0,1.0,1.0,1.0,0.7142857142857143,0,0,1,0,0,0,0,0
S1-503037108,S2-520332966,Royal Marketing Private Limited,The Royal Marketing Private Limited,"179, Girnar Colony South, Behind Canara Bank Gandhi Path, Vaishali Nagar, India, Jaipur, Rajasthan",,1,0,0.06127588733227097,0.9393939393939393,0.9393939393939393,1.0,0.8,0.8857142857142857,0.9393939393939393,0.9393939393939393,1.0,0.0,0.0,0.0,0.0,0.0,0,0.0,0,1,0,0,0,1,0.9551333785057068,0.0,0,0,4,5,4,1.0,0.8,2,3,2,0,1,1.0,0.6666666666666666,0.8823529411764706,1.0,0.896551724137931,0,0,1,0,0,0,0,0
S1-13958396,S2-491945756,Fortune It Private Limited,फॉर्च्यून आईटी प्राइवेट लिमिटेड,"Shop No A-1, A-2 Plot No - 1143, Rithala Industrial Area, Rohini, Delhi, North West, Delhi","SHOP NO A-1, DELHI, NORTH WEST, Delhi",1,0,0.06138665675783817,0.1071428571428571,0.1071428571428571,0.11538461538461534,0.0,0.8666666666666667,0.6461538461538461,0.49230769230769234,0.49230769230769234,0.5862068965517242,0.5862068965517242,1.0,0.5,0.4146341463414634,1,0.3333333333333333,0,0,1,0,0,1,0.0,0.7138589024543762,0,0,4,12,0,0.0,0.0,2,12,0,2,12,0.0,0.0,0.050000000000000044,0.05555555555555557,0.0,0,0,0,1,0,0,1,0
S1-682337303,S2-204498540,Tech Balaji Construction Private Limited,ടെക് Balaji കൺസ്ട്രക്ഷൻ പ്രൈവറ്റ് ലിമിറ്റഡ്,"Room No.15/1733/B166, First Floor, Forzza Mall, Near Bus Stand, Chembra Road, Tirur, Malappuram, Malapuram, Kerala","Keralam, MALAPURAM, H.NO 3 ROOM NO.15/1733/B166, MALAPPURAM",1,0,0.06159678639951921,0.25,0.25,0.2857142857142857,0.058823529411764705,1.0,0.5925925925925926,0.5925925925925926,0.5925925925925926,0.3827160493827161,0.6419753086419753,0.8723404255319148,0.3333333333333333,0.5283018867924528,3,0.75,0,0,1,1,0,2,0.0,0.7228631973266602,0,0,5,13,1,0.2,0.07692307692307693,3,13,1,2,12,0.3333333333333333,0.07692307692307693,0.25,0.4,0.07407407407407407,0,0,0,1,0,0,0,1
S1-496609723,S2-861689268,Marketing Dhara Labs Pvt. Ltd.,MARKETING DHARA LABS PVT. LIMITED (ID: 26920),"Sco 36 Ground Floor Guru Nanak Enclave, Dhakoli, Derabassi, Mohali, Punjab","PLOT 35 SCO 36 GROUND FLOOR GURU NANAK ENCLAVE, DHAKOLI, DERABASSI, Punjab",1,0,0.061681873665538754,0.8115942028985508,0.8115942028985508,0.923076923076923,0.5,0.6829268292682927,0.8115942028985508,0.8115942028985508,0.923076923076923,0.8936170212765957,0.8936170212765957,0.9473684210526315,0.7692307692307693,0.9859154929577465,1,0.5,0,0,1,1,0,2,0.0,0.9079825282096863,0,0,5,7,4,0.8,0.5714285714285714,3,5,3,0,2,1.0,0.6,0.8163265306122449,1.0,0.5714285714285714,0,0,0,1,0,0,0,1
S1-198632283,S2-694893313,Devraj Planners Private Limited,DEVRAJ PLTNNERS PRIVATE LIMITED,"04, Ruturaj Apts, Juhu Road, Santacruz (West) Opp Sndt College, Mumbai, Mumbai City, Maharashtra",,1,0,0.06169533606922229,0.967741935483871,0.967741935483871,0.967741935483871,0.6,1.0,0.967741935483871,0.967741935483871,0.967741935483871,0.0,0.0,0.0,0.0,0.0,0,0.0,0,1,0,0,0,1,0.8653850555419922,0.0,0,0,4,4,3,0.75,0.75,2,2,1,1,1,0.5,0.5,0.9333333333333332,0.9333333333333332,0.7931034482758621,0,0,1,0,0,0,0,0
S1-812857732,S2-610268981,Mysore Producer Private Limited,Mysore Producer Prívate,"No 2818 1K, Ground Floor, 1St Cross, Chamundipuram, Mysore, Karnataka","NO 281 1K, GROUND FLOOR, 1ST CROSS, CHAMUNDIPURAM, MYSORE, ಕರ್ನಾಟಕ",1,0,0.061946158338961194,0.814814814814815,0.5555555555555556,0.8148148148148148,0.4,0.7419354838709677,0.8518518518518519,0.8518518518518519,1.0,0.8640000000000001,0.848,0.890909090909091,0.5714285714285714,0.953125,1,0.3333333333333333,0,0,1,1,1,3,0.0,0.8451448678970337,3,0,4,3,2,0.5,0.6666666666666666,2,3,2,0,1,1.0,0.6666666666666666,0.7894736842105263,1.0,0.5517241379310345,0,0,0,1,0,0,0,1
S1-881575490,S2-79469382,Jodhani Ventures,Jodhani Partners,"Maharashtra, Plot No 14C Sector 19 Vashi, Office No A-512 5Th Floor Groma House, Thane","OFFICE NO A-12 5TH FLOOR GROMA HOUSE, PLOT NO 14C SECTOR 19 VASHI, THANE, महाराष्ट्र",1,0,0.06305712214373939,0.6875,0.6875,0.6875,0.3333333333333333,1.0,0.6875,0.6875,0.6875,0.5121951219512195,0.8170731707317074,0.9142857142857143,0.65,0.9759036144578314,3,0.6,0,0,1,1,0,2,0.0,0.8536955118179321,0,0,2,2,1,0.5,0.5,2,2,1,1,1,0.5,0.5,0.6875,0.6875,0.23809523809523808,0,0,0,1,0,0,0,1
S1-345004868,S2-867344198,Mike Dry Private Limited,Private Mike Dry Limited,"5Th Floor, 4 Lee Road, Vaibhav, Howrah, Kolkata, West Bengal","#596 VAICHAV, KOLKATA, HOWRAH, West Bengal",1,0,0.06382641561339002,0.6666666666666667,1.0,1.0,1.0,1.0,0.6666666666666667,1.0,1.0,0.6021505376344086,0.7526881720430108,0.8125,0.3333333333333333,0.6909090909090909,0,0.0,0,1,0,0,0,1,1.000000238418579,0.0,0,0,4,4,4,1.0,1.0,2,2,2,0,0,1.0,1.0,1.0,1.0,0.6521739130434783,0,0,0,1,1,0,0,1
S1-932585553,S2-703966724,India Khandelwal Securities Ltd,India Khandelwal Ltd Center,"205, Patel Ashwamegh Complex, Nr. Lmp Show Room, Sayajigunj, Vadodara, Gujarat",,1,0,0.06407223484869298,0.6896551724137931,0.6896551724137931,0.851063829787234,0.6,0.8709677419354839,0.6896551724137931,0.6896551724137931,0.851063829787234,0.0,0.0,0.0,0.0,0.0,0,0.0,0,1,0,0,0,1,0.6898995637893677,0.0,0,0,4,4,3,0.75,0.75,3,3,2,1,1,0.6666666666666666,0.6666666666666666,0.8,0.8205128205128205,0.4117647058823529,0,0,1,0,0,0,0,0
S1-2878833,S2-320894887,Tech Food Private Limited,TECH F0OD,"Udaipur Colony, Po. Khanpur Via Ilmasnaga, Samastipur, Bihar","बिहार, UDAIPUR COLONY, PO. KHANPUR VIA ILMASNAGA, SAMASTIPUR",1,0,0.06518820447145764,0.4705882352941176,0.4705882352941176,0.6153846153846154,0.2,0.36,0.4705882352941176,0.4705882352941176,0.6153846153846154,0.8928571428571429,0.8928571428571429,0.9433962264150944,0.6363636363636364,1.0,0,0.0,0,0,1,1,0,2,0.0,0.9485577940940857,0,0,4,2,1,0.25,0.5,2,2,1,1,1,0.5,0.5,0.8888888888888888,0.8888888888888888,0.13043478260869565,0,0,0,0,0,0,0,0
S1-111837239,S2-500272459,Life Solutions Private Limited,లైఫ్ సొల్యూషన్స్ ప్రైవేట్ లిమిటెడ్,"H.No-8-2-393/B/219&220, F-202, A-Block, 2Nd Floor, Khairatabad, Hyderabad, Telangana","H.NO-8-2-393/B/21&9220, KHAIRATABAD, HYDERABAD, Telangana",1,0,0.06535654236578062,0.09999999999999998,0.09999999999999998,0.11538461538461534,0.0,1.0,0.696969696969697,0.696969696969697,0.6969696969696969,0.8142857142857143,0.7714285714285716,0.9259259259259259,0.5,0.7073170731707317,3,0.375,0,0,1,0,0,1,0.0,0.8167693018913269,0,0,4,11,0,0.0,0.0,2,11,0,2,11,0.0,0.0,0.045454545454545414,0.05555555555555557,0.0,0,0,0,1,0,0,1,0
S1-752762901,S2-267932179,Mumbai Services Pvt. Ltd.,Mumbai 5ervices Pvt. Limited,"Maharashtra, The Summit Business Bay, Near Cinemax Theatre Near Gurunanak Pump, Andheri Kurla Road, Andheri, Mumbai City, Mumbai, 724","724/1, THE SUMMIT BUSINESS BAY, NEAR CINEMAX THEATRE NEAR GURUNANAK PUMP, ANDHERI KURLA ROAD, ANDHERI, MUMBAI, महाराष्ट्र",1,0,0.06573381844403119,0.88,0.56,0.72,0.3333333333333333,0.8518518518518519,0.88,0.56,0.72,0.8464730290456431,0.8464730290456431,0.9417989417989417,0.6666666666666666,0.9126984126984127,1,0.5,0,0,1,1,0,2,0.0,0.9072282910346985,0,0,4,4,2,0.5,0.5,2,2,1,1,1,0.5,0.5,0.9333333333333332,0.9333333333333332,0.48148148148148145,0,0,0,1,0,0,1,0
S1-185438092,S2-317170042,Galaxy Wood Private Limited,M/s galaxywood.com,"Trichur, Kerala, Mg Road, 25/498 Maheshwari Building, Thrissur","27/498 MAHESHWARI BUILDING, MG ROAD, TRICHUR, Keralam",1,0,0.06740171286910149,0.5333333333333333,0.4444444444444444,0.4444444444444444,0.0,0.6666666666666666,0.5333333333333333,0.4444444444444444,0.4444444444444444,0.5740740740740741,0.8888888888888888,0.8888888888888888,0.5454545454545454,0.8620689655172413,1,0.3333333333333333,0,0,1,1,0,2,0.0,0.8466863632202148,0,0,4,4,0,0.0,0.0,2,4,0,2,4,0.0,0.0,0.6896551724137931,0.689655172413793,0.2962962962962963,0,0,0,1,0,0,0,1
S1-410654847,S2-512668458,Ameya Chits Private Limited,BELOFAYE,"Door 5A, 2Nd Floor, Ismailpuram 18Th Street, Munichalai Road, Madurai, Tamil Nadu","BLOCK E-565  DOOR 5A, 2ND FLOOR, ISMAILPURAM 18TH STREET, MUNICHALAI ROAD, KAMARAJAR SALAI MADURAI, தமிழ்நாடு",1,0,0.06779750433732497,0.17142857142857137,0.22857142857142854,0.22857142857142862,0.0,0.2962962962962963,0.17142857142857137,0.22857142857142854,0.22857142857142862,0.7752808988764045,0.7415730337078652,0.9219858156028369,0.47619047619047616,0.7450980392156863,3,0.75,0,0,1,1,0,2,0.0,0.798865795135498,0,0,4,1,0,0.0,0.0,2,1,0,2,1,0.0,0.0,0.21052631578947367,0.2105263157894737,0.0,0,0,0,1,0,0,0,1
S1-872342145,S2-249193400,Real Exports,रियल एक्सपोर्ट्स,"Hno- 26, Paschim Enclave, Paschim Vihar Rohtak Road, Delhi, West Delhi, Delhi","DELHI, WEST DELHI, दिल्ली, HNO- 46, PASCHIM ENCLAVE, PASCHIM VIHAR ROHTAK ROAD",1,0,0.0679171069988272,0.0714285714285714,0.0714285714285714,0.07692307692307693,0.0,0.75,0.6923076923076923,0.6923076923076923,0.6923076923076923,0.6619718309859155,0.9014084507042255,0.9696969696969697,0.6666666666666666,1.0,0,0.0,0,0,1,0,1,2,0.0,0.9563028216362,2,0,2,6,0,0.0,0.0,2,6,0,2,6,0.0,0.0,0.0714285714285714,0.07692307692307693,0.0,0,0,0,1,1,0,0,1
S1-388974719,S2-733116909,TM Finance Corp,Corporation TM Finance,"21 Veena Beena Ground Flropp Railway Stataion Bandra (W), Mumbai, Maharashtra","NO 23 VEENA BEENA GROUND FLROPP RAILWAY STATAION BANDRA (W), MUMBAI, Maharashtra",1,0,0.06793299052569722,0.5405405405405406,0.8108108108108109,0.8108108108108109,0.5,0.6818181818181818,0.5405405405405406,0.8108108108108109,0.8108108108108109,0.9664429530201343,0.9664429530201343,0.9790209790209791,0.7692307692307693,0.9605263157894737,0,0.0,0,0,1,1,0,2,0.0,0.9742475748062134,0,0,3,3,2,0.6666666666666666,0.6666666666666666,2,2,2,0,0,1.0,1.0,1.0,1.0,0.45,0,0,0,1,1,0,0,1
S1-508826199,S2-722803174,Global Nursing Home,Global  Nursing,"G-16, Krishana Marg C-Scheme, Jaipur, Rajasthan",,1,0,0.06864482715568912,0.8484848484848484,0.8484848484848484,1.0,0.6666666666666666,0.7368421052631579,0.8484848484848484,0.8484848484848484,1.0,0.0,0.0,0.0,0.0,0.0,0,0.0,0,1,0,0,0,1,0.8798829317092896,0.0,0,0,3,2,2,0.6666666666666666,1.0,3,2,2,1,0,0.6666666666666666,1.0,0.8484848484848484,1.0,0.7333333333333333,0,0,1,0,0,0,0,0
S1-584108482,S2-46404442,Star Technologies Private Limited,Star Private Limited Center,"West Bengal, Kolkata, 27 Amratolsa Street, Calcutta","38 AMRATOLSA STREET, KOLKATA, West Bengal",1,0,0.06871155990318861,0.6666666666666667,0.6666666666666667,0.851063829787234,0.6,0.8181818181818182,0.6666666666666667,0.6666666666666667,0.851063829787234,0.5057471264367817,0.850574712643678,0.96,0.625,0.8125,0,0.0,0,0,1,0,0,1,0.0,0.8675953149795532,0,0,4,4,3,0.75,0.75,2,2,1,1,1,0.5,0.5,0.5714285714285714,0.5714285714285715,0.3888888888888889,0,0,0,1,1,0,0,1
S1-961924061,S2-340001520,Sky International Private Limited,স্কাই ইন্টারন্যাশনাল প্রাইভেট লিমিটেড,"C/O Rabindra Nath Dasadhikary Vill And P.O-Dhamtore, Dist-Midnapur (W), Midnapur, Midnapore, West Bengal","MEDINIPUR WEST, West Bengal, C/O RABINDRA NATH DASADHIKARY VILL AND P.O-DHAMTORE",1,0,0.06965963227429388,0.08571428571428574,0.08571428571428574,0.09375,0.0,0.8918918918918919,0.6493506493506493,0.6493506493506493,0.6493506493506493,0.5795454545454546,0.8409090909090909,0.9242424242424242,0.6875,0.7959183673469388,0,0.0,0,0,0,1,0,1,0.0,0.0,0,0,4,14,0,0.0,0.0,2,14,0,2,14,0.0,0.0,0.03703703703703709,0.04166666666666671,0.0,0,0,0,0,0,0,0,0
S1-994686467,S2-866538083,Status (India) Education Limited,CENTER STATUS EDUCATION LIMITED,"B3, Aashiana Apartments, Venus Colony 2Nd Cross Street, Alwarpet, Chennai, Tamil Nadu","B#3, CHENNAI, தமிழ்நாடு",1,0,0.07070371316961911,0.7868852459016393,0.7868852459016393,0.8888888888888888,0.6,0.967741935483871,0.7868852459016393,0.7868852459016393,0.8888888888888888,0.24,0.28,0.5185185185185186,0.05555555555555555,0.25,1,0.5,0,1,0,0,0,1,0.804076075553894,0.0,0,0,4,4,3,0.75,0.75,3,3,2,1,1,0.6666666666666666,0.6666666666666666,0.7111111111111111,0.8421052631578948,0.5454545454545454,0,0,0,1,0,0,1,0
S1-101311260,S2-795206729,Osk Minds Company,Smt Osk  Minds Company,"Hyderabad, Telangana, Srt-358, G-3, Srilakshmibalaiah Res Opp Gitanjai High School, Jawahar Nagar, 1-1-379/245, Hyderabad",,1,0,0.07172665008916415,0.8947368421052632,0.8947368421052632,1.0,0.75,0.8095238095238095,0.8947368421052632,0.8947368421052632,1.0,0.0,0.0,0.0,0.0,0.0,0,0.0,0,1,0,0,0,1,0.9185583591461182,0.0,0,0,3,4,3,1.0,0.75,2,3,2,0,1,1.0,0.6666666666666666,0.8181818181818181,1.0,0.8125,0,0,1,0,0,0,0,0
S1-892819527,S2-146316966,AN Dream,AN Dream Corp,"94/42-A Sanjay Gandhi Nagar, Naubasta, Kanpur Nagar, Uttar Pradesh",,1,0,0.07382695670333587,0.7619047619047619,0.7619047619047619,1.0,0.6666666666666666,0.6153846153846154,0.7619047619047619,0.7619047619047619,1.0,0.0,0.0,0.0,0.0,0.0,0,0.0,0,1,0,0,0,1,0.7947192788124084,0.0,0,0,2,3,2,1.0,0.6666666666666666,2,2,2,0,0,1.0,1.0,1.0,1.0,0.5555555555555556,0,0,1,0,0,0,0,0
S1-835603768,S2-468981030,FVB Life Associates,FVB LIFE A5SOCIATES (LTD),"Khasra No. 279, Allavardipur, Greater Noida, Noida, Gautam Buddha Nagar, Uttar Pradesh","KHASRA NO. 280 , ALLAVARDIPUR, GREATER NOIDA, NOIDA, उत्तर प्रदेश",1,0,0.07413106419806494,0.8571428571428572,0.8571428571428572,0.8571428571428571,0.4,0.8260869565217391,0.8571428571428572,0.8571428571428572,0.8571428571428571,0.7050359712230216,0.6618705035971223,0.8089887640449439,0.29411764705882354,0.7375,0,0.0,0,1,0,1,0,2,0.7483555674552917,0.0,0,0,3,4,2,0.6666666666666666,0.5,3,3,2,1,1,0.6666666666666666,0.6666666666666666,0.9473684210526316,0.9473684210526315,0.5714285714285714,0,0,0,1,1,0,0,1
S1-220845823,S2-532485768,Anant Villa Private Limited,Anant Villa Private Private Límited,"155, Malgodam Road Odwar, Mughalsarai, Chandauli, Uttar Pradesh",,1,0,0.07484701319336566,0.8387096774193549,0.8387096774193549,0.9629629629629629,0.6,0.7714285714285715,0.8709677419354839,0.8709677419354839,1.0,0.0,0.0,0.0,0.0,0.0,0,0.0,0,1,0,0,1,2,0.843926727771759,0.0,1,0,4,4,3,0.75,0.75,2,3,2,0,1,1.0,0.6666666666666666,0.7333333333333334,1.0,0.7037037037037037,0,0,1,0,0,0,0,0
S1-740760911,S2-590381379,Pinnacle Consultants Pvt Ltd,Pinnacle Consultants Pvt-Ltd Pvt-Ltd,"Shop No. 211, Second Floor, Aggarwal Tarun Plaza, Tarun Enclave, Pitam Pura, Delhi, North West Delhi, Delhi",,1,0,0.07664427930767964,0.875,0.875,1.0,1.0,0.7777777777777778,0.875,0.875,1.0,0.0,0.0,0.0,0.0,0.0,0,0.0,0,1,0,0,0,1,0.9471143484115601,0.0,0,0,4,4,4,1.0,1.0,2,2,2,0,0,1.0,1.0,1.0,1.0,0.92,0,0,1,0,0,0,0,0
S1-594192956,S2-828594163,Baba Impex Private Limited,privateimpexbabacom,"Rajkot, Survey No 618P1 - 619 Dhoraji Moti Marad Road, Gujarat, Dhoraji, Opp. Sudhir Pla, Stic","619 DHORAJI MOTI MARAD ROAD, RAJKOT, DHORAJI, ગુજરાત",1,0,0.07688193430363027,0.4444444444444444,0.3111111111111111,0.3111111111111111,0.0,0.7307692307692307,0.4444444444444444,0.3111111111111111,0.3111111111111111,0.6222222222222222,0.6666666666666667,0.9066666666666667,0.35294117647058826,0.5697674418604651,1,0.3333333333333333,0,0,1,1,0,2,0.0,0.7647103071212769,0,0,4,1,0,0.0,0.0,2,1,0,2,1,0.0,0.0,0.41379310344827597,0.41379310344827586,0.35714285714285715,0,0,0,1,0,0,0,1
S1-139491826,S2-392123656,Solemn Trust,Solemn Trust Corporation,"Sheoraphuli, West Bengal, Hooghly, 36 (84/1) G. T. Road",,1,0,0.07850153602693745,0.6666666666666667,0.6666666666666667,1.0,0.6666666666666666,0.5,0.6666666666666667,0.6666666666666667,1.0,0.0,0.0,0.0,0.0,0.0,0,0.0,0,1,0,0,0,1,0.6984304189682007,0.0,0,0,2,3,2,1.0,0.6666666666666666,2,2,2,0,0,1.0,1.0,1.0,1.0,0.45,0,0,1,0,0,0,0,0
S1-221287697,S2-28011109,Archstone Traders Private Limited,Archstone Traders Private Private Limited,"Rajasthan, Jaipur, C/O Sitarm Sharma Nptc Ro, Adsagar Colony Kalyanganj, Jaipur",,1,0,0.07950957223599484,0.8918918918918919,0.8918918918918919,1.0,1.0,0.8048780487804879,0.8918918918918919,0.8918918918918919,1.0,0.0,0.0,0.0,0.0,0.0,0,0.0,0,1,0,0,0,1,0.9460042119026184,0.0,0,0,4,4,4,1.0,1.0,2,2,2,0,0,1.0,1.0,1.0,1.0,0.9333333333333333,0,0,1,0,0,0,0,0
S1-382140565,S2-909341360,Media Traders Private Limited,MEDIA TRADERS PRIVATE LÍMITED,"Flat No-204 F Plot No 97Saraswati Apartments Patparganj, New Delhi, East Delhi, Delhi",,1,0,0.07962256693252451,0.9655172413793103,0.9655172413793103,0.9655172413793103,0.6,1.0,1.0,1.0,1.0,0.0,0.0,0.0,0.0,0.0,0,0.0,0,1,0,0,1,2,0.8749997019767761,0.0,2,0,4,4,3,0.75,0.75,2,3,2,0,1,1.0,0.6666666666666666,0.7647058823529411,1.0,0.7777777777777778,0,0,1,0,0,0,0,0
S1-846194706,S2-330426841,Krishna Energy Private Limited,கிருஷ்ணா எனர்ஜி பிரைவேட் லிமிடெட்,"Plot No.10 B, 2Nd Cross St, T.V.S Nagar, (Annexe), Ambattur, Tiruvallur, Tamil Nadu","PLOT NO.10 B, AMBATTUR, தமிழ்நாடு, TIRUVALLUR",1,0,0.0797726916598175,0.10169491525423723,0.10169491525423723,0.11320754716981128,0.0,0.9666666666666667,0.6376811594202898,0.6376811594202898,0.6376811594202898,0.5517241379310345,0.5689655172413793,0.8767123287671232,0.3,0.5466666666666666,1,0.5,0,0,0,1,0,1,0.0,0.0,0,0,4,11,0,0.0,0.0,2,11,0,2,11,0.0,0.0,0.04651162790697672,0.054054054054054036,0.0,0,0,0,1,0,0,1,0
S1-387325651,S2-482457683,KPY Mumbai,KPY Partners,"316, Vill Dinapur, Varanasi, Uttar Pradesh","316, VILL DINAPUR, VARANASI, उत्तर प्रदेश",1,0,0.0799332486153092,0.4545454545454546,0.4545454545454546,0.4615384615384615,0.3333333333333333,0.8333333333333334,0.4545454545454546,0.4545454545454546,0.4615384615384615,0.7012987012987013,0.6493506493506493,0.7936507936507937,0.36363636363636365,0.9743589743589743,1,1.0,1,0,0,1,0,1,0.0,0.0,0,0,2,2,1,0.5,0.5,2,2,1,1,1,0.5,0.5,0.4545454545454546,0.4615384615384615,0.06666666666666667,0,0,0,1,0,1,1,0
S1-397641690,S2-905084215,Sky Infra Pvt Ltd,isky.com,"Plot No-113/2478, Lane-3, Bhubaneswar, Khordha, Orissa","PLOT NO-113/2478, LANE-3, KHORDHA, Odisha, BHUBANESWAR",1,0,0.07998990286260783,0.31999999999999995,0.31999999999999995,0.32,0.0,0.47058823529411764,0.31999999999999995,0.31999999999999995,0.32,0.74,0.96,0.96,0.8,1.0,3,1.0,1,0,1,1,0,2,0.0,0.8544089794158936,0,0,4,2,0,0.0,0.0,2,2,0,2,2,0.0,0.0,0.4705882352941176,0.4705882352941177,0.0625,0,0,0,1,0,1,1,0
S1-821087735,S2-866913937,(india) Shanta Wire Pvt Ltd,iswire.com,"G.N.214 At/Post- Mirajgaon, Ahmednagar, Karjat, Maharashtra, Ahmednagar","G.N.214 AT/POST- MRIAJGAON, AHMEDNAGAR, Maharashtra",1,0,0.0808738101409973,0.4,0.34285714285714286,0.3428571428571429,0.0,0.4,0.4,0.34285714285714286,0.3428571428571429,0.8245614035087719,0.8245614035087719,0.912621359223301,0.7,0.7272727272727273,1,1.0,1,0,1,1,0,2,0.0,0.8252748847007751,0,0,5,2,0,0.0,0.0,3,2,0,3,2,0.0,0.0,0.4444444444444444,0.4444444444444444,0.08333333333333333,0,0,0,1,0,1,1,0
S1-961557150,S2-473845540,Lord Chits Pvt Ltd,Lord Chist Pvt Ltd,"14/447, Vasundhra, Ghaziabad, Uttar Pradesh",,1,0,0.0810605068557849,0.9444444444444444,0.9444444444444444,0.9444444444444444,0.6,1.0,0.9444444444444444,0.9444444444444444,0.9444444444444444,0.0,0.0,0.0,0.0,0.0,0,0.0,0,1,0,0,0,1,0.7692309617996216,0.0,0,0,4,4,3,0.75,0.75,2,2,1,1,1,0.5,0.5,0.9,0.9,0.5294117647058824,0,0,1,0,0,0,0,0
S1-857938858,S2-652757967,Computech Supply Private Limited,Mr ÓRBIECTO,"House No.34 Ward No.17 Behind Bhosla Palace Kothi Road, Nagpur, Maharashtra","Maharashtra, NAGPUR, HOUSE NO.34 WARD NO.17 BEHIND BHOSLA PALACE KOTHI ROAD",1,0,0.081452971919899,0.2790697674418605,0.23255813953488372,0.23255813953488372,0.0,0.34375,0.2790697674418605,0.23255813953488372,0.23255813953488372,0.7397260273972602,1.0,1.0,1.0,1.0,2,1.0,1,0,1,1,0,2,0.0,0.9999992251396179,0,0,4,2,0,0.0,0.0,2,2,0,2,2,0.0,0.0,0.2222222222222222,0.2222222222222223,0.0,0,0,0,1,0,1,1,0
S1-240778382,S2-628711570,Sreeram Vidyalaya,M/s Sreeram Vidyalaya Corporation,"C/O Sampath Kumar, #410, 24Th Main, 2Nd Sector, Hsr Layouts, Bangalore, Karnataka",,1,0,0.08151888826555141,0.68,0.68,1.0,0.4,0.5151515151515151,0.68,0.68,1.0,0.0,0.0,0.0,0.0,0.0,0,0.0,0,1,0,0,0,1,0.7523547410964966,0.0,0,0,2,5,2,1.0,0.4,2,4,2,0,2,1.0,0.5,0.8947368421052632,1.0,0.5185185185185185,0,0,1,0,0,0,0,0
S1-728665747,S2-742343842,NYS Productions Private Limited,NYS Próductions Private Limited (ID: 94254),"17/14 Himgiri Oswal Parkpokhran Road No 2 Thane West, Mumbai, Thane, Maharashtra","DOOR NO 1-7/14 HIMGIRI OSWAL PARKPOKHRAN ROAD NO 2 THANE WEST, MUMBAI, महाराष्ट्र",1,0,0.08176079407494911,0.8450704225352113,0.8450704225352113,0.8450704225352113,0.42857142857142855,0.775,0.8732394366197183,0.8732394366197183,1.0,0.782051282051282,0.7307692307692308,0.8818897637795275,0.5263157894736842,0.9746835443037974,2,0.4,0,0,1,1,0,2,0.0,0.7949786186218262,0,0,4,6,3,0.75,0.5,2,4,1,1,3,0.5,0.25,0.717948717948718,0.717948717948718,0.6285714285714286,0,0,0,1,0,0,0,1
S1-467042505,S2-489878628,Sree Hospitality Pvt Ltd,ശ്രീ ഹോസ്പിറ്റാലിറ്റി പ്രൈവറ്റ് ലിമിറ്റഡ്,"Ernakulam, The Cottage, Menon Bari, E M S Road, Kalamassery North, Kanayannur Taluk, Tri, Kkakara, Ernakulam, No.Iv/828, Kerala","NO.IV/#828, ERNAKULAM, Kerala",1,0,0.08223914100207404,0.09836065573770492,0.09836065573770492,0.13333333333333328,0.0,0.6486486486486487,0.48571428571428577,0.48571428571428577,0.4857142857142857,0.3076923076923077,0.36363636363636365,1.0,0.2631578947368421,0.2222222222222222,1,1.0,1,0,1,1,0,2,0.0,0.6337692737579346,0,0,4,10,0,0.0,0.0,2,10,0,2,10,0.0,0.0,0.037735849056603765,0.054054054054054036,0.0,0,0,0,1,0,1,1,0
S1-770648922,S2-818859250,Enormous Travels Ltd,M/s Beloarc,"Ar Galla Industrial Estate, Alathuru Village, Bn Kandriga Mandal, Srikalahasti, Chittoor, Andhra Pradesh","AR GALLA INDUSTRIAL ESTATE, ALATHURU VILLAGE, BN KANDRIGA MANDAL, SRIKALAHASTI, CHITTOOR, Andhra Pradesh",1,0,0.08263454929796207,0.32258064516129037,0.3870967741935484,0.3870967741935484,0.0,0.55,0.32258064516129037,0.3870967741935484,0.3870967741935484,1.0,1.0,1.0,1.0,1.0,0,0.0,0,0,1,1,0,2,0.0,1.0000029802322388,0,0,3,3,0,0.0,0.0,2,3,0,2,3,0.0,0.0,0.3703703703703704,0.4444444444444444,0.0,1,0,0,0,0,0,0,0
S1-247131326,S2-544639758,Good (India) Pharma Private Limited,GOOD (INDIA) PHARMA LIMITED (SERVICES),"D No. 33-8-35, Kanchiraju Vari Street, Sajjapuram East-Iii, Tanuku, West Godavari, Andhra Pradesh","NO 33-8-3 , KANCHIRAJU VARI STREET, SAJJAPURAM EAST-III, TANUKU, ఆంధ్రప్రదేశ్",1,0,0.08302632026909258,0.7462686567164178,0.8656716417910448,0.8656716417910448,0.6666666666666666,0.9705882352941176,0.7462686567164178,0.8656716417910448,0.8656716417910448,0.7777777777777779,0.7283950617283951,0.890625,0.45454545454545453,0.7802197802197802,2,0.5,0,0,1,1,0,2,0.0,0.7794297933578491,0,0,5,5,4,0.8,0.8,3,4,3,0,1,1.0,0.75,0.7906976744186046,1.0,0.4864864864864865,0,0,0,1,0,0,1,0
S1-85270923,S2-564966867,Minerva Consultancy,MINERVA CÓNSÚLTANCY,"6-3-788/A/20, Ground Floor, Plot No.125 Durga Nagar Colony, Ameerpet, Hyderabad, Telangana",,1,0,0.08494357919657494,0.8947368421052632,0.8947368421052632,0.8947368421052632,0.3333333333333333,1.0,1.0,1.0,1.0,0.0,0.0,0.0,0.0,0.0,0,0.0,0,0,0,0,1,1,0.0,0.0,1,0,2,2,1,0.5,0.5,2,2,1,1,1,0.5,0.5,0.8947368421052632,0.8947368421052632,0.45454545454545453,0,0,1,0,0,0,0,0
S1-855561202,S2-993127763,Sarasora Conversions Private Limited,Sarasora Conversions-Private  Limited,"Plot No.7, Jothi Nagar, 1St Main Road, Annanur, Chennai, Tamil Nadu",,1,0,0.08625609852952623,1.0,1.0,1.0,1.0,1.0,1.0,1.0,1.0,0.0,0.0,0.0,0.0,0.0,0,0.0,0,1,0,0,0,1,0.9999992847442627,0.0,0,1,4,4,4,1.0,1.0,2,2,2,0,0,1.0,1.0,1.0,1.0,1.0,0,0,1,0,0,0,0,0
S1-39849825,S2-543945659,Aurangabad Services Private Limited,Aurangabad Services  Private Limited,"Plot No.26/P, Shah Nagar, Near Public School, Aurangabad, Maharashtra",,1,0,0.08625609852952623,1.0,1.0,1.0,1.0,1.0,1.0,1.0,1.0,0.0,0.0,0.0,0.0,0.0,0,0.0,0,1,0,0,0,1,0.9999992847442627,0.0,0,1,4,4,4,1.0,1.0,2,2,2,0,0,1.0,1.0,1.0,1.0,1.0,0,0,1,0,0,0,0,0
S1-426665727,S2-250398578,Vaayuendra Contractors Private Limited,Vaayuendra Contractors Private-(Limited),"Flat No.308, Aditya Tower Paras Pride, Rukmani Vihar, Vrindavan, Mathura, Uttar Pradesh",,1,0,0.08625609852952623,1.0,1.0,1.0,1.0,1.0,1.0,1.0,1.0,0.0,0.0,0.0,0.0,0.0,0,0.0,0,1,0,0,0,1,0.9999992847442627,0.0,0,1,4,4,4,1.0,1.0,2,2,2,0,0,1.0,1.0,1.0,1.0,1.0,0,0,1,0,0,0,0,0
S1-374746293,S2-61750590,Bluewave Industries Private Limited,Bluewave Industries Private Limited,"C/O Attar Singh S/O Moti Lal, Laharu Road, Near Pnb Bank, Charkhi Dadri, Bhiwani, Haryana, Bhiwani, Haryana",,1,0,0.08625609852952623,1.0,1.0,1.0,1.0,1.0,1.0,1.0,1.0,0.0,0.0,0.0,0.0,0.0,0,0.0,0,1,0,0,0,1,0.9999992847442627,0.0,0,1,4,4,4,1.0,1.0,2,2,2,0,0,1.0,1.0,1.0,1.0,1.0,0,0,1,0,0,0,0,0
S1-664035737,S2-483065324,Dream Real Media Private Limited,டிரீம் ரியல் மீடியா பிரைவேட் லிமிடெட்,"32, F No 2C Devadaya Apts, 1St Main Rd, Gandhi Nagar, Chennai City Corporation, Chennai, Tamil Nadu","33, F NO 2C DEVADAYA APTS, 1ST MAIN RD, GANDHI NAGAR, CHENNAI CITY CORPORATION, CHENNAI, Tamil Nadu",1,0,0.08665045204180477,0.125,0.125,0.1666666666666667,0.0,1.0,0.5866666666666667,0.5066666666666666,0.5066666666666666,0.989247311827957,0.989247311827957,0.9882352941176471,0.8823529411764706,1.0,2,0.5,0,0,1,1,0,2,0.0,0.9863004684448242,0,0,5,8,0,0.0,0.0,3,8,0,3,8,0.0,0.0,0.08333333333333337,0.125,0.0,0,0,0,1,0,0,0,1
S1-664035737,S2-539479935,Dream Real Media Private Limited,டிரீம் ரியல் மீடியா பிரைவேட் லிமிடெட்,"32, F No 2C Devadaya Apts, 1St Main Rd, Gandhi Nagar, Chennai City Corporation, Chennai, Tamil Nadu","33, F NO 2C DEVADAYA APTS, 1ST MAIN RD, GANDHI NAGAR, CHENNAI CITY CORPORATION, CHENNAI, Tamil Nadu",1,0,0.08665045204180477,0.125,0.125,0.1666666666666667,0.0,1.0,0.5866666666666667,0.5066666666666666,0.5066666666666666,0.989247311827957,0.989247311827957,0.9882352941176471,0.8823529411764706,1.0,2,0.5,0,0,1,1,0,2,0.0,0.9863004684448242,0,0,5,8,0,0.0,0.0,3,8,0,3,8,0.0,0.0,0.08333333333333337,0.125,0.0,0,0,0,1,0,0,0,1
S1-711701144,S2-894138222,Magma Retail Clinic,Magma Clinic (Center),"8/201/A, Casa De Dios, Pazhavanchala, Pozhiyoor P O, Thiruvananthapuram, Neyyattinkara, Neyyattinkara, Thiruvananthapuram, Trivandrum, Kerala",,1,0,0.08734492265575419,0.631578947368421,0.631578947368421,0.7894736842105263,0.5,1.0,0.631578947368421,0.631578947368421,0.7894736842105263,0.0,0.0,0.0,0.0,0.0,0,0.0,0,1,0,0,0,1,0.6451614499092102,0.0,0,0,3,3,2,0.6666666666666666,0.6666666666666666,3,3,2,1,1,0.6666666666666666,0.6666666666666666,0.631578947368421,0.7894736842105263,0.30434782608695654,0,0,1,0,0,0,0,0
S1-198435259,S2-667470770,Pioneer Logistics,पायोनियर लॉजिस्टिक्स,"Plot No 29 Khasra No, 1141 Chokdi Kalla, Jodhpur, Rajasthan","PLOT NO 29 KHASRA NO, JODHPUR REGION, JODHPUR, राजस्थान",1,0,0.08839064166901052,0.05405405405405405,0.05405405405405405,0.05714285714285708,0.0,0.85,0.631578947368421,0.631578947368421,0.631578947368421,0.6111111111111112,0.6296296296296297,0.7575757575757575,0.35714285714285715,0.9285714285714286,1,0.5,0,0,0,1,0,1,0.0,0.0,0,0,2,9,0,0.0,0.0,2,9,0,2,9,0.0,0.0,0.05405405405405405,0.05714285714285708,0.0,0,0,0,1,0,0,1,0
S1-924609198,S2-944660178,Deo Welfare Society,DEO WÉLFARE SOCIETY CORP,"16/668-669 Tank Roadbapa Nagar Karol Bagh, New Delhi, Central Delhi, Delhi",,1,0,0.08849814143123898,0.8372093023255813,0.8372093023255813,0.8372093023255814,0.4,0.7916666666666666,0.8837209302325582,0.8837209302325582,1.0,0.0,0.0,0.0,0.0,0.0,0,0.0,0,0,0,0,1,1,0.0,0.0,2,0,3,4,2,0.6666666666666666,0.5,3,3,2,1,1,0.6666666666666666,0.6666666666666666,0.9473684210526316,0.9473684210526315,0.5454545454545454,0,0,1,0,0,0,0,0
S1-958004482,S2-770754985,Supreme Foundation,സുപ്രീം ഫൗണ്ടേഷൻ,"Door No. 16/3331, Opposite Csez, Kakkanad, Ernakulam, Kerala","16/3331, ERNAKULAM, Kerala",1,0,0.08873664804677857,0.0625,0.0625,0.0625,0.0,0.7777777777777778,0.3783783783783784,0.3783783783783784,0.3783783783783784,0.6075949367088608,0.6075949367088608,1.0,0.4444444444444444,0.43636363636363634,2,1.0,1,0,0,1,0,1,0.0,0.0,0,0,2,7,0,0.0,0.0,2,7,0,2,7,0.0,0.0,0.0625,0.0625,0.0,0,0,0,1,0,1,1,0
S1-358987753,S2-348909036,Ludhiana Investments Corporation,MIRABELOVANTAGE,"H No 2206 Krishna Nagar, Civil Lines, Ludhiana, Punjab","RUPNAGAR, CIVIL LINES, LUDHIANA, G-2206 KRISHNA NAGAR, ਪੰਜਾਬ",1,0,0.08903807106186155,0.25531914893617025,0.2978723404255319,0.29787234042553196,0.0,0.46875,0.25531914893617025,0.2978723404255319,0.29787234042553196,0.5607476635514019,0.8224299065420559,0.8666666666666667,0.42857142857142855,0.9107142857142857,1,1.0,1,0,1,1,0,2,0.0,0.8162697553634644,0,0,3,1,0,0.0,0.0,2,1,0,2,1,0.0,0.0,0.34285714285714286,0.3428571428571429,0.0,0,0,0,1,0,1,1,0
S1-865265568,S2-219603887,Mysore Constructions,Mysore  Constructions Corporation,"1195, 3Rd Block, A Block Kanakadasanagar, Dattagalli, Mysore, Karnataka",,1,0,0.08992461916474458,0.7692307692307692,0.7692307692307692,1.0,0.6666666666666666,0.625,0.7692307692307692,0.7692307692307692,1.0,0.0,0.0,0.0,0.0,0.0,0,0.0,0,1,0,0,0,1,0.8323767781257629,0.0,0,0,2,3,2,1.0,0.6666666666666666,2,2,2,0,0,1.0,1.0,1.0,1.0,0.64,0,0,1,0,0,0,0,0
S1-710546437,S2-879268463,Thakur Marketing Pvt Ltd,Shri THAKUR PVT LTD SERVICE,"Promoter, L-23A Malviya Nagar, New Delhi, Delhi","BLOCK A-918 PROMOTER, L-23A MALVIYA NAGAR, Delhi",1,0,0.09164132046134348,0.5490196078431373,0.5490196078431373,0.736842105263158,0.5,0.8888888888888888,0.5490196078431373,0.5490196078431373,0.736842105263158,0.7555555555555555,0.8,0.9444444444444444,0.6,0.9565217391304348,1,0.5,0,0,0,1,0,1,0.0,0.0,0,0,4,5,3,0.75,0.6,2,3,1,1,2,0.5,0.3333333333333333,0.5142857142857142,0.5714285714285715,0.25,0,0,0,1,0,0,0,1
S1-598071938,S2-291484039,South High Energy,साउथ हाई एनर्जी,"285, Gopur Colony, Indore, Madhya Pradesh","DOOR NO 593 285, INDORE, मध्य प्रदेश",1,0,0.09254337944899432,0.12903225806451613,0.12903225806451613,0.12903225806451615,0.0,0.8235294117647058,0.6111111111111112,0.6111111111111112,0.6111111111111112,0.36111111111111116,0.4444444444444444,0.4722222222222222,0.14285714285714285,0.8947368421052632,1,0.5,0,0,0,1,1,2,0.0,0.0,2,0,3,6,0,0.0,0.0,3,6,0,3,6,0.0,0.0,0.12903225806451613,0.12903225806451615,0.0,0,0,0,1,0,0,0,1
S1-208562707,S2-410946773,Trish Trading Private Limited,Trish Trading Private Límited,"Level 4, A Wing, Dynasty, Business Park, Kurla Road, Mumbai, Maharashtra",,1,0,0.09260496740236081,0.9655172413793103,0.9655172413793103,0.9655172413793103,0.6,1.0,1.0,1.0,1.0,0.0,0.0,0.0,0.0,0.0,0,0.0,0,1,0,0,0,1,0.8799998164176941,0.0,0,0,4,4,3,0.75,0.75,2,3,2,0,1,1.0,0.6666666666666666,0.7647058823529411,1.0,0.7777777777777778,0,0,1,0,0,0,0,0
S1-179217874,S2-78787893,Samay Traders Private Limited,Samay Traders Private [Limited],"65-A, Kh No 42/15 & 42/16 Ground Floor, Indraprastha Colony, Nathu Pura, Street No 13 Blk-C Burari, North Delhi, Delhi",,1,0,0.09268926301810133,1.0,1.0,1.0,1.0,1.0,1.0,1.0,1.0,0.0,0.0,0.0,0.0,0.0,0,0.0,0,1,0,0,0,1,0.9999995827674866,0.0,0,1,4,4,4,1.0,1.0,2,2,2,0,0,1.0,1.0,1.0,1.0,1.0,0,0,1,0,0,0,0,0
S1-601085203,S2-751517643,HY Andconsultancy Private Limited,HY Andconsultancy Private-[Limited],"C-302, Saransh Apartment Plot No. 34, I. P. Extension, Patparganj, New Delhi, East Delhi, Delhi",,1,0,0.09268926301810133,1.0,1.0,1.0,1.0,1.0,1.0,1.0,1.0,0.0,0.0,0.0,0.0,0.0,0,0.0,0,1,0,0,0,1,0.9999995827674866,0.0,0,1,4,4,4,1.0,1.0,2,2,2,0,0,1.0,1.0,1.0,1.0,1.0,0,0,1,0,0,0,0,0
S1-734894999,S2-597201913,Greencity Traders Private Limited,Greencity-Traders Private Limited,"Gf-23 South Bopal Trade Near Aryan Gloriya, Daskroi, Ahmedabad, Gujarat",,1,0,0.09268926301810133,1.0,1.0,1.0,1.0,1.0,1.0,1.0,1.0,0.0,0.0,0.0,0.0,0.0,0,0.0,0,1,0,0,0,1,0.9999995827674866,0.0,0,1,4,4,4,1.0,1.0,2,2,2,0,0,1.0,1.0,1.0,1.0,1.0,0,0,1,0,0,0,0,0
S1-723684644,S2-316749486,Thane Technology Private Limited,Thane Technology Private (Limited),"Thane, Maharashtra, 2Nd Narasimha Dham Vishnu Nagar Thane West, Thane",,1,0,0.09268926301810133,1.0,1.0,1.0,1.0,1.0,1.0,1.0,1.0,0.0,0.0,0.0,0.0,0.0,0,0.0,0,1,0,0,0,1,0.9999995827674866,0.0,0,1,4,4,4,1.0,1.0,2,2,2,0,0,1.0,1.0,1.0,1.0,1.0,0,0,1,0,0,0,0,0
S1-52959936,S2-423388410,Sonipat Stone Private Limited,Sonipat Stone Private  Limited,"988L/26, Gali No. 1, Sheesh Ram Bagh Colony, West Ram Nagar, Sonipat, Sonepat, Haryana",,1,0,0.09268926301810133,1.0,1.0,1.0,1.0,1.0,1.0,1.0,1.0,0.0,0.0,0.0,0.0,0.0,0,0.0,0,1,0,0,0,1,0.9999995827674866,0.0,0,1,4,4,4,1.0,1.0,2,2,2,0,0,1.0,1.0,1.0,1.0,1.0,0,0,1,0,0,0,0,0
S1-769281136,S2-609732347,Karnatak Granites Private Limited,Karnatak  Granites Private Limited,"1373, 24Th Main, Bsk Ii Stage Bangalore, Bangalore, Karnataka",,1,0,0.09268926301810133,1.0,1.0,1.0,1.0,1.0,1.0,1.0,1.0,0.0,0.0,0.0,0.0,0.0,0,0.0,0,1,0,0,0,1,0.9999995827674866,0.0,0,1,4,4,4,1.0,1.0,2,2,2,0,0,1.0,1.0,1.0,1.0,1.0,0,0,1,0,0,0,0,0
S1-849283937,S2-736824928,New Marketing Private Limited,New Marketing Private-Limited,"C/O Arvind Kumar Sharma, Naithla, Bulandshahr, Uttar Pradesh",,1,0,0.09268926301810133,1.0,1.0,1.0,1.0,1.0,1.0,1.0,1.0,0.0,0.0,0.0,0.0,0.0,0,0.0,0,1,0,0,0,1,0.9999995827674866,0.0,0,1,4,4,4,1.0,1.0,2,2,2,0,0,1.0,1.0,1.0,1.0,1.0,0,0,1,0,0,0,0,0
S1-987208391,S2-156422520,Jagatsinghpur Technology Pvt Ltd,Jagatsinghpur Technology Pvt Ltd.,"H.No-77, At-Balarampur, Jagannath Vihar Near Mangalachhaka, Kujang, Jagatsinghpur, Orissa",,1,0,0.09268926301810133,1.0,1.0,1.0,1.0,1.0,1.0,1.0,1.0,0.0,0.0,0.0,0.0,0.0,0,0.0,0,1,0,0,0,1,0.9999995827674866,0.0,0,1,4,4,4,1.0,1.0,2,2,2,0,0,1.0,1.0,1.0,1.0,1.0,0,0,1,0,0,0,0,0
S1-193411781,S2-663004913,Kusum Trading Private Limited,KUSUM TRADING PRIVATE LIMITED,"A-18 Tej Garhi Crossing, Meerut, Uttar Pradesh",,1,0,0.09268926301810133,1.0,1.0,1.0,1.0,1.0,1.0,1.0,1.0,0.0,0.0,0.0,0.0,0.0,0,0.0,0,1,0,0,0,1,0.9999995827674866,0.0,0,1,4,4,4,1.0,1.0,2,2,2,0,0,1.0,1.0,1.0,1.0,1.0,0,0,1,0,0,0,0,0
S1-276895695,S2-933314076,Master Pte,MASTER PTE CENTER,"Pullamkavunkal House Pannakadu Thathapilly P.O Kottuvally, Paravur, Ernakulam, Kerala","PULLAMKAVUNKAL HOUSE PANNAKADU THATHAPILLY P.O KOTTUVALLY, PARAVUR, Keralam",1,0,0.0931982795490598,0.7407407407407408,0.7407407407407408,1.0,0.6666666666666666,0.5882352941176471,0.7407407407407408,0.7407407407407408,1.0,0.9290322580645162,0.9290322580645162,0.9420289855072465,0.7272727272727273,0.8902439024390244,0,0.0,0,1,1,1,0,3,0.8268689513206482,0.9325621724128723,0,0,2,3,2,1.0,0.6666666666666666,2,3,2,0,1,1.0,0.6666666666666666,0.7407407407407408,1.0,0.5833333333333334,0,0,0,0,0,0,0,0
S1-162520384,S2-434444209,High Systems Pvt Ltd,हाई सिस्टम्स प्रा. लि.,"Office No.903, 9Th Floor, 360 Degree Business Park, Lbs Road, Mulund West, Mumbai, Maharashtra, Mumbai City","OFFICE NO.903, MUMBAI, MUMBAI CITY, Maharashtra",1,0,0.0941974275344667,0.1578947368421053,0.1578947368421053,0.17647058823529405,0.0,0.9,0.5853658536585367,0.5853658536585367,0.5853658536585367,0.5,0.6111111111111112,1.0,0.375,0.44,1,0.3333333333333333,0,0,1,0,0,1,0.0,0.7352306842803955,0,0,4,7,0,0.0,0.0,2,7,0,2,7,0.0,0.0,0.06666666666666665,0.07692307692307693,0.0,0,0,0,1,0,0,1,0
S1-72583263,S2-376132296,White Hospitality Private Limited,വൈറ്റ് ഹോസ്പിറ്റാലിറ്റി പ്രൈവറ്റ് ലിമിറ്റഡ്,"Door No. 6/261-A, Valappad P.O., Near Valappad High School Ground, Thrissur, Kerala","H.NO 6/261-A, VALAPPAD P.O., NEAR VALAPPAD HIGH SCHOOL GROUND, THRISSUR, Kerala",1,0,0.0950433112954332,0.08333333333333337,0.08333333333333337,0.11111111111111115,0.0,0.8461538461538461,0.5185185185185186,0.5185185185185186,0.5185185185185186,0.9668874172185431,0.9536423841059603,0.984375,0.8666666666666667,0.961038961038961,2,1.0,1,0,1,1,0,2,0.0,0.9739007353782654,0,0,4,10,0,0.0,0.0,2,10,0,2,10,0.0,0.0,0.0357142857142857,0.052631578947368356,0.0,0,0,0,1,0,1,1,0
S1-353543716,S2-921474797,Guru Engineering Pvt Ltd,குரு இன்ஜினியரிங் பிரைவேட் லிமிடெட்,"Dp 115 Ambattur Industrial Estate, Tamil Nadu, Chennai","DP B3/115 AMBATTUR INDUSTRIAL ESTATE, Tamil Nadu, CHENNAI, TIRUVALLUR",1,0,0.0959828783393472,0.10909090909090914,0.10909090909090914,0.12244897959183675,0.0,0.7741935483870968,0.5538461538461539,0.5538461538461539,0.5538461538461539,0.8813559322033897,0.8813559322033897,1.0,0.8,0.7878787878787878,1,0.5,0,0,0,1,0,1,0.0,0.0,0,0,4,12,0,0.0,0.0,2,12,0,2,12,0.0,0.0,0.042553191489361646,0.04878048780487802,0.0,0,0,0,1,0,0,0,1
S1-410429500,S2-362042869,Solutions Proactive Agro Limited,Solutions Proactive Agro Limited | www.solutions.com,"Shop No. 01, Bhamashah Complex Kudli Stand, Tehsil-Shivsinghpura, Sikar, Rajasthan","SHOP NO. 3 , BHAMASHAH COMPLEX KUDLI STAND, TEHSIL-SHIVSINGHPURA, SIKAR, Rajasthan",1,0,0.09620183907291588,0.7804878048780488,0.7804878048780488,1.0,0.6666666666666666,0.64,0.7804878048780488,0.7804878048780488,1.0,0.9803921568627451,0.9803921568627451,0.9866666666666667,0.8333333333333334,0.987012987012987,0,0.0,0,1,1,1,0,3,0.9009743332862854,0.9881815910339355,0,0,4,6,4,1.0,0.6666666666666666,3,5,3,0,2,1.0,0.6,0.7272727272727273,1.0,0.7714285714285715,0,0,0,1,1,0,0,1
S1-665423270,S2-69515628,Ace Investment Private Limited,Ace Investment Private  Limited,"Wework Berger, Sector 16B, C-001/A2, Noida, Gautam Buddha Nagar, Uttar Pradesh",,1,0,0.0997468448357443,1.0,1.0,1.0,1.0,1.0,1.0,1.0,1.0,0.0,0.0,0.0,0.0,0.0,0,0.0,0,1,0,0,0,1,0.9999996423721313,0.0,0,1,4,4,4,1.0,1.0,2,2,2,0,0,1.0,1.0,1.0,1.0,1.0,0,0,1,0,0,0,0,0
S1-589175943,S2-972892104,Dlf Industries Private Limited,dlf industries private limited,"Punjab, Ludhiana (West), Country Homes, Canal Road, Ayali Kalan, Near Shivalik Petrol Pump, House No.4, Ludhiana",,1,0,0.0997468448357443,1.0,1.0,1.0,1.0,1.0,1.0,1.0,1.0,0.0,0.0,0.0,0.0,0.0,0,0.0,0,1,0,0,0,1,0.9999996423721313,0.0,0,1,4,4,4,1.0,1.0,2,2,2,0,0,1.0,1.0,1.0,1.0,1.0,0,0,1,0,0,0,0,0
S1-847155951,S2-424716044,Dipa Marketing Private Limited,Dipa Marketing Private  Limited,"43 New Cloth Market, O/S Raipur Gate, Ahmadabad City, Ahmedabad, Gujarat",,1,0,0.0997468448357443,1.0,1.0,1.0,1.0,1.0,1.0,1.0,1.0,0.0,0.0,0.0,0.0,0.0,0,0.0,0,1,0,0,0,1,0.9999996423721313,0.0,0,1,4,4,4,1.0,1.0,2,2,2,0,0,1.0,1.0,1.0,1.0,1.0,0,0,1,0,0,0,0,0
S1-363805119,S2-806254083,Saffron Products Private Limited,Saffron Products Private Limited,"2X3 Main Guard Cross Road, B'Lore 1, Bangalore, Karnataka",,1,0,0.0997468448357443,1.0,1.0,1.0,1.0,1.0,1.0,1.0,1.0,0.0,0.0,0.0,0.0,0.0,0,0.0,0,1,0,0,0,1,0.9999996423721313,0.0,0,1,4,4,4,1.0,1.0,2,2,2,0,0,1.0,1.0,1.0,1.0,1.0,0,0,1,0,0,0,0,0
S1-259899971,S2-271523700,Jay Management Private Limited,JAY  MANAGEMENT PRIVATE LIMITED,"Flat No. 203, Anupam Star Residency Near Halwai Ki Bagichi, Kailashpuri Crossing, Agra, Uttar Pradesh",,1,0,0.0997468448357443,1.0,1.0,1.0,1.0,1.0,1.0,1.0,1.0,0.0,0.0,0.0,0.0,0.0,0,0.0,0,1,0,0,0,1,0.9999996423721313,0.0,0,1,4,4,4,1.0,1.0,2,2,2,0,0,1.0,1.0,1.0,1.0,1.0,0,0,1,0,0,0,0,0
S1-795597112,S2-789414479,Ziraora Realty Private Limited,Ziraora Realty Private (Limited),"Fl No.-1, Cts No. 83, Shastri Chambers Budhwar Peth, Pune, Maharashtra",,1,0,0.0997468448357443,1.0,1.0,1.0,1.0,1.0,1.0,1.0,1.0,0.0,0.0,0.0,0.0,0.0,0,0.0,0,1,0,0,0,1,0.9999996423721313,0.0,0,1,4,4,4,1.0,1.0,2,2,2,0,0,1.0,1.0,1.0,1.0,1.0,0,0,1,0,0,0,0,0
S1-753002537,S2-425425804,Bhoomi Tyres,Bhoomi Tosse,"Maharashtra, Mumbai City, 2 Jagruti Industrial Estatemogul Lane Ground Floor Mahim (W), Mumbai","NO 347 JAGRUTI INDUSTRIAL ESTATEMOGUL LANE GROUND FLOOR MAHIM (W), MUMBAI, Maharashtra",1,0,0.10269395664620944,0.75,0.75,0.75,0.3333333333333333,1.0,0.75,0.75,0.75,0.7602339181286549,0.9005847953216375,0.9554140127388535,0.7142857142857143,0.9213483146067416,0,0.0,0,1,1,1,0,3,0.550000011920929,0.9235923290252686,0,0,2,2,1,0.5,0.5,2,2,1,1,1,0.5,0.5,0.75,0.75,0.38461538461538464,0,0,0,1,1,0,0,1
S1-965440698,S2-585858155,Nellai Marketing Ltd,Nellai  Ltd Service,"D-226, Gf, Tagore Garden Extn., New Delhi, West Delhi, Delhi","Delhi, D-526, GF, TAGORE GARDEN EXTN., NEW DELHI",1,0,0.10588026490044898,0.5263157894736843,0.5263157894736843,0.7142857142857143,0.5,0.9,0.5263157894736843,0.5263157894736843,0.7142857142857143,0.7422680412371134,0.865979381443299,0.942857142857143,0.7,0.7962962962962963,0,0.0,0,0,1,1,0,2,0.0,0.9165937900543213,0,0,3,3,2,0.6666666666666666,0.6666666666666666,2,2,1,1,1,0.5,0.5,0.6,0.6,0.2,0,0,0,1,1,0,0,1
S1-334282723,S2-967447593,Ara Care Public Limited,Smt ARA PUBLIC  CARE LIMITED,"C/O Shafiq Ul Islam, Khnanjapur Madrse Ksamne, Muzaffarnagar, Uttar Pradesh",,1,0,0.10598207007131871,0.72,0.92,1.0,0.8,0.8518518518518519,0.72,0.92,1.0,0.0,0.0,0.0,0.0,0.0,0,0.0,0,1,0,0,0,1,0.9370430707931519,0.0,0,0,4,5,4,1.0,0.8,3,4,3,0,1,1.0,0.75,0.5882352941176471,1.0,0.4444444444444444,0,0,1,0,0,0,0,0
S1-154220911,S2-519721913,Saket & Partners,Mr Saket & Partners (Company),"R-12/76, Raj Nagar One Room, Ingram Institute, Ghaziabad, Uttar Pradesh","PLOT 971/9 R-12/76, RAJ NAGAR ONE ROOM, INGRAM INSTITUTE, Uttar Pradesh",1,0,0.10889557676766545,0.7659574468085107,0.7659574468085107,1.0,0.6,0.6206896551724138,0.7659574468085107,0.7659574468085107,1.0,0.8444444444444444,0.8592592592592593,0.9193548387096775,0.7333333333333333,0.9852941176470589,2,0.5,0,1,1,1,0,3,0.8027729988098145,0.8500092625617981,0,0,3,5,3,1.0,0.6,3,4,3,0,1,1.0,0.75,0.923076923076923,1.0,0.6086956521739131,0,0,0,1,0,0,0,1
S1-870053322,S2-45164962,Radiance Paint Pvt Ltd,Zepharia,"H No.7-1-130/1 Sahakar Nagar, Khammam, Telangana","DOOR NO 7-1-130/1 SHAAKAR NAGAR, KHAMMAM, Telangana",1,0,0.10929521193717232,0.2666666666666667,0.33333333333333337,0.33333333333333326,0.0,0.36363636363636365,0.2666666666666667,0.33333333333333337,0.33333333333333326,0.9263157894736842,0.9263157894736842,0.923076923076923,0.6363636363636364,0.9387755102040817,3,1.0,1,0,1,1,0,2,0.0,0.8179612159729004,0,0,4,1,0,0.0,0.0,2,1,0,2,1,0.0,0.0,0.36363636363636365,0.45454545454545453,0.0,0,0,0,1,0,1,1,0
S1-197268969,S2-671830595,Galaxy Finance Pvt Ltd,ഗാലക്സി ഫിനാൻസ് പ്രൈവറ്റ് ലിമിറ്റഡ്,"Building No. Vi/36-J Kaninadu Po, Ernakulam, Kerala","BUILDING NO. VI/36- KANINADU PO, ERNAKULAM, കേരളം",1,0,0.10941996759040479,0.1132075471698113,0.1132075471698113,0.11764705882352942,0.0,0.7096774193548387,0.4482758620689655,0.31034482758620685,0.31034482758620685,0.8695652173913043,0.8478260869565217,0.9397590361445783,0.6363636363636364,0.9166666666666666,1,1.0,1,0,1,1,0,2,0.0,0.8884315490722656,0,0,4,13,0,0.0,0.0,2,13,0,2,13,0.0,0.0,0.04444444444444439,0.04651162790697669,0.0,0,0,0,1,0,1,1,0
S1-66756967,S2-148240052,South Software Private Limited,South Limited Private Software,"5-Ashok Nagargautam Budh Marg Lucknow, Uttar Pradesh, Lucknow, Uttar Pradesh",,1,0,0.11047195942010088,0.6333333333333333,1.0,1.0,1.0,1.0,0.6333333333333333,1.0,1.0,0.0,0.0,0.0,0.0,0.0,0,0.0,0,1,0,0,0,1,1.0000004768371582,0.0,0,0,4,4,4,1.0,1.0,2,2,2,0,0,1.0,1.0,1.0,1.0,0.6129032258064516,0,0,1,0,0,0,0,0
S1-248049037,S2-114225123,Astro Organics Private Limited,Limited Astr0 Private Services,"Haryana, Gurugram, Tower 14, M3M Golf Estate, Sector - 65, Flat #1405C, Gurgaon","452 FLAT #1405C, TOWER 14, M3M GOLF ESTATE, SECTOR - 65, GURGAON, GURUGRAM, Haryana",1,0,0.11115150874722554,0.5,0.6666666666666667,0.8333333333333333,0.3333333333333333,1.0,0.5,0.6666666666666667,0.8333333333333333,0.6388888888888888,0.9722222222222221,1.0,0.9230769230769231,0.9459459459459459,4,0.8,0,0,1,1,0,2,0.0,0.9804546236991882,0,0,4,4,2,0.5,0.5,2,2,0,2,2,0.0,0.0,0.6428571428571428,0.6428571428571428,0.3157894736842105,0,0,0,1,0,0,0,1
S1-106970830,S2-71326839,Tech Dream Solutions Pvt Ltd,टेक ड्रीम सॉल्यूशंस प्रा. लि.,"C/O Vishamber Singh 276 Aryanagar Jalalabad, Jalalabad, Muzaffarnagar, Uttar Pradesh","C/O VISHAMBER SINGH 976 ARYANAGAR JALALABAD, JALALABAD, MUZAFFARNAGAR, Uttar Pradesh",1,0,0.11150426734186433,0.15094339622641506,0.15094339622641506,0.1702127659574468,0.0,0.8928571428571429,0.576271186440678,0.576271186440678,0.576271186440678,0.9876543209876543,0.9876543209876543,0.9859154929577465,0.8181818181818182,1.0,0,0.0,0,0,1,1,0,2,0.0,0.9807704091072083,0,0,5,10,0,0.0,0.0,3,10,0,3,10,0.0,0.0,0.0888888888888889,0.10256410256410263,0.0,0,0,0,1,1,0,0,1
S1-182599190,S2-136811701,Gold Infra Private Limited,ഗോൾഡ് ഇൻഫ്ര പ്രൈവറ്റ് ലിമിറ്റഡ്,"St.Thomas Church Buildings Kallara Road, Kuruppanthara, Manjoor P.O, ., Kottayam, Kerala","ST.THOMAS CHURCH BUILDINGS KALLARA ROAD, KURUPPANTHARA, MANJOOR P.O, ., KOTTAYAM, കേരളം",1,0,0.1135797342338689,0.11111111111111116,0.11111111111111116,0.12,0.0,0.9285714285714286,0.5964912280701755,0.5964912280701755,0.5964912280701754,0.9375,0.925,0.9673202614379085,0.7857142857142857,0.9753086419753086,0,0.0,0,0,1,1,0,2,0.0,0.9466338157653809,0,0,4,10,0,0.0,0.0,2,10,0,2,10,0.0,0.0,0.05263157894736848,0.058823529411764636,0.0,0,0,0,0,0,0,0,0
S1-858333335,S2-6091475,Freight Auto Pvt Ltd,Freight Auto Pvt Ltd,"H No 1-1-131, Chikkadapally, Ashok Nagar, Hyderabad Telangana, Hyderabad, Telangana",,1,0,0.1148345864797333,1.0,1.0,1.0,1.0,1.0,1.0,1.0,1.0,0.0,0.0,0.0,0.0,0.0,0,0.0,0,1,0,0,0,1,0.9999995231628418,0.0,0,1,4,4,4,1.0,1.0,2,2,2,0,0,1.0,1.0,1.0,1.0,1.0,0,0,1,0,0,0,0,0
S1-83633324,S2-64157715,BMR Advisors Private Limited,BMR Advisors Pravie Pravie Limited,"C/O Sohanpal, Khurrampur, Murad Nagar Modinagar, Ghaziabad, Uttar Pradesh","C/O SOHANPAL, KHURRAMPUR, MURAD NAGAR MODINAGAR, GHAZIABAD, उत्तर प्रदेश",1,0,0.1149594622938502,0.8387096774193549,0.8387096774193549,0.9090909090909091,0.6,0.8235294117647058,0.8387096774193549,0.8387096774193549,0.9090909090909091,0.8321167883211679,0.8175182481751826,0.894308943089431,0.5333333333333333,0.9855072463768116,0,0.0,0,0,1,1,0,2,0.0,0.8786420822143555,0,0,4,4,3,0.75,0.75,2,3,2,0,1,1.0,0.6666666666666666,0.631578947368421,1.0,0.5666666666666667,0,0,0,0,0,0,0,0
S1-297401699,S2-559355194,Dream Construction Pvt Ltd,ड्रीम कंस्ट्रक्शन प्रा. लि.,"A- 268/ G103, Grd Floor, Bright Land Public School, Ghaziabad, Uttar Pradesh","A- 268//5 G103, GRD FLOOR, BRIGHT LAND PUBLIC SCHOOL, GHAZIABAD, उत्तर प्रदेश",1,0,0.11523084241906649,0.12244897959183676,0.12244897959183676,0.12765957446808515,0.0,0.8846153846153846,0.5098039215686274,0.3529411764705882,0.35294117647058826,0.8226950354609929,0.8085106382978724,0.8888888888888888,0.5555555555555556,0.9859154929577465,2,0.6666666666666666,0,0,1,1,0,2,0.0,0.8440394997596741,0,0,4,10,0,0.0,0.0,2,10,0,2,10,0.0,0.0,0.04878048780487809,0.05128205128205124,0.0,0,0,0,1,0,0,1,0
S1-297401699,S2-218865060,Dream Construction Pvt Ltd,ड्रीम कंस्ट्रक्शन प्रा. लि.,"A- 268/ G103, Grd Floor, Bright Land Public School, Ghaziabad, Uttar Pradesh","A- 268//5 G103, GRD FLOOR, BRIGHT LAND PUBLIC SCHOOL, GHAZIABAD, उत्तर प्रदेश",1,0,0.11523084241906649,0.12244897959183676,0.12244897959183676,0.12765957446808515,0.0,0.8846153846153846,0.5098039215686274,0.3529411764705882,0.35294117647058826,0.8226950354609929,0.8085106382978724,0.8888888888888888,0.5555555555555556,0.9859154929577465,2,0.6666666666666666,0,0,1,1,0,2,0.0,0.8440394997596741,0,0,4,10,0,0.0,0.0,2,10,0,2,10,0.0,0.0,0.04878048780487809,0.05128205128205124,0.0,0,0,0,1,0,0,1,0
S1-517224642,S2-568451170,Modern Builders Private Limited,Modern Private Limited  Partners,"Plot No. - Ga 9, Niladri Vihar Chandrasekharpur, Bhubaneswar, Khordha, Orissa","PLOT NO. - GA 8, NILADRI VIHAR CHANDRASEKHARPUR, BHUBANESWAR, Odisha",1,0,0.11592548534272117,0.7096774193548387,0.7096774193548387,0.8387096774193549,0.6,1.0,0.7096774193548387,0.7096774193548387,0.8387096774193549,0.9090909090909091,0.8939393939393939,0.9217391304347826,0.5833333333333334,0.8857142857142857,0,0.0,0,0,1,0,0,1,0.0,0.840461015701294,0,0,4,4,3,0.75,0.75,2,2,1,1,1,0.5,0.5,0.6666666666666667,0.6666666666666665,0.5,0,0,0,1,1,0,0,1
S1-241430817,S2-722308666,KYE Fund Private Limited,KYE Fund Limited Private,"Flat No. F1 First Floor, A-Block Diamond Dwellingassy No. 6 Kereguddadahalli, Bangalore, Karnataka",,1,0,0.11620627224248842,0.6666666666666667,1.0,1.0,1.0,1.0,0.6666666666666667,1.0,1.0,0.0,0.0,0.0,0.0,0.0,0,0.0,0,1,0,0,0,1,1.000000238418579,0.0,0,0,4,4,4,1.0,1.0,2,2,2,0,0,1.0,1.0,1.0,1.0,0.7272727272727273,0,0,1,0,0,0,0,0
S1-705638322,S2-593396338,Rescue Power Private Limited,Rescue Power Private  Limited,"New Delhi, Delhi, C-458, C. R. Park",,1,0,0.11720931888023649,1.0,1.0,1.0,1.0,1.0,1.0,1.0,1.0,0.0,0.0,0.0,0.0,0.0,0,0.0,0,1,0,0,0,1,0.9999998211860657,0.0,0,1,4,4,4,1.0,1.0,2,2,2,0,0,1.0,1.0,1.0,1.0,1.0,0,0,1,0,0,0,0,0
S1-382957897,S2-812115904,JH Solutions Private Limited,JH SOLUTIONS  PRIVATE LIMITED,"C 103 Matrusri Apartsold Mla Quarters Road Hyderguda, Hyderabad, Telangana",,1,0,0.11720931888023649,1.0,1.0,1.0,1.0,1.0,1.0,1.0,1.0,0.0,0.0,0.0,0.0,0.0,0,0.0,0,1,0,0,0,1,0.9999998211860657,0.0,0,1,4,4,4,1.0,1.0,2,2,2,0,0,1.0,1.0,1.0,1.0,1.0,0,0,1,0,0,0,0,0
S1-259435745,S2-344474822,Indo Exports Private Limited,indo exports private limited,"Hyderabad, Telangana, 4Th Floor, Anushka Trendz, Road No. 14, Khairatabad, #403",,1,0,0.11720931888023649,1.0,1.0,1.0,1.0,1.0,1.0,1.0,1.0,0.0,0.0,0.0,0.0,0.0,0,0.0,0,1,0,0,0,1,0.9999998211860657,0.0,0,1,4,4,4,1.0,1.0,2,2,2,0,0,1.0,1.0,1.0,1.0,1.0,0,0,1,0,0,0,0,0
S1-581219504,S2-83261393,Apa Hospital Private Limited,Apa Hospital-Private Limited,"Gala/Unit No.214, Second Floor Wing A, Amar Gian Co-Operative Society Ltd Lbs Marg, Thane, Maharashtra",,1,0,0.11720931888023649,1.0,1.0,1.0,1.0,1.0,1.0,1.0,1.0,0.0,0.0,0.0,0.0,0.0,0,0.0,0,1,0,0,0,1,0.9999998211860657,0.0,0,1,4,4,4,1.0,1.0,2,2,2,0,0,1.0,1.0,1.0,1.0,1.0,0,0,1,0,0,0,0,0
S1-2618340,S2-160315774,Jai Construction Private Limited,जय कंस्ट्रक्शन प्राइवेट लिमिटेड,"Flat No 1902 Philipa Bldg, Rodas Enclave, Thane, Maharashtra","# PHILIPA BLDG, THANE, Maharashtra",1,0,0.11754432209531512,0.09523809523809523,0.09523809523809523,0.10169491525423723,0.0,0.96875,0.6461538461538461,0.5846153846153845,0.5846153846153846,0.6896551724137931,0.6896551724137931,1.0,0.4444444444444444,0.5263157894736842,0,0.0,0,0,1,0,0,1,0.0,0.758287250995636,0,0,4,12,0,0.0,0.0,2,12,0,2,12,0.0,0.0,0.042553191489361646,0.04651162790697669,0.0,0,0,0,0,0,0,0,0
S1-619239650,S2-563061086,Suryalok Academy Private Limited,Suryalok Academy Prhsggrae Limited,"Bihar, Gullobara, Darbhanga, Darbhangastate-Bihar","Bihar, DOOR NO 429 GULLOBARA, DAHBHANGASTATE-BIHAR",1,0,0.1188579665313201,0.8787878787878788,0.8787878787878788,0.8787878787878788,0.6,0.9411764705882353,0.8787878787878788,0.8787878787878788,0.8787878787878788,0.7659574468085107,0.7659574468085107,0.7317073170731707,0.25,0.9583333333333334,0,0.0,0,0,0,1,0,1,0.0,0.0,0,0,4,4,3,0.75,0.75,2,3,2,0,1,1.0,0.6666666666666666,0.7619047619047619,1.0,0.6,0,0,0,0,0,0,0,0
S1-949814671,S2-990618121,Ahluwalia Sangh,Ahluwalia Sangh Corp,"Kerala, Kaloor, Room No.70/1405-A8 Grand Towers Lfc Road, Cochin, Ernakulam",,1,0,0.11931918111135995,0.8571428571428572,0.8571428571428572,1.0,0.6666666666666666,0.75,0.8571428571428572,0.8571428571428572,1.0,0.0,0.0,0.0,0.0,0.0,0,0.0,0,1,0,0,0,1,0.8876256942749023,0.0,0,0,2,3,2,1.0,0.6666666666666666,2,2,2,0,0,1.0,1.0,1.0,1.0,0.75,0,0,1,0,0,0,0,0
S1-228759719,S2-786075696,Interface Solutions Limited,lNTERFACE LIMITED SERVICES,"B-1 Devdarshan Society Kalol, Gandhinagar, Ahmedabad, Gujarat","Gujarat, GANDHINAGAR, AHMEDABAD, B-1 DEVDARSHAN SOCIETY KALOL",1,0,0.12142572593932081,0.6037735849056604,0.49056603773584906,0.7547169811320755,0.2,0.9629629629629629,0.6037735849056604,0.49056603773584906,0.7547169811320755,0.5344827586206897,1.0,1.0,1.0,1.0,1,1.0,1,0,1,1,0,2,0.0,0.9999988675117493,0,0,3,3,1,0.3333333333333333,0.3333333333333333,2,2,0,2,2,0.0,0.0,0.6486486486486487,0.6486486486486487,0.36363636363636365,0,0,0,1,0,1,1,0
S1-483862456,S2-891363945,Siddheshwar Narayani,Siddheshwar-Narayani LLP,"Mp 14 400A, Areekkara House Adukkath Po, Kuttiadi, Kozhikode, Kerala",,1,0,0.12175366437650666,0.9090909090909091,0.9090909090909091,1.0,0.6666666666666666,0.8333333333333334,0.9090909090909091,0.9090909090909091,1.0,0.0,0.0,0.0,0.0,0.0,0,0.0,0,1,0,0,0,1,0.9370430707931519,0.0,0,0,2,3,2,1.0,0.6666666666666666,2,2,2,0,0,1.0,1.0,1.0,1.0,0.85,0,0,1,0,0,0,0,0
S1-677954057,S2-96427161,Pioneer Raj Foundation Private Limited,പയനിയർ രാജ് ഫൗണ്ടേഷൻ പ്രൈവറ്റ് ലിമിറ്റഡ്,"50/179, Kannur Central, Mg Road, Thavakkara, Kannur, Kerala","180 50/179, KANNUR CENTRAL, MG ROAD, THAVAKKARA, KANNUR, Kerala",1,0,0.12215190513851752,0.10666666666666667,0.10666666666666667,0.11267605633802816,0.0,0.9736842105263158,0.49382716049382713,0.4444444444444444,0.4444444444444444,0.9642857142857143,0.9642857142857143,1.0,0.8888888888888888,0.9310344827586207,2,0.6666666666666666,0,0,1,1,0,2,0.0,0.9796596765518188,0,0,5,14,0,0.0,0.0,3,14,0,3,14,0.0,0.0,0.06779661016949157,0.07272727272727267,0.0,0,0,0,1,0,0,0,1
S1-821501016,S2-888106676,North Estate Private Limited,Dr North Estate Plrbvatfet Limited,"Plot No. 169 Scheme No. 78-Ii, Indore, Madhya Pradesh","Madhya Pradesh, H.NO 54  SCHEME NO. 78-II, INDORE",1,0,0.12266618233110034,0.8709677419354839,0.8709677419354839,0.8709677419354839,0.5,0.8235294117647058,0.8709677419354839,0.8709677419354839,0.8709677419354839,0.5957446808510638,0.872340425531915,0.9367088607594937,0.6363636363636364,0.9183673469387755,1,0.3333333333333333,0,0,1,1,0,2,0.0,0.8966854810714722,0,0,4,5,3,0.75,0.6,2,4,2,0,2,1.0,0.5,0.631578947368421,1.0,0.47058823529411764,0,0,0,1,0,0,0,1
S1-230692194,S2-661596311,Neuro Bikes Private Limited,Private Neuro Bikes Ltd,"13/35 Sadar Bazar, Guna, Madhya Pradesh, Guna","3/35 SADAR BZAR, GUNA, MANTRI KOTHI, मध्य प्रदेश",1,0,0.12416022997771586,0.6,0.92,0.92,0.6,0.8518518518518519,0.6,0.92,0.92,0.5977011494252873,0.5747126436781609,0.5853658536585367,0.1875,0.9333333333333333,1,0.3333333333333333,0,1,0,1,0,2,0.7789040803909302,0.0,0,0,4,4,3,0.75,0.75,2,2,2,0,0,1.0,1.0,1.0,1.0,0.48148148148148145,0,0,0,1,0,0,0,1
S1-955370091,S2-514285994,Star Clinic,Star Cmhnnc,"Arazi No. 2248, Gram Bisayakpur Tehsil Akbarpur, Zila Ramabai Nagar, Kanpur, Kanpur Dehat, Uttar Pradesh","ARAZI NO. 5248, GRAM BISAYAKPUR TEHSIL AKBARPUR, ZILA RAMABAI NAGAR, KANPUR, उत्तर प्रदेश",1,0,0.12531424763582164,0.7272727272727273,0.7272727272727273,0.7272727272727272,0.3333333333333333,1.0,0.7272727272727273,0.7272727272727273,0.7272727272727272,0.8131868131868132,0.7692307692307692,0.88,0.5,0.8571428571428571,0,0.0,0,0,1,1,0,2,0.0,0.8398249745368958,0,0,2,2,1,0.5,0.5,2,2,1,1,1,0.5,0.5,0.7272727272727273,0.7272727272727272,0.23076923076923078,0,0,0,1,1,0,0,1
S1-823378659,S2-384631045,Marvelous Advisors,M/s Marvelous Advisors,"No.37 (9), Tirupur Tower, Stanes Road, 4Th Street, Tirupur, Coimbatore, Tamil Nadu",,1,0,0.1262294759364212,0.9,0.9,1.0,0.5,0.8181818181818182,0.9,0.9,1.0,0.0,0.0,0.0,0.0,0.0,0,0.0,0,1,0,0,0,1,0.9701424241065979,0.0,0,0,2,4,2,1.0,0.5,2,4,2,0,2,1.0,0.5,0.9,1.0,0.8823529411764706,0,0,1,0,0,0,0,0
S1-8850688,S2-146722692,SQA Land Private Limited,SQA Land Private #81919,"Krishna Enterprises Sonkh Road, Near State Bank Krishna Nagar, Mathura, Uttar Pradesh","NO 44 KRISHNA ENTERPRISES SONKH ROAD, NEAR STATE BANK KRISHNA NAGAR, MATHURA, Uttar Pradesh",1,0,0.12641809603479212,0.7391304347826086,0.6956521739130435,0.8421052631578948,0.6,0.9166666666666666,0.7391304347826086,0.6956521739130435,0.8421052631578948,0.9647058823529412,0.9647058823529412,1.0,0.8461538461538461,0.9318181818181818,0,0.0,0,0,1,1,0,2,0.0,0.9868125319480896,0,0,4,4,3,0.75,0.75,2,3,2,0,1,1.0,0.6666666666666666,0.7272727272727273,1.0,0.5,0,0,0,0,0,0,0,0
S1-962575839,S2-21976905,One Services Pvt Ltd,ୱାନ୍ ସର୍ଭିସେସ୍ ପ୍ରାଇଭେଟ୍ ଲିମିଟେଡ୍,"Plot No-370/2419, Oscar City, Lane-6, Bhubaneswar, Khordha, Orissa","Odisha, PLOT NO-370/241, KHORDHA, OSCAR CITY, LANE-6, BHUBANESWAR",1,0,0.12661458169909612,0.12244897959183676,0.12244897959183676,0.13333333333333328,0.0,0.6896551724137931,0.5283018867924528,0.45283018867924535,0.45283018867924524,0.743801652892562,0.9586776859504132,0.9586776859504132,0.6923076923076923,0.9836065573770492,2,0.5,0,0,1,1,0,2,0.0,0.8433808088302612,0,0,4,12,0,0.0,0.0,2,12,0,2,12,0.0,0.0,0.04878048780487809,0.054054054054054036,0.0,0,0,0,1,0,0,1,0
S1-214070164,S2-146449988,Clover Liability Private Limited,C1over Lgability Private Private Limited,"D.No.8/11, Extension Street, Ondipudur, Coimbatore, Tamil Nadu","8/11, EXTENSION STREET, ONDIPUDUR, COIMBATORE, Tamil Nadu",1,0,0.12934015303232352,0.8333333333333335,0.8333333333333335,0.9375,0.3333333333333333,0.8,0.8333333333333335,0.8333333333333335,0.9375,0.9549549549549551,0.9549549549549551,1.0,0.8,0.9137931034482759,2,1.0,1,0,1,1,0,2,0.0,0.9830498099327087,0,0,4,4,2,0.5,0.5,2,2,0,2,2,0.0,0.0,0.875,0.875,0.6470588235294118,0,0,0,1,0,1,1,0
S1-238727644,S2-173394743,Products Natural Colour Private Limited,PRODUCTS NAAUTRAL COLOUR PRIVATE LIMITED,"C/O Makwana Pankajbhai, Gam Taraf Na Raste, Charoniya, Limbdi, Surendrangar, Surendranagar, Gujarat",,1,0,0.1302296270772827,0.9620253164556962,0.9620253164556962,0.9620253164556962,0.6666666666666666,0.975,0.9620253164556962,0.9620253164556962,0.9620253164556962,0.0,0.0,0.0,0.0,0.0,0,0.0,0,1,0,0,0,1,0.8530328273773193,0.0,0,0,5,5,4,0.8,0.8,3,3,2,1,1,0.6666666666666666,0.6666666666666666,0.9361702127659575,0.9361702127659575,0.7631578947368421,0,0,1,0,0,0,0,0
S1-163747629,S2-890447132,Creative Developers Private Limited,ক্রিয়েটিভ Developers Private Limited,"0410, Gourangonagar, Notun Pally Near Avijan Sporting Club, Ps-New Town, Kolkata, Kolkata, Howrah, West Bengal","0410, KOLKATA REGION, HOWRAH, West Bengal",1,0,0.13092335803426755,0.7605633802816901,0.7323943661971832,0.8524590163934427,0.3333333333333333,0.9722222222222222,0.8493150684931507,0.7123287671232876,0.8524590163934427,0.46808510638297873,0.524822695035461,0.8985507246376812,0.3125,0.36893203883495146,1,1.0,1,0,0,0,1,1,0.0,0.0,2,0,4,8,3,0.75,0.375,2,6,1,1,5,0.5,0.16666666666666666,0.5641025641025641,0.689655172413793,0.6285714285714286,0,0,0,1,0,1,1,0
S1-187840265,S2-255210882,Sunrise Trading Private Limited,SUNRISE TRADING PRIVATE LIMITED,"Janki Kutir Mahajani Plot Jatharpeth Road, Akola, Maharashtra, Akola",,1,0,0.13159969091566287,1.0,1.0,1.0,1.0,1.0,1.0,1.0,1.0,0.0,0.0,0.0,0.0,0.0,0,0.0,0,1,0,0,0,1,1.0000004768371582,0.0,0,1,4,4,4,1.0,1.0,2,2,2,0,0,1.0,1.0,1.0,1.0,1.0,0,0,1,0,0,0,0,0
S1-799416351,S2-991311715,Raven Transport Private Limited,RAVEN TRANSPORT PRIVATE LIMITED,"H. No. 616/B/5556 Baba Fari Mankapur, Nagpur, Maharashtra",,1,0,0.13159969091566287,1.0,1.0,1.0,1.0,1.0,1.0,1.0,1.0,0.0,0.0,0.0,0.0,0.0,0,0.0,0,1,0,0,0,1,1.0000004768371582,0.0,0,1,4,4,4,1.0,1.0,2,2,2,0,0,1.0,1.0,1.0,1.0,1.0,0,0,1,0,0,0,0,0
S1-661127513,S2-361126976,City Management Pvt Ltd,সিটি ম্যানেজমেন্ট Pvt Ltd,"17/1/1A, Nilmoni Mitra Street, Ward No. - 17, P.O. - Beadon Street, Kolkata, Kolkata, Howrah, West Bengal","KOLKATA, HOWRAH, #17/1/1A, পশ্চিমবঙ্গ",1,0,0.13240695056310806,0.3829787234042554,0.2978723404255319,0.5185185185185186,0.2,0.9583333333333334,0.7755102040816326,0.653061224489796,0.653061224489796,0.272,0.41600000000000004,0.8,0.2631578947368421,0.358695652173913,2,1.0,1,0,0,0,1,1,0.0,0.0,1,0,4,8,2,0.5,0.25,2,6,0,2,6,0.0,0.0,0.06451612903225812,0.07407407407407404,0.14814814814814814,0,0,0,1,0,0,1,0
S1-100030935,S2-850084037,Galaxy Solutions Private Limited,கேலக்ஸி சொல்யூஷன்ஸ் பிரைவேட் லிமிடெட்,"Gods Park Srinivasanagar, V Main Road, Plot No 4, Tiruchirappalli, Tamil Nadu","TIRUCHIRAPPALLI, PLOT NO 04, Tamil Nadu, GODS PARK SRINIVASANAGAR, V MAIN ROAD, TIRUCHIRAPPALLI",1,0,0.132419477269411,0.09230769230769231,0.09230769230769231,0.10526315789473685,0.0,0.9696969696969697,0.547945205479452,0.4383561643835616,0.4383561643835616,0.6380368098159509,0.8957055214723927,0.9931972789115646,0.8461538461538461,0.8111111111111111,1,1.0,1,0,1,1,0,2,0.0,0.9355267286300659,0,0,4,12,0,0.0,0.0,2,12,0,2,12,0.0,0.0,0.04081632653061229,0.04878048780487802,0.0,0,0,0,1,0,1,1,0
S1-604034555,S2-294785422,Rare Care Private Limited,Wexfluxyuma,"1242, Mundunkal 14, Thoppumpady, Kochi, Ernakulam, Kerala","1242, KOCHI, ERNAKULAM, Kerala",1,0,0.1326914717199948,0.16666666666666663,0.2222222222222222,0.2222222222222223,0.0,0.44,0.16666666666666663,0.2222222222222222,0.2222222222222223,0.6835443037974683,0.6835443037974683,1.0,0.5714285714285714,0.5192307692307693,1,0.5,0,0,1,0,0,1,0.0,0.716114342212677,0,0,4,1,0,0.0,0.0,2,1,0,2,1,0.0,0.0,0.19999999999999996,0.2,0.0,0,0,0,1,0,0,1,0
S1-549710076,S2-381593395,Siddheswari Vidyalaya Private Limited,Siddheswari  Vidyalaya Private (Limited),"Ward 1, Door No 29, Poyyamala, Chungakunnu P O, Kelakam, Thalassery, Kannur, Kerala",,1,0,0.1339411219778098,1.0,1.0,1.0,1.0,1.0,1.0,1.0,1.0,0.0,0.0,0.0,0.0,0.0,0,0.0,0,1,0,0,0,1,1.0,0.0,0,1,4,4,4,1.0,1.0,2,2,2,0,0,1.0,1.0,1.0,1.0,1.0,0,0,1,0,0,0,0,0
S1-792219547,S2-515314359,Eastern Producer Pvt Ltd,ഈസ്റ്റേൺ പ്രൊഡ്യൂസർ പ്രൈവറ്റ് ലിമിറ്റഡ്,"Sukrutham Complex, Triprayar Temple Road, Chavakkad, Thrissur, Kerala","SUKRUTHAM COMPLEX, TRIPRAYAR TEMPLE ROAD, CHAVAKKAD, THRISSUR, Kerala",1,0,0.13429058488345033,0.09836065573770492,0.09836065573770492,0.11764705882352942,0.0,0.6486486486486487,0.4375,0.34375,0.34375,1.0,1.0,1.0,1.0,1.0,0,0.0,0,0,1,1,0,2,0.0,1.0000005960464478,0,0,4,12,0,0.0,0.0,2,12,0,2,12,0.0,0.0,0.037735849056603765,0.04651162790697669,0.0,1,0,0,0,0,0,0,0
S1-544938509,S2-520156794,Fortune Tech LLP,ஃபார்ச்சூன் டெக் எல்எல்பி,"10 & 12 Kumaranagar South2Nd Street Tirupur, Coimbatore District, Tamil Nadu","DOOR NO 10 & 12 KUMARANAGAR SOUTH2ND STREET TIRUPUR, WESTERN REGION COIMBATORE, Tamil Nadu",1,0,0.13570053190855155,0.10526315789473684,0.10526315789473684,0.12121212121212124,0.0,0.7272727272727273,0.5,0.35,0.35,0.8072289156626506,0.8433734939759038,0.9370629370629371,0.6666666666666666,0.8444444444444444,3,1.0,1,0,1,1,0,2,0.0,0.8181955218315125,0,0,3,8,0,0.0,0.0,2,8,0,2,8,0.0,0.0,0.05882352941176472,0.06896551724137936,0.0,0,0,0,1,0,1,1,0
S1-743051413,S2-938485244,All Finance Private Limited,ਆਲ ਫਾਈਨੈਂਸ ਪ੍ਰਾਈਵੇਟ ਲਿਮਟਿਡ,"Near Indian Oil Petrol Pump, Village Haripur, Dinanagar, Punjab, Gurdaspur, C/O Rajan Mahajan, Gurdaspur","GURDASPUR, NEAR INDIAN OIL PETROL PUMP, VILLAGE HARIPUR, DINANAGAR, Punjab, GURDASPUR, PLOT 711- C/O RAJAN MAHAJAN",1,0,0.13740618474034375,0.11538461538461542,0.11538461538461542,0.11538461538461534,0.0,0.9259259259259259,0.6031746031746033,0.4444444444444444,0.4444444444444444,0.8585365853658538,0.9560975609756097,1.0,0.875,0.9158878504672897,0,0.0,0,0,1,1,0,2,0.0,0.9750155210494995,0,0,4,11,0,0.0,0.0,2,11,0,2,11,0.0,0.0,0.05555555555555558,0.05555555555555557,0.0,0,0,0,0,0,0,0,0
S1-812386674,S2-597709583,Life Investment,LIFE INVESTMENT LLP,"Fl C 103, Shubhashri Res Ps 2 Sno 171A, Behind Jai Ganesh Vision, Aku, Rdi, Pune, Maharashtra",,1,0,0.13756371386174554,0.8823529411764706,0.8823529411764706,1.0,0.6666666666666666,0.7894736842105263,0.8823529411764706,0.8823529411764706,1.0,0.0,0.0,0.0,0.0,0.0,0,0.0,0,1,0,0,0,1,0.9158107042312622,0.0,0,0,2,3,2,1.0,0.6666666666666666,2,2,2,0,0,1.0,1.0,1.0,1.0,0.8,0,0,1,0,0,0,0,0
S1-762870087,S2-267235176,Venus Graphite Pvt Ltd,Sri VENUS GRAPHITE PVT,"No.53/1, West Anjaneya, Temple Rd, Gandhi Bazaar, Bangalore South, Bangalore, Karnataka",,1,0,0.13880647261270695,0.8181818181818181,0.8181818181818181,0.9,0.6,1.0,0.8181818181818181,0.8181818181818181,0.9,0.0,0.0,0.0,0.0,0.0,0,0.0,0,1,0,0,0,1,0.8529413938522339,0.0,0,0,4,4,3,0.75,0.75,2,3,2,0,1,1.0,0.6666666666666666,0.875,1.0,0.7,0,0,1,0,0,0,0,0
S1-641459048,S2-934836867,Patna Hospital Private Limited,Patna Patna Hbrospslt Private Limited,"Nepali Nagar, Chandra Vihar Colony Khajpura, Patna, Bihar","NEPALI NAGAR, CHANDRA VIHAR COLONY KHAJPURA, PATNA, बिहार",1,0,0.1393037506421332,0.8059701492537313,0.8059701492537313,0.8852459016393442,0.6,0.8108108108108109,0.8059701492537313,0.8059701492537313,0.8852459016393442,0.9074074074074074,0.8888888888888888,0.9411764705882354,0.6363636363636364,1.0,0,0.0,0,0,1,1,0,2,0.0,0.9433705806732178,0,0,4,4,3,0.75,0.75,2,2,1,1,1,0.5,0.5,0.6285714285714286,0.7586206896551724,0.4722222222222222,0,0,0,0,0,0,0,0
S1-496811448,S2-653367030,Classic Sai International Private Limited,கிளாசிக் சாய் இன்டர்நேஷனல் பிரைவேட் லிமிடெட்,"Aunitof Sabari Foundation, Kuthambakam, Poonamalle, Tk, Poonamallee, Tiruvallur, Tamil Nadu","AUNITOF SABARI FOUNDATION, <NULL>, POONAMALLEE, TIRUVALLUR, Tamil Nadu",1,0,0.14354835062636634,0.09999999999999998,0.09999999999999998,0.11111111111111115,0.0,0.9512195121951219,0.5591397849462365,0.4946236559139785,0.4946236559139785,0.8456375838926175,0.8456375838926175,0.959349593495935,0.6363636363636364,0.7529411764705882,0,0.0,0,0,1,1,0,2,0.0,0.854910135269165,0,0,5,14,0,0.0,0.0,3,14,0,3,14,0.0,0.0,0.0625,0.07142857142857138,0.0,0,0,0,0,0,0,0,0
S1-31701183,S2-640434559,Body Hospital,Body  Hospital Company,"4 Ganesh Chandra Avnu, Kolkata, Calcutta, West Bengal",,1,0,0.14364083821065926,0.7647058823529411,0.7647058823529411,1.0,0.6666666666666666,0.6190476190476191,0.7647058823529411,0.7647058823529411,1.0,0.0,0.0,0.0,0.0,0.0,0,0.0,0,1,0,0,0,1,0.7928250432014465,0.0,0,0,2,3,2,1.0,0.6666666666666666,2,2,2,0,0,1.0,1.0,1.0,1.0,0.5882352941176471,0,0,1,0,0,0,0,0
S1-893129823,S2-49020339,Kingfisher Industries Private Limited,Kingfisher Private Industries Limited,"Office No. 107, First Floor, Arista Business Space, Opp. H.O.F, Pakvan Circle To Sindhubhavan Road, Bodakdev, Ahmadabad City, Ahmedabad, Gujarat",,1,0,0.1444069108876812,0.7837837837837838,1.0,1.0,1.0,1.0,0.7837837837837838,1.0,1.0,0.0,0.0,0.0,0.0,0.0,0,0.0,0,1,0,0,0,1,1.0,0.0,0,0,4,4,4,1.0,1.0,2,2,2,0,0,1.0,1.0,1.0,1.0,0.6842105263157895,0,0,1,0,0,0,0,0
S1-422393089,S2-587453356,Smart Gold Corp,M/s Smart Corp Gold,"701, 7Th Floor Deepali Building, 92, Nehru Place, New Delhi, Delhi",,1,0,0.14594492497072878,0.5882352941176471,0.8823529411764706,1.0,0.6,0.7894736842105263,0.5882352941176471,0.8823529411764706,1.0,0.0,0.0,0.0,0.0,0.0,0,0.0,0,1,0,0,0,1,0.9591660499572754,0.0,0,0,3,5,3,1.0,0.6,2,4,2,0,2,1.0,0.5,0.8333333333333335,1.0,0.4117647058823529,0,0,1,0,0,0,0,0
S1-125418732,S2-337383665,City Management Private Limited,സിറ്റി മാനേജ്മെന്റ് പ്രൈവറ്റ് ലിമിറ്റഡ്,"Iii Rd Floor, Sdf-17 Csez, Kakkanad, Cochin, Kerala","ERNAKULAM, Kerala, COCHIN, SDF-17 CSEZ, III RD FLOOR",1,0,0.14754683448193548,0.09090909090909094,0.09090909090909094,0.11538461538461534,0.0,0.8857142857142857,0.5555555555555556,0.5,0.5,0.4421052631578948,0.8,0.8941176470588235,0.8,0.9791666666666666,1,1.0,1,0,1,1,0,2,0.0,0.7541992664337158,0,0,4,10,0,0.0,0.0,2,10,0,2,10,0.0,0.0,0.040000000000000036,0.05555555555555557,0.0,0,0,0,1,0,1,1,0
S1-526056745,S2-104088774,Al Ram Engineering Private Limited,अल राम इंजीनियरिंग प्राइवेट लिमिटेड,"400/3, Giri Market, Ghaziabad, Uttar Pradesh","00/3, GHAZIABAD, उत्तर प्रदेश",1,0,0.14794414819943916,0.11764705882352944,0.11764705882352944,0.12903225806451615,0.0,1.0,0.7567567567567568,0.7567567567567568,0.7567567567567568,0.4705882352941176,0.4705882352941176,0.5789473684210527,0.15384615384615385,0.6585365853658537,1,0.3333333333333333,0,0,0,0,1,1,0.0,0.0,1,0,5,13,0,0.0,0.0,3,13,0,3,13,0.0,0.0,0.07692307692307687,0.08695652173913046,0.0,0,0,0,1,0,0,0,1
S1-841133694,S2-742562058,BDR Broking Private Limited,Ariacalo,"7/1/C Lindsay Street, Kolkata, Howrah, West Bengal","#7/1/C LINDSAY STREET, KOLKATA, NULL, West Bengal",1,0,0.1488460154652644,0.22857142857142854,0.17142857142857137,0.17142857142857137,0.0,0.2962962962962963,0.22857142857142854,0.17142857142857137,0.17142857142857137,0.8913043478260869,0.8695652173913043,0.9411764705882354,0.8,0.9574468085106383,2,1.0,1,0,1,0,0,1,0.0,0.8700276613235474,0,0,4,1,0,0.0,0.0,2,1,0,2,1,0.0,0.0,0.21052631578947367,0.2105263157894737,0.0,0,0,0,1,0,1,1,0
S1-143409142,S2-871874877,Sree Software Pvt Ltd,श्री सॉफ्टवेयर प्रा. लि.,"Ananta Tower Gen, Arunkumar Vaidya Goregaon, Goregaon East, Mumbai, A/1203, Maharashtra","HN 630 A/1203, ANANTA TOWER GEN, ARUNKUMAR VAIDYA GOREGAON, GOREGAON EAST, महाराष्ट्र",1,0,0.15045979246410562,0.15000000000000002,0.15000000000000002,0.1578947368421052,0.0,0.9047619047619048,0.4782608695652174,0.39130434782608686,0.391304347826087,0.7361963190184049,0.7975460122699387,0.8709677419354839,0.5294117647058824,0.9878048780487805,1,0.5,0,0,1,1,0,2,0.0,0.8492751121520996,0,0,4,8,0,0.0,0.0,2,8,0,2,8,0.0,0.0,0.0625,0.06666666666666671,0.0,0,0,0,1,0,0,0,1
S1-143409142,S2-137960338,Sree Software Pvt Ltd,श्री सॉफ्टवेयर प्रा. लि.,"Ananta Tower Gen, Arunkumar Vaidya Goregaon, Goregaon East, Mumbai, A/1203, Maharashtra","HN 630 A/1203, ANANTA TOWER GEN, ARUNKUMAR VAIDYA GOREGAON, GOREGAON EAST, महाराष्ट्र",1,0,0.15045979246410562,0.15000000000000002,0.15000000000000002,0.1578947368421052,0.0,0.9047619047619048,0.4782608695652174,0.39130434782608686,0.391304347826087,0.7361963190184049,0.7975460122699387,0.8709677419354839,0.5294117647058824,0.9878048780487805,1,0.5,0,0,1,1,0,2,0.0,0.8492751121520996,0,0,4,8,0,0.0,0.0,2,8,0,2,8,0.0,0.0,0.0625,0.06666666666666671,0.0,0,0,0,1,0,0,0,1
S1-453285023,S2-213148425,Rock Isolutions Limited,Rock Isolution Limited,"Orissa, Bhairi Pali, Bhairi Pali, Thana Jaipatna, Khata No. 450, Kalahandi, C/O Laxmi Narayan Panda",,1,0,0.15066468901199048,0.9777777777777777,0.9777777777777777,0.9777777777777777,0.5,0.9565217391304348,0.9777777777777777,0.9777777777777777,0.9777777777777777,0.0,0.0,0.0,0.0,0.0,0,0.0,0,1,0,0,0,1,0.9213719367980957,0.0,0,0,3,3,2,0.6666666666666666,0.6666666666666666,2,2,1,1,1,0.5,0.5,0.9655172413793103,0.9655172413793103,0.7619047619047619,0,0,1,0,0,0,0,0
S1-305222352,S2-27513915,Sunrise Impex Private Limited,Sunrise Impex Limited Service,"Plot No 15 New No 224 T/F Kh No 99/24 M Block Main Road Rajapuri Uttam Nagar, Delhi, West Delhi, Delhi","Delhi, NO 1-5 NEW NO 224 T/F KH NO 99/24 M BLOCK MAIN ROAD RAJAPURI UTTAM NAGAR, DELHI",1,0,0.1510963310249348,0.7241379310344827,0.8620689655172413,0.8620689655172414,0.6,1.0,0.7241379310344827,0.8620689655172413,0.8620689655172414,0.8633879781420766,0.8961748633879781,0.9714285714285714,0.7619047619047619,0.8484848484848485,3,0.5,0,0,1,1,0,2,0.0,0.9350897073745728,0,0,4,4,3,0.75,0.75,2,3,2,0,1,1.0,0.6666666666666666,0.7647058823529411,1.0,0.45454545454545453,0,0,0,1,0,0,0,1
S1-506876904,S2-689405629,Aviral Education Private Limited,Smt Aviral Education Private Ltd - 2391771528,"Uttar Pradesh, Mohalla Hazara, Guruvachan Nagar, C/O Manmohan Kamboj, Saharanpur, Nakur","DOOR NO 835  C/O MANMOHAN KAMBOJ, MOHALLA HAZARA, GURUVACHAN NAGAR, NAKUR, Uttar Pradesh",1,0,0.1522920167673898,0.7466666666666666,0.7466666666666666,0.8571428571428571,0.42857142857142855,0.7441860465116279,0.7466666666666666,0.7466666666666666,0.8571428571428571,0.5575757575757576,0.8606060606060606,0.9281045751633986,0.7333333333333333,0.9879518072289156,0,0.0,0,0,1,1,0,2,0.0,0.8836200833320618,0,0,4,6,3,0.75,0.5,2,4,2,0,2,1.0,0.5,0.6808510638297872,1.0,0.5,0,0,0,0,0,0,0,0
S1-1904407,S2-260629292,Royal & Co,Ectoumbra,"630A, Kerala, Ernakulam, Karthika Green Gardens Karippai Road, Kalamassery","630A, ERNAKULAM, Kerala",1,0,0.15436118799254342,0.19047619047619047,0.38095238095238093,0.38095238095238093,0.0,0.75,0.19047619047619047,0.38095238095238093,0.38095238095238093,0.4615384615384615,0.4615384615384615,1.0,0.3333333333333333,0.3,1,1.0,1,0,0,1,0,1,0.0,0.0,0,0,3,1,0,0.0,0.0,2,1,0,2,1,0.0,0.0,0.2222222222222222,0.2222222222222223,0.0,0,0,0,1,0,1,1,0
S1-453326400,S2-805436160,Seven Agro Private Limited,SEVEN  AGRO PRIVATE | www.sevenagr.com,"F6/5, Sector 3E - B, Kalamboli, Panvel, Raigarh(Mh), Maharashtra","H.NO 33 F6/5, SECTOR 3E - B, KALAMBOLI, PANVEL, महाराष्ट्र",1,0,0.154647437839697,0.6557377049180328,0.6557377049180328,0.8181818181818181,0.42857142857142855,0.7428571428571429,0.6557377049180328,0.6557377049180328,0.8181818181818181,0.6666666666666667,0.6296296296296297,0.7951807228915664,0.4117647058823529,0.9285714285714286,3,0.75,0,0,0,1,0,1,0.0,0.0,0,0,4,6,3,0.75,0.5,2,5,2,0,3,1.0,0.4,0.5405405405405406,1.0,0.4827586206896552,0,0,0,1,0,0,0,1
S1-447078147,S2-406834340,Sandeep Enterprises,Sandeep Enterprises Co,"A-89 Ist Floorsaraswati Vihar Pitampura, New Delhi, North Delhi, Delhi",,1,0,0.15547719905492838,0.926829268292683,0.926829268292683,1.0,0.6666666666666666,0.8636363636363636,0.926829268292683,0.926829268292683,1.0,0.0,0.0,0.0,0.0,0.0,0,0.0,0,1,0,0,0,1,0.9586024880409241,0.0,0,0,2,3,2,1.0,0.6666666666666666,2,2,2,0,0,1.0,1.0,1.0,1.0,0.8888888888888888,0,0,1,0,0,0,0,0
S1-682337303,S2-589917797,Tech Balaji Construction Private Limited,ടെക് ബാലാജി കൺസ്ട്രക്ഷൻ പ്രൈവറ്റ് ലിമിറ്റഡ്,"Room No.15/1733/B166, First Floor, Forzza Mall, Near Bus Stand, Chembra Road, Tirur, Malappuram, Malapuram, Kerala","H.NO 3 ROOM NO.15/1733/B166, FIRST FLOOR, FORZZA MALL, NEAR BUS STAND, CHEMBRA ROAD, TIRUR, MALAPURAM, MALAPPURAM, Keralam",1,0,0.1583726075028038,0.10126582278481011,0.10126582278481011,0.10958904109589042,0.0,0.975,0.5783132530120482,0.5783132530120482,0.5783132530120482,0.9545454545454546,0.9636363636363636,0.9769585253456221,0.8095238095238095,0.9298245614035088,3,0.75,0,0,1,1,0,2,0.0,0.9751548767089844,0,0,5,14,0,0.0,0.0,3,14,0,3,14,0.0,0.0,0.06349206349206349,0.07017543859649124,0.0,0,0,0,1,0,0,0,1
S1-820449414,S2-891086001,Indian International Limited,इंडियन इंटरनेशनल लिमिटेड,"B Wing, Ground Flr, Office 002, Silver Utopia Bldg, Chakala Road, Opp P And G, Mumbai, Maharashtra","B WNG, MUMBAISUBURBAN, MUMBAI, Maharashtra",1,0,0.1598202092260992,0.07692307692307687,0.07692307692307687,0.08333333333333329,0.0,0.8571428571428571,0.736842105263158,0.736842105263158,0.736842105263158,0.5076923076923077,0.4461538461538461,0.6779661016949151,0.15789473684210525,0.42857142857142855,0,0.0,0,0,0,0,1,1,0.0,0.0,5,0,3,8,0,0.0,0.0,2,8,0,2,8,0.0,0.0,0.045454545454545414,0.05,0.0,0,0,0,0,0,0,0,0
S1-8542753,S2-95484112,Bharat Industries Pvt Ltd,Smt Bharat Inmustires Pvt Ltd,"Haryana, 1838, Gali No. 1, Baghwali Gali New Tilpat Colony, Faridabad","838, GALI NO. 1, BAGHWALI GALI NEW TILPAT COLON, FARIDABAD, Haryana",1,0,0.16023997750431154,0.8518518518518519,0.8518518518518519,0.8518518518518519,0.5,0.8620689655172413,0.8518518518518519,0.8518518518518519,0.8518518518518519,0.8571428571428572,0.9841269841269842,0.9827586206896552,0.6666666666666666,0.96875,1,0.3333333333333333,0,0,1,1,0,2,0.0,0.9435645341873169,0,0,4,5,3,0.75,0.6,2,3,1,1,2,0.5,0.3333333333333333,0.7894736842105263,0.7894736842105263,0.43333333333333335,0,0,0,1,0,0,0,1
S1-305068967,S2-167751802,Devam Care Limited,CALOCALO,"7/287, Boda Bag Road, Civil Lines Near Sirmour Chowk, Rewa, Madhya Pradesh","7/287, REWA, Madhya Pradesh",1,0,0.16056337150831185,0.3076923076923077,0.3076923076923077,0.3076923076923077,0.0,0.4444444444444444,0.3076923076923077,0.3076923076923077,0.3076923076923077,0.5263157894736843,0.5263157894736843,1.0,0.38461538461538464,0.35714285714285715,2,1.0,1,0,1,0,0,1,0.0,0.6002447605133057,0,0,3,1,0,0.0,0.0,2,1,0,2,1,0.0,0.0,0.33333333333333337,0.33333333333333326,0.0,0,0,0,1,0,1,1,0
S1-355248210,S2-260858130,Vmd Chits Private Limited,Vmd Private Chits Limited,"Bangalore South, 2Nd And 3Rd Floor, Avs Layout, Ejipura, 472/7, Bangalore, Karnataka",,1,0,0.1610884790834472,0.76,1.0,1.0,1.0,1.0,0.76,1.0,1.0,0.0,0.0,0.0,0.0,0.0,0,0.0,0,1,0,0,0,1,0.9999995827674866,0.0,0,0,4,4,4,1.0,1.0,2,2,2,0,0,1.0,1.0,1.0,1.0,0.5384615384615384,0,0,1,0,0,0,0,0
S1-105501396,S2-827200421,Horizon Technology Private Limited,Horizon Technology Technology Private ((Limited)),"34 Vivekananda Road, Kolkata, South 24 Parganas, West Bengal","H.NO 34 VIVEKANANDA ROAD, KOLKATA, পশ্চিমবঙ্গ",1,0,0.16318909415979896,0.8607594936708861,0.8607594936708861,1.0,1.0,0.7555555555555555,0.8607594936708861,0.8607594936708861,1.0,0.62,0.62,0.7714285714285714,0.26666666666666666,0.7543859649122807,1,0.5,0,1,0,0,0,1,0.9428185820579529,0.0,0,0,4,4,4,1.0,1.0,2,2,2,0,0,1.0,1.0,0.7659574468085107,1.0,0.9354838709677419,0,0,0,1,0,0,1,0
S1-794033321,S2-272866096,Symbiosis College LLP,Symbiosis Cohdgliehe LLP,"156, Dsidc, Ohkla Industrial Area, Phase -I, New Delhi, Delhi","HN B3/801 156, DSIDC, OHKLA INDUSTRIAL AREA, PHASE -I, Delhi",1,0,0.16653322833352216,0.8444444444444444,0.8444444444444444,0.8444444444444444,0.5,0.875,0.8444444444444444,0.8444444444444444,0.8444444444444444,0.8181818181818181,0.8363636363636364,0.9574468085106383,0.6666666666666666,1.0,1,0.3333333333333333,0,0,1,1,0,2,0.0,0.8800208568572998,0,0,3,3,2,0.6666666666666666,0.6666666666666666,2,2,1,1,1,0.5,0.5,0.8108108108108109,0.8108108108108109,0.4230769230769231,0,0,0,1,0,0,0,1
S1-648824051,S2-304577114,Pragati Institute of Technology,Shri PRAGATI INSTITUTE OF TECHNOLOGY,"H/Oambikesh Dashc/O-Bbdas, 599/6400/8217, Sameigadia, Bhubaneswar, Khordha, Orissa",,1,0,0.16660827914943052,0.9253731343283582,0.9253731343283582,1.0,0.8,0.8611111111111112,0.9253731343283582,0.9253731343283582,1.0,0.0,0.0,0.0,0.0,0.0,0,0.0,0,1,0,0,0,1,0.9388054013252258,0.0,0,0,4,5,4,1.0,0.8,4,5,4,0,1,1.0,0.8,0.9253731343283582,1.0,0.8666666666666667,0,0,1,0,0,0,0,0
S1-301494519,S2-236531801,Shree Professional Limited,M/s SHREE LIMITED CENTER,"Flat No.101 Inara Apartme, Nt, Plot No.7, New Colony, Nagpur, Maharashtra","10 INARA APARTME, NT, PLOT NO.7, NEW COLONY, NAGPUR, Maharashtra",1,0,0.16935197613802958,0.52,0.6,0.7027027027027027,0.3333333333333333,0.9230769230769231,0.52,0.6,0.7027027027027027,0.9291338582677166,0.9291338582677166,0.9739130434782609,0.7692307692307693,0.8676470588235294,1,0.3333333333333333,0,0,1,1,0,2,0.0,0.9297031164169312,0,0,3,5,2,0.6666666666666666,0.4,2,4,1,1,3,0.5,0.25,0.4705882352941176,0.4761904761904762,0.25,0,0,0,1,0,0,0,1
S1-408420247,S2-277929162,Perfect Software Pvt Ltd,परफेक्ट सॉफ्टवेयर प्रा. लि.,"Flat No. 204, Second Floor 105/619 Deputy Ka Parao, Kanpur, Uttar Pradesh","FLAT NO. 00204, SECOND FLOOR 105/619 DEPUTY KA PARAO, KANPUR, उत्तर प्रदेश",1,0,0.16962067019463092,0.12765957446808507,0.12765957446808507,0.12765957446808515,0.0,0.9583333333333334,0.5,0.4615384615384615,0.4615384615384615,0.8201438848920862,0.762589928057554,0.85,0.5263157894736842,0.9857142857142858,3,1.0,1,0,1,1,0,2,0.0,0.7963702082633972,0,0,4,10,0,0.0,0.0,2,10,0,2,10,0.0,0.0,0.05128205128205132,0.05128205128205124,0.0,0,0,0,1,0,1,1,0
S1-408420247,S2-379677842,Perfect Software Pvt Ltd,परफेक्ट सॉफ्टवेयर प्रा. लि.,"Flat No. 204, Second Floor 105/619 Deputy Ka Parao, Kanpur, Uttar Pradesh","FLAT NO. 00204, SECOND FLOOR 105/619 DEPUTY KA PARAO, KANPUR, उत्तर प्रदेश",1,0,0.16962067019463092,0.12765957446808507,0.12765957446808507,0.12765957446808515,0.0,0.9583333333333334,0.5,0.4615384615384615,0.4615384615384615,0.8201438848920862,0.762589928057554,0.85,0.5263157894736842,0.9857142857142858,3,1.0,1,0,1,1,0,2,0.0,0.7963702082633972,0,0,4,10,0,0.0,0.0,2,10,0,2,10,0.0,0.0,0.05128205128205132,0.05128205128205124,0.0,0,0,0,1,0,1,1,0
S1-444996160,S2-257639597,Apex Estate Limited,एपेक्स एस्टेट लिमिटेड,"Delhi, Roshanara Road, Delhi, North East, 3968","968, Delhi, KAMLA NAGAR, DELHI, ROSHANARA ROAD",1,0,0.1697821152040315,0.09999999999999998,0.09999999999999998,0.11111111111111115,0.0,0.9047619047619048,0.7619047619047619,0.7619047619047619,0.7619047619047619,0.5238095238095238,0.8333333333333335,0.8055555555555556,0.3333333333333333,1.0,0,0.0,0,0,0,0,1,1,0.0,0.0,10,0,3,8,0,0.0,0.0,2,8,0,2,8,0.0,0.0,0.0625,0.07142857142857138,0.0,0,0,0,1,1,0,0,1
S1-427158013,S2-541802310,Star Foods,5tar Service,"Kiadb Industrial Area, Plot-218, Bommasandra 3Rd Phase, Anekal Taluk, Bangalore, Karnataka","KIADB INDUSTRIAL AREA, PLOT-218, BOMMASANDRA 3RD PHASE, ANEKAL TALUK, BANGALORE, Karnataka",1,0,0.17162441240390874,0.4545454545454546,0.2727272727272727,0.27272727272727265,0.0,0.8333333333333334,0.4545454545454546,0.2727272727272727,0.27272727272727265,1.0,1.0,1.0,1.0,1.0,2,1.0,1,0,1,1,0,2,0.0,1.0000025033950806,0,0,2,2,0,0.0,0.0,2,2,0,2,2,0.0,0.0,0.4545454545454546,0.27272727272727265,0.06666666666666667,1,0,0,1,0,1,1,0
S1-748904864,S2-545725483,Good Media Private Limited,गुड मीडिया प्राइवेट लिमिटेड,"Shop No 692, Dr Ambedkar Road Lashkaribag, Nagpur, Maharashtra","SHOP NO 69, NAGPUR, Maharashtra",1,0,0.17233846002371525,0.11538461538461542,0.11538461538461542,0.1363636363636364,0.0,1.0,0.7,0.7,0.7,0.6590909090909092,0.6590909090909092,0.9454545454545454,0.4,0.4915254237288136,0,0.0,0,0,1,0,0,1,0.0,0.6680436730384827,0,0,4,9,0,0.0,0.0,2,9,0,2,9,0.0,0.0,0.05555555555555558,0.07142857142857138,0.0,0,0,0,1,1,0,0,1
S1-312202632,S2-784464406,Marketing India LLP,Marketing India,"Bd/No.9/1805, Highland Par, Complex, Kolshet Rd, Behind, Thane, Maharashtra",,1,0,0.17239541310384782,0.8823529411764706,0.8823529411764706,1.0,0.6666666666666666,0.7894736842105263,0.8823529411764706,0.8823529411764706,1.0,0.0,0.0,0.0,0.0,0.0,0,0.0,0,1,0,0,0,1,0.9158107042312622,0.0,0,0,3,2,2,0.6666666666666666,1.0,2,2,2,0,0,1.0,1.0,1.0,1.0,0.8,0,0,1,0,0,0,0,0
S1-584336626,S2-652630540,Anantapur Finvest Private Limited,Anantapur Finvest Limited Private,"Ananthapur, Andhra Pradesh, D No 28-3-475, 1St Cross, Sarada Nagar, Anantapuramu, Anantapur",,1,0,0.1756651648302583,0.7575757575757575,1.0,1.0,1.0,1.0,0.7575757575757575,1.0,1.0,0.0,0.0,0.0,0.0,0.0,0,0.0,0,1,0,0,0,1,0.9999995827674866,0.0,0,0,4,4,4,1.0,1.0,2,2,2,0,0,1.0,1.0,1.0,1.0,0.75,0,0,1,0,0,0,0,0
S1-524890453,S2-947117025,Guru Tech Private Limited,Guru Tech #29734,"City Plaza, Nirwan Marg, Bani Park, Jaipur, Rajasthan","CITY PLAZA, NIRWAN MARG, BANI PARK, राजस्थान",1,0,0.17646611601824921,0.5,0.44999999999999996,0.75,0.4,0.6,0.5,0.44999999999999996,0.75,0.7555555555555555,0.7333333333333334,0.8767123287671232,0.5,0.8367346938775511,0,0.0,0,0,1,1,0,2,0.0,0.7555080652236938,0,0,4,3,2,0.5,0.6666666666666666,2,3,2,0,1,1.0,0.6666666666666666,0.75,1.0,0.24,0,0,0,0,0,0,0,0
S1-606201143,S2-732689513,Smart Builders Limited,स्मार्ट बिल्डर्स लिमिटेड,"Room No.2 Lower Ground, Plot No. 93, Sector 32 Institutional Area, Gurgaon, Haryana","हरियाणा, GURGAON, SIKHERA NAGLA KABIR, ROOM NO.2 LOWER GROUND",1,0,0.1765115562126038,0.08695652173913049,0.08695652173913049,0.10526315789473685,0.0,0.9166666666666666,0.851063829787234,0.851063829787234,0.851063829787234,0.3703703703703704,0.5777777777777777,0.689655172413793,0.3157894736842105,0.7307692307692307,1,0.3333333333333333,0,0,0,0,1,1,0.0,0.0,1,0,3,8,0,0.0,0.0,2,8,0,2,8,0.0,0.0,0.05263157894736848,0.06666666666666671,0.0,0,0,0,1,0,0,1,0
S1-882186220,S2-401817825,Uttrakhand Traders Public Limited,Uttrakhand Traders Limited Services,"L-1/35 Vineet Khand Gomti Nagar, Lucknow, Uttar Pradesh","L-3/35 VINEET KHAND GOMTI NAGAR, LUCKNOW, Uttar Pradesh",1,0,0.17835325136726912,0.7647058823529411,0.8529411764705883,0.8813559322033899,0.6,0.9428571428571428,0.7647058823529411,0.8529411764705883,0.8813559322033899,0.9811320754716981,0.9811320754716981,0.9811320754716981,0.8181818181818182,1.0,1,0.3333333333333333,0,0,1,1,0,2,0.0,0.9905668497085571,0,0,4,4,3,0.75,0.75,3,3,2,1,1,0.6666666666666666,0.6666666666666666,0.8076923076923077,0.8372093023255814,0.5135135135135135,0,0,0,1,0,0,0,1
S1-429707495,S2-275855189,Tarava Technologies Corp,Tarava Tgechnologies Corp,"Aswan Centre Point, 15/6 Primrose Road, Bangalore North, Bangalore, Karnataka",,1,0,0.18046853798577359,0.9795918367346939,0.9795918367346939,0.9795918367346939,0.5,0.96,0.9795918367346939,0.9795918367346939,0.9795918367346939,0.0,0.0,0.0,0.0,0.0,0,0.0,0,1,0,0,0,1,0.8812024593353271,0.0,0,0,3,3,2,0.6666666666666666,0.6666666666666666,2,2,1,1,1,0.5,0.5,0.9743589743589743,0.9743589743589743,0.782608695652174,0,0,1,0,0,0,0,0
S1-244928233,S2-954445878,Sree Software Private Limited,श्री सॉफ्टवेयर प्राइवेट लिमिटेड,"206 Veena Ind Estate Opp, Punjab Sindh Bank Lbs Mrg, Mumbai, Maharashtra","VEENA IND ESTATE OPP, MUMBAI, Maharashtra",1,0,0.18395674984033608,0.10169491525423723,0.10169491525423723,0.10909090909090907,0.0,0.9666666666666667,0.6363636363636364,0.5757575757575757,0.5757575757575758,0.7222222222222221,0.7222222222222221,1.0,0.5,0.5652173913043478,0,0.0,0,0,1,0,0,1,0.0,0.7838172912597656,0,0,4,12,0,0.0,0.0,2,12,0,2,12,0.0,0.0,0.04651162790697672,0.05128205128205124,0.0,0,0,0,0,0,0,0,0
S1-425848883,S2-973777838,Mumbai Trading LLP,MUMBAI TRADING,"A - 11, Shubham, Juhu - Versova Link Road Andheri West, Mumbai, Maharashtra",,1,0,0.183998136642031,0.875,0.875,1.0,0.6666666666666666,0.7777777777777778,0.875,0.875,1.0,0.0,0.0,0.0,0.0,0.0,0,0.0,0,1,0,0,0,1,0.9097179174423218,0.0,0,0,3,2,2,0.6666666666666666,1.0,2,2,2,0,0,1.0,1.0,1.0,1.0,0.7857142857142857,0,0,1,0,0,0,0,0
S1-993957295,S2-186078819,CPT Estates Limited,CPT-ETAHT LÍMITED,"A-85, New Delhi, West Delhi, Om Vihar Phase 5, Delhi","A-8-5, OM VIHAR PHASE 5, NEW DELHI, Delhi",1,0,0.18578405992373664,0.8333333333333335,0.8333333333333335,0.8333333333333333,0.2,0.8947368421052632,0.8888888888888888,0.8888888888888888,0.8888888888888888,0.627906976744186,0.8372093023255813,0.9655172413793103,0.7,0.7916666666666666,1,0.3333333333333333,0,0,1,0,0,1,0.0,0.9300329685211182,0,0,3,3,1,0.3333333333333333,0.3333333333333333,2,3,1,1,2,0.5,0.3333333333333333,0.6428571428571428,0.6428571428571428,0.22727272727272727,0,0,0,1,0,0,0,1
S1-248507614,S2-598035868,Shyam Energy Private Limited,ਸ਼ਿਆਮ ਐਨਰਜੀ ਪ੍ਰਾਈਵੇਟ ਲਿਮਟਿਡ,"# 7 Akrishna Square Amritsar, Punjab, Amritsar, Punjab","AMRITSAR, # 7 AKRISHNA SQUARE AMRITSAR, PUNJAB",1,0,0.18583209866281988,0.1132075471698113,0.1132075471698113,0.11320754716981128,0.0,0.8928571428571429,0.5714285714285714,0.5079365079365079,0.5079365079365079,0.7252747252747253,0.923076923076923,1.0,1.0,0.8571428571428571,1,1.0,1,0,1,1,0,2,0.0,0.9624279737472534,0,0,4,10,0,0.0,0.0,2,10,0,2,10,0.0,0.0,0.05405405405405405,0.054054054054054036,0.0,0,0,0,1,0,1,1,0
S1-632005597,S2-666100141,Lmp Studio Private Limited,Dr Lmp 5tudio,"Flat No. A/3 Shiv Ganga Apartment Chs Ltd. Misquitta Nagar, Dahisar East, Dahisar, Mumbai City, Maharashtra","FLAT NO. A/3 SHIV GANGA APARTMENT CHS LTD. MISQUITTA NAGAR, DAHISAR EAST, DAHISAR, महाराष्ट्र",1,0,0.18594659136224892,0.4615384615384615,0.3076923076923077,0.4615384615384615,0.16666666666666666,0.5,0.4615384615384615,0.3076923076923077,0.4615384615384615,0.8465608465608466,0.814814814814815,0.9387755102040817,0.65,0.8712871287128713,1,1.0,1,0,1,1,0,2,0.0,0.8634464740753174,0,0,4,3,1,0.25,0.3333333333333333,2,3,1,1,2,0.5,0.3333333333333333,0.782608695652174,0.782608695652174,0.15384615384615385,0,0,0,1,0,1,1,0
S1-552226642,S2-503085837,Mnc Developments Private Limited,MNC PRIVATE LIMITED [CENTER],"586 Sector 13-17, Huda, Panipat, Haryana","H.NO 58 SECTOR 13-17, HUDA, PANIPAT, Haryana",1,0,0.18656640744986605,0.6551724137931035,0.7931034482758621,0.8444444444444444,0.6,0.8125,0.6551724137931035,0.7931034482758621,0.8444444444444444,0.923076923076923,0.923076923076923,0.942857142857143,0.6,0.9024390243902439,2,0.5,0,0,1,1,0,2,0.0,0.9241594076156616,0,0,4,4,3,0.75,0.75,2,2,1,1,1,0.5,0.5,0.5384615384615384,0.5384615384615384,0.4117647058823529,0,0,0,1,0,0,0,1
S1-584108482,S2-295660,Star Technologies Private Limited,স্টার টেকনোলজিস প্রাইভেট লিমিটেড,"West Bengal, Kolkata, 27 Amratolsa Street, Calcutta","DOOR NO 16 AMRATOLSA STREET, CALCUTTA, DALHOUSIE KOLKATA, West Bengal",1,0,0.18789939342281645,0.09230769230769231,0.09230769230769231,0.10909090909090907,0.0,0.9696969696969697,0.704225352112676,0.704225352112676,0.704225352112676,0.5263157894736843,0.8070175438596492,0.967741935483871,0.5454545454545454,0.7272727272727273,0,0.0,0,0,1,0,0,1,0.0,0.8431562781333923,0,0,4,10,0,0.0,0.0,2,10,0,2,10,0.0,0.0,0.04081632653061229,0.05128205128205124,0.0,0,0,0,1,1,0,0,1
S1-675257468,S2-338185141,Pune Biotechnology Private Limited,Pune Biotechnology Private,"0000Nyati Millenium Sn.209 Opl-18-20 Nitron Land Home, Vimanngr, Pune, Maharashtra",,1,0,0.18846094477752265,0.8666666666666667,0.8666666666666667,1.0,0.75,0.7647058823529411,0.8666666666666667,0.8666666666666667,1.0,0.0,0.0,0.0,0.0,0.0,0,0.0,0,1,0,0,0,1,0.8808301091194153,0.0,0,0,4,3,3,0.75,1.0,2,2,2,0,0,1.0,1.0,1.0,1.0,0.7586206896551724,0,0,1,0,0,0,0,0
S1-149165997,S2-669392639,Aar Timber Private Limited,Aar Timber Private  Limited,"G.F. To Fourth Floor, The Shrimad Hotel Sur. No. 754/11, Plot No. 125, Ahmedabad, Gujarat",,1,0,0.19026336521278528,1.0,1.0,1.0,1.0,1.0,1.0,1.0,1.0,0.0,0.0,0.0,0.0,0.0,0,0.0,0,1,0,0,0,1,1.0000005960464478,0.0,0,1,4,4,4,1.0,1.0,2,2,2,0,0,1.0,1.0,1.0,1.0,1.0,0,0,1,0,0,0,0,0
S1-951416426,S2-801582489,KQD Spaces Private Limited,KQD Spaces Private Limited,"B-803 8Th Floor Tower B, Express Zenith Sector 77, Noida, Gautam Buddha Nagar, Uttar Pradesh",,1,0,0.19026336521278528,1.0,1.0,1.0,1.0,1.0,1.0,1.0,1.0,0.0,0.0,0.0,0.0,0.0,0,0.0,0,1,0,0,0,1,1.0000005960464478,0.0,0,1,4,4,4,1.0,1.0,2,2,2,0,0,1.0,1.0,1.0,1.0,1.0,0,0,1,0,0,0,0,0
S1-772982193,S2-873011911,ZJ Trading Private Limited,ZJ Trading Private Limited,"1 Fl Tower C, Building 10 Dlf Cyber City Phase-Ii, Dlf Qe, Gurgaon, Haryana",,1,0,0.19026336521278528,1.0,1.0,1.0,1.0,1.0,1.0,1.0,1.0,0.0,0.0,0.0,0.0,0.0,0,0.0,0,1,0,0,0,1,1.0000005960464478,0.0,0,1,4,4,4,1.0,1.0,2,2,2,0,0,1.0,1.0,1.0,1.0,1.0,0,0,1,0,0,0,0,0
S1-630375036,S2-119633254,Mother Innovations Pvt. Ltd.,Mother Innovations Pvt. (Ltd.),"14 Kshatriya Kunj Prasad Nagar Char Shahar Ka Naka Hazira, Gwalior, Madhya Pradesh",,1,0,0.19026336521278528,1.0,1.0,1.0,1.0,1.0,1.0,1.0,1.0,0.0,0.0,0.0,0.0,0.0,0,0.0,0,1,0,0,0,1,1.0000005960464478,0.0,0,1,4,4,4,1.0,1.0,2,2,2,0,0,1.0,1.0,1.0,1.0,1.0,0,0,1,0,0,0,0,0
S1-8850688,S2-206777357,SQA Land Private Limited,5QA Land Private Private,"Krishna Enterprises Sonkh Road, Near State Bank Krishna Nagar, Mathura, Uttar Pradesh","H.NO 44 KRISHNA ENTERPRISES SONKH ROAD, NEAR STATE BANK KRISHNA NAGAR, MATHURA, उत्तर प्रदेश",1,0,0.19086373577608445,0.7916666666666665,0.6666666666666667,0.8571428571428571,0.4,1.0,0.7916666666666665,0.6666666666666667,0.8571428571428571,0.8187134502923976,0.8187134502923976,0.8955223880597015,0.47368421052631576,0.9213483146067416,0,0.0,0,0,1,1,0,2,0.0,0.8889886736869812,0,0,4,3,2,0.5,0.6666666666666666,2,2,1,1,1,0.5,0.5,0.875,0.875,0.5,0,0,0,0,0,0,0,0
S1-330325826,S2-890773752,Kandla Haat Private Limited,Mr KANDLA HAAT PRIVATE,"103, Dada Gurudev Nagar, Sanganer, Jaipur, Rajasthan",,1,0,0.19091197982737218,0.7755102040816326,0.8571428571428572,0.926829268292683,0.6,0.8148148148148148,0.7755102040816326,0.8571428571428572,0.926829268292683,0.0,0.0,0.0,0.0,0.0,0,0.0,0,1,0,0,0,1,0.8014861345291138,0.0,0,0,4,4,3,0.75,0.75,2,3,2,0,1,1.0,0.6666666666666666,0.88,1.0,0.625,0,0,1,0,0,0,0,0
S1-414791410,S2-525462408,Southern Vision International Private Limited,सदर्न विजन इंटरनेशनल प्राइवेट लिमिटेड,"R.N. 021, Bhagirathi Chawl Sainath Nagar Rd Ganesh Maydan Hari Pada Village, Ghatkopar, Mumbai City, Maharashtra","#88 R.N. 021, BHAGIRATHI CHAWL SAINATH NAGAR RD GANESH MAYDAN HARI PADA VILLAGE, MUMBAI CITY, GHATKOPAR, Maharashtra",1,0,0.19121990414927753,0.09756097560975607,0.09756097560975607,0.1,0.0,0.8222222222222222,0.6744186046511628,0.6744186046511628,0.6744186046511628,0.8940092165898618,0.9861751152073732,1.0,0.9444444444444444,0.9727272727272728,1,0.5,0,0,1,1,0,2,0.0,0.993599534034729,0,0,5,14,0,0.0,0.0,3,14,0,3,14,0.0,0.0,0.06060606060606055,0.0625,0.0,0,0,0,1,0,0,0,1
S1-318741276,S2-981963480,Sarvottam Sameer Pvt Ltd,SARVOTTAM  SAMEER PVT,"Waghyachi Wadi, Khodala, Sayde, Mokhada, Thane, Maharashtra",,1,0,0.1923740683410261,0.9090909090909091,0.9090909090909091,1.0,0.75,0.8333333333333334,0.9090909090909091,0.9090909090909091,1.0,0.0,0.0,0.0,0.0,0.0,0,0.0,0,1,0,0,0,1,0.9354143738746643,0.0,0,0,4,3,3,0.75,1.0,2,2,2,0,0,1.0,1.0,1.0,1.0,0.8421052631578947,0,0,1,0,0,0,0,0
S1-543767180,S2-645703038,Ajmer India Private Limited,Dovaavixylo,"H1-88 Riico Industrial Area, Gagel, Ajmer, Rajasthan","H1-88 RIICO INDUSTRIAL AREA, AJMER, राजस्थान",1,0,0.19329699673771727,0.21052631578947367,0.1578947368421053,0.1578947368421052,0.0,0.4074074074074074,0.21052631578947367,0.1578947368421053,0.1578947368421052,0.7472527472527473,0.7252747252747253,0.88,0.5,0.8571428571428571,2,1.0,1,0,1,1,0,2,0.0,0.7701537013053894,0,0,4,1,0,0.0,0.0,2,1,0,2,1,0.0,0.0,0.18181818181818177,0.18181818181818188,0.0,0,0,0,1,0,1,1,0
S1-787560415,S2-224436668,Sign Homemakers Private Limited,Sign Private Hómemakers Limited,"C/O Roop Lal Kotli S. Malli, Dera Baba Nanak, Batala, Gurdaspur, Punjab",,1,0,0.1934969024969294,0.7096774193548387,0.967741935483871,0.967741935483871,0.6,1.0,0.7419354838709676,1.0,1.0,0.0,0.0,0.0,0.0,0.0,0,0.0,0,1,0,0,1,2,0.8846158385276794,0.0,1,0,4,4,3,0.75,0.75,2,2,1,1,1,0.5,0.5,0.9333333333333332,0.9333333333333332,0.5294117647058824,0,0,1,0,0,0,0,0
S1-574647463,S2-135680698,Aligarh Hospital Pvt Ltd,Aligarh Hospital Pvt,"C/O Thana Gandhi Park Ke Samne Centre Point Aligarh Main Exchange (E10B)Uw In, Aligarh, Uttar Pradesh",,1,0,0.194993832951991,0.9090909090909091,0.9090909090909091,1.0,0.75,0.8333333333333334,0.9090909090909091,0.9090909090909091,1.0,0.0,0.0,0.0,0.0,0.0,0,0.0,0,1,0,0,0,1,0.9318912625312805,0.0,0,0,4,3,3,0.75,1.0,2,2,2,0,0,1.0,1.0,1.0,1.0,0.8421052631578947,0,0,1,0,0,0,0,0
S1-878476990,S2-432260431,Ss North Products Private Limited,एसएस नॉर्थ प्रोडक्ट्स प्राइवेट लिमिटेड,"Flat No. 516, Sr. 77/48//1A, Cedar Court, Parmar Park Phase I, Pune City, Pune, Maharashtra","H.NO 0516, PUNE CITY, PUNE, महाराष्ट्र",1,0,0.19549574677119158,0.11267605633802813,0.11267605633802813,0.13114754098360648,0.0,0.868421052631579,0.7837837837837838,0.7027027027027026,0.7027027027027027,0.3931623931623932,0.41025641025641024,0.6,0.13636363636363635,0.4268292682926829,1,0.25,0,0,0,0,1,1,0.0,0.0,4,0,5,12,0,0.0,0.0,3,12,0,3,12,0.0,0.0,0.07272727272727275,0.08888888888888885,0.0,0,0,0,1,0,0,1,0
S1-792963553,S2-3048483,Sunrise Logistics Private Limited,സൺറൈസ് ലോജിസ്റ്റിക്സ് പ്രൈവറ്റ് ലിമിറ്റഡ്,"Palakkad, Cherukode Vpz Palakkad, Kerala, Kandanathe, Palakkad","Kerala, PALAKKAD, KANDANATHE",1,0,0.19630886445155768,0.08571428571428574,0.08571428571428574,0.1034482758620689,0.0,0.8918918918918919,0.5945945945945945,0.5945945945945945,0.5945945945945946,0.5476190476190477,0.6190476190476191,1.0,0.6,0.4482758620689655,0,0.0,0,0,1,1,0,2,0.0,0.8273981213569641,0,0,4,11,0,0.0,0.0,2,11,0,2,11,0.0,0.0,0.03703703703703709,0.04761904761904759,0.0,0,0,0,0,0,0,0,0
S1-682337303,S2-653479130,Tech Balaji Construction Private Limited,ടെക് ബാലാജി കൺസ്ട്രക്ഷൻ പ്രൈവറ്റ് ലിമിറ്റഡ്,"Room No.15/1733/B166, First Floor, Forzza Mall, Near Bus Stand, Chembra Road, Tirur, Malappuram, Malapuram, Kerala","DOOR NO 3 ROOM NO.15/1733/B166, FIRST FLOOR, FORZZA MALL, NEAR BUS STAND, CHEMBRA ROAD, TIRUR, MALAPPURAM, MALAPURAM, Keralam",1,0,0.19754422350030554,0.10126582278481011,0.10126582278481011,0.10958904109589042,0.0,0.975,0.5783132530120482,0.5783132530120482,0.5783132530120482,0.9506726457399103,0.9506726457399103,0.9658536585365853,0.8095238095238095,0.905982905982906,3,0.75,0,0,1,1,0,2,0.0,0.9626691937446594,0,0,5,14,0,0.0,0.0,3,14,0,3,14,0.0,0.0,0.06349206349206349,0.07017543859649124,0.0,0,0,0,1,0,0,0,1
S1-854921261,S2-298298778,Galaxy Infra Private Limited,ಗ್ಯಾಲಕ್ಸಿ ಇನ್‌ಫ್ರಾ ಪ್ರೈವೇಟ್ ಲಿಮಿಟೆಡ್,"Premises Bearing No 53, Koramangala 4Th Block, 5Th Cross Road, Near Sony World Signal, Hustlehub- H204, 3Rd Floor, Bangalore South, Bangalore, Karnataka","PREMISES BEARING NO 53, BANGALORE SOUTH, BANGALORE, Karnataka",1,0,0.19889420837948374,0.10169491525423723,0.10169491525423723,0.10909090909090907,0.0,0.9032258064516129,0.6875,0.6875,0.6875,0.5771144278606966,0.5771144278606966,1.0,0.3333333333333333,0.40559440559440557,1,0.2,0,0,1,0,0,1,0.0,0.7422304153442383,0,0,4,13,0,0.0,0.0,2,13,0,2,13,0.0,0.0,0.04651162790697672,0.05128205128205124,0.0,0,0,0,1,0,0,1,0
S1-70087858,S2-470227373,Babu Sangh,8abu Center,"A/2, Swashraya Chs, 47 Upasara Street Juhu Cross Lane, Andheri Railway Station, Mumbai, Mumbai City, Maharashtra","Maharashtra, MUMBAI CITY, A/2, SWASHRAYA CHS, 47 UPASARA STREET JUHU CROSS LANE, ANDHERI RAILWAY STATION, MUMBAI",1,0,0.20114013303465753,0.4761904761904761,0.4761904761904761,0.4761904761904762,0.0,0.9090909090909091,0.4761904761904761,0.4761904761904761,0.4761904761904762,0.7735849056603774,1.0,1.0,1.0,1.0,2,1.0,1,0,1,1,0,2,0.0,1.0000026226043701,0,0,2,2,0,0.0,0.0,2,2,0,2,2,0.0,0.0,0.4761904761904761,0.4761904761904762,0.07142857142857142,0,0,0,1,0,1,1,0
S1-873081700,S2-224921986,Mittal Oil Private Limited,Mittal Oil Limited Services,"304, 3Rd Floor, Prince Centre, 709, 710, Anna Salai, (Pathari Road), Chennai-6., Chennai, Tamil Nadu","04, 3RD FLOOR, PRINCE CENTRE, 709, 710, ANNA SALAI, (PATHARI ROAD), CHENNAI-6., தமிழ்நாடு",1,0,0.20151104894907004,0.679245283018868,0.8301886792452831,0.8301886792452831,0.6,0.9629629629629629,0.679245283018868,0.8301886792452831,0.8301886792452831,0.8606060606060606,0.8363636363636364,0.9154929577464789,0.6,0.875,4,0.6666666666666666,0,0,1,1,0,2,0.0,0.8740822672843933,0,0,4,4,3,0.75,0.75,2,3,2,0,1,1.0,0.6666666666666666,0.6896551724137931,1.0,0.36666666666666664,0,0,0,1,0,0,0,1
S1-55339535,S2-226771315,Irise Techno LLP,Irise-LLP Center,"C/O Ravindra Kumar Village And Post Minwa, Sahajanawa, Gorakhpur, Uttar Pradesh","#B3/83 C/O RAVINDRA KUMAR VILLAGE AND POST MINWA, SAHAJANAWA, GORAKHPUR, Uttar Pradesh",1,0,0.20401813171900537,0.5625,0.5625,0.75,0.5,1.0,0.5625,0.5625,0.75,0.9620253164556962,0.9620253164556962,1.0,0.8571428571428571,0.926829268292683,0,0.0,0,0,1,1,0,2,0.0,0.9822984933853149,0,0,3,3,2,0.6666666666666666,0.6666666666666666,2,2,1,1,1,0.5,0.5,0.6666666666666667,0.6666666666666665,0.2,0,0,0,0,0,0,0,0
S1-435439346,S2-28141081,Om It,ॐ आईटी,"B-25, Sector - 1, Noida, Gautam Buddha Nagar, Uttar Pradesh","B-25, SECTOR - 1, NOIDA, GAUTAM BUDDHA NAGAR, Uttar Pradesh",1,0,0.20411259053185454,0.19999999999999996,0.19999999999999996,0.2,0.0,1.0,0.4705882352941176,0.4705882352941176,0.4705882352941177,1.0,1.0,1.0,1.0,1.0,2,1.0,1,0,1,1,0,2,0.0,1.0000008344650269,0,0,2,2,0,0.0,0.0,2,2,0,2,2,0.0,0.0,0.19999999999999996,0.2,0.0,1,0,0,1,0,1,1,0
S1-444533995,S2-284253457,Guru Vijay Hospitality,GURU VlJAY,"166, R.N.T. Marg, Dev Rishi Complex, U. G. 2, Indore, Madhya Pradesh","#27 166, R.N.T. MARG, DEV RISHI COMPLEX, U. G. 2, INDORE, Madhya Pradesh",1,0,0.2051249631270955,0.5625,0.5625,0.5714285714285715,0.25,0.45454545454545453,0.5625,0.5625,0.5714285714285715,0.975609756097561,0.975609756097561,1.0,0.9333333333333333,0.9523809523809523,2,0.6666666666666666,0,0,1,1,0,2,0.0,0.9862707853317261,0,0,3,2,1,0.3333333333333333,0.5,3,2,1,2,1,0.3333333333333333,0.5,0.5625,0.5714285714285715,0.19047619047619047,0,0,0,1,0,0,0,1
S1-775859484,S2-153754304,Hdl & Co,Ariasyn,"33A Tara Chand Dutt Street, Kolkata, Calcutta, West Bengal","B3/33A TARA CHAND DUTT STREET, CALCUTTA, GARIAHAT, West Bengal",1,0,0.21614030333083478,0.23529411764705888,0.23529411764705888,0.23529411764705885,0.0,0.7,0.23529411764705888,0.23529411764705888,0.23529411764705885,0.8245614035087719,0.8771929824561404,0.9215686274509803,0.7272727272727273,0.9322033898305084,1,0.5,0,0,1,1,0,2,0.0,0.8279808163642883,0,0,3,1,0,0.0,0.0,2,1,0,2,1,0.0,0.0,0.2857142857142857,0.2857142857142857,0.0,0,0,0,1,0,0,0,1
S1-154220911,S2-161132578,Saket & Partners,Sri SAKET PARTNERS &,"R-12/76, Raj Nagar One Room, Ingram Institute, Ghaziabad, Uttar Pradesh","PLOT 971/9 R-12/76, RAJ NAGAR ONE ROOM, INGRAM INSTITUTE, Uttar Pradesh",1,0,0.21619973510160334,0.7,0.9,1.0,0.75,0.8181818181818182,0.7,0.9,1.0,0.8444444444444444,0.8592592592592593,0.9193548387096775,0.7333333333333333,0.9852941176470589,2,0.5,0,1,1,1,0,3,0.9235478639602661,0.8500092625617981,0,0,3,4,3,1.0,0.75,3,4,3,0,1,1.0,0.75,0.7,1.0,0.47619047619047616,0,0,0,1,0,0,0,1
S1-826604702,S2-183027356,Sun Polyfab Private Limited,5un Límited Private Polyfab,"Paschim Harindanga Haritala Bagula, Krishnanagar, Nadia, West Bengal","PASCHIM HARINDANGA HARITALA BAGULA, KRISHNANAGAR, NADIA, পশ্চিমবঙ্গ",1,0,0.21644035009240467,0.5185185185185186,0.814814814814815,0.8148148148148148,0.3333333333333333,1.0,0.5185185185185186,0.8518518518518519,0.9629629629629629,0.8527131782945736,0.8372093023255813,0.905982905982906,0.5,0.9846153846153847,0,0.0,0,0,1,1,0,2,0.0,0.890588641166687,0,0,4,4,2,0.5,0.5,2,3,1,1,2,0.5,0.3333333333333333,0.6666666666666667,0.7777777777777777,0.41935483870967744,0,0,0,0,0,0,0,0
S1-499398386,S2-756971555,Agile Software Pvt Ltd,AGILE SOFTWARE PVT LIMITED #34670,"Shop No-334, Plot No.18, Rajendra Jaina Tower, Wazirpur Commercial Complex, Delhi, North West Delhi, Delhi","#52 SHOP NO-334, PLOT NO.18, RAJENDRA JAINA TOWER, WAZIRPUR COMMERCIAL COMPLEX, DELHI, Delhi",1,0,0.21674933997784218,0.814814814814815,0.814814814814815,0.9,0.5,0.6875,0.814814814814815,0.814814814814815,0.9,0.8924731182795699,0.8924731182795699,0.9801324503311258,0.8,0.86,2,0.6666666666666666,0,0,1,1,0,2,0.0,0.9403595924377441,0,0,4,5,3,0.75,0.6,2,3,2,0,1,1.0,0.6666666666666666,0.8235294117647058,1.0,0.5357142857142857,0,0,0,1,0,0,0,1
S1-838099279,S2-152655529,Keen & Brothers,Keen Services +,"Flat No 3025 3Rd, Janapriya Nile Valley, Tirumalagiri, Hyderabad, Telangana","Andhra Pradesh, FLAT NO 3025 3RD, JANAPRIYA NILE VALLEY, TIRUMALAGIRI",1,0,0.21773239973749575,0.5333333333333333,0.33333333333333337,0.5333333333333333,0.25,0.7647058823529411,0.5333333333333333,0.33333333333333337,0.5333333333333333,0.7445255474452555,0.7883211678832117,0.8717948717948718,0.6666666666666666,0.9295774647887324,2,1.0,1,0,1,1,0,2,0.0,0.7302783131599426,0,0,3,2,1,0.3333333333333333,0.5,3,2,1,2,1,0.3333333333333333,0.5,0.5333333333333333,0.5333333333333333,0.09523809523809523,0,0,0,1,0,1,1,0
S1-951695214,S2-730547522,HC Car Pvt Ltd,HC Car Pvt,"Dr No. 54-18/2-3A, 9Th Avenue Apartments Sivapuram Colony, Near Lic Colony, Vijayawada, Krishna, Andhra Pradesh",,1,0,0.21780225692315164,0.8333333333333335,0.8333333333333335,1.0,0.75,0.7142857142857143,0.8333333333333335,0.8333333333333335,1.0,0.0,0.0,0.0,0.0,0.0,0,0.0,0,1,0,0,0,1,0.8498365879058838,0.0,0,0,4,3,3,0.75,1.0,2,2,2,0,0,1.0,1.0,1.0,1.0,0.6666666666666666,0,0,1,0,0,0,0,0
S1-654724334,S2-460895850,Systems Window Builders Private Limited,Systems Wlndow Builders Private Limited,"Aurangabad, At Post Mahalgaon Tq. Vaijapur, Maharashtra",,1,0,0.2200868158939688,0.9743589743589743,0.9743589743589743,0.9743589743589743,0.6666666666666666,1.0,0.9743589743589743,0.9743589743589743,0.9743589743589743,0.0,0.0,0.0,0.0,0.0,0,0.0,0,1,0,0,0,1,0.9076922535896301,0.0,0,0,5,5,4,0.8,0.8,3,3,2,1,1,0.6666666666666666,0.6666666666666666,0.9565217391304348,0.9565217391304348,0.8333333333333334,0,0,1,0,0,0,0,0
S1-281544635,S2-255330415,Golden Consultants Pvt Ltd,ಗೋಲ್ಡನ್ ಕನ್ಸಲ್ಟೆಂಟ್ಸ್ ಪ್ರೈವೇಟ್ ಲಿಮಿಟೆಡ್,"No. 430, First Floor, 8Th Crossmahalakshmi Layout, Bangalore, Bangalore, Karnataka","NO 30, FIRST FLOOR, 8TH CROSSMAHALAKSHMI LAYOUT, BANGALORE, BANGALORE, Karnataka",1,0,0.22070690167667942,0.09999999999999998,0.09999999999999998,0.11538461538461534,0.0,0.7647058823529411,0.6461538461538461,0.49230769230769234,0.49230769230769234,0.9933774834437085,0.9933774834437085,0.9923664122137404,0.8,0.9868421052631579,1,0.3333333333333333,0,0,1,1,0,2,0.0,0.9839302897453308,0,0,4,12,0,0.0,0.0,2,12,0,2,12,0.0,0.0,0.038461538461538436,0.04545454545454547,0.0,0,0,0,1,0,0,0,1
S1-357285125,S2-263764699,Uttar Pradesh Enterprises Pvt Ltd,Uttar Prádesh Enterprises Pvt,"62 Shivpuri Balkeshwar Agra, Uttar Pradesh, Agra, Uttar Pradesh",,1,0,0.22105932848234752,0.9032258064516128,0.9032258064516128,0.903225806451613,0.5,0.8787878787878788,0.9354838709677421,0.9354838709677421,1.0,0.0,0.0,0.0,0.0,0.0,0,0.0,0,1,0,0,0,1,0.8128779530525208,0.0,0,0,5,4,3,0.6,0.75,3,3,2,1,1,0.6666666666666666,0.6666666666666666,0.96,0.96,0.6896551724137931,0,0,1,0,0,0,0,0
S1-678264091,S2-819161512,Navrattan & Co,Navrattan &,"Hyderabad, Kakguda, Picket Man Road Picket, Telangana, Secunderabad, Plot No.9 19 8 18",,1,0,0.22166582159883289,0.896551724137931,0.896551724137931,1.0,0.6666666666666666,0.8125,0.896551724137931,0.896551724137931,1.0,0.0,0.0,0.0,0.0,0.0,0,0.0,0,1,0,0,0,1,0.9380832314491272,0.0,0,0,3,2,2,0.6666666666666666,1.0,2,2,2,0,0,1.0,1.0,1.0,1.0,0.8333333333333334,0,0,1,0,0,0,0,0
S1-370947985,S2-643719654,Aegean & Co,AEGEAN & COMPANY,"28/311 Surya, Nr Chandukunhan Library Thondayad, Chevarambalam Post, Calicut, Kozhikode, Kerala",,1,0,0.2217120023817941,0.8387096774193549,0.8387096774193549,0.8695652173913043,0.5,0.7222222222222222,0.8387096774193549,0.8387096774193549,0.8695652173913043,0.0,0.0,0.0,0.0,0.0,0,0.0,0,1,0,0,0,1,0.7242242097854614,0.0,0,0,3,3,2,0.6666666666666666,0.6666666666666666,2,2,2,0,0,1.0,1.0,1.0,1.0,0.6428571428571429,0,0,1,0,0,0,0,0
S1-538868165,S2-792419052,Kings Edible Private Limited,Kings Edib1e Private,"Naranapura Village, Javur Post Shivani Hobli, Ajjampura Taluk, Chikmagalur, Chikmagalur, Chikamaglur, Karnataka","NARANAPURA VILLAGE, JAVUR POST SHIVANI HOBLI, AJJAMPURA TALUK, CHIKMAGALUR, CHIKMAGALUR, ಕರ್ನಾಟಕ",1,0,0.22419902910785874,0.7916666666666665,0.7916666666666665,0.7916666666666667,0.4,0.7142857142857143,0.7916666666666665,0.7916666666666665,0.7916666666666667,0.8673469387755103,0.846938775510204,0.9466666666666668,0.6428571428571429,0.8666666666666667,0,0.0,0,0,1,1,0,2,0.0,0.9144102931022644,0,0,4,3,2,0.5,0.6666666666666666,2,2,1,1,1,0.5,0.5,0.9166666666666665,0.9166666666666667,0.5,0,0,0,0,0,0,0,0
S1-231041917,S2-919612622,Patna Asset Private Limited,Avibeloveo,"Patna, Bihar, Patna, 503 Three Palm Vihar Apartment Khajpura B V College Ashiana","DOOR NO 503 THREE PALM VIHAR APARTMENT KHAJPURA B V COLLEGE ASHIANA, PATNA, URMILA KUNJ, बिहार",1,0,0.22482053486534778,0.2702702702702703,0.2702702702702703,0.27027027027027034,0.0,0.37037037037037035,0.2702702702702703,0.2702702702702703,0.27027027027027034,0.75,0.7738095238095238,0.9558823529411765,0.5789473684210527,0.8461538461538461,1,1.0,1,0,1,1,0,2,0.0,0.8414291739463806,0,0,4,1,0,0.0,0.0,2,1,0,2,1,0.0,0.0,0.19047619047619047,0.19047619047619052,0.0,0,0,0,1,0,1,1,0
S1-837311297,S2-555226923,Om Hospitality Pvt Ltd,ఓమ్ హాస్పిటాలిటీ ప్రైవేట్ లిమిటెడ్,"Plot No. 265, Sri Prabhupada Township Kondapur, Hyderabad, Telangana","PLOT NO. 65, HYDERABAD, Telangana, SRI PRABHUPADA TOWNSHIP KONDAPUR",1,0,0.2268960550338874,0.11538461538461542,0.11538461538461542,0.1428571428571429,0.0,0.7333333333333333,0.6451612903225806,0.6451612903225806,0.6451612903225806,0.6771653543307088,0.9921259842519686,0.9921259842519684,0.8,0.984375,0,0.0,0,0,1,1,0,2,0.0,0.9753212332725525,0,0,4,10,0,0.0,0.0,2,10,0,2,10,0.0,0.0,0.045454545454545414,0.058823529411764636,0.0,0,0,0,1,1,0,0,1
S1-800353685,S2-622851286,Fortune Solutions Private Limited,Fortune Solutions Private,"D No: 2-126, Sri Nagar Colony, Krishna, Andhra Pradesh",,1,0,0.2273185142181675,0.8620689655172413,0.8620689655172413,1.0,0.75,0.7575757575757576,0.8620689655172413,0.8620689655172413,1.0,0.0,0.0,0.0,0.0,0.0,0,0.0,0,1,0,0,0,1,0.8762742877006531,0.0,0,0,4,3,3,0.75,1.0,2,2,2,0,0,1.0,1.0,1.0,1.0,0.75,0,0,1,0,0,0,0,0
S1-915394881,S2-568187360,High Ji Private Limited,High Private Limited Center,"407, 4Th Floor, Plot-C.S.881, Bhuleshwar Divn, Earth Baug, Shamaldas Gandhi Marg, Lohar Chawal, Mumbai, Maharashtra","407/8, 4TH FLOOR, PLOT-C.S.881, BHULESHWAR DIVN, EARTH BAUG, SHAMALDAS GANDHI MARG, LOHAR CHAWAL, MUMBAI, Maharashtra",1,0,0.22961474653594133,0.8,0.8,0.9302325581395349,0.6,0.8518518518518519,0.8,0.8,0.9302325581395349,0.9907407407407408,0.9907407407407408,1.0,0.9473684210526315,0.981651376146789,3,0.75,0,0,1,1,0,2,0.0,0.9977969527244568,0,0,4,4,3,0.75,0.75,2,2,1,1,1,0.5,0.5,0.5555555555555556,0.7272727272727272,0.5384615384615384,0,0,0,1,0,0,1,0
S1-99769875,S2-712204622,Kolkata Remedy Corp,Kolkata Kolkata Rmtgy Córp,"S.D.Tower Complex Aa101, Prafulla Kaanan Road, Krishnapur(W), Kolkata, Kolkata, Howrah, West Bengal","HN 259 S.D.TOWER COMPLEX AA101, PRAFULLA KAANAN ROAD, KRISHNAPUR(W), KOLKATA, KOLKATA, West Bengal",1,0,0.2355829504337254,0.6666666666666667,0.6666666666666667,0.8108108108108109,0.2,0.7307692307692307,0.7111111111111111,0.7111111111111111,0.8648648648648648,0.923913043478261,0.9456521739130435,0.9565217391304348,0.8125,1.0,1,0.5,0,0,1,1,1,3,0.0,0.9467504620552063,3,0,3,3,1,0.3333333333333333,0.3333333333333333,2,3,1,1,2,0.5,0.3333333333333333,0.55,0.6875,0.24,0,0,0,1,0,0,0,1
S1-228183485,S2-848516430,Gold Global Private Limited,Gold Global Private Limited (ID: 3820),"F 40/A, Aust Vinayak, Opp. Vasant Cinema, Dariapur Kajipur Gate, Ahmedabad, Gujarat","ગુજરાત, #759 F 40/A, AUST VINAYAK, OPP. VASANT CINEMA, DARIAPUR KAJIPUR GATE, AHMEDABAD",1,0,0.23776674522926788,0.8709677419354839,0.8709677419354839,1.0,0.6666666666666666,0.7714285714285715,0.8709677419354839,0.8709677419354839,1.0,0.8789808917197451,0.8789808917197451,0.9452054794520548,0.7058823529411765,0.9625,1,0.5,0,1,1,1,0,3,0.9026713967323303,0.909874677658081,0,0,4,6,4,1.0,0.6666666666666666,2,4,2,0,2,1.0,0.5,0.7333333333333334,1.0,0.7857142857142857,0,0,0,1,0,0,0,1
S1-425608689,S2-631890263,Shraddha Solutions Private Limited,SHRADDHA SOLUTIONS PRIVATE LÍMITED,"Second Floor, #59, 100, Feet Rd, Defence Colony, Bangalore North, Bangalore, Karnataka",,1,0,0.2407839298976632,0.9705882352941176,0.9705882352941176,0.9705882352941176,0.6,1.0,1.0,1.0,1.0,0.0,0.0,0.0,0.0,0.0,0,0.0,0,1,0,0,1,2,0.8965514302253723,0.0,1,0,4,4,3,0.75,0.75,2,3,2,0,1,1.0,0.6666666666666666,0.8181818181818181,1.0,0.8125,0,0,1,0,0,0,0,0
S1-675257468,S2-875015401,Pune Biotechnology Private Limited,Pune Biotechnology Private Límited,"0000Nyati Millenium Sn.209 Opl-18-20 Nitron Land Home, Vimanngr, Pune, Maharashtra",,1,0,0.2407839298976632,0.9705882352941176,0.9705882352941176,0.9705882352941176,0.6,1.0,1.0,1.0,1.0,0.0,0.0,0.0,0.0,0.0,0,0.0,0,1,0,0,1,2,0.8965514302253723,0.0,1,0,4,4,3,0.75,0.75,2,3,2,0,1,1.0,0.6666666666666666,0.8181818181818181,1.0,0.8125,0,0,1,0,0,0,0,0
S1-615896038,S2-54477320,Graphic Hospital Private Limited,| Graphic Hospital www.graphicho.com,"Door No. 250/51, Near Al Shifa Hospital Manathumangalam, Bypass Road, Perinthalmanna, Malappuram, Malapuram, Kerala","250/51, MALAPURAM, MALAPPURAM, Kerala",1,0,0.2412532308168614,0.6363636363636364,0.5151515151515151,0.6666666666666665,0.2857142857142857,0.9411764705882353,0.6363636363636364,0.5151515151515151,0.6666666666666665,0.46478873239436624,0.47887323943661975,1.0,0.3333333333333333,0.3148148148148148,2,1.0,1,0,0,1,0,1,0.0,0.0,0,0,4,5,2,0.5,0.4,2,5,2,0,3,1.0,0.4,0.64,1.0,0.37142857142857144,0,0,0,1,0,1,1,0
S1-506204197,S2-603451121,Rithika Logistics-Manwath,Mr Rithika  Center,"House No. 1-7-20/1, At Post Manwat, Manwath, Parbhani, Maharashtra","HOUSE NO. 001-7-20/1, AT POST MANWAT, MANWATH, Maharashtra",1,0,0.24172936688032062,0.5238095238095238,0.5238095238095238,0.5833333333333334,0.2,0.68,0.5238095238095238,0.5238095238095238,0.5833333333333334,0.9043478260869565,0.9043478260869565,0.9615384615384616,0.8333333333333334,0.8852459016393442,3,1.0,1,0,1,1,0,2,0.0,0.9018659591674805,0,0,3,3,1,0.3333333333333333,0.3333333333333333,3,3,1,2,2,0.3333333333333333,0.3333333333333333,0.5238095238095238,0.5833333333333334,0.1724137931034483,0,0,0,1,0,1,1,0
S1-268584575,S2-990660483,Together Trade Corp,Together Corp Service,"331, Areraj, Vill - Areraj, Circle - Areraj Distt - East Champaran, Motihari, Purba Champaran, Bihar","3-31, ARERAJ, VILL - ARERAJ, CIRCLE - ARERAJ DISTT - EAST CHAMPARAN, MOTIHARI, बिहार",1,0,0.24377696411528035,0.65,0.65,0.8125,0.5,0.9047619047619048,0.65,0.65,0.8125,0.8571428571428572,0.8198757763975155,0.897196261682243,0.4666666666666667,0.8295454545454546,0,0.0,0,1,1,1,0,3,0.6678946018218994,0.9102373123168945,0,0,3,3,2,0.6666666666666666,0.6666666666666666,2,2,1,1,1,0.5,0.5,0.7333333333333334,0.7333333333333333,0.3333333333333333,0,0,0,1,1,0,0,1
S1-799669471,S2-69176687,Tejam Consultancy Private Limited,Tejam Consultancy Private Límited,"Hno 2934 A/P Koregaon Bhi, Maharashtra, Pune, Haveli, Tal Shirur",,1,0,0.24437872422719845,0.9696969696969697,0.9696969696969697,0.9696969696969697,0.6,1.0,1.0,1.0,1.0,0.0,0.0,0.0,0.0,0.0,0,0.0,0,1,0,0,1,2,0.892856776714325,0.0,1,0,4,4,3,0.75,0.75,2,3,2,0,1,1.0,0.6666666666666666,0.8095238095238095,1.0,0.8064516129032258,0,0,1,0,0,0,0,0
S1-95025296,S2-444004272,New Advisors,New Advis0rs Company,"C002, Shree Samrudhi, Chsl, Near S.K Store, Poonam Garden, Mira Road(East), Thane, Maharashtra","#606 C002, SHREE SAMRUDHI, CHSL, NEAR S.K STORE, POONAM GARDEN, MIRA ROAD(EAST), THANE, Maharashtra",1,0,0.24822983680098834,0.6875,0.6875,0.6875,0.25,0.6,0.6875,0.6875,0.6875,0.9772727272727273,0.9772727272727273,1.0,0.9375,0.9555555555555556,1,0.5,0,0,1,1,0,2,0.0,0.9832839369773865,0,0,2,3,1,0.5,0.3333333333333333,2,2,1,1,1,0.5,0.5,0.9166666666666665,0.9166666666666667,0.3157894736842105,0,0,0,1,0,0,0,1
S1-919624371,S2-966171998,Nakoda Seva Samiti,Seva Nak0da Center,"Rohtak, H No 354, Haryana, Uttam Vihar Rohtak, Rohtak","H NO 354, UTTAM VIHAR ROHTAK, ROHTAK, Haryana",1,0,0.24975970635786157,0.4444444444444444,0.5555555555555556,0.5555555555555556,0.2,1.0,0.4444444444444444,0.5555555555555556,0.5555555555555556,0.7472527472527473,0.923076923076923,1.0,1.0,0.8571428571428571,1,1.0,1,0,1,1,0,2,0.0,0.9810225963592529,0,0,3,3,1,0.3333333333333333,0.3333333333333333,3,3,1,2,2,0.3333333333333333,0.3333333333333333,0.4444444444444444,0.5555555555555556,0.12,0,0,0,1,0,1,1,0
S1-474370556,S2-191274083,Fortune Hospitality Private Limited,Sri Fortune Hospitality Limited Services,"C-10/4 Block-C, Krishna Nagar, Delhi, East Delhi, Delhi","NO 210 C-10/4 BLOCK-C, KRISHNA NAGAR, DELHI, Delhi",1,0,0.24988938505167213,0.72,0.8266666666666667,0.8709677419354839,0.5,0.875,0.72,0.8266666666666667,0.8709677419354839,0.8163265306122449,0.8163265306122449,0.927536231884058,0.7,0.9215686274509803,2,0.6666666666666666,0,0,1,0,0,1,0.0,0.9116619825363159,0,0,4,5,3,0.75,0.6,2,4,2,0,2,1.0,0.5,0.7450980392156863,1.0,0.4883720930232558,0,0,0,1,0,0,0,1
S1-230692194,S2-231542165,Neuro Bikes Private Limited,Mr Neuro Bikes Private Límited,"13/35 Sadar Bazar, Guna, Madhya Pradesh, Guna",,1,0,0.2507499591674736,0.9122807017543859,0.9122807017543859,0.912280701754386,0.5,0.9,0.9473684210526316,0.9473684210526316,1.0,0.0,0.0,0.0,0.0,0.0,0,0.0,0,1,0,0,0,1,0.8356193900108337,0.0,0,0,4,5,3,0.75,0.6,2,4,2,0,2,1.0,0.5,0.6666666666666667,1.0,0.7037037037037037,0,0,1,0,0,0,0,0
S1-649324724,S2-824686832,United Impex Private Limited,यूनाइटेड इम्पेक्स प्राइवेट लिमिटेड,"C/O Smt Preeti Gupta Saroj Wala Hempurwa, Sitapur, Uttar Pradesh","C/O SMT PREETI GUPTA SAROJ WALA HEMPURWA, SITAPUR, उत्तर प्रदेश",1,0,0.2508050778122796,0.09677419354838712,0.09677419354838712,0.10714285714285708,0.0,0.8235294117647058,0.7462686567164178,0.7462686567164178,0.746268656716418,0.8130081300813008,0.7804878048780488,0.8807339449541284,0.5625,0.9838709677419355,0,0.0,0,0,1,1,0,2,0.0,0.8302701115608215,0,0,4,13,0,0.0,0.0,2,13,0,2,13,0.0,0.0,0.04347826086956519,0.05,0.0,0,0,0,0,0,0,0,0
S1-81157299,S2-811846797,Agra Derivatives,Agra Derivatives,"Shop No 9 Naulakha Xing, Gwalior Road, Agra, Uttar Pradesh",,1,0,0.25951590481987036,1.0,1.0,1.0,1.0,1.0,1.0,1.0,1.0,0.0,0.0,0.0,0.0,0.0,0,0.0,0,1,0,0,0,1,0.9999996423721313,0.0,0,1,2,2,2,1.0,1.0,2,2,2,0,0,1.0,1.0,1.0,1.0,1.0,0,0,1,0,0,0,0,0
S1-922093079,S2-721335941,Continental Investments,Continental (Investments),"S/O. Shri Bulbule Annasaheb Mukhtram At. Haratkheda, Ambad, Jalna, Maharashtra",,1,0,0.25951590481987036,1.0,1.0,1.0,1.0,1.0,1.0,1.0,1.0,0.0,0.0,0.0,0.0,0.0,0,0.0,0,1,0,0,0,1,0.9999996423721313,0.0,0,1,2,2,2,1.0,1.0,2,2,2,0,0,1.0,1.0,1.0,1.0,1.0,0,0,1,0,0,0,0,0
S1-593763800,S2-687740644,Savvy Foundation,Savvy Foundation,"H.No. 6 Krishnakunjcolony, Lamix Nagar, Shahdara, Delhi",,1,0,0.25951590481987036,1.0,1.0,1.0,1.0,1.0,1.0,1.0,1.0,0.0,0.0,0.0,0.0,0.0,0,0.0,0,1,0,0,0,1,0.9999996423721313,0.0,0,1,2,2,2,1.0,1.0,2,2,2,0,0,1.0,1.0,1.0,1.0,1.0,0,0,1,0,0,0,0,0
S1-207885741,S2-135377729,North Investment,north investment,"314, Vardhman Tower, Preet Vihar, Delhi",,1,0,0.25951590481987036,1.0,1.0,1.0,1.0,1.0,1.0,1.0,1.0,0.0,0.0,0.0,0.0,0.0,0,0.0,0,1,0,0,0,1,0.9999996423721313,0.0,0,1,2,2,2,1.0,1.0,2,2,2,0,0,1.0,1.0,1.0,1.0,1.0,0,0,1,0,0,0,0,0
S1-401934702,S2-506957848,Anand Infotech Pvt Ltd,Anand Infotech  Pvt Ltd,"No 37/4, Potters Street Saidapet, Chennai, Tamil Nadu",,1,0,0.26068966353266376,1.0,1.0,1.0,1.0,1.0,1.0,1.0,1.0,0.0,0.0,0.0,0.0,0.0,0,0.0,0,1,0,0,0,1,1.0000003576278687,0.0,0,1,4,4,4,1.0,1.0,2,2,2,0,0,1.0,1.0,1.0,1.0,1.0,0,0,1,0,0,0,0,0
S1-449816912,S2-641602709,GZW Travel Pvt Ltd,GZW Travel Pvt Ltd.,"D-14/198, Delhi Rohini Sector Vii, New Delhi, Delhi",,1,0,0.26068966353266376,1.0,1.0,1.0,1.0,1.0,1.0,1.0,1.0,0.0,0.0,0.0,0.0,0.0,0,0.0,0,1,0,0,0,1,1.0000003576278687,0.0,0,1,4,4,4,1.0,1.0,2,2,2,0,0,1.0,1.0,1.0,1.0,1.0,0,0,1,0,0,0,0,0
S1-871217775,S2-615802244,Advait Clothing Pvt. Ltd.,Advait  Clothing Pvt. Ltd.,"Fl 02, Datta Prasad Appt, Nr Ashad, Uttam Nagar, Nashik, Maharashtra",,1,0,0.26068966353266376,1.0,1.0,1.0,1.0,1.0,1.0,1.0,1.0,0.0,0.0,0.0,0.0,0.0,0,0.0,0,1,0,0,0,1,1.0000003576278687,0.0,0,1,4,4,4,1.0,1.0,2,2,2,0,0,1.0,1.0,1.0,1.0,1.0,0,0,1,0,0,0,0,0
S1-48781886,S2-697588482,Navkar Trading Pvt Ltd,Navkar Trading Pvt Ltd.,"No.1072, 7Th Cross, 14Th Main, B T M Layout, 1St Stage, Bengaluru, Bangalore, Karnataka",,1,0,0.26068966353266376,1.0,1.0,1.0,1.0,1.0,1.0,1.0,1.0,0.0,0.0,0.0,0.0,0.0,0,0.0,0,1,0,0,0,1,1.0000003576278687,0.0,0,1,4,4,4,1.0,1.0,2,2,2,0,0,1.0,1.0,1.0,1.0,1.0,0,0,1,0,0,0,0,0
S1-860826954,S2-340628817,Indus Dale Pvt Ltd,Indus Dale  Pvt Ltd,"Fl No 1306 Wing D Citron, Phase Ii Gat No 878, Haveli, Pune, Maharashtra",,1,0,0.26068966353266376,1.0,1.0,1.0,1.0,1.0,1.0,1.0,1.0,0.0,0.0,0.0,0.0,0.0,0,0.0,0,1,0,0,0,1,1.0000003576278687,0.0,0,1,4,4,4,1.0,1.0,2,2,2,0,0,1.0,1.0,1.0,1.0,1.0,0,0,1,0,0,0,0,0
S1-868382403,S2-465961118,Ma Instruments Pvt Ltd,Ma Instruments Pvt Ltd.,"Flat No. 611, 6Th Floor, Panchratna, Mama Parmanand Marg, Opera H, Ouse, Mumbai, Mumbai City, Maharashtra",,1,0,0.26068966353266376,1.0,1.0,1.0,1.0,1.0,1.0,1.0,1.0,0.0,0.0,0.0,0.0,0.0,0,0.0,0,1,0,0,0,1,1.0000003576278687,0.0,0,1,4,4,4,1.0,1.0,2,2,2,0,0,1.0,1.0,1.0,1.0,1.0,0,0,1,0,0,0,0,0
S1-280241779,S2-278654513,North Marketing Pvt Ltd,NORTH MARKETING PVT LTD,"Building No 50/946-2, Laloor Road, Elthuruth, Thrissur, Kerala",,1,0,0.26068966353266376,1.0,1.0,1.0,1.0,1.0,1.0,1.0,1.0,0.0,0.0,0.0,0.0,0.0,0,0.0,0,1,0,0,0,1,1.0000003576278687,0.0,0,1,4,4,4,1.0,1.0,2,2,2,0,0,1.0,1.0,1.0,1.0,1.0,0,0,1,0,0,0,0,0
S1-623324513,S2-274975060,Rp (ind Private Limited,Rp (Ind Private Limited,"West Bengal, Prokash Jyoti 188/1B, Howrah, Maniktala Main Road, Kolkata, Kolkata",,1,0,0.26068966353266376,1.0,1.0,1.0,1.0,1.0,1.0,1.0,1.0,0.0,0.0,0.0,0.0,0.0,0,0.0,0,1,0,0,0,1,1.0000003576278687,0.0,0,1,4,4,4,1.0,1.0,2,2,2,0,0,1.0,1.0,1.0,1.0,1.0,0,0,1,0,0,0,0,0
S1-490218440,S2-164670274,Falcon Associates Company,FALCON ASSOCIATES,"Municipal No:C-40, Road No:10 & 11 Opposit Shiridi Sai Baba Mandir, Film Nag, Ar, Hyderabad, Telangana",,1,0,0.2607321271534877,0.8095238095238095,0.8095238095238095,1.0,0.6666666666666666,0.68,0.8095238095238095,0.8095238095238095,1.0,0.0,0.0,0.0,0.0,0.0,0,0.0,0,1,0,0,0,1,0.8352689146995544,0.0,0,0,3,2,2,0.6666666666666666,1.0,2,2,2,0,0,1.0,1.0,1.0,1.0,0.6666666666666666,0,0,1,0,0,0,0,0
S1-368438219,S2-845054909,Ace Innovative Investment Pvt Ltd,ఏస్ ఇన్నోవేటివ్ ఇన్వెస్ట్‌మెంట్ ప్రైవేట్ లిమిటెడ్,"10-3-3/32 & 10-3-32/A, Pt No.11, East Marredpally, Secunderabad, Hyderabad, Telangana","H.NO 9-3-3/32 & 10-3-32/A, PT NO.11, EAST MARREDPALLY, SECUNDERABAD, తెలంగాణ",1,0,0.262049879514232,0.10666666666666667,0.10666666666666667,0.1428571428571429,0.0,0.7857142857142857,0.7073170731707318,0.7073170731707318,0.7073170731707318,0.7948717948717949,0.7948717948717949,0.896551724137931,0.5789473684210527,0.9024390243902439,4,0.8,0,0,1,1,0,2,0.0,0.8366112112998962,0,0,5,11,0,0.0,0.0,3,11,0,3,11,0.0,0.0,0.05970149253731338,0.08333333333333329,0.0,0,0,0,1,0,0,0,1
S1-94618899,S2-424302111,Ashish Jyotish Private Limited,-- jyotishashish.com,"Office No. 206, Plot No. 59 Sector - 8, Gandhidham - Kutch, Kachchh, Gujarat","OFFICE NO. 206, GANDHIDHAM - KUTCH, KACHCHH, Gujarat",1,0,0.26249710689036737,0.42553191489361697,0.3829787234042554,0.3829787234042554,0.0,0.5666666666666667,0.42553191489361697,0.3829787234042554,0.3829787234042554,0.8214285714285714,0.8214285714285714,1.0,0.6363636363636364,0.696969696969697,1,0.3333333333333333,0,0,1,1,0,2,0.0,0.8790482878684998,0,0,4,2,0,0.0,0.0,2,2,0,2,2,0.0,0.0,0.5161290322580645,0.5161290322580645,0.27586206896551724,0,0,0,1,0,0,1,0
S1-911580307,S2-312521156,Big Tech Private Limited,ബിഗ് ടെക് പ്രൈവറ്റ് ലിമിറ്റഡ്,"Akkavila Sree Saravana Nagar-213, Eravipuram Po, Kollam, Kerala","AKKAVILA SREE SARAVANA NAGAR-13, KOLLAM, Kerala",1,0,0.26313838742678053,0.12244897959183676,0.12244897959183676,0.12765957446808515,0.0,0.96,0.6415094339622642,0.6415094339622642,0.6415094339622641,0.8571428571428572,0.8571428571428572,0.9655172413793103,0.6,0.75,0,0.0,0,0,1,1,0,2,0.0,0.8567993640899658,0,0,4,11,0,0.0,0.0,2,11,0,2,11,0.0,0.0,0.06060606060606055,0.06451612903225808,0.0,0,0,0,1,1,0,0,1
S1-447331557,S2-835059264,MSD Technologies Limited,msdtech.com,"4 B.B.D. Bag (East) Room No 5A, First Floor, Kolkata, Howrah, West Bengal","#4 B.B.D. BAG (EAST) ROOM NO 5A, FIRST FLOOR, KOLKATA, পশ্চিমবঙ্গ",1,0,0.2644668031893298,0.5142857142857142,0.5142857142857142,0.5142857142857143,0.0,0.4583333333333333,0.5142857142857142,0.5142857142857142,0.5142857142857143,0.8064516129032258,0.7741935483870968,0.8910891089108911,0.6111111111111112,0.8787878787878788,2,1.0,1,0,0,1,0,1,0.0,0.0,0,0,3,2,0,0.0,0.0,2,2,0,2,2,0.0,0.0,0.5925925925925926,0.5185185185185186,0.21739130434782608,0,0,0,1,0,1,1,0
S1-843248044,S2-623625486,KPJ Design Pvt Ltd,-- KPJ DESI6N PVT LIMITED,"513/S8, Diamond Heritage Building, 16 Strand Road, 5Th Floor Unit No.513 & 514., Kolkata, Kolkata, Howrah, West Bengal","5-13/S8, DIAMOND HERITAGE BUILDING, 16 STRAND ROAD, 5TH FLOOR UNIT NO.513 & 514., KOLKATA, HOWRAH, KOLKATA, West Bengal",1,0,0.26545571332200957,0.85,0.85,0.85,0.3333333333333333,0.8181818181818182,0.85,0.85,0.85,0.9333333333333332,0.9777777777777777,1.0,0.9,0.9911504424778761,5,0.8333333333333334,0,0,1,1,0,2,0.0,0.9858263731002808,0,0,4,4,2,0.5,0.5,2,2,1,1,1,0.5,0.5,0.9,0.9,0.36363636363636365,0,0,0,1,0,0,0,1
S1-236639800,S2-740550674,Royal Foundation Pvt Ltd,Royal  Foundation Pvt Ltd,"No 2382 Third Floor, E Block, 11Th Main Rd, Sahakar Nagar, Bangalore North, Bangalore, Karnataka",,1,0,0.26633357269852637,1.0,1.0,1.0,1.0,1.0,1.0,1.0,1.0,0.0,0.0,0.0,0.0,0.0,0,0.0,0,1,0,0,0,1,1.000000238418579,0.0,0,1,4,4,4,1.0,1.0,2,2,2,0,0,1.0,1.0,1.0,1.0,1.0,0,0,1,0,0,0,0,0
S1-845561680,S2-127571961,Jgb Leasing Private Limited,JGB LEASING PRIVATE LTD,"17 Gavya, Gavya, Sheikhpura, Bihar","NO 1 GAVYA, GAVYA, Bihar",1,0,0.266677741249379,0.92,0.92,0.92,0.6,0.8518518518518519,0.92,0.92,0.92,0.7169811320754718,0.7547169811320755,0.8148148148148148,0.3333333333333333,0.7096774193548387,0,0.0,0,0,1,0,0,1,0.0,0.7905693650245667,0,0,4,4,3,0.75,0.75,2,2,2,0,0,1.0,1.0,1.0,1.0,0.6666666666666666,0,0,0,1,1,0,0,1
S1-661682421,S2-911098519,Fortune Foods Private Limited,ফরচুন ফুডস প্রাইভেট লিমিটেড,"1 No. Shyambazar, Amratala Gali, Burdwan - I, Bardhaman, West Bengal","DOR NO 1. NO. SHYAMBAZAR, AMRATALA GALI, BURDWAN - I, BARDHAMAN, পশ্চিমবঙ্গ",1,0,0.2687234975243744,0.1071428571428571,0.1071428571428571,0.11111111111111115,0.0,0.9310344827586207,0.6031746031746033,0.38095238095238093,0.38095238095238093,0.796875,0.78125,0.890909090909091,0.5333333333333333,0.9104477611940298,1,1.0,1,0,1,1,0,2,0.0,0.8333327174186707,0,0,4,11,0,0.0,0.0,2,11,0,2,11,0.0,0.0,0.050000000000000044,0.052631578947368356,0.0,0,0,0,1,0,1,1,0
S1-548188406,S2-760631162,Tirupati Foods Private Limited,TIRUPATI FOODS,"107 Desh Bandhu Road, Kolkata, Parganas North, West Bengal","07 DESH BANDHU ROD, KOLKATA, West Bengal",1,0,0.2691768768811345,0.6363636363636364,0.6363636363636364,1.0,0.5,0.4666666666666667,0.6363636363636364,0.6363636363636364,1.0,0.8172043010752688,0.8172043010752688,0.8985507246376812,0.45454545454545453,0.6909090909090909,0,0.0,0,0,0,1,0,1,0.0,0.0,0,0,4,2,2,0.5,1.0,2,2,2,0,0,1.0,1.0,1.0,1.0,0.44,0,0,0,1,1,0,0,1
S1-236817439,S2-272196202,Goregoan(E) Furnishing Private Limited,GOREGOAN(E) FURNISHING LIMITED CENTER,"Ambrish Bhuvan, Bungalow 3, Megh Malhar Complex Gen A.K.Vaidya Marg, Goregoan(E), Mumbai, Maharashtra","AMBRISH BHUVAN, BUNGALOW 3/8, MEGH MALHAR COMPLEX GEN A.K.VAIDYA MARG, GOREGOAN(E), Maharashtra",1,0,0.2705509606459694,0.7945205479452055,0.7945205479452055,0.8923076923076922,0.6666666666666666,0.972972972972973,0.7945205479452055,0.7945205479452055,0.8923076923076922,0.9513513513513514,0.9513513513513514,0.9887640449438203,0.8823529411764706,0.9473684210526315,1,0.5,0,1,1,1,0,3,0.8001108765602112,0.960394561290741,0,0,5,5,4,0.8,0.8,3,4,3,0,1,1.0,0.75,0.8571428571428572,1.0,0.5641025641025641,0,0,0,1,0,0,1,0
S1-709707863,S2-550252543,Vision Management Pvt Ltd,विजन मैनेजमेंट प्रा. लि.,"801 Kamla Hub, N.S. Road No. 1, Jvpd, Vileparle West, Mumbai, Maharashtra","NO 9-801 KMLA HUB, BOMBAY, MUMBAI, Maharashtra",1,0,0.27080300095036386,0.13636363636363635,0.13636363636363635,0.1363636363636364,0.0,0.76,0.653061224489796,0.653061224489796,0.653061224489796,0.6238532110091743,0.6238532110091743,0.8055555555555556,0.3125,0.6515151515151515,1,0.3333333333333333,0,0,0,1,0,1,0.0,0.0,0,0,4,9,0,0.0,0.0,2,9,0,2,9,0.0,0.0,0.05555555555555558,0.05555555555555557,0.0,0,0,0,1,0,0,0,1
S1-375844158,S2-637185901,Southern Food Private Limited,सदर्न फूड प्राइवेट लिमिटेड,"E-47/4, Okhla Industrial Area Phase-Ii, New Delhi, Delhi","NEW DELHI, E-B3/47/4, OKHLA INDUSTRIAL AREA PHASE-II, Delhi",1,0,0.2728542056151445,0.10909090909090914,0.10909090909090914,0.11764705882352942,0.0,0.896551724137931,0.6333333333333333,0.5666666666666667,0.5666666666666667,0.7889908256880733,0.9724770642201834,1.0,0.9090909090909091,0.9464285714285714,2,0.6666666666666666,0,0,1,1,0,2,0.0,0.9879274964332581,0,0,4,10,0,0.0,0.0,2,10,0,2,10,0.0,0.0,0.05128205128205132,0.05714285714285708,0.0,0,0,0,1,0,0,0,1
S1-401965105,S2-705379704,Narayan Metals Private Limited,-- Narayan Private Limited 5ervices,"203/204, Namdev Smruti, Gavanpada, Mulund, Mumbai, Maharashtra","03/204, NAMDEV SMRUTI, GAVANPADA, MULUND, MUMBAI, महाराष्ट्र",1,0,0.2737632820177955,0.7419354838709676,0.7419354838709676,0.8679245283018868,0.6,0.9375,0.7419354838709676,0.7419354838709676,0.8679245283018868,0.8035714285714286,0.7857142857142857,0.8723404255319148,0.46153846153846156,0.9649122807017544,1,0.3333333333333333,0,0,1,1,0,2,0.0,0.8084239363670349,0,0,4,4,3,0.75,0.75,2,2,1,1,1,0.5,0.5,0.6666666666666667,0.6666666666666665,0.4857142857142857,0,0,0,1,0,0,0,1
S1-965312169,S2-991201591,Ujjaya (india) Private Limited,indiaujjaya.com,"No 51 46Th Cross Sangam Circle, 8Th Block Jayanagar, Bengaluru, Bangalore, Karnataka","#51 46TH CROSS SANGAM CIRCLE, BENGALURU, Karnataka",1,0,0.27436351261040876,0.37209302325581395,0.5116279069767442,0.5116279069767442,0.0,0.5357142857142857,0.37209302325581395,0.5116279069767442,0.5116279069767442,0.7401574803149606,0.7401574803149606,1.0,0.5833333333333334,0.5875,2,0.6666666666666666,0,0,1,1,0,2,0.0,0.7959501147270203,0,0,4,2,0,0.0,0.0,2,2,0,2,2,0.0,0.0,0.5185185185185186,0.8148148148148148,0.25,0,0,0,1,0,0,1,0
S1-911120991,S2-377623833,Products Globus Solutions Private Limited,Noviyumajax,"#No 37&38 Venkatadri Comp, Khb Colony, Behind Police, Hoskote, Bangalore Rural, Hosakote, Karnataka, India, Hosakote, Bangalore Rural, Karnataka","NO 643. #NO 37&38 VENKATADRI COP, HOSAKOTE, BANGALORE RURAL, Karnataka",1,0,0.2764696972111614,0.15384615384615385,0.15384615384615385,0.15384615384615385,0.0,0.2682926829268293,0.15384615384615385,0.15384615384615385,0.15384615384615385,0.6019417475728155,0.6213592233009708,0.9354838709677419,0.5,0.5036496350364964,2,0.6666666666666666,0,0,1,1,0,2,0.0,0.8200206756591797,0,0,5,1,0,0.0,0.0,3,1,0,3,1,0.0,0.0,0.11111111111111116,0.11111111111111115,0.0,0,0,0,1,0,0,0,1
S1-748904864,S2-480879832,Good Media Private Limited,M/s Good Media Private,"Shop No 692, Dr Ambedkar Road Lashkaribag, Nagpur, Maharashtra","Maharashtra, SHOP NO 69 , DR AMBEDKAR ROAD LASHKARIBAG, NAGPUR",1,0,0.27656586812558304,0.75,0.8333333333333335,0.9,0.5,0.8461538461538461,0.75,0.8333333333333335,0.9,0.7863247863247864,0.9914529914529915,0.9914529914529915,0.8,0.9830508474576272,0,0.0,0,0,1,1,0,2,0.0,0.9728295803070068,0,0,4,5,3,0.75,0.6,2,4,2,0,2,1.0,0.5,0.8333333333333335,1.0,0.6086956521739131,0,0,0,1,1,0,0,1
S1-29744004,S2-324531406,Big Trading Private Limited,বিগ ট্রেডিং প্রাইভেট লিমিটেড,"C/O N.K. Traders, 167, Old China Bazar Street, Kolkata, Kolkata, Howrah, West Bengal","পশ্চিমবঙ্গ, HOWRAH, C/O N.K. TRADERS, CALCUTTA",1,0,0.2766452086429759,0.1132075471698113,0.1132075471698113,0.13333333333333328,0.0,0.9629629629629629,0.7333333333333334,0.7333333333333334,0.7333333333333333,0.3697478991596639,0.453781512605042,0.6875,0.3157894736842105,0.5454545454545454,0,0.0,0,0,0,0,1,1,0.0,0.0,6,0,4,9,0,0.0,0.0,2,9,0,2,9,0.0,0.0,0.05405405405405405,0.06896551724137936,0.0,0,0,0,0,0,0,0,0
S1-928185792,S2-572439270,Mayflower Apartments Mettupalayam Road Technologies Company,Mayflower Apartments Mettupalayam Road Company Services,"J-4, Mayflower Apartments Mettupalayam Road, Coimbatore, Tamil Nadu",,1,0,0.27957046620889897,0.8070175438596492,0.8947368421052632,0.9108910891089108,0.7142857142857143,0.9322033898305084,0.8070175438596492,0.8947368421052632,0.9108910891089108,0.0,0.0,0.0,0.0,0.0,0,0.0,0,1,0,0,0,1,0.8170077204704285,0.0,0,0,6,6,5,0.8333333333333334,0.8333333333333334,5,5,4,1,1,0.8,0.8,0.8775510204081632,0.8941176470588235,0.6129032258064516,0,0,1,0,0,0,0,0
S1-365241232,S2-60872593,Broadway Enterprises Limited,BROADWAY ENTERPRISES,"B-Xxxi / 1136-A/44 Opp. Acharya Shri Atam Ram Jain Hospital, Chandigarh Road, Ludhiana, Punjab",,1,0,0.28017739604989433,0.8333333333333335,0.8333333333333335,1.0,0.6666666666666666,0.7142857142857143,0.8333333333333335,0.8333333333333335,1.0,0.0,0.0,0.0,0.0,0.0,0,0.0,0,1,0,0,0,1,0.8571432828903198,0.0,0,0,3,2,2,0.6666666666666666,1.0,2,2,2,0,0,1.0,1.0,1.0,1.0,0.7083333333333334,0,0,1,0,0,0,0,0
S1-898393423,S2-87563554,Jain Power Pvt Ltd,Jain Pbar  Pvt Ltd,"Akash Ganga Complex Basudevpur, Haldia, Midnapur, West Bengal","NO 2-947 AKASH GANGA COMPLEX BASUDEVPUR, HALDIA, পশ্চিমবঙ্গ",1,0,0.2808022127025005,0.8571428571428572,0.8571428571428572,0.8571428571428571,0.6,0.9444444444444444,0.8571428571428572,0.8571428571428572,0.8571428571428571,0.6956521739130435,0.6956521739130435,0.7872340425531915,0.3333333333333333,0.9827586206896551,0,0.0,0,0,1,1,0,2,0.0,0.7337155342102051,0,0,4,4,3,0.75,0.75,2,2,1,1,1,0.5,0.5,0.736842105263158,0.736842105263158,0.47058823529411764,0,0,0,0,0,0,0,0
S1-297401699,S2-216869097,Dream Construction Pvt Ltd,ड्रीम कंस्ट्रक्शन प्रा. लि.,"A- 268/ G103, Grd Floor, Bright Land Public School, Ghaziabad, Uttar Pradesh","A- 268//5 G103, GHAZIABAD, Uttar Pradesh",1,0,0.2833477690397475,0.12244897959183676,0.12244897959183676,0.12765957446808515,0.0,0.8846153846153846,0.5098039215686274,0.3529411764705882,0.35294117647058826,0.6415094339622642,0.6415094339622642,0.9714285714285714,0.46153846153846156,0.5142857142857142,2,0.6666666666666666,0,0,1,1,0,2,0.0,0.697147011756897,0,0,4,10,0,0.0,0.0,2,10,0,2,10,0.0,0.0,0.04878048780487809,0.05128205128205124,0.0,0,0,0,1,0,0,1,0
S1-826914360,S2-417145916,Fair Nursing Home Pvt Ltd,Shri Fair  Nursing Pvt Ltd Center,"C/O Rajvir Singh Shri Nath Puram Colony, Kasganj, Etah, Uttar Pradesh","C/O RAJVIR SINGH SHRI NATH PURAM COLONY, KASGANJ, उत्तर प्रदेश",1,0,0.2845150594369178,0.7017543859649122,0.7017543859649122,0.8888888888888888,0.5714285714285714,0.78125,0.7017543859649122,0.7017543859649122,0.8888888888888888,0.7936507936507937,0.7619047619047619,0.8785046728971964,0.5294117647058824,0.9090909090909091,0,0.0,0,0,1,1,0,2,0.0,0.7920154333114624,0,0,5,6,4,0.8,0.6666666666666666,3,4,2,1,2,0.6666666666666666,0.5,0.6829268292682926,0.8275862068965517,0.41935483870967744,0,0,0,0,0,0,0,0
S1-881575490,S2-951046432,Jodhani Ventures,JODHANI VENTURE5 CO,"Maharashtra, Plot No 14C Sector 19 Vashi, Office No A-512 5Th Floor Groma House, Thane","OFFICE NO A-12 5TH FLOOR GROMA HOUSE, PLOT NO 14C SECTOR 19 VASHI, THANE, Maharashtra",1,0,0.2886118745866677,0.8571428571428572,0.8571428571428572,0.8571428571428571,0.25,0.8421052631578947,0.8571428571428572,0.8571428571428572,0.8571428571428571,0.5212121212121212,0.9575757575757575,0.9937106918238993,0.875,0.9879518072289156,3,0.6,0,1,1,1,0,3,0.8146132230758667,0.9788916707038879,0,0,2,3,1,0.5,0.3333333333333333,2,2,1,1,1,0.5,0.5,0.9375,0.9375,0.75,0,0,0,1,0,0,0,1
S1-156884207,S2-300635498,Family Group of Companies,FAMILY-GROUP OF COMPANIES LTD,"# 276Maya Nagar Ludhiana, Punjab, Ludhiana, Punjab",,1,0,0.28878065237190953,0.9259259259259259,0.9259259259259259,1.0,0.8,0.8620689655172413,0.9259259259259259,0.9259259259259259,1.0,0.0,0.0,0.0,0.0,0.0,0,0.0,0,1,0,0,0,1,0.9428094029426575,0.0,0,0,4,5,4,1.0,0.8,4,4,4,0,0,1.0,1.0,1.0,1.0,0.8695652173913043,0,0,1,0,0,0,0,0
S1-563670004,S2-96014852,Bellflower Contracts Private Limited,8ellflower Contracts Private Ltd,"Office Number-1219, 12Th Floor, 83 Metro Street, Sector -83, Narsinghpur, Gurgaon, Haryana","H.NO C-723 OFFICE NUMBER-1219, NARSINGHPUR, GURGAON, हरियाणा",1,0,0.2901949730268365,0.9117647058823529,0.9117647058823529,0.9117647058823529,0.3333333333333333,0.8888888888888888,0.9117647058823529,0.9117647058823529,0.9117647058823529,0.5611510791366907,0.6618705035971223,0.8085106382978724,0.2631578947368421,0.6746987951807228,1,0.25,0,1,0,1,0,2,0.7777138948440552,0.0,0,0,4,4,2,0.5,0.5,2,2,1,1,1,0.5,0.5,0.95,0.95,0.7058823529411765,0,0,0,1,0,0,0,1
S1-197673645,S2-385655259,New Delhi Energies Private Limited,New Domh Energies Energies Private Limited,"Molad Bandh Kachchi Colonygali No-70 E House No-30-35 Badarpur Border, New Delhi, South Delhi, Delhi","DOOR NO 418 MOLAD BANDH KACHCHI COLONYGALI NO-70 E HOUSE NO-30-35 BADARPUR BORDER, NEW DELHI, Delhi",1,0,0.29448789493053934,0.8421052631578947,0.8421052631578947,0.9253731343283582,0.6666666666666666,0.8095238095238095,0.8421052631578947,0.8421052631578947,0.9253731343283582,0.8762886597938144,0.9175257731958762,0.9620253164556962,0.8235294117647058,1.0,3,0.75,0,0,1,1,0,2,0.0,0.9198749661445618,0,0,5,5,4,0.8,0.8,3,3,2,1,1,0.6666666666666666,0.6666666666666666,0.7272727272727273,0.8571428571428571,0.6285714285714286,0,0,0,1,0,0,0,1
S1-734570551,S2-365174818,Anugraha Interiors Pvt Ltd,Shri Anugraha Interiors Pvt  Ltd,"C-302, Shubham Green City Near Rajwadi Hotel, Tukwada, Valsad, Gujarat","C-30, SHUBHAM GREEN CITY NEAR RAJWADI HOTEL, TUKWADA, Gujarat",1,0,0.295138150868312,0.9122807017543859,0.9122807017543859,1.0,0.8,0.8387096774193549,0.9122807017543859,0.9122807017543859,1.0,0.9354838709677421,0.9354838709677421,0.9734513274336283,0.75,0.8787878787878788,0,0.0,0,1,1,1,0,3,0.9258204102516174,0.9169639348983765,0,0,4,5,4,1.0,0.8,2,3,2,0,1,1.0,0.6666666666666666,0.878048780487805,1.0,0.84,0,0,0,1,1,0,0,1
S1-286909141,S2-281909468,People Consultancy Pvt Ltd,People Consultancy Pvt,"P No. 216, 39Th Street, Sankar Nagar, Pallavaram, Kanchipuram, Tamil Nadu",,1,0,0.29716061143005523,0.9166666666666665,0.9166666666666665,1.0,0.75,0.8461538461538461,0.9166666666666665,0.9166666666666665,1.0,0.0,0.0,0.0,0.0,0.0,0,0.0,0,1,0,0,0,1,0.9385907649993896,0.0,0,0,4,3,3,0.75,1.0,2,2,2,0,0,1.0,1.0,1.0,1.0,0.8571428571428571,0,0,1,0,0,0,0,0
S1-812666448,S2-667446791,Reliance Trademart Pvt Ltd,Reliance Trademart Pvt,"Plot No- 93-I, Rajasthan, Jaipur, Hanuman Vatika-1St",,1,0,0.29716061143005523,0.9166666666666665,0.9166666666666665,1.0,0.75,0.8461538461538461,0.9166666666666665,0.9166666666666665,1.0,0.0,0.0,0.0,0.0,0.0,0,0.0,0,1,0,0,0,1,0.9385907649993896,0.0,0,0,4,3,3,0.75,1.0,2,2,2,0,0,1.0,1.0,1.0,1.0,0.8571428571428571,0,0,1,0,0,0,0,0
S1-221444773,S2-849706514,Abhishek Extrusion Pvt Ltd,Abhishek Extrusion [Pvt],"28 Etiraj Roadmadras Tamilnadu, Tamilnadu, Chennai, Tamil Nadu",,1,0,0.29716061143005523,0.9166666666666665,0.9166666666666665,1.0,0.75,0.8461538461538461,0.9166666666666665,0.9166666666666665,1.0,0.0,0.0,0.0,0.0,0.0,0,0.0,0,1,0,0,0,1,0.9385907649993896,0.0,0,0,4,3,3,0.75,1.0,2,2,2,0,0,1.0,1.0,1.0,1.0,0.8571428571428571,0,0,1,0,0,0,0,0
S1-982038527,S2-861516203,Gemini Farmerproducer (India) Pvt Ltd,Sri Gemini Farmerproducer (India) Pvt Ltd.,"Harnam Nagar, Ludhiana, #1115, Ludhiana, Punjab","NO 111 , HARAM NAGAR, LUDHIANA, Punjab",1,0,0.29760066504355553,0.9459459459459459,0.9459459459459459,1.0,0.8333333333333334,0.8974358974358975,0.9459459459459459,0.9459459459459459,1.0,0.7105263157894737,0.8157894736842105,0.9253731343283582,0.375,0.8095238095238095,0,0.0,0,1,0,0,0,1,0.9588293433189392,0.0,0,0,5,6,5,1.0,0.8333333333333334,3,4,3,0,1,1.0,0.75,0.9310344827586207,1.0,0.90625,0,0,0,1,1,0,0,1
S1-578066341,S2-271376684,Aditya Projects Private Limited,ஆதித்யா புராஜெக்ட்ஸ் பிரைவேட் லிமிடெட்,"Tamil Nadu, Coimbatore, Ii Floor, Coimbatore, Triyambhava, C-93, Next To Sit Civil Aerodrome Post","II FLOOR, COIMBATORE, Tamil Nadu",1,0,0.2981595167561387,0.09230769230769231,0.09230769230769231,0.10909090909090907,0.0,0.9117647058823529,0.6944444444444444,0.6944444444444444,0.6944444444444444,0.4628099173553719,0.49586776859504134,1.0,0.35714285714285715,0.32967032967032966,0,0.0,0,0,1,0,0,1,0.0,0.7354755997657776,0,0,4,12,0,0.0,0.0,2,12,0,2,12,0.0,0.0,0.04081632653061229,0.05128205128205124,0.0,0,0,0,0,0,0,0,0
S1-787665983,S2-723145795,Solan Association,Shri Solan Center,"C/O Uppalapatisri Lakshmi, S.D.No.4-110, Main Road, Peddapuram, East Godavari, Andhra Pradesh","H.NO 840 C/O UPPALAPATISRI LAKSHMI, S.D.NO.4-110, MAIN ROAD, PEDDAPURAM, <NULL>, Andhra Pradesh",1,0,0.2982507155080728,0.4705882352941176,0.5294117647058824,0.5294117647058824,0.25,1.0,0.4705882352941176,0.5294117647058824,0.5294117647058824,0.8522727272727273,0.8522727272727273,0.9308176100628931,0.7368421052631579,1.0,2,0.6666666666666666,0,0,1,1,0,2,0.0,0.8597726225852966,0,0,2,3,1,0.5,0.3333333333333333,2,3,1,1,2,0.5,0.3333333333333333,0.4705882352941176,0.5294117647058824,0.125,0,0,0,1,0,0,0,1
S1-876174847,S2-829487134,Ss Exports Private Limited,ଏସ୍‌ଏସ୍ ଏକ୍ସପୋର୍ଟସ୍ ପ୍ରାଇଭେଟ୍ ଲିମିଟେଡ୍,"Plot No-188, Unit-3, Kharvel Nagar, Bhubaneswar, Khordha, Orissa","H.NO 4 POT NO-188, UNIT-3, KHARVEL NAGAR, KHORDHA, BHUBANESWAR, ଓଡ଼ିଶା",1,0,0.305351255568613,0.10169491525423723,0.10169491525423723,0.11538461538461534,0.0,0.7878787878787878,0.7213114754098361,0.6229508196721312,0.6229508196721312,0.7377049180327869,0.8688524590163934,0.8867924528301887,0.5333333333333333,0.9365079365079365,2,0.6666666666666666,0,0,1,1,0,2,0.0,0.8502655029296875,0,0,4,11,0,0.0,0.0,2,11,0,2,11,0.0,0.0,0.04651162790697672,0.05555555555555557,0.0,0,0,0,1,0,0,0,1
S1-931166453,S2-868632537,Supreme Software LLP,M/s Supreme LLP Software,"Janpath, Delhi","JANPATH, JANPATH, दिल्ली",1,0,0.306305295554083,0.7272727272727273,0.9090909090909091,1.0,0.6,0.8333333333333334,0.7272727272727273,0.9090909090909091,1.0,0.5294117647058824,0.5294117647058824,0.7777777777777777,0.25,0.6190476190476191,0,0.0,0,1,0,0,0,1,0.9710081815719604,0.0,0,0,3,5,3,1.0,0.6,2,4,2,0,2,1.0,0.5,0.8888888888888888,1.0,0.6190476190476191,0,0,0,0,0,0,0,0
S1-637910240,S2-304571366,My It Private Limited,Shri MY IT PRIVATE,"Pl-A/29 Sec-12 Kharghar, Panvel, Raigarh, Maharashtra","NO. 554 PL-A/29 SEC-12 KHARGHAR, PANVEL, महाराष्ट्र",1,0,0.3070992149104168,0.6666666666666667,0.6666666666666667,0.8387096774193549,0.6,0.8571428571428571,0.6666666666666667,0.6666666666666667,0.8387096774193549,0.653061224489796,0.6326530612244898,0.7894736842105263,0.4666666666666667,0.96,2,0.6666666666666666,0,0,0,1,0,1,0.0,0.0,0,0,4,4,3,0.75,0.75,2,3,2,0,1,1.0,0.6666666666666666,0.6666666666666667,1.0,0.45,0,0,0,1,0,0,0,1
S1-77214061,S2-749214239,Ar Academy,AR ACADEMY,"7-2-4/D Sanath Nagar Industrial Estate Opp: State Bank Of Hyderabad Sanath Naga, R, Hyderabad, Telangana",,1,0,0.3086991498796854,1.0,1.0,1.0,1.0,1.0,1.0,1.0,1.0,0.0,0.0,0.0,0.0,0.0,0,0.0,0,1,0,0,0,1,1.0,0.0,0,1,2,2,2,1.0,1.0,2,2,2,0,0,1.0,1.0,1.0,1.0,1.0,0,0,1,0,0,0,0,0
S1-435439346,S2-386686248,Om It,Om It,"B-25, Sector - 1, Noida, Gautam Buddha Nagar, Uttar Pradesh",,1,0,0.3086991498796854,1.0,1.0,1.0,1.0,1.0,1.0,1.0,1.0,0.0,0.0,0.0,0.0,0.0,0,0.0,0,1,0,0,0,1,1.0,0.0,0,1,2,2,2,1.0,1.0,2,2,2,0,0,1.0,1.0,1.0,1.0,1.0,0,0,1,0,0,0,0,0
S1-961924061,S2-242145440,Sky International Private Limited,স্কাই ইন্টারন্যাশনাল প্রাইভেট লিমিটেড,"C/O Rabindra Nath Dasadhikary Vill And P.O-Dhamtore, Dist-Midnapur (W), Midnapur, Midnapore, West Bengal","C/O RABINDRA NATH DASADHIKARY VILL AND P.O-DHAMTORE, PASCHIM MIDNAPORE, MIDNAPORE, West Bengal",1,0,0.3087077866808374,0.08571428571428574,0.08571428571428574,0.09375,0.0,0.8918918918918919,0.6493506493506493,0.6493506493506493,0.6493506493506493,0.8888888888888888,0.8571428571428572,0.9466666666666668,0.75,0.9285714285714286,0,0.0,0,0,1,1,0,2,0.0,0.8448814153671265,0,0,4,14,0,0.0,0.0,2,14,0,2,14,0.0,0.0,0.03703703703703709,0.04166666666666671,0.0,0,0,0,0,0,0,0,0
S1-184591767,S2-410387040,Com Lab Ltd,Com  Lab Limited,"Minakshi, 14, Nandy Bagan, Sarat Park, Kolkata, Kolkata, Howrah, West Bengal","West Bengal, HN 201 MINAKSHI, 14, NANDY BAGAN, SARAT PARK, KOLKATA, KOLKATA",1,0,0.30893117984783713,0.8461538461538461,0.8461538461538461,0.8461538461538461,0.5,0.7333333333333333,0.8461538461538461,0.8461538461538461,0.8461538461538461,0.7246376811594203,0.927536231884058,0.9391304347826087,0.75,1.0,1,0.5,0,0,1,1,0,2,0.0,0.9323369860649109,0,0,3,3,2,0.6666666666666666,0.6666666666666666,2,2,2,0,0,1.0,1.0,1.0,1.0,0.38461538461538464,0,0,0,1,0,0,0,1
S1-78329619,S2-322344416,South Consultancy,साउथ कंसल्टेंसी,"Wework Enam Sambhav, C-20, G Block Bkc, Bandra Kurla Complex, Bandra, Mumbai, Maharashtra","#A-326 WEWORK ENAM SAMBHAV, C-20, G BLOCK BKC, BANDRA KURLA COMPLEX, BANDRA, MUMBAI, Maharashtra",1,0,0.3093486554530038,0.06666666666666665,0.06666666666666665,0.07142857142857138,0.0,0.7647058823529411,0.5714285714285714,0.5714285714285714,0.5714285714285715,0.9651162790697676,0.9651162790697676,1.0,0.8666666666666667,0.9325842696629213,1,0.5,0,0,1,1,0,2,0.0,0.983273983001709,0,0,2,5,0,0.0,0.0,2,5,0,2,5,0.0,0.0,0.06666666666666665,0.07142857142857138,0.0,0,0,0,1,0,0,0,1
S1-725899084,S2-669620090,All Polytechnic,All  Polytechnic,"F-211 Lane W-5/20 Western Avenue, Sainik Farms, Mehrauli, New Delhi, South Delhi, Delhi",,1,0,0.31022212953142364,1.0,1.0,1.0,1.0,1.0,1.0,1.0,1.0,0.0,0.0,0.0,0.0,0.0,0,0.0,0,1,0,0,0,1,1.0000003576278687,0.0,0,1,2,2,2,1.0,1.0,2,2,2,0,0,1.0,1.0,1.0,1.0,1.0,0,0,1,0,0,0,0,0
S1-142625406,S2-664710538,Enterprises Traders,ENTERPRISES [TRADERS],"No 6/6/2 Kyathi Commercio, Yashodanagar, Opp: Jakku Flying School, Bellary Road, Bangalore, Karnataka",,1,0,0.31022212953142364,1.0,1.0,1.0,1.0,1.0,1.0,1.0,1.0,0.0,0.0,0.0,0.0,0.0,0,0.0,0,1,0,0,0,1,1.0000003576278687,0.0,0,1,2,2,2,1.0,1.0,2,2,2,0,0,1.0,1.0,1.0,1.0,1.0,0,0,1,0,0,0,0,0
S1-766451773,S2-513855125,Laxmi Foods Limited,लक्ष्मी फूड्स लिमिटेड,"Block No.301, D- Wing, Jivadani Complex Mahim Rd, Palghar, Thane, Maharashtra","BLOCK NO.601, D- WING, JIVADANI COMPLEX MAHIM RD, THANE, PALGHAR, Maharashtra",1,0,0.31047412984230444,0.10256410256410253,0.10256410256410253,0.11428571428571431,0.0,0.95,0.6363636363636364,0.36363636363636365,0.36363636363636365,0.9014084507042255,0.9859154929577465,0.9859154929577465,0.8461538461538461,1.0,0,0.0,0,0,1,1,0,2,0.0,0.9673202037811279,0,0,3,8,0,0.0,0.0,2,8,0,2,8,0.0,0.0,0.06451612903225812,0.07407407407407404,0.0,0,0,0,1,1,0,0,1
S1-584696067,S2-502759587,Super Agro Private Limited,সুপার অ্যাগ্রো প্রাইভেট লিমিটেড,"770 Anandpur, Eastern Metropolitan Bypass, Suite 705, 7Th Floor, Kolkata, Kolkata, Howrah, West Bengal","NO 770 ANANDPUR, KOLKATA, HOWRAH, West Bengal",1,0,0.3104952680056079,0.1071428571428571,0.1071428571428571,0.125,0.0,0.8666666666666667,0.7213114754098361,0.7213114754098361,0.7213114754098361,0.5693430656934306,0.5985401459854014,0.9629629629629629,0.42857142857142855,0.4421052631578947,1,0.3333333333333333,0,0,1,0,0,1,0.0,0.7058865427970886,0,0,4,11,0,0.0,0.0,2,11,0,2,11,0.0,0.0,0.050000000000000044,0.0625,0.0,0,0,0,1,0,0,1,0
S1-817897209,S2-838706635,Neemuch Producer Private Limited,NEEMUCH PRODUCER PRIVATE,"C/O Kavita Verma Anand, Vihar Road Scm No 36, Neemuch, Madhya Pradesh",,1,0,0.31199918264838944,0.8571428571428572,0.8571428571428572,1.0,0.75,0.75,0.8571428571428572,0.8571428571428572,1.0,0.0,0.0,0.0,0.0,0.0,0,0.0,0,1,0,0,0,1,0.8762743473052979,0.0,0,0,4,3,3,0.75,1.0,2,2,2,0,0,1.0,1.0,1.0,1.0,0.7407407407407407,0,0,1,0,0,0,0,0
S1-286660244,S2-112010744,Big It Private Limited,Big It-Private,"C-11/196, Yamuna Vihar, New Delhi, Delhi","C-11/19, YAMUNA VIHAR, NEW DELHI, दिल्ली",1,0,0.31231126831912065,0.7777777777777779,0.7777777777777779,1.0,0.75,0.6363636363636364,0.7777777777777779,0.7777777777777779,1.0,0.8493150684931507,0.821917808219178,0.9310344827586207,0.6,0.972972972972973,1,0.3333333333333333,0,0,0,1,0,1,0.0,0.0,0,0,4,3,3,0.75,1.0,2,2,2,0,0,1.0,1.0,1.0,1.0,0.5882352941176471,0,0,0,1,0,0,1,0
S1-363930978,S2-642463766,East Of Kailash Solutions Private Limited,East Of Kailash Somlutiogs Private Limited,"C/O Rajni Sharma W/O Manish Sharma 290/9 Amritpuri-B Garhi, South Delhi, Third Floor, East Of Kailash, Delhi",,1,0,0.3123643181056633,0.963855421686747,0.963855421686747,0.963855421686747,0.7142857142857143,0.9761904761904762,0.963855421686747,0.963855421686747,0.963855421686747,0.0,0.0,0.0,0.0,0.0,0,0.0,0,1,0,0,0,1,0.8209866881370544,0.0,0,0,6,6,5,0.8333333333333334,0.8333333333333334,4,4,3,1,1,0.75,0.75,0.9411764705882352,0.9411764705882354,0.725,0,0,1,0,0,0,0,0
S1-87727999,S2-616086719,Projects Links Ai,Projects Links Ai Corp,"Sa/5/003, Rupal Cooperativ, E Hsg Society, Nr Ajmera S, Pune City, Pune, Maharashtra",,1,0,0.31273263274778346,0.8717948717948718,0.8717948717948718,1.0,0.75,0.7727272727272727,0.8717948717948718,0.8717948717948718,1.0,0.0,0.0,0.0,0.0,0.0,0,0.0,0,1,0,0,0,1,0.8911329507827759,0.0,0,0,3,4,3,1.0,0.75,3,3,3,0,0,1.0,1.0,1.0,1.0,0.7647058823529411,0,0,1,0,0,0,0,0
S1-870328893,S2-453459570,AK Filling Pvt Ltd,Umbrakelo,"10/1008/3 Kandappath (H), Near Municipality, Perinthalmanna, Malappuram, Malapuram, Kerala","H.NO 8/1008/3 KANDAPPATH (H), NEAR MUNICIPALITY, PERINTHALMANNA, MALAPPURAM, MALAPURAM, Kerala",1,0,0.3134322079395953,0.2222222222222222,0.2222222222222222,0.2222222222222223,0.0,0.5,0.2222222222222222,0.2222222222222222,0.2222222222222223,0.9529411764705881,0.9411764705882352,0.9815950920245399,0.7692307692307693,0.9540229885057471,2,0.5,0,0,1,1,0,2,0.0,0.9828428626060486,0,0,4,1,0,0.0,0.0,2,1,0,2,1,0.0,0.0,0.3157894736842105,0.31578947368421056,0.0,0,0,0,1,0,0,0,1
S1-594610384,S2-352251514,Apex Builders Private Limited,അപെക്സ് ബിൽഡേഴ്സ് പ്രൈവറ്റ് ലിമിറ്റഡ്,"Presad Nilayam Chunangamveli, Erumathala P O, Aluva, Ernakulam, Kerala","BLOCK A-#65 PRESAD NILAYAM CHUNANGAMVELI, ERUMATHALA P O, ALUVA, ERNAKULAM, Kerala",1,0,0.31423715563670485,0.09677419354838712,0.09677419354838712,0.1034482758620689,0.0,0.8787878787878788,0.6060606060606061,0.6060606060606061,0.6060606060606061,0.923076923076923,0.923076923076923,1.0,0.75,0.8571428571428571,0,0.0,0,0,1,1,0,2,0.0,0.9531910419464111,0,0,4,13,0,0.0,0.0,2,13,0,2,13,0.0,0.0,0.04347826086956519,0.04761904761904759,0.0,0,0,0,0,0,0,0,0
S1-533708023,S2-872456906,Tdi Promoters,Tdi Promoters,"S No 19/3 Ranka Jwellers Bldg Vitthalwadi, Pune, Maharashtra",,1,0,0.3144861983262917,1.0,1.0,1.0,1.0,1.0,1.0,1.0,1.0,0.0,0.0,0.0,0.0,0.0,0,0.0,0,1,0,0,0,1,1.000000238418579,0.0,0,1,2,2,2,1.0,1.0,2,2,2,0,0,1.0,1.0,1.0,1.0,1.0,0,0,1,0,0,0,0,0
S1-952911948,S2-42400357,Aqua Hospital,AQUA HOSPITAL,"C/O D.V. Katole, A/P-Shaha Tal-Karanja (Lad), Karanja, Washim, Maharashtra",,1,0,0.3144861983262917,1.0,1.0,1.0,1.0,1.0,1.0,1.0,1.0,0.0,0.0,0.0,0.0,0.0,0,0.0,0,1,0,0,0,1,1.000000238418579,0.0,0,1,2,2,2,1.0,1.0,2,2,2,0,0,1.0,1.0,1.0,1.0,1.0,0,0,1,0,0,0,0,0
S1-635906450,S2-308432847,United Clinic,United Clinic,"Fourth Floor, New No. 20, Apex Chamber Thiyagaraja Nagar, Chennai, Tamil Nadu",,1,0,0.3144861983262917,1.0,1.0,1.0,1.0,1.0,1.0,1.0,1.0,0.0,0.0,0.0,0.0,0.0,0,0.0,0,1,0,0,0,1,1.000000238418579,0.0,0,1,2,2,2,1.0,1.0,2,2,2,0,0,1.0,1.0,1.0,1.0,1.0,0,0,1,0,0,0,0,0
S1-319389206,S2-662073847,Lucina Trust,lucina trust,"A-153, Delhi, 4Th Floor, Vivekanand Marg, Sector 8, New Delhi, South West Delhi",,1,0,0.3151228638820111,1.0,1.0,1.0,1.0,1.0,1.0,1.0,1.0,0.0,0.0,0.0,0.0,0.0,0,0.0,0,1,0,0,0,1,1.0000001192092896,0.0,0,1,2,2,2,1.0,1.0,2,2,2,0,0,1.0,1.0,1.0,1.0,1.0,0,0,1,0,0,0,0,0
S1-367156437,S2-205506925,Future Infrastructure Private Limited,फ्यूचर इंफ्रास्ट्रक्चर प्राइवेट लिमिटेड,"L - 636, Indralok Colony Krishna Nagar, Lucknow, Uttar Pradesh","L - 636/2, LUCKNOW, null, उत्तर प्रदेश",1,0,0.31535586524076986,0.07894736842105265,0.07894736842105265,0.09230769230769226,0.0,0.9487179487179487,0.6835443037974683,0.5822784810126582,0.5822784810126582,0.37777777777777777,0.37777777777777777,0.5652173913043478,0.1875,0.5789473684210527,1,0.5,0,0,0,1,0,1,0.0,0.0,0,0,4,13,0,0.0,0.0,2,13,0,2,13,0.0,0.0,0.033333333333333326,0.0408163265306122,0.0,0,0,0,1,0,0,1,0
S1-877186934,S2-376742790,Unique Products Private Limited,யுனிக் புராடக்ட்ஸ் பிரைவேட் லிமிடெட்,"33A/26A4-1, St. Antony Street, Rajavoor Thopper Post, Kumarapuram, Kanyakumari, Tamil Nadu","33A/26A4-1/5, ST. ANTONY STREET, RAJAVOOR THOPPER POST, KUMARAPURAM, KANYAKUMARI, Tamil Nadu",1,0,0.3166154604112423,0.09523809523809523,0.09523809523809523,0.11320754716981128,0.0,0.96875,0.5915492957746479,0.5915492957746479,0.5915492957746479,0.9882352941176471,0.9882352941176471,1.0,0.9285714285714286,0.9767441860465116,4,0.8,0,0,1,1,0,2,0.0,0.9974305629730225,0,0,4,11,0,0.0,0.0,2,11,0,2,11,0.0,0.0,0.042553191489361646,0.054054054054054036,0.0,0,0,0,1,0,0,1,0
S1-331299685,S2-527836720,Pay Services Pvt Ltd,Pay Pvt Ltd Service,"C/O Ajit Singh, Village Hussainpur, Harish Nagar Colony, Kapurthala, Punjab","C/O AJIT SINGH, VILLAGE HUSSAINPUR, HARISH NAGAR COLONY, KAPURTHALA, ਪੰਜਾਬ",1,0,0.3166571670635511,0.5641025641025641,0.9743589743589743,0.9743589743589743,0.6,0.95,0.5641025641025641,0.9743589743589743,0.9743589743589743,0.9219858156028369,0.9078014184397163,0.955223880597015,0.7142857142857143,0.9859154929577465,0,0.0,0,1,1,1,0,3,0.8970852494239807,0.9399628639221191,0,0,4,4,3,0.75,0.75,2,2,1,1,1,0.5,0.5,0.9565217391304348,0.9565217391304348,0.5263157894736842,0,0,0,0,0,0,0,0
S1-807160260,S2-906314366,Sales Safety Private Limited,SALES SAFETY PRIVATE LIMITED,"436, G.I.D.C., Pandesara, Surat, Gujarat","4-36, G.I.D.C., PANDESARA, SURAT, ગુજરાત",1,0,0.31677431507020654,1.0,1.0,1.0,1.0,1.0,1.0,1.0,1.0,0.8,0.7428571428571429,0.7931034482758621,0.46153846153846156,1.0,0,0.0,0,1,0,0,0,1,0.9999995231628418,0.0,0,1,4,4,4,1.0,1.0,2,2,2,0,0,1.0,1.0,1.0,1.0,1.0,0,0,0,1,1,0,0,1
S1-787417524,S2-677562434,Meeniya Solutions Private Limited,Meeniya Prívate Prívate Limited Center,"4Th Cross Opp. Chowdeshwari Temple, Devarchikkanahalli Main Road, Maruthi La, Yout, Bangalore, 247, Bangalore, Karnataka","PLOT 375 247, 4TH CROSS OPP. CHOWDESHWARI TEMPLE, DEVARCHIKKANAHALLI MAIN ROAD, MARUTHI LA, YOUT, BANGALORE, Karnataka",1,0,0.3170438025553701,0.676056338028169,0.676056338028169,0.6984126984126985,0.3333333333333333,0.868421052631579,0.704225352112676,0.704225352112676,0.8679245283018868,0.8789237668161435,0.914798206278027,1.0,0.875,0.9910714285714286,2,0.6666666666666666,0,0,1,1,0,2,0.0,0.9331032633781433,0,0,4,4,2,0.5,0.5,2,3,1,1,2,0.5,0.3333333333333333,0.42553191489361697,0.5833333333333334,0.34146341463414637,0,0,0,1,0,0,0,1
S1-496968734,S2-871137565,Delhi Heights Limited,Delhi Limited Heights,"Pearls Omaxe Tf 2, 3Rd Floor, Netaji Subhash Place, Pitam Pura, Delhi, North Delhi, Delhi",,1,0,0.31732883914966353,0.6190476190476191,1.0,1.0,1.0,1.0,0.6190476190476191,1.0,1.0,0.0,0.0,0.0,0.0,0.0,0,0.0,0,1,0,0,0,1,0.9999999403953552,0.0,0,0,3,3,3,1.0,1.0,2,2,2,0,0,1.0,1.0,1.0,1.0,0.6190476190476191,0,0,1,0,0,0,0,0
S1-561746369,S2-962542697,LCO Led Pvt Ltd,lled.com,"Level 5 Tamarai Tech Park, Plt 16-19, 20A Tiru Vi Ka, Chennai City Corporation, Chennai, Tamil Nadu","LEVEL 5 TAMARAI TECH PARK, PLT 16-19, 20A TIRU VI KA, CHENNAI CITY CORPORATION, CHENNAI, தமிழ்நாடு",1,0,0.31890752366939235,0.43478260869565216,0.5217391304347826,0.5217391304347826,0.0,0.5333333333333333,0.43478260869565216,0.5217391304347826,0.5217391304347826,0.9139784946236559,0.8924731182795699,0.9433962264150944,0.7142857142857143,0.9787234042553191,4,1.0,1,0,1,1,0,2,0.0,0.9379029870033264,0,0,4,2,0,0.0,0.0,2,2,0,2,2,0.0,0.0,0.5333333333333333,0.8,0.07142857142857142,0,0,0,1,0,1,1,0
S1-938428213,S2-907087061,Kamala Services (India) Private Limited,M/s Kamala Services-(aihilr) Private Limited,"C/O Ramesh Kumar Mie Part A, Near Opp Huda Complex, Bahadurgarh, Jhajjar, Haryana","Haryana, 728- C/O RAMESH KUMAR MIE PART A, NEAR OPP HUDA COMPLEX, BAHADURGARH",1,0,0.31892437055495443,0.8607594936708861,0.8607594936708861,0.9117647058823529,0.5,0.8809523809523809,0.8607594936708861,0.8607594936708861,0.9117647058823529,0.8133333333333332,0.92,0.971830985915493,0.8666666666666667,0.948051948051948,0,0.0,0,0,1,1,0,2,0.0,0.9218253493309021,0,0,5,7,4,0.8,0.5714285714285714,3,5,2,1,3,0.6666666666666666,0.4,0.7659574468085107,0.8333333333333333,0.5853658536585366,0,0,0,0,0,0,0,0
S1-670809721,S2-533011298,Learning Dry of Rajkot Private Limited,Learning Dry of Rajkot Private,"601, Royal Millenium, 6-Royal Park, Kalawad Road, Near Jain Upashray, Rajkot, Gujarat","101, ROYAL MILLENIUM, 6-ROYAL PARK, KALAWAD ROAD, NEAR JAIN UPASHRAY, RAJKOT, Gujarat",1,0,0.3203653134111023,0.8823529411764706,0.8823529411764706,1.0,0.8333333333333334,0.7894736842105263,0.8823529411764706,0.8823529411764706,1.0,0.9873417721518988,0.9620253164556962,0.9863013698630136,0.8461538461538461,1.0,1,0.3333333333333333,0,1,1,1,0,3,0.885060727596283,0.9740945100784302,0,0,6,5,5,0.8333333333333334,1.0,4,4,4,0,0,1.0,1.0,1.0,1.0,0.7741935483870968,0,0,0,1,0,0,0,1
S1-263604106,S2-291760194,Kln Charitable Trust,KLN CHARITABLE TRUST CO,"1104 - 1105, Shapath V, S. G. Highway, Ahmadabad City, Ahmedabad, Gujarat",,1,0,0.32256730441374937,0.9302325581395349,0.9302325581395349,1.0,0.75,0.8695652173913043,0.9302325581395349,0.9302325581395349,1.0,0.0,0.0,0.0,0.0,0.0,0,0.0,0,1,0,0,0,1,0.9574267864227295,0.0,0,0,3,4,3,1.0,0.75,3,3,3,0,0,1.0,1.0,1.0,1.0,0.8888888888888888,0,0,1,0,0,0,0,0
S1-877186934,S2-587131333,Unique Products Private Limited,யுனிக் புராடக்ட்ஸ் பிரைவேட் லிமிடெட்,"33A/26A4-1, St. Antony Street, Rajavoor Thopper Post, Kumarapuram, Kanyakumari, Tamil Nadu","33A/26A4-1/5, ST. ANTONY STREET, RAJAVOOR THOPPER POST, KANYAKUMARI, KUMARAPURAM, Tamil Nadu",1,0,0.32388414424894507,0.09523809523809523,0.09523809523809523,0.11320754716981128,0.0,0.96875,0.5915492957746479,0.5915492957746479,0.5915492957746479,0.8470588235294118,0.9882352941176471,1.0,0.9285714285714286,0.9767441860465116,4,0.8,0,0,1,1,0,2,0.0,0.9974305629730225,0,0,4,11,0,0.0,0.0,2,11,0,2,11,0.0,0.0,0.042553191489361646,0.054054054054054036,0.0,0,0,0,1,0,0,1,0
S1-944992603,S2-378132751,Pawansut Works,Mr Pawansut Works LLP,"Tamil Nadu, Sri Ram Complex, First Floor First Street, Coimbatore, 562, Gandhipuram","162, SRI RAM COMPLEX, FIRST FLOOR FIRST STREET, GANDHIPURAM, தமிழ்நாடு",1,0,0.3255351365763564,0.8,0.8,1.0,0.5,0.6666666666666666,0.8,0.8,1.0,0.7412587412587412,0.7832167832167832,0.8761904761904762,0.4375,0.8333333333333334,0,0.0,0,1,1,1,0,3,0.8660255670547485,0.8236768245697021,0,0,2,4,2,1.0,0.5,2,3,2,0,1,1.0,0.6666666666666666,0.9032258064516128,1.0,0.6875,0,0,0,1,1,0,0,1
S1-894682905,S2-18666843,Tech Care Private Limited,Tech కేర్ Private Limited,"Hyderabad, 12-2-709/C/16, Padmanabha Nagar Colony Humayun Nagar, Telangana","13-2-709/C/16, PADMANABHA NAGAR COLONY HUMAYUN NAGAR, తెలంగాణ",1,0,0.32602116457237856,0.8571428571428572,0.8163265306122449,0.9090909090909091,0.5,0.96,0.88,0.88,0.8888888888888888,0.7846153846153847,0.7846153846153847,0.8842105263157894,0.5,0.8309859154929577,3,0.6,0,0,1,1,1,3,0.0,0.8151394724845886,2,0,4,5,3,0.75,0.6,2,3,1,1,2,0.5,0.3333333333333333,0.5882352941176471,0.6666666666666665,0.5833333333333334,0,0,0,1,0,0,0,1
S1-928944555,S2-97148652,Blue It Pvt Ltd,ब्लू आईटी प्रा. लि.,"B-804, Tower 4 Nx One, Techzone 4, Bishrakh, Gautam Buddha Nagar, Uttar Pradesh","B-04, TOWER 4 NX ONE, TECHZONE 4, BISHRAKH, GAUTAM BUDDHA NAGAR, उत्तर प्रदेश",1,0,0.3260538067996457,0.2142857142857143,0.2142857142857143,0.2307692307692308,0.0,0.8666666666666667,0.5555555555555556,0.38888888888888884,0.38888888888888884,0.8356164383561644,0.8082191780821918,0.8709677419354839,0.5263157894736842,0.972972972972973,1,0.5,0,0,1,1,0,2,0.0,0.8339698910713196,0,0,4,5,0,0.0,0.0,2,5,0,2,5,0.0,0.0,0.09999999999999998,0.11111111111111115,0.0,0,0,0,1,0,0,0,1
S1-641328974,S2-601504645,Four Bikes Private Limited,bikesprivate.com,"C/O Ramanashree Arcade, Mg Road, Ulsoor, Bangalore North, Bangalore, Karnataka","C/O RAMANLSHREE ARCADE, MG ROAD, ULSOOR, BENGALURU, BANGALORE, Karnataka",1,0,0.3260616794118012,0.6666666666666667,0.5714285714285714,0.5714285714285715,0.0,0.6153846153846154,0.6666666666666667,0.5714285714285714,0.5714285714285715,0.9,0.9,0.9076923076923077,0.6666666666666666,0.9178082191780822,0,0.0,0,0,0,1,0,1,0.0,0.0,0,0,4,2,0,0.0,0.0,2,2,0,2,2,0.0,0.0,0.3846153846153846,0.5384615384615384,0.4166666666666667,0,0,0,0,0,0,0,0
S1-515159371,S2-427188932,Shikha & Co,SHIKHA + | www.shikha.com,"27, Arihanth Flats, D.No.4, Vivekanandapuram 1 Street, Chennai City Corporation, Chennai, Tamil Nadu","தமிழ்நாடு, HN 786 27, ARIHANTH FLATS, D.NO.4, VIVEKANANDAPURAM 1 STREE, CHENNAI CITY CORPORATION",1,0,0.3294221866589062,0.6470588235294117,0.5294117647058824,0.6666666666666665,0.2,0.6190476190476191,0.6470588235294117,0.5294117647058824,0.6666666666666665,0.8043478260869565,0.826086956521739,0.8831168831168832,0.5238095238095238,0.9574468085106383,3,0.75,0,1,1,1,0,3,0.718049168586731,0.8548495173454285,0,0,3,3,1,0.3333333333333333,0.3333333333333333,2,3,1,1,2,0.5,0.3333333333333333,0.5161290322580645,0.75,0.23529411764705882,0,0,0,1,0,0,0,1
S1-998210631,S2-176189381,Durga College Private Limited,Sri collegeprivate.com,"A-202 Bestach Park, View Spa Next Sec-67, Badshahpur, Gurgaon, Haryana","PLOT 7-824 A-202 BESTACH PARK, GURGAON, BADSHAHPUR, हरियाणा",1,0,0.33102370815917653,0.7058823529411764,0.5490196078431373,0.5490196078431372,0.0,0.7586206896551724,0.7058823529411764,0.5490196078431373,0.5490196078431372,0.5619834710743802,0.6942148760330579,0.8043478260869565,0.3333333333333333,0.8333333333333334,1,0.25,0,0,1,1,0,2,0.0,0.6928761005401611,0,0,4,3,0,0.0,0.0,2,3,0,2,3,0.0,0.0,0.5142857142857142,0.5142857142857143,0.4,0,0,0,1,0,0,0,1
S1-439224815,S2-965003973,Primestone Technologies Private Limited,Smt Primestone Technologies Technologies Prívate (Limited),"West Bengal, Ranaghat-I, C/O-Parimal Sarkar, Po-Badkulla, Ps- Taherpur, Pl2341, Nadia","PL341, C/O-PARIMAL SARKAR, PO-BADKULLA, PS- TAHERPUR, RANAGHAT-I, West Bengal",1,0,0.33115557412477326,0.8,0.8,0.926829268292683,0.5,0.6964285714285714,0.8210526315789474,0.8210526315789474,1.0,0.6577181208053691,0.9530201342281879,0.9558823529411765,0.8,0.9102564102564102,0,0.0,0,1,1,1,1,4,0.8524827361106873,0.8981248736381531,6,0,4,5,3,0.75,0.6,2,4,2,0,2,1.0,0.5,0.6478873239436621,1.0,0.775,0,0,0,1,1,0,0,1
S1-445795826,S2-576821683,Future Infotech,ಫ್ಯೂಚರ್ ಇನ್‌ಫೋಟೆಕ್,"No966 8Th Cross 27Th Mnrd, 1St Sector Hsr Layout, Bangalore South, Bangalore, Karnataka","NO6-966 8TH CROSS 27TH MNRD, Bangalore South, N/A, Karnataka",1,0,0.3322959284273503,0.06666666666666665,0.06666666666666665,0.07142857142857138,0.0,1.0,0.5454545454545454,0.36363636363636365,0.36363636363636365,0.7714285714285716,0.7285714285714286,0.8823529411764706,0.4375,0.6867469879518072,3,0.6,0,0,0,1,0,1,0.0,0.0,0,0,2,6,0,0.0,0.0,2,6,0,2,6,0.0,0.0,0.06666666666666665,0.07142857142857138,0.0,0,0,0,1,0,0,0,1
S1-863080752,S2-969049908,Transglobal Bulls Private Limited,Dr Transglobal Bulls Limited Service,"Pallikkaranai Village Velachery, Chennai, Tamil Nadu","PALLIKKARANAI VILLAGE VELACHERY, CHENNAI, தமிழ்நாடு",1,0,0.3328254432195255,0.7246376811594203,0.8405797101449275,0.8620689655172414,0.5,0.9166666666666666,0.7246376811594203,0.8405797101449275,0.8620689655172414,0.8367346938775511,0.7959183673469387,0.896551724137931,0.4,0.96,0,0.0,0,1,1,1,0,3,0.7480806708335876,0.8869160413742065,0,0,4,5,3,0.75,0.6,2,4,2,0,2,1.0,0.5,0.7555555555555555,1.0,0.48717948717948717,0,0,0,0,0,0,0,0
S1-575514241,S2-669636589,Ganadhipati Sugars Partners,Ganadhipati  Sugars Partners Ltd,"Erandawane, Shriniwas Apts, Patwardhan Baug, Pune, Maharashtra, 502",,1,0,0.3332692634038474,0.9310344827586207,0.9310344827586207,1.0,0.75,0.8709677419354839,0.9310344827586207,0.9310344827586207,1.0,0.0,0.0,0.0,0.0,0.0,0,0.0,0,1,0,0,0,1,0.9525795578956604,0.0,0,0,3,4,3,1.0,0.75,3,3,3,0,0,1.0,1.0,1.0,1.0,0.8846153846153846,0,0,1,0,0,0,0,0
S1-732629195,S2-340596909,ODQ Foundation Associates,ODQ Foundation (ID: 67829),"Evelina Building, Flat-901, Hiranadani Estate, Patlipada, Thane (W), Thane, Maharashtra","215 EVELINA BUILDING, FLAT-901, HIRANADANI ESTATE, PATLIPADA, THANE (W), THANE, महाराष्ट्र",1,0,0.3332939342915731,0.6666666666666667,0.625,0.7567567567567568,0.4,0.92,0.6666666666666667,0.625,0.7567567567567568,0.84472049689441,0.8322981366459627,0.9104477611940298,0.6,0.9634146341463414,1,0.5,0,0,1,1,0,2,0.0,0.8855618834495544,0,0,3,4,2,0.6666666666666666,0.5,3,4,2,1,2,0.6666666666666666,0.5,0.6666666666666667,0.7567567567567568,0.39285714285714285,0,0,0,1,0,0,0,1
S1-410134686,S2-764857948,S.A.S.Nagar (Mohali) Proteins Private Limited,S.A.S.Nagar (Mohali) Proteins Limited Center,"Flat 612, Floor 6, Block B2, Wembley Society, Sector91, S.A.S.Nagar (Mohali), Rupnagar, Punjab",,1,0,0.33447702983821964,0.8235294117647058,0.8235294117647058,0.904109589041096,0.75,0.9767441860465116,0.8235294117647058,0.8235294117647058,0.904109589041096,0.0,0.0,0.0,0.0,0.0,0,0.0,0,1,0,0,0,1,0.8185576796531677,0.0,0,0,7,7,6,0.8571428571428571,0.8571428571428571,5,6,5,0,1,1.0,0.8333333333333334,0.8852459016393442,1.0,0.5952380952380952,0,0,1,0,0,0,0,0
S1-210606358,S2-657700227,Gowthami Health Private Limited,Limited Gowthami Health Services,"No 1470, 2Nd Floor, Near Rajmurali Theater, Bangalore North, Bangalore, Karnataka","H.NO 470, 2ND FLOOR, NEAR RAJMURALI THEATER, BANGALORE NORTH, BANGALORE, Karnataka",1,0,0.3378313288945863,0.6349206349206349,0.8571428571428572,0.8571428571428571,0.6,0.96875,0.6349206349206349,0.8571428571428572,0.8571428571428571,0.9803921568627451,0.9281045751633986,0.9774436090225563,0.75,0.987012987012987,1,0.3333333333333333,0,0,1,1,0,2,0.0,0.9766455888748169,0,0,4,4,3,0.75,0.75,2,3,2,0,1,1.0,0.6666666666666666,0.7692307692307692,1.0,0.4722222222222222,0,0,0,1,0,0,0,1
S1-197268969,S2-709609918,Galaxy Finance Pvt Ltd,ഗാലക്സി ഫിനാൻസ് പ്രൈവറ്റ് ലിമിറ്റഡ്,"Building No. Vi/36-J Kaninadu Po, Ernakulam, Kerala","BUILDING NO. VI/36- KANINADU PO, ERNAKULAM, Kerala",1,0,0.3384445788579135,0.1132075471698113,0.1132075471698113,0.11764705882352942,0.0,0.7096774193548387,0.4482758620689655,0.31034482758620685,0.31034482758620685,0.9787234042553191,0.9787234042553191,1.0,0.8888888888888888,0.9583333333333334,1,1.0,1,0,1,1,0,2,0.0,0.9946665167808533,0,0,4,13,0,0.0,0.0,2,13,0,2,13,0.0,0.0,0.04444444444444439,0.04651162790697669,0.0,0,0,0,1,0,1,1,0
S1-175827323,S2-599017889,Veena Cabin Private Limited,VEENA CABIN-PRIVATE LIMITED,"17/13Mall Road Tilak Nagar, New Delhi, West Delhi, Delhi","DOOR NO 1/713MALL ROAD TILAK NAGAR, NEW DELHI, Delhi",1,0,0.33846096729881575,1.0,1.0,1.0,1.0,1.0,1.0,1.0,1.0,0.796116504854369,0.796116504854369,0.8235294117647058,0.4166666666666667,0.9433962264150944,0,0.0,0,1,0,0,0,1,0.9999996423721313,0.0,0,1,4,4,4,1.0,1.0,2,2,2,0,0,1.0,1.0,1.0,1.0,1.0,0,0,0,1,1,0,0,1
S1-528704618,S2-438023820,New Construction Limited,நியூ கன்ஸ்ட்ரக்ஷன் லிமிடெட்,"Tamil Nadu, Kalkulam, Azhagiyamandapam, Mulagumoodu P.O, Kanyakumari, 2/72A","2/72A, AZHAGIYAMANDAPAM, MULAGUMOODU P.O, KALKULAM, KANNIYAKUMARI, தமிழ்நாடு",1,0,0.34067144472119854,0.08333333333333337,0.08333333333333337,0.09090909090909094,0.0,1.0,0.5185185185185186,0.5185185185185186,0.5185185185185186,0.7,0.8571428571428572,0.8714285714285714,0.4666666666666667,1.0,2,1.0,1,0,1,1,0,2,0.0,0.8404591083526611,0,0,3,9,0,0.0,0.0,2,9,0,2,9,0.0,0.0,0.050000000000000044,0.05555555555555557,0.0,0,0,0,1,0,1,1,0
S1-957207516,S2-570512638,Ram Infotech Pvt Ltd,राम इंफोटेक प्रा. लि.,"B-50 Midc, Waluj, Aurangabad, Maharashtra","B-50 MIDC, CHHATRAPATI SAMBHAJI NAGAR, AURANGABD, Maharashtra",1,0,0.34309186213339227,0.16216216216216217,0.16216216216216217,0.17142857142857137,0.0,0.85,0.6190476190476191,0.6190476190476191,0.6190476190476191,0.7083333333333333,0.7083333333333333,0.711864406779661,0.4,0.6551724137931034,1,1.0,1,0,0,1,0,1,0.0,0.0,0,0,4,8,0,0.0,0.0,2,8,0,2,8,0.0,0.0,0.06896551724137934,0.07407407407407404,0.0,0,0,0,1,0,1,1,0
S1-870971545,S2-457022887,Century Solutions Pvt Ltd,century sólutions pvt ltd,"Shop No 01, Nr Kuberji Mahadev, Village Kapadwanj, Kapadwanj, Kheda, Gujarat",,1,0,0.3432415688131695,0.96,0.96,0.96,0.6,1.0,1.0,1.0,1.0,0.0,0.0,0.0,0.0,0.0,0,0.0,0,1,0,0,1,2,0.849999725818634,0.0,5,0,4,4,3,0.75,0.75,2,2,1,1,1,0.5,0.5,0.9411764705882352,0.9411764705882354,0.7391304347826086,0,0,1,0,0,0,0,0
S1-348411536,S2-691255887,CVG Ecommerce Pvt Ltd,CVG Ecommerce Pvt,"D.No.1/420, Sakthi Nagar, Salem, Tamil Nadu",,1,0,0.3450506237229092,0.8947368421052632,0.8947368421052632,1.0,0.75,0.8095238095238095,0.8947368421052632,0.8947368421052632,1.0,0.0,0.0,0.0,0.0,0.0,0,0.0,0,1,0,0,0,1,0.9185583591461182,0.0,0,0,4,3,3,0.75,1.0,2,2,2,0,0,1.0,1.0,1.0,1.0,0.8125,0,0,1,0,0,0,0,0
S1-336789489,S2-502360460,Digital Marketing,Digital Marketing,"40-41, Pushpa Market Central Market, Lajpat Nagar, New Delhi, Delhi",,1,0,0.34568044515179663,1.0,1.0,1.0,1.0,1.0,1.0,1.0,1.0,0.0,0.0,0.0,0.0,0.0,0,0.0,0,1,0,0,0,1,0.9999995231628418,0.0,0,1,2,2,2,1.0,1.0,2,2,2,0,0,1.0,1.0,1.0,1.0,1.0,0,0,1,0,0,0,0,0
S1-217197350,S2-279759294,Liberty Cosmetics,Liberty Cosmetics,"65 Kairu Near By Imarti, Bhiwani, Haryana, Kue Kairu, Bhiwani",,1,0,0.34568044515179663,1.0,1.0,1.0,1.0,1.0,1.0,1.0,1.0,0.0,0.0,0.0,0.0,0.0,0,0.0,0,1,0,0,0,1,0.9999995231628418,0.0,0,1,2,2,2,1.0,1.0,2,2,2,0,0,1.0,1.0,1.0,1.0,1.0,0,0,1,0,0,0,0,0
S1-583718368,S2-992923995,India North Internet Limited,India North-Limited Pártners,"Vi/269, Sigma Building, P.O Chettupuzha Elthuruth Junction, Thrissur, Kerala","VI/69, SIGMA BUILDING, P.O CHETTUPUZHA ELTHURUTH JUNCTION, THRISSUR, കേരളം",1,0,0.34603570436113096,0.6785714285714286,0.6785714285714286,0.8214285714285714,0.6,1.0,0.6785714285714286,0.6785714285714286,0.8214285714285714,0.9219858156028369,0.9078014184397163,0.9384615384615383,0.6428571428571429,0.9583333333333334,0,0.0,0,0,1,1,0,2,0.0,0.9131854772567749,0,0,4,4,3,0.75,0.75,3,3,2,1,1,0.6666666666666666,0.6666666666666666,0.75,0.75,0.3939393939393939,0,0,0,1,1,0,0,1
S1-539026616,S2-357158729,Allahabad Technology Ltd,allahabad technology ltd,"Snanku, Rambaghambari Gaddi, Allahabad, Uttar Pradesh",,1,0,0.34794791659693514,1.0,1.0,1.0,1.0,1.0,1.0,1.0,1.0,0.0,0.0,0.0,0.0,0.0,0,0.0,0,1,0,0,0,1,0.9999996423721313,0.0,0,1,3,3,3,1.0,1.0,2,2,2,0,0,1.0,1.0,1.0,1.0,1.0,0,0,1,0,0,0,0,0
S1-105501396,S2-62827165,Horizon Technology Private Limited,Korxylo,"34 Vivekananda Road, Kolkata, South 24 Parganas, West Bengal","34 VIVEKANANDA ROAD, KOLKATA, SOUTH 24 PARGANAS, পশ্চিমবঙ্গ",1,0,0.3483716868998869,0.19512195121951215,0.19512195121951215,0.19512195121951223,0.0,0.20588235294117646,0.19512195121951215,0.19512195121951215,0.19512195121951223,0.831858407079646,0.8141592920353982,0.8910891089108911,0.5384615384615384,0.9824561403508771,2,1.0,1,0,1,1,0,2,0.0,0.8498321771621704,0,0,4,1,0,0.0,0.0,2,1,0,2,1,0.0,0.0,0.31999999999999995,0.32,0.0,0,0,0,1,0,1,1,0
S1-598845454,S2-190378302,Dgr Academy,Shri Dgr Center,"Ground Floor Sri Ram Towerashok Marg Lucknow, Uttar Pradesh, Lucknow, Uttar Pradesh","GROUND FLOOR SRI RAM TOWERASHOK MARG LUCKNOW, UTTAR PRADESH, Uttar Pradesh",1,0,0.34948291697624834,0.4615384615384615,0.4615384615384615,0.4615384615384615,0.25,0.7333333333333333,0.4615384615384615,0.4615384615384615,0.4615384615384615,0.9473684210526316,0.9473684210526316,1.0,1.0,0.9,0,0.0,0,0,1,1,0,2,0.0,0.9686497449874878,0,0,2,3,1,0.5,0.3333333333333333,2,3,1,1,2,0.5,0.3333333333333333,0.4615384615384615,0.4615384615384615,0.05555555555555555,0,0,0,0,0,0,0,0
S1-648824051,S2-292333210,Pragati Institute of Technology,Pragati Institute of,"H/Oambikesh Dashc/O-Bbdas, 599/6400/8217, Sameigadia, Bhubaneswar, Khordha, Orissa","H/OAMBIKESH DASHC/O-BBDAS, 599/6400/821, SAMEIGADIA, BHUBANESWAR, Odisha",1,0,0.35159733297813384,0.7843137254901962,0.7843137254901962,1.0,0.75,0.6451612903225806,0.7843137254901962,0.7843137254901962,1.0,0.9241379310344827,0.9103448275862069,0.9241379310344827,0.6428571428571429,0.8831168831168831,2,0.5,0,0,1,1,0,2,0.0,0.8250349164009094,0,0,4,3,3,0.75,1.0,4,3,3,1,0,0.75,1.0,0.7843137254901962,1.0,0.6153846153846154,0,0,0,1,0,0,1,0
S1-693390811,S2-325096921,Amrapali Anddevelopers Private Limited,Amrapali Anddevelopers Limited Services,"Level 9, East Wing, Raheja Towers No. 26/27 Mahatma Gandhi Road, Bangalore, Karnataka",,1,0,0.3516456196834708,0.7792207792207794,0.8831168831168832,0.8831168831168832,0.6,0.9743589743589743,0.7792207792207794,0.8831168831168832,0.8831168831168832,0.0,0.0,0.0,0.0,0.0,0,0.0,0,1,0,0,0,1,0.7911326289176941,0.0,0,0,4,4,3,0.75,0.75,2,3,2,0,1,1.0,0.6666666666666666,0.8301886792452831,1.0,0.5581395348837209,0,0,1,0,0,0,0,0
S1-425137000,S2-314792625,Mohit India Limited,Mohit India Limited,"3, 2 Floor, Plot No 15-17, Canara Bank, Adi Marzban Path, Shahid Bhagat Sing Rd, Mumbai, Mumbai City, Maharashtra",,1,0,0.3529774630075531,1.0,1.0,1.0,1.0,1.0,1.0,1.0,1.0,0.0,0.0,0.0,0.0,0.0,0,0.0,0,1,0,0,0,1,1.0000004768371582,0.0,0,1,3,3,3,1.0,1.0,2,2,2,0,0,1.0,1.0,1.0,1.0,1.0,0,0,1,0,0,0,0,0
S1-613704969,S2-556909693,Sawhney Producer Co,SAWHNEY PRODUCER CO,"#549, 8Th Main, 3Rd Cross, Bsk 1St Stage, Bangalore, Karnataka",,1,0,0.3529774630075531,1.0,1.0,1.0,1.0,1.0,1.0,1.0,1.0,0.0,0.0,0.0,0.0,0.0,0,0.0,0,1,0,0,0,1,1.0000004768371582,0.0,0,1,3,3,3,1.0,1.0,2,2,2,0,0,1.0,1.0,1.0,1.0,1.0,0,0,1,0,0,0,0,0
S1-407092961,S2-543596000,Divya Media Limited,Divya Media [Limited],"No 20 Ammaiyappan Street Royapettah, Chennai, Tamil Nadu",,1,0,0.3529774630075531,1.0,1.0,1.0,1.0,1.0,1.0,1.0,1.0,0.0,0.0,0.0,0.0,0.0,0,0.0,0,1,0,0,0,1,1.0000004768371582,0.0,0,1,3,3,3,1.0,1.0,2,2,2,0,0,1.0,1.0,1.0,1.0,1.0,0,0,1,0,0,0,0,0
S1-511054857,S2-960243292,Devanth Enclave LLP,DEVANTH  ENCLAVE LLP,"1St Floor Brahm Complex Barnala Road, Sirsa, Haryana",,1,0,0.3529774630075531,1.0,1.0,1.0,1.0,1.0,1.0,1.0,1.0,0.0,0.0,0.0,0.0,0.0,0,0.0,0,1,0,0,0,1,1.0000004768371582,0.0,0,1,3,3,3,1.0,1.0,2,2,2,0,0,1.0,1.0,1.0,1.0,1.0,0,0,1,0,0,0,0,0
S1-228542029,S2-632239767,Mata Institute Co,Mata Institute Co,"Plot No.04, Shradha Vihar Colony, Indira Nagar Wadala Pathardi Road, Nashik, Maharashtra",,1,0,0.35305392089073,1.0,1.0,1.0,1.0,1.0,1.0,1.0,1.0,0.0,0.0,0.0,0.0,0.0,0,0.0,0,1,0,0,0,1,0.9999997615814209,0.0,0,1,3,3,3,1.0,1.0,2,2,2,0,0,1.0,1.0,1.0,1.0,1.0,0,0,1,0,0,0,0,0
S1-759055322,S2-826003982,Creative Point Private Limited,Creative Póint Private Limited,"Mumbai City, Ladia Bunglow, Sujata Niketan Comopund Rani Sati Marg, Nr Railway Gate, Malad E, Ast, Room No 3, Maharashtra, Mumbai",,1,0,0.3534662334497842,0.9666666666666667,0.8,0.9666666666666667,0.6,1.0,1.0,1.0,1.0,0.0,0.0,0.0,0.0,0.0,0,0.0,0,1,0,0,1,2,0.8799997568130493,0.0,1,0,4,4,3,0.75,0.75,2,2,1,1,1,0.5,0.5,0.9285714285714286,0.9285714285714286,0.7857142857142857,0,0,1,0,0,0,0,0
S1-309254225,S2-700702546,Surana Minerals Pvt Ltd,Surana Minerals Pvt,"Jaimol Mathew Nellikunnel, Ernakulam, Kerala, Kadalikkad, 11/337/C",,1,0,0.3572732716231457,0.9047619047619048,0.9047619047619048,1.0,0.75,0.8260869565217391,0.9047619047619048,0.9047619047619048,1.0,0.0,0.0,0.0,0.0,0.0,0,0.0,0,1,0,0,0,1,0.9279609322547913,0.0,0,0,4,3,3,0.75,1.0,2,2,2,0,0,1.0,1.0,1.0,1.0,0.8333333333333334,0,0,1,0,0,0,0,0
S1-928433848,S2-792643159,Maa Investment Private Limited,മാ ഇൻവെസ്റ്റ്മെന്റ് പ്രൈവറ്റ് ലിമിറ്റഡ്,"Tc-4/1813, Ali Plaza Opposite Trivandrum Tennis Club, Kowdiar, Thiruvananthapuram, Trivandrum, Kerala","#1-39 TC-4/1813, THIRUVANANTHAPURAM, TRIVANDRUM, Kerala",1,0,0.35831417691370326,0.09230769230769231,0.09230769230769231,0.11320754716981128,0.0,0.8571428571428571,0.6470588235294117,0.6470588235294117,0.6470588235294117,0.6258503401360545,0.6258503401360545,0.9484536082474228,0.42857142857142855,0.53125,2,0.5,0,0,1,1,0,2,0.0,0.7791942954063416,0,0,4,10,0,0.0,0.0,2,10,0,2,10,0.0,0.0,0.04081632653061229,0.054054054054054036,0.0,0,0,0,1,0,0,0,1
S1-592650491,S2-793568092,Coronet Dee Private Limited,-- Coronet Dee Phrviale Limited,"Ranihat Mangalabag, Cuttack, Medical Road, Orissa, Cuttack","MEDICAL RAOD, CUTTACK, Odisha",1,0,0.35932042108860235,0.9090909090909091,0.9090909090909091,0.9090909090909091,0.6,0.9642857142857143,0.9090909090909091,0.9090909090909091,0.9090909090909091,0.4691358024691358,0.617283950617284,0.7142857142857143,0.25,0.5,0,0.0,0,0,0,1,0,1,0.0,0.0,0,0,4,4,3,0.75,0.75,2,3,2,0,1,1.0,0.6666666666666666,0.7096774193548387,1.0,0.5,0,0,0,0,0,0,0,0
S1-912312174,S2-647608319,Shivani Services Pvt Ltd,... SHIVANI PVT LTD SERVICE,"H.No-3-27, Devarayamjal Village Shamirpet Mandal, Hyderabad, Medchal, Hyderabad, Telangana","Telangana, HYDERABAD, BLOCK D-592 H.NO-3-27, MEDCHAL, DEVARAYAMJAL VILLAGE SHAMIRPET MANDAL, HYDERABAD",1,0,0.3613337305334615,0.6382978723404256,0.9787234042553191,0.9787234042553191,0.6,0.9583333333333334,0.6382978723404256,0.9787234042553191,0.9787234042553191,0.6263736263736264,0.934065934065934,1.0,0.7857142857142857,0.8762886597938144,2,0.6666666666666666,0,1,1,1,0,3,0.919254720211029,0.9629123210906982,0,0,4,4,3,0.75,0.75,2,2,1,1,1,0.5,0.5,0.967741935483871,0.967741935483871,0.6086956521739131,0,0,0,1,0,0,0,1
S1-904558204,S2-616535178,Aurangabad Shiksha,Aurangabad Shiksha,"Plot No. E-20-39, Golden Dreams Buildcon, Aurangabad, Maharashtra",,1,0,0.361552754106552,1.0,1.0,1.0,1.0,1.0,1.0,1.0,1.0,0.0,0.0,0.0,0.0,0.0,0,0.0,0,1,0,0,0,1,0.9999999403953552,0.0,0,1,2,2,2,1.0,1.0,2,2,2,0,0,1.0,1.0,1.0,1.0,1.0,0,0,1,0,0,0,0,0
S1-192174198,S2-743735954,Delhi Chit Private Limited,Delhi Chit  Private Limited | www.delhichit.com,"Delhi, 10196/1/3 Jhandewalan Mandir Jhandewalan Near Main Road, Delhi, New Delhi","Delhi, #10196/1/3/9 JHANDEWALAN MANDIR JHANDEWALAN NEAR MAIN ROAD, DELHI",1,0,0.36251734375920547,0.7428571428571429,0.7428571428571429,1.0,0.5714285714285714,0.5909090909090909,0.7428571428571429,0.7428571428571429,1.0,0.9178082191780823,0.9315068493150684,0.98,0.8181818181818182,0.8961038961038961,3,0.75,0,0,1,1,0,2,0.0,0.971910297870636,0,0,4,7,4,1.0,0.5714285714285714,2,5,2,0,3,1.0,0.4,0.5263157894736843,1.0,0.7241379310344828,0,0,0,1,0,0,1,0
S1-965602151,S2-313083706,Kaybee Ventures Limited,Kaybee Ventugres Limited (ID: 70395),"F No 301, P No 74 Part, Aarya Mansion, Hayathnagar, Hyderabad, Telangana","PLOT B3/248 F NO 301, P NO 74 PART, AARYA MANSION, HAYATHNAGAR, NULL, Andhra Pradesh",1,0,0.3636732749197789,0.8214285714285714,0.8214285714285714,0.8214285714285714,0.3333333333333333,0.696969696969697,0.8214285714285714,0.8214285714285714,0.8214285714285714,0.7397260273972602,0.6849315068493153,0.8148148148148148,0.5294117647058824,0.8481012658227848,2,0.5,0,0,0,1,0,1,0.0,0.0,0,0,3,5,2,0.6666666666666666,0.4,2,4,1,1,3,0.5,0.25,0.75,0.75,0.5862068965517241,0,0,0,1,0,0,0,1
S1-745656359,S2-510453179,Jai It,ஜெய் ஐடி,"No. 86, E.V.K. Sampath Road, Perambur Purasawalkam, Chennai, Tamil Nadu","PERAMBUR PURASAWALKAM, CHENNAI, NO. 86/7, E.V.K. SAMPATH ROAD, தமிழ்நாடு",1,0,0.36368727335894996,0.16666666666666663,0.16666666666666663,0.1666666666666667,0.0,1.0,0.5333333333333333,0.5333333333333333,0.5333333333333333,0.5384615384615384,0.8307692307692307,0.907563025210084,0.5882352941176471,1.0,1,0.5,0,0,1,1,0,2,0.0,0.8867062330245972,0,0,2,3,0,0.0,0.0,2,3,0,2,3,0.0,0.0,0.16666666666666663,0.1666666666666667,0.0,0,0,0,1,0,0,1,0
S1-324591867,S2-395131476,Sun Ammonia Pvt Ltd,Sun Ammonia Pvt Limited,"Nk-Ii 559 A, Indirapuram, Ghaziabad, Uttar Pradesh",,1,0,0.3698694532916743,0.9047619047619048,0.9047619047619048,0.9047619047619048,0.6,0.8260869565217391,0.9047619047619048,0.9047619047619048,0.9047619047619048,0.0,0.0,0.0,0.0,0.0,0,0.0,0,1,0,0,0,1,0.7244319915771484,0.0,0,0,4,4,3,0.75,0.75,2,2,2,0,0,1.0,1.0,1.0,1.0,0.6,0,0,1,0,0,0,0,0
S1-858121175,S2-117708505,DB Petrochemicals Partners,DB Petrochemicals Partners Corporation,"84, Rayar Thottam, Kannampalayam, Sulur Via, Coimbatore-641 405, Tamil Nadu","D/84, RAYAR THOTTAM, KANNAMPALAYAM, SULUR VIA, Tamil Nadu",1,0,0.3708470660716259,0.8125,0.8125,1.0,0.75,0.6842105263157895,0.8125,0.8125,1.0,0.8292682926829268,0.8455284552845528,0.9807692307692308,0.6666666666666666,0.7571428571428571,1,0.3333333333333333,0,1,1,1,0,3,0.8257232308387756,0.8594294190406799,0,0,3,4,3,1.0,0.75,3,3,3,0,0,1.0,1.0,1.0,1.0,0.6666666666666666,0,0,0,1,0,0,1,0
S1-415382014,S2-24770282,Pro Welfare Society,Sri Pro Welfare Society Ltd,"Naupada, Thane West, Shivanand Apartment, Bask. Colony, Shivaji Nagar Road, Maharashtra","H.NO 924/8 SHIVANAND APARTMENT, BASK. COLONY, SHIVAJI NAGAR ROAD, NAUPADA, Maharashtra",1,0,0.37160746407968914,0.826086956521739,0.826086956521739,1.0,0.6,0.7037037037037037,0.826086956521739,0.826086956521739,1.0,0.814814814814815,0.8641975308641976,0.9271523178807947,0.6,1.0,0,0.0,0,1,1,1,0,3,0.8695389628410339,0.9182499647140503,0,0,3,5,3,1.0,0.6,3,4,3,0,1,1.0,0.75,0.9047619047619048,1.0,0.7142857142857143,0,0,0,0,0,0,0,0
S1-858326784,S2-344156796,Padmalaya & Co,Pmlmaalhsa & Co,"P.O. - Dhabani P.S. - Laudoha, Vill - Bargoria, West Bengal, Bardhaman, Durgapur","VILL - BARGORIA, DURGAPUR, PURBA BARDHAMAN, West Bengal",1,0,0.3717097993923986,0.7272727272727273,0.7272727272727273,0.7272727272727272,0.5,0.9411764705882353,0.7272727272727273,0.7272727272727273,0.7272727272727272,0.5084745762711864,0.7966101694915254,0.9361702127659575,0.5,0.7352941176470589,0,0.0,0,0,1,1,0,2,0.0,0.8035578727722168,0,0,3,3,2,0.6666666666666666,0.6666666666666666,2,2,1,1,1,0.5,0.5,0.6666666666666667,0.6666666666666665,0.19047619047619047,0,0,0,0,0,0,0,0
S1-636330222,S2-926253513,Vero Tour Private Limited,FAYENOVI,"Door No. Xi/952, Crystal Tower Perumbavoor Road, Kalady, Ernakulam, Kerala","DOOR NO. XI/952, CRYSTAL TOWER PERUMBAVOOR ROAD, KALADY, ERNAKULAM, KALADY, Kerala",1,0,0.37260285495885703,0.24242424242424243,0.24242424242424243,0.2424242424242425,0.0,0.32,0.24242424242424243,0.24242424242424243,0.2424242424242425,0.9517241379310345,0.9517241379310345,1.0,1.0,0.9078947368421053,1,1.0,1,0,1,1,0,2,0.0,0.965962827205658,0,0,4,1,0,0.0,0.0,2,1,0,2,1,0.0,0.0,0.23529411764705888,0.23529411764705885,0.0,0,0,0,1,0,1,1,0
S1-576700501,S2-639011125,East Solutions,ഈസ്റ്റ് സൊല്യൂഷൻസ്,"Door No. Xiv/390 Â H5 6Th Floor Kna Plaza Kundanoor J N, Maradu, Ernakulam, Kerala","#428  DOOR NO. XIV/390 Â H5 6TH FLOOR KNA PLAZA KUNDANOOR J N, MARADU, KOCHI, Kerala",1,0,0.3741830704681974,0.06666666666666665,0.06666666666666665,0.07142857142857138,0.0,0.875,0.4516129032258065,0.4516129032258065,0.4516129032258065,0.8974358974358975,0.8717948717948718,0.9315068493150684,0.8333333333333334,1.0,3,0.75,0,0,1,1,0,2,0.0,0.8680796027183533,0,0,2,6,0,0.0,0.0,2,6,0,2,6,0.0,0.0,0.06666666666666665,0.07142857142857138,0.0,0,0,0,1,0,0,0,1
S1-280241779,S2-725329190,North Marketing Pvt Ltd,നോർത്ത് മാർക്കറ്റിംഗ് പ്രൈവറ്റ് ലിമിറ്റഡ്,"Building No 50/946-2, Laloor Road, Elthuruth, Thrissur, Kerala","BUILDING NO 50/946-2/9, THRISSUR, കേരളം",1,0,0.37660298962828576,0.10169491525423723,0.10169491525423723,0.11320754716981128,0.0,0.6388888888888888,0.5161290322580645,0.5161290322580645,0.5161290322580645,0.6595744680851063,0.6170212765957447,0.8923076923076922,0.46153846153846156,0.6206896551724138,3,0.75,0,0,1,1,0,2,0.0,0.6536512970924377,0,0,4,13,0,0.0,0.0,2,13,0,2,13,0.0,0.0,0.039215686274509776,0.044444444444444425,0.0,0,0,0,1,0,0,1,0
S1-335733346,S2-108227548,Shree Brothers Private Limited,Shree Shree Brothers Private Limited,"A-132, Second Floor Anand Vihar, New Delhi, East Delhi, Delhi","BLOCK B-B3/318 A-132, SECOND FLOOR ANAND VIAHR, NEW DELHI, Delhi",1,0,0.3768307319477813,0.9090909090909091,0.9090909090909091,1.0,1.0,0.8333333333333334,0.9090909090909091,0.9090909090909091,1.0,0.7627118644067796,0.7966101694915254,0.8607594936708861,0.5,0.9344262295081968,1,0.3333333333333333,0,0,0,1,0,1,0.0,0.0,0,0,4,4,4,1.0,1.0,2,2,2,0,0,1.0,1.0,0.8235294117647058,1.0,0.9259259259259259,0,0,0,1,0,0,0,1
S1-301460254,S2-960333486,Swasti Ndt,Sri Swasti Ndt-Corporation,"South Delhi, Delhi, New Delhi, Street No. 18, Sangam Vihar, F-2/185","F-2/18, STREET NO. 18, SANGAM VIHAR, NEW DELHI, Delhi",1,0,0.3776512476317982,0.5555555555555556,0.5555555555555556,1.0,0.5,0.38461538461538464,0.5555555555555556,0.5555555555555556,1.0,0.5688073394495412,0.8807339449541286,1.0,0.8181818181818182,0.7868852459016393,2,0.6666666666666666,0,1,1,0,0,2,0.6172133684158325,0.9223661422729492,0,0,2,4,2,1.0,0.5,2,3,2,0,1,1.0,0.6666666666666666,0.8333333333333335,1.0,0.3333333333333333,0,0,0,1,0,0,0,1
S1-670792148,S2-461772679,Gravity Catering (India) Private Limited,Shri Gravity Catering (India) Private Ltd,"G-78A, Block-G Kalkaji, New Delhi, South Delhi, Delhi",,1,0,0.3804583869118669,0.8831168831168832,0.8831168831168832,0.8831168831168832,0.5714285714285714,0.9743589743589743,0.8831168831168832,0.8831168831168832,0.8831168831168832,0.0,0.0,0.0,0.0,0.0,0,0.0,0,1,0,0,0,1,0.8062259554862976,0.0,0,0,5,6,4,0.8,0.6666666666666666,3,4,3,0,1,1.0,0.75,0.8979591836734694,1.0,0.6756756756756757,0,0,1,0,0,0,0,0
S1-111784546,S2-754507476,Mumbai (india)private Corp,Mumbai (idsprfvate Corp,"Raju Chawl, Snow Way Hot, Gazdar Ban Road Near Poddar School, Santacruz (West), Mumbai, Mumbai City, Maharashtra","RAJU CHAWL, SNOW WAY HOT, GAZDAR BAN ROAD NEAR PODDAR SCHOOL, SANTACRUZ (WEST), MUMBAI, Maharashtra",1,0,0.38223601586771716,0.851063829787234,0.6382978723404256,0.851063829787234,0.4,0.88,0.851063829787234,0.6382978723404256,0.851063829787234,0.9387755102040817,0.9387755102040817,1.0,0.9375,0.8846153846153846,0,0.0,0,0,1,1,0,2,0.0,0.953733503818512,0,0,4,3,2,0.5,0.6666666666666666,2,2,1,1,1,0.5,0.5,0.6896551724137931,0.689655172413793,0.4074074074074074,0,0,0,0,0,0,0,0
S1-817890937,S2-68430433,Zeal Trading Private Limited,Private Zea1 Trading Ltd,"67B, Gopal Mansion, Gurunanak Road, Mumbai, Maharashtra","DOOR NO G-363 67B, GOPAL MANSION, GURUNANAK ROAD, BHANDARA, MUMBAI, Maharashtra",1,0,0.38526533218766806,0.5769230769230769,0.8846153846153846,0.8846153846153847,0.3333333333333333,0.8571428571428571,0.5769230769230769,0.8846153846153846,0.8846153846153847,0.8160000000000001,0.8160000000000001,1.0,0.5833333333333334,0.6891891891891891,1,0.5,0,0,1,1,0,2,0.0,0.8661497831344604,0,0,4,4,2,0.5,0.5,2,2,1,1,1,0.5,0.5,0.9166666666666665,0.9166666666666667,0.3548387096774194,0,0,0,1,0,0,0,1
S1-725374146,S2-260792255,Tech Projects Pvt Ltd,ടെക് പ്രോജക്ട്സ് പ്രൈവറ്റ് ലിമിറ്റഡ്,"Nelliyakunnath Mana, Akapparamb, Melakad Post, Kariyad Airport Road, Near Thiruvilamkunnu Church, Aluva, Ernakulam, Kerala","NELLIYAKUNNATH MCNA, ERNAKULAM, Kerala, ALUVA, AKAPPARAMB, MELAKAD POST, KARIYAD AIRPORT ROAD, NEAR THIRUVILAMKUNNU CHURCH",1,0,0.38560276836511265,0.1132075471698113,0.1132075471698113,0.13333333333333328,0.0,0.65625,0.5357142857142857,0.4642857142857143,0.4642857142857143,0.8,0.991304347826087,0.991304347826087,0.8666666666666667,1.0,0,0.0,0,0,1,1,0,2,0.0,0.9720302224159241,0,0,4,11,0,0.0,0.0,2,11,0,2,11,0.0,0.0,0.04444444444444439,0.054054054054054036,0.0,0,0,0,0,0,0,0,0
S1-392322823,S2-533963641,Consultancy Kaushik Hawk,CONSULTANCY KAOUSHIK (HAWK),"Plot No.:06, Shyam Singh Colony, Hanumangarh Jn., Hanumangarh, Rajasthan",,1,0,0.3857817304462288,0.9795918367346939,0.9795918367346939,0.9795918367346939,0.5,0.96,0.9795918367346939,0.9795918367346939,0.9795918367346939,0.0,0.0,0.0,0.0,0.0,0,0.0,0,1,0,0,0,1,0.8573861718177795,0.0,0,0,3,3,2,0.6666666666666666,0.6666666666666666,3,3,2,1,1,0.6666666666666666,0.6666666666666666,0.9795918367346939,0.9795918367346939,0.782608695652174,0,0,1,0,0,0,0,0
S1-519903683,S2-983569015,Gps View Pvt Ltd,Mr GPS VÍEW PVT LTD,"No.4/461, 2Nd Floor, Valamkottil Towers, Suite#902, Judgemukku, Thrikkakara P.O, Kakkanad, Ernakulam, Kerala","H.NO 4/46 , 2ND FLOOR, VALAMKOTTIL TOWERS, SUITE#902, JUDGEMUKKU, THRIKKAKARA P.O, KAKKANAD, കേരളം",1,0,0.3870146137357318,0.8571428571428572,0.8571428571428572,0.8571428571428571,0.5,0.8421052631578947,0.9142857142857143,0.9142857142857143,1.0,0.8888888888888888,0.8677248677248677,0.9404761904761905,0.65,0.89,3,0.6,0,1,1,1,0,3,0.6822423338890076,0.8756150603294373,0,0,4,5,3,0.75,0.6,2,3,1,1,2,0.5,0.3333333333333333,0.736842105263158,0.736842105263158,0.5,0,0,0,1,0,0,1,0
S1-926387498,S2-593302592,Toli & Brothers Private Limited,M/s TOLI & BRÓTHERS PRIVATE LIMITED,"No 19 &20 Ii Cross Viii Mainvasanthnagar (West) Vasanthnagar (West), Bangalore, Karnataka",,1,0,0.3873748154958051,0.9142857142857143,0.9142857142857143,0.9142857142857143,0.5,0.8918918918918919,0.9428571428571427,0.9428571428571427,1.0,0.0,0.0,0.0,0.0,0.0,0,0.0,0,0,0,0,1,1,0.0,0.0,1,0,5,7,4,0.8,0.5714285714285714,3,5,2,1,3,0.6666666666666666,0.4,0.8421052631578947,0.8421052631578948,0.75,0,0,1,0,0,0,0,0
S1-408904079,S2-271262503,Explorer Consultants Pvt Ltd,Explorer Pvt Ltd Center,"Bus Stand, Sardar Nagar, Banera, Bhilwara, Rajasthan","#340 BUS STAND, SARDAR NAGAR, BANERA, BHILWARA, Rajasthan",1,0,0.3882340679362647,0.6274509803921569,0.7843137254901962,0.8205128205128205,0.6,0.8214285714285714,0.6274509803921569,0.7843137254901962,0.8205128205128205,0.96,0.96,1.0,0.875,0.9230769230769231,0,0.0,0,0,1,1,0,2,0.0,0.9735627770423889,0,0,4,4,3,0.75,0.75,2,2,1,1,1,0.5,0.5,0.6857142857142857,0.6956521739130435,0.3225806451612903,0,0,0,0,0,0,0,0
S1-665453978,S2-408604219,Mai Supports Private Limited,*** Mai Support Private  Limited,"2455, Phase Ii, Urban Estate Dugri, Ludhiana, Punjab","B3/2455, URBAN ESTATE DUGRI, LUDHIANA, Punjab",1,0,0.38843120165328726,0.9818181818181819,0.9818181818181819,0.9818181818181819,0.6,0.9642857142857143,0.9818181818181819,0.9818181818181819,0.9818181818181819,0.8666666666666667,0.8666666666666667,0.9629629629629629,0.6666666666666666,0.875,1,0.5,0,1,1,1,0,3,0.9335636496543884,0.9051121473312378,0,0,4,4,3,0.75,0.75,2,2,1,1,1,0.5,0.5,0.9565217391304348,0.9565217391304348,0.8,0,0,0,1,0,0,0,1
S1-716772209,S2-325650485,Tellus Trust Corporation,Trust Tellus Corporation,"H-1402, Park View City-1 Sector-48, Sohna Road, Gurgaon, Haryana, Gurgaon, Haryana","हरियाणा, H-1402, GURGAON, GURUGRAM",1,0,0.3891511065305238,0.7916666666666665,1.0,1.0,1.0,1.0,0.7916666666666665,1.0,1.0,0.3962264150943396,0.45283018867924535,0.6363636363636364,0.1875,0.39473684210526316,1,0.3333333333333333,0,1,0,0,0,1,0.9999996423721313,0.0,0,0,3,3,3,1.0,1.0,2,2,2,0,0,1.0,1.0,0.5833333333333333,1.0,0.6956521739130435,0,0,0,1,0,0,1,0
S1-193242857,S2-716955182,Rush Jay Pvt. Ltd.,RUSH PVT.  LTD. SERVICE,"Office No-19, 2Nd Floor, Wz-1 Above Icici Bank, Opp. Metro Pilar-535, Ganesh Nagar, Tila, K Nagar, Delhi, New Delhi, Delhi","NO 303 OFFICE NO-19, 2ND FLOOR, WZ-1 ABOVE ICICI BANK, OPP. METRO PILAR-535, GANESH NAGAR, TILA, K NAGAR, DELHI, Delhi",1,0,0.3899490770934119,0.6666666666666667,0.6666666666666667,0.8571428571428571,0.6,0.8,0.6666666666666667,0.6666666666666667,0.8571428571428571,0.923076923076923,0.9411764705882352,0.9782608695652173,0.9047619047619048,0.9732142857142857,4,0.8,0,0,1,1,0,2,0.0,0.9559721946716309,0,0,4,4,3,0.75,0.75,2,2,1,1,1,0.5,0.5,0.5,0.6666666666666665,0.3,0,0,0,1,0,0,0,1
S1-264180370,S2-565821493,Crystal Engineered Private Limited,Crysta1 Engineered Private (Limited),"3/B-3, Sea View Cooperative Housing Society, Opp. Ayappa Temple, Ramnagar., Mumbai, Mumbai City, Maharashtra","#631  3/B-3, SEA VIEW COOPERATIVE HOUSING SOCIETY, OPP. AYAPPA TEMPLE, RAMNAGAR., MUMBAI, Maharashtra",1,0,0.39059766502781634,0.9705882352941176,0.9705882352941176,0.9705882352941176,0.6,1.0,0.9705882352941176,0.9705882352941176,0.9705882352941176,0.9166666666666665,0.9166666666666665,0.9772727272727273,0.8666666666666667,0.92,1,0.5,0,1,1,1,0,3,0.9333327412605286,0.937635064125061,0,0,4,4,3,0.75,0.75,2,2,1,1,1,0.5,0.5,0.9444444444444444,0.9444444444444444,0.8125,0,0,0,1,0,0,0,1
S1-725451037,S2-489868464,Aarushi Traders Private Limited,Smt Aarushi Traders  Private - 1101168670,"B-509/510, Signature Corporate Park-2 Sarkhej Sanand Cross Road, Sarkhej, Ahmedabad, Gujarat","B-509/510/3, SIGNATURE CORPORATE PARK-2 SARKHEJ SANAND CROSS ROAD, SARKHEJ, AHMEDABAD, Gujarat",1,0,0.3910166207109208,0.6956521739130435,0.6666666666666667,0.8518518518518519,0.5,0.8157894736842105,0.6956521739130435,0.6666666666666667,0.8518518518518519,0.9887640449438202,0.9887640449438202,1.0,0.9285714285714286,0.9777777777777777,3,0.75,0,0,1,1,0,2,0.0,0.9978600144386292,0,0,4,5,3,0.75,0.6,2,4,2,0,2,1.0,0.5,0.6666666666666667,1.0,0.48717948717948717,0,0,0,1,0,0,1,0
S1-185706375,S2-356421995,Hitech Estate Private Limited,ഹൈടെക് എസ്റ്റേറ്റ് പ്രൈവറ്റ് ലിമിറ്റഡ്,"4/1006 Near Precot Mills Kanjikode West, Palakkad, Thrissur, Kerala","PALAKKAD, Kerala, D/4/1006 NEAR PRECOT MILLS KANJIKODE WEST, THRISSUR",1,0,0.39120126475042294,0.09523809523809523,0.09523809523809523,0.11320754716981128,0.0,0.8529411764705882,0.5428571428571429,0.5428571428571429,0.5428571428571428,0.7384615384615385,0.9846153846153847,1.0,0.9090909090909091,0.9696969696969697,2,1.0,1,0,1,1,0,2,0.0,0.9963968992233276,0,0,4,11,0,0.0,0.0,2,11,0,2,11,0.0,0.0,0.042553191489361646,0.054054054054054036,0.0,0,0,0,1,0,1,1,0
S1-92789100,S2-573065013,Fortune Exports,फॉर्च्यून एक्सपोर्ट्स,"Business Embassy, 4Th Floor, J.M.Road, Shivajinagar, Pune, Maharashtra, 1205/3/3","1205/3/3/2, BUSINESS EMBASSY, 4TH FLOOR, J.M.ROAD, SHIVAJINAGAR, PUNE, महाराष्ट्र",1,0,0.39572185749938527,0.05555555555555558,0.05555555555555558,0.058823529411764636,0.0,0.7142857142857143,0.6285714285714286,0.6285714285714286,0.6285714285714286,0.7651006711409396,0.8322147651006712,0.916030534351145,0.6470588235294118,0.9866666666666667,3,0.75,0,0,1,1,0,2,0.0,0.862250030040741,0,0,2,9,0,0.0,0.0,2,9,0,2,9,0.0,0.0,0.05555555555555558,0.058823529411764636,0.0,0,0,0,1,0,0,0,1
S1-185706375,S2-386776634,Hitech Estate Private Limited,ഹൈടെക് എസ്റ്റേറ്റ് പ്രൈവറ്റ് ലിമിറ്റഡ്,"4/1006 Near Precot Mills Kanjikode West, Palakkad, Thrissur, Kerala","D/4/1006 NEAR PREOT MILLS KANJIKODE WEST, PALAKKAD, THRISSUR, Kerala",1,0,0.39633054138991913,0.09523809523809523,0.09523809523809523,0.11320754716981128,0.0,0.8529411764705882,0.5428571428571429,0.5428571428571429,0.5428571428571428,0.9767441860465115,0.9767441860465115,0.9767441860465117,0.75,0.9846153846153847,2,1.0,1,0,1,1,0,2,0.0,0.9270327687263489,0,0,4,11,0,0.0,0.0,2,11,0,2,11,0.0,0.0,0.042553191489361646,0.054054054054054036,0.0,0,0,0,1,0,1,1,0
S1-784725699,S2-858636423,Shield Infrabuild Company,Shield Infrabuild  Company,"Tamil Nadu, No.1 Sundaram Brothers Layout Opposite All India Radio, Coimbatore, Trichy Road Coimbatore, Coimbatore South",,1,0,0.3968490180811561,1.0,1.0,1.0,1.0,1.0,1.0,1.0,1.0,0.0,0.0,0.0,0.0,0.0,0,0.0,0,1,0,0,0,1,1.0,0.0,0,1,3,3,3,1.0,1.0,2,2,2,0,0,1.0,1.0,1.0,1.0,1.0,0,0,1,0,0,0,0,0
S1-192108228,S2-652879551,Tech International Limited,Tech International Limited,"7Th Floor Door No. 1706 Hilite Business Park, Hilite City, Kozhikode, Kerala",,1,0,0.3968490180811561,1.0,1.0,1.0,1.0,1.0,1.0,1.0,1.0,0.0,0.0,0.0,0.0,0.0,0,0.0,0,1,0,0,0,1,1.0,0.0,0,1,3,3,3,1.0,1.0,2,2,2,0,0,1.0,1.0,1.0,1.0,1.0,0,0,1,0,0,0,0,0
S1-456250311,S2-4089211,Exceptional India Associates,Associates Índia Exceptional,"Shop No. 7, Sr.No. 344/3, Bhawani Co Op Hsg Soc, Pune City, Pune, Maharashtra","DOOR NO 7, PUNE CITY, PUNE, महाराष्ट्र",1,0,0.397797275373474,0.4285714285714286,0.9642857142857143,0.9642857142857143,0.5,1.0,0.4642857142857143,1.0,1.0,0.4380952380952381,0.4761904761904761,0.6666666666666665,0.21052631578947367,0.5,1,0.3333333333333333,0,1,0,0,1,2,0.9183670878410339,0.0,1,0,3,3,2,0.6666666666666666,0.6666666666666666,3,3,2,1,1,0.6666666666666666,0.6666666666666666,0.4285714285714286,0.9642857142857143,0.6551724137931034,0,0,0,1,0,0,1,0
S1-198940516,S2-709324690,Avenir Welfare Society,Avenir Welfare Society Ltd,"Block No. 732, Satvad Vaga, Olpad, Surat, Olpad, Surat, Gujarat",,1,0,0.39795709365404025,0.9166666666666665,0.9166666666666665,1.0,0.75,0.8461538461538461,0.9166666666666665,0.9166666666666665,1.0,0.0,0.0,0.0,0.0,0.0,0,0.0,0,1,0,0,0,1,0.9385907649993896,0.0,0,0,3,4,3,1.0,0.75,3,3,3,0,0,1.0,1.0,1.0,1.0,0.8571428571428571,0,0,1,0,0,0,0,0
S1-171802328,S2-493977058,XGM Commodeal Ltd,X6M Commodeal,"T2/502, Gurgaon, Haryana, Badshahpur, 5Th Floor, Chd Avenue, Sector 71","NO. 650 T2/502, BADSHAHPUR, GURGAON, हरियाणा",1,0,0.398611391623001,0.8,0.8,0.8181818181818181,0.25,0.7647058823529411,0.8,0.8,0.8181818181818181,0.44660194174757284,0.5825242718446602,0.78125,0.25,0.609375,2,0.4,0,1,0,1,0,2,0.6975185871124268,0.0,0,0,3,2,1,0.3333333333333333,0.5,2,2,1,1,1,0.5,0.5,0.923076923076923,0.923076923076923,0.5333333333333333,0,0,0,1,0,0,0,1
S1-151467584,S2-219382159,Om It Private Limited,ॐ आईटी प्राइवेट लिमिटेड,"C/O Lehri Lal, Upli Odan, Nathdwara, Rajsamand, Rajasthan","C/O LEHRI LAL, RAJSAMAND, राजस्थान",1,0,0.39976464031575476,0.13953488372093026,0.13953488372093026,0.1463414634146342,0.0,0.9545454545454546,0.679245283018868,0.6037735849056604,0.6037735849056604,0.5647058823529412,0.5647058823529412,0.8363636363636364,0.38461538461538464,0.6037735849056604,0,0.0,0,0,0,1,0,1,0.0,0.0,0,0,4,9,0,0.0,0.0,2,9,0,2,9,0.0,0.0,0.07407407407407407,0.08,0.0,0,0,0,0,0,0,0,0
S1-967211124,S2-906569872,Om Edit Limited,Om Edit (Limited),"Flat No 403, Bulding No 3, Mahavir River Vally, Gandhari Road, Kalyan West, Thane, Maharashtra",,1,0,0.39978997259031046,1.0,1.0,1.0,1.0,1.0,1.0,1.0,1.0,0.0,0.0,0.0,0.0,0.0,0,0.0,0,1,0,0,0,1,0.9999998211860657,0.0,0,1,3,3,3,1.0,1.0,2,2,2,0,0,1.0,1.0,1.0,1.0,1.0,0,0,1,0,0,0,0,0
S1-765351268,S2-227222897,Sg Bb Limited,Sg Bb Limited,"418/31, 1St Floor, Cycle Market, Esplanade Road Chandni Chowk, Delhi, Delhi, North Delhi, Delhi",,1,0,0.39978997259031046,1.0,1.0,1.0,1.0,1.0,1.0,1.0,1.0,0.0,0.0,0.0,0.0,0.0,0,0.0,0,1,0,0,0,1,0.9999998211860657,0.0,0,1,3,3,3,1.0,1.0,2,2,2,0,0,1.0,1.0,1.0,1.0,1.0,0,0,1,0,0,0,0,0
S1-305741562,S2-800239837,Indus Institute of Technology,INDUS TECHNOLOGY OF INSTITUTE,"No.7663, Raju Corner, 2Nd Phase, 2Nd Stage, Vijyanagar, Mysore, Karnataka",,1,0,0.40030792314697644,0.5517241379310345,1.0,1.0,1.0,1.0,0.5517241379310345,1.0,1.0,0.0,0.0,0.0,0.0,0.0,0,0.0,0,1,0,0,0,1,0.9999997019767761,0.0,0,0,4,4,4,1.0,1.0,4,4,4,0,0,1.0,1.0,0.5517241379310345,1.0,0.6,0,0,1,0,0,0,0,0
S1-80106611,S2-688322774,Acer Nursing Home,Sri Acer Nursing Home Limited,"Malji Chhogalal Trust Building M.I Road, Jaipur, Rajasthan","MALJI CHHOGALAL TRUST BUILDING M.I ROAD, JAIPUR, राजस्थान",1,0,0.40362856595980046,0.7391304347826086,0.7391304347826086,1.0,0.6,0.5862068965517241,0.7391304347826086,0.7391304347826086,1.0,0.8468468468468469,0.8288288288288288,0.9108910891089108,0.6153846153846154,0.9821428571428571,0,0.0,0,0,1,1,0,2,0.0,0.866540789604187,0,0,3,5,3,1.0,0.6,3,4,3,0,1,1.0,0.75,0.8947368421052632,1.0,0.5652173913043478,0,0,0,0,0,0,0,0
S1-623324513,S2-793108315,Rp (ind Private Limited,Mr Rp Private Limited Center,"West Bengal, Prokash Jyoti 188/1B, Howrah, Maniktala Main Road, Kolkata, Kolkata","BLOCK B-804 PROKASH JYOTI 188/1B, MANIKTALA MAIN ROAD, KOLKATA, KOLKATA, পশ্চিমবঙ্গ",1,0,0.40363540437609846,0.72,0.8,0.9,0.5,0.7857142857142857,0.72,0.8,0.9,0.7662337662337663,0.792207792207792,0.8347826086956522,0.4444444444444444,0.9493670886075949,2,0.6666666666666666,0,0,1,1,0,2,0.0,0.8181721568107605,0,0,4,5,3,0.75,0.6,2,3,1,1,2,0.5,0.3333333333333333,0.4444444444444444,0.5,0.4444444444444444,0,0,0,1,0,0,0,1
S1-849734601,S2-4403434,New Software Pvt Ltd,न्यू सॉफ्टवेयर प्रा. लि.,"D-10, Site-1, Panki, Kanpur, Uttar Pradesh","D-10, SITE-1, PANKI, KANPUR, Uttar Pradesh",1,0,0.40584229950961936,0.15384615384615385,0.15384615384615385,0.15384615384615385,0.0,0.95,0.4545454545454546,0.4545454545454546,0.45454545454545453,1.0,1.0,1.0,1.0,1.0,2,1.0,1,0,1,1,0,2,0.0,1.0000004768371582,0,0,4,9,0,0.0,0.0,2,9,0,2,9,0.0,0.0,0.06451612903225812,0.06451612903225808,0.0,1,0,0,1,0,1,1,0
S1-849734601,S2-555585341,New Software Pvt Ltd,न्यू सॉफ्टवेयर प्रा. लि.,"D-10, Site-1, Panki, Kanpur, Uttar Pradesh","D-10, SITE-1, PANKI, KANPUR, Uttar Pradesh",1,0,0.40584229950961936,0.15384615384615385,0.15384615384615385,0.15384615384615385,0.0,0.95,0.4545454545454546,0.4545454545454546,0.45454545454545453,1.0,1.0,1.0,1.0,1.0,2,1.0,1,0,1,1,0,2,0.0,1.0000004768371582,0,0,4,9,0,0.0,0.0,2,9,0,2,9,0.0,0.0,0.06451612903225812,0.06451612903225808,0.0,1,0,0,1,0,1,1,0
S1-796053437,S2-35680916,Jain & Sons Private Limited,Smt jainsons.com,"Plot No 201, Industrial Area, Pahse-2, Panchkula, Panchkula, Haryana","PLOT NO 201, INDUSTRIAL AREA, PAHSE-2, PANCHKULA, PANCHKULA, हरियाणा",1,0,0.4075646723328757,0.4444444444444444,0.4,0.4,0.0,0.5517241379310345,0.4444444444444444,0.4,0.4,0.8960000000000001,0.88,0.9278350515463917,0.6666666666666666,0.9841269841269841,2,1.0,1,0,1,1,0,2,0.0,0.9361949563026428,0,0,5,3,0,0.0,0.0,3,3,0,3,3,0.0,0.0,0.5517241379310345,0.6206896551724138,0.12903225806451613,0,0,0,1,0,1,1,0
S1-681871507,S2-82511626,Balaji Tech Pvt Ltd,Balaji Téch Pvt Ltd,"Near I.T.I., Factory Area, Bassi, Fatehgarh Sahib, Punjab",,1,0,0.40796924438621923,0.9473684210526316,0.9473684210526316,0.9473684210526315,0.6,1.0,1.0,1.0,1.0,0.0,0.0,0.0,0.0,0.0,0,0.0,0,1,0,0,1,2,0.7857140302658081,0.0,2,0,4,4,3,0.75,0.75,2,2,1,1,1,0.5,0.5,0.9090909090909091,0.9090909090909091,0.6470588235294118,0,0,1,0,0,0,0,0
S1-320791550,S2-548660122,Rvr Finance-Chennai,Rvr Center,"Tamil Nadu, 715-A, Chennai, 7Th Floor, Spencers Plaza, Chennai","715-, 7TH FLOOR, SPENCERS PLAZA, CHENNAI, N/A, தமிழ்நாடு",1,0,0.40902536507132964,0.48275862068965514,0.5517241379310345,0.5517241379310345,0.25,0.5263157894736842,0.48275862068965514,0.5517241379310345,0.5517241379310345,0.679245283018868,0.7735849056603774,0.8735632183908046,0.5,0.8596491228070176,2,1.0,1,0,1,1,0,2,0.0,0.8396539092063904,0,0,3,2,1,0.3333333333333333,0.5,3,2,1,2,1,0.3333333333333333,0.5,0.48275862068965514,0.5517241379310345,0.047619047619047616,0,0,0,1,0,1,1,0
S1-427272198,S2-73219994,League & Co,Kelogild,"Plot. No. 2511, Road H1, Nr. Bhoomi Cements, Metoda Gidc, Ta Lodh, Ika, Rajkot, Gujarat","2511, ROAD H1, NR. BHOOMI CEMENTS, METODA GIDC, TA LODH, IKA, RAJKOT, Gujarat",1,0,0.4111104982698561,0.2857142857142857,0.19047619047619047,0.19047619047619052,0.0,0.6153846153846154,0.2857142857142857,0.19047619047619047,0.19047619047619052,0.9452054794520548,0.9452054794520548,1.0,0.8666666666666667,0.8961038961038961,2,1.0,1,0,1,1,0,2,0.0,0.9580506086349487,0,0,3,1,0,0.0,0.0,2,1,0,2,1,0.0,0.0,0.33333333333333337,0.2222222222222223,0.0,0,0,0,1,0,1,1,0
S1-584108482,S2-405686430,Star Technologies Private Limited,স্টার টেকনোলজিস প্রাইভেট লিমিটেড,"West Bengal, Kolkata, 27 Amratolsa Street, Calcutta","16 AMRATOLSA STREET, DALHOUSIE KOLKATA, CALCUTTA, West Bengal",1,0,0.41210846923620503,0.09230769230769231,0.09230769230769231,0.10909090909090907,0.0,0.9696969696969697,0.704225352112676,0.704225352112676,0.704225352112676,0.49056603773584906,0.8679245283018868,0.967741935483871,0.6666666666666666,0.8275862068965517,0,0.0,0,0,1,0,0,1,0.0,0.8803739547729492,0,0,4,10,0,0.0,0.0,2,10,0,2,10,0.0,0.0,0.04081632653061229,0.05128205128205124,0.0,0,0,0,1,1,0,0,1
S1-763877042,S2-614773919,Perfect Impex Private Limited,પરફેક્ટ ઇમ્પેક્સ પ્રાઇવેટ લિમિટેડ,"Plot No. 7, 8, 9, 1St Floor, Somnath Industrial Park, Mangrol, Surat, Gujarat","7, MANGROL, SURAT, Gujarat",1,0,0.4121322340336594,0.09677419354838712,0.09677419354838712,0.11111111111111115,0.0,0.8787878787878788,0.71875,0.65625,0.65625,0.5,0.5,1.0,0.3076923076923077,0.3333333333333333,1,0.25,0,0,1,0,0,1,0.0,0.6245567798614502,0,0,4,11,0,0.0,0.0,2,11,0,2,11,0.0,0.0,0.04347826086956519,0.052631578947368356,0.0,0,0,0,1,0,0,1,0
S1-267351303,S2-805086218,Dream Investment Private Limited,M/s DREAM  INVESTMENT,"Parikh House, B/H Motibag, Party Plot, Sp Ring Road, Sanand, Ahmedabad, Gujarat","PARIKH HOUSE, B/H MOTIBAG, PARTY PLOT, SP RING ROAD, SANAND, ગુજરાત",1,0,0.41441427080612303,0.6153846153846154,0.7307692307692308,0.8888888888888888,0.3333333333333333,0.625,0.6153846153846154,0.7307692307692308,0.8888888888888888,0.8444444444444444,0.814814814814815,0.9401709401709403,0.6875,0.8493150684931506,0,0.0,0,0,1,1,0,2,0.0,0.8340920209884644,0,0,4,4,2,0.5,0.5,2,4,2,0,2,1.0,0.5,0.8888888888888888,1.0,0.4482758620689655,0,0,0,0,0,0,0,0
S1-468264624,S2-64005388,Shamli Solutions Pvt Ltd,Shamli Samutiois Pvt Ltd,"Titarsi, Shamli Thana Bhawan, Uttar Pradesh, Shamli, Saharanpur, Uttar Pradesh","TITARSI, SHAMLI THANA BHAWAN, UTTAR PRADESH, SHAMLI, उत्तर प्रदेश",1,0,0.41519180731821026,0.875,0.6666666666666667,0.875,0.6,1.0,0.875,0.6666666666666667,0.875,0.7611940298507462,0.7313432835820897,0.8817204301075269,0.5,0.8356164383561644,0,0.0,0,0,1,1,0,2,0.0,0.863094687461853,0,0,4,4,3,0.75,0.75,2,2,1,1,1,0.5,0.5,0.8125,0.8125,0.46153846153846156,0,0,0,0,0,0,0,0
S1-966764374,S2-950439129,International It Private Limited,ఇంటర్నేషనల్ ఐటీ ప్రైవేట్ లిమిటెడ్,"Telangana, 503, Hyderabad, Seacon Prime Ansar, 6-3-563/1 Erramanzil","503, HYDERABAD, Telangana",1,0,0.41592582968715985,0.09836065573770492,0.09836065573770492,0.10169491525423723,0.0,0.90625,0.676056338028169,0.5915492957746479,0.5915492957746479,0.4651162790697675,0.5348837209302326,1.0,0.2727272727272727,0.36507936507936506,1,0.2,0,0,1,0,0,1,0.0,0.6469968557357788,0,0,4,12,0,0.0,0.0,2,12,0,2,12,0.0,0.0,0.04444444444444439,0.04651162790697669,0.0,0,0,0,1,0,0,1,0
S1-135680182,S2-251574434,Sun Properties Private Limited,சன் புராப்பர்ட்டீஸ் பிரைவேட் லிமிடெட்,"Main Road, School Road, Pattukottai, 229/C1, Tamil Nadu, Thanjavur, Pattukottai","2-29/C1, MAIN ROAD, SCHOOL ROAD, PATTUKOTTAI, THANJAVUR, PATTUKOTTAI, Tamil Nadu",1,0,0.41718947387668953,0.09523809523809523,0.09523809523809523,0.12244897959183675,0.0,0.9090909090909091,0.619718309859155,0.5633802816901409,0.5633802816901409,0.7482993197278911,0.9931972789115646,0.9911504424778761,0.7272727272727273,0.9864864864864865,1,0.25,0,0,1,1,0,2,0.0,0.9828426837921143,0,0,4,9,0,0.0,0.0,2,9,0,2,9,0.0,0.0,0.042553191489361646,0.06060606060606062,0.0,0,0,0,1,0,0,0,1
S1-23486114,S2-184739627,Wellness Builders Private Limited,Sri Wellness Builders Prívate,"Kolkata, 30 Bentinck St3Rd Flr, West Bengal, Calcutta","2-30 BENTINCK ST3RD FLR, KOLKATA, পশ্চিমবঙ্গ",1,0,0.4207567571275069,0.7741935483870968,0.7741935483870968,0.7741935483870968,0.3333333333333333,0.8787878787878788,0.8064516129032258,0.8064516129032258,0.9259259259259259,0.5869565217391304,0.6521739130434783,0.8169014084507044,0.38461538461538464,0.84,2,0.6666666666666666,0,0,0,1,0,1,0.0,0.0,0,0,4,4,2,0.5,0.5,2,4,2,0,2,1.0,0.5,0.7391304347826086,1.0,0.5294117647058824,0,0,0,1,0,0,0,1
S1-743210416,S2-314488563,My Apex Investment Private Limited,My Apex Investment Private [Limited],"Door No. 28/147 Nadakkaparambil Changampuzha Nagar, Thrikkakkara, Edappally, Ernakulam, Kerala",,1,0,0.4231121117505907,1.0,1.0,1.0,1.0,1.0,1.0,1.0,1.0,0.0,0.0,0.0,0.0,0.0,0,0.0,0,1,0,0,0,1,0.9999992847442627,0.0,0,1,5,5,5,1.0,1.0,3,3,3,0,0,1.0,1.0,1.0,1.0,1.0,0,0,1,0,0,0,0,0
S1-197673645,S2-31345787,New Delhi Energies Private Limited,NEW DELHI ENERGIES PRIVATE LIMITED,"Molad Bandh Kachchi Colonygali No-70 E House No-30-35 Badarpur Border, New Delhi, South Delhi, Delhi",,1,0,0.4231121117505907,1.0,1.0,1.0,1.0,1.0,1.0,1.0,1.0,0.0,0.0,0.0,0.0,0.0,0,0.0,0,1,0,0,0,1,0.9999992847442627,0.0,0,1,5,5,5,1.0,1.0,3,3,3,0,0,1.0,1.0,1.0,1.0,1.0,0,0,1,0,0,0,0,0
S1-903143182,S2-665095292,First Infotech Pvt Ltd,ఫస్ట్ ఇన్ఫోటెక్ ప్రైవేట్ లిమిటెడ్,"# 7-1-277/50, Flat No.360/C B.K.Guda, S.R.Nagar, Hyderabad, Telangana","HYDERABAD, DOOR NO C-7-1-277/50, HYDERABAD, Telangana",1,0,0.4237387122488498,0.11764705882352944,0.11764705882352944,0.13333333333333328,0.0,0.7586206896551724,0.5517241379310345,0.4482758620689655,0.4482758620689655,0.5309734513274336,0.7079646017699115,0.9333333333333332,0.47058823529411764,0.7936507936507936,4,0.8,0,0,0,1,0,1,0.0,0.0,0,0,4,11,0,0.0,0.0,2,11,0,2,11,0.0,0.0,0.04651162790697672,0.054054054054054036,0.0,0,0,0,1,0,0,1,0
S1-733353782,S2-957061796,Pragati Brothers Associates,PRAGATI BROTHERS ASSOCIATES CORP,"Jaipur, Nagar B Gandhipath, F-201 P-346 Maa Hinglaj, Rajasthan",,1,0,0.42647025411205663,0.9152542372881356,0.9152542372881356,1.0,0.75,0.84375,0.9152542372881356,0.9152542372881356,1.0,0.0,0.0,0.0,0.0,0.0,0,0.0,0,1,0,0,0,1,0.9329366683959961,0.0,0,0,3,4,3,1.0,0.75,3,3,3,0,0,1.0,1.0,1.0,1.0,0.8518518518518519,0,0,1,0,0,0,0,0
S1-817328196,S2-931032185,Future Constructions Private Limited,ফিউচার কনস্ট্রাকশনস প্রাইভেট লিমিটেড,"Kolkata, 91A/10, Howrah, B. L. Saha Road Po - New Alipore, Kolkata, West Bengal","#91A/10, HOWRAH, CALCUTTA, West Bengal",1,0,0.4272894749533622,0.08333333333333337,0.08333333333333337,0.09375,0.0,1.0,0.5569620253164558,0.4810126582278481,0.4810126582278481,0.5769230769230769,0.5576923076923077,0.847457627118644,0.35714285714285715,0.4857142857142857,2,1.0,1,0,0,1,0,1,0.0,0.0,0,0,4,11,0,0.0,0.0,2,11,0,2,11,0.0,0.0,0.0357142857142857,0.04166666666666671,0.0,0,0,0,1,0,1,1,0
S1-211385692,S2-800817217,Developers Nature Technologies Limited,DEVELOPERS NATURE TECHNOLOGIES LIMITED,"#696, Shri Nivas Main Road, Whitefield, Bangalore, Karnataka",,1,0,0.430752687390587,1.0,1.0,1.0,1.0,1.0,1.0,1.0,1.0,0.0,0.0,0.0,0.0,0.0,0,0.0,0,1,0,0,0,1,0.9999992847442627,0.0,0,1,4,4,4,1.0,1.0,3,3,3,0,0,1.0,1.0,1.0,1.0,1.0,0,0,1,0,0,0,0,0
S1-337477995,S2-944588353,Namma Brothers Private Limited,Namma Bróthers Private Limited,"125/Lq/4, Lal Quater Govind Nagar, Kanpur, Uttar Pradesh",,1,0,0.4308627118318842,0.9666666666666667,0.9666666666666667,0.9666666666666667,0.6,1.0,1.0,1.0,1.0,0.0,0.0,0.0,0.0,0.0,0,0.0,0,0,0,0,1,1,0.0,0.0,1,0,4,4,3,0.75,0.75,2,2,1,1,1,0.5,0.5,0.9285714285714286,0.9285714285714286,0.7857142857142857,0,0,1,0,0,0,0,0
S1-316952445,S2-179600905,Euphoric Fincorp (India),Euphoric-Fincorp (India) Company,"21 Ramananda Chatterjee, Street, Parsibagan, Kolkata, Howrah, West Bengal",,1,0,0.43350139755885164,0.8461538461538461,0.8461538461538461,1.0,0.75,0.7333333333333333,0.8461538461538461,0.8461538461538461,1.0,0.0,0.0,0.0,0.0,0.0,0,0.0,0,1,0,0,0,1,0.8602322936058044,0.0,0,0,3,4,3,1.0,0.75,3,3,3,0,0,1.0,1.0,1.0,1.0,0.72,0,0,1,0,0,0,0,0
S1-301619967,S2-81828465,New Trading Pvt Ltd,நியூ டிரேடிங் பிரைவேட் லிமிடெட்,"512-B, Maraimalai Nagar, Ottakoothar Street, Nh-1, Mig, Chengalpattu, Kancheepuram, Tamil Nadu","512-B, MARAIMALAI NAGAR, OTTAKOOTHAR STREET, NH-1, MIG, CHENGALPET, தமிழ்நாடு",1,0,0.4355919310991858,0.13043478260869568,0.13043478260869568,0.1666666666666667,0.0,0.7037037037037037,0.49122807017543857,0.49122807017543857,0.4912280701754386,0.802547770700637,0.7770700636942675,0.8333333333333333,0.5,0.8045977011494253,2,1.0,1,0,1,1,0,2,0.0,0.7578466534614563,0,0,4,9,0,0.0,0.0,2,9,0,2,9,0.0,0.0,0.05263157894736848,0.07142857142857138,0.0,0,0,0,1,0,1,1,0
S1-427585732,S2-541755029,All Finance Private Limited,অল ফাইন্যান্স প্রাইভেট লিমিটেড,"C/O Sk Kutub Uddin, Vill -Santoshpur More, Serampore, Hooghly, West Bengal","C/O SK KUTUB UDDIN, VILL -SANTOSHPUR MORE, SERAMPORE, HOOGHLY, পশ্চিমবঙ্গ",1,0,0.4378687455443319,0.10526315789473684,0.10526315789473684,0.10909090909090907,0.0,0.9,0.6451612903225806,0.4838709677419355,0.4838709677419355,0.8613138686131387,0.8467153284671532,0.912,0.625,0.9855072463768116,0,0.0,0,0,1,1,0,2,0.0,0.8755040168762207,0,0,4,13,0,0.0,0.0,2,13,0,2,13,0.0,0.0,0.04878048780487809,0.05128205128205124,0.0,0,0,0,0,0,0,0,0
S1-585870455,S2-756856446,SQ Service Limited,Halobrix,"36, Ganesh Chandra Avenue Ground Floor, Kolkata, Howrah, West Bengal","GANESH CHANDRA AVENUE GROUND FLOOR, KHANTURADISTRICT  TWENTY FOUR PARGANAS NORTH, West Bengal, 36, HOWRAH",1,0,0.43896449118579184,0.15384615384615385,0.23076923076923073,0.2307692307692308,0.0,0.4444444444444444,0.15384615384615385,0.23076923076923073,0.2307692307692308,0.6829268292682926,0.7439024390243902,0.9333333333333332,0.6,0.64,1,1.0,1,0,0,1,0,1,0.0,0.0,0,0,3,1,0,0.0,0.0,2,1,0,2,1,0.0,0.0,0.2222222222222222,0.2222222222222223,0.0,0,0,0,1,0,1,1,0
S1-368438219,S2-124466400,Ace Innovative Investment Pvt Ltd,ఏస్ ఇన్నోవేటివ్ ఇన్వెస్ట్‌మెంట్ ప్రైవేట్ లిమిటెడ్,"10-3-3/32 & 10-3-32/A, Pt No.11, East Marredpally, Secunderabad, Hyderabad, Telangana","#9-3-3/32 & 10-3-32/A, PT NO.11, EAST MARREDPALLY, SECUNDERABAD, Telangana",1,0,0.43932967209840107,0.10666666666666667,0.10666666666666667,0.1428571428571429,0.0,0.7857142857142857,0.7073170731707318,0.7073170731707318,0.7073170731707318,0.9150326797385621,0.9019607843137255,0.9841269841269842,0.8571428571428571,0.8658536585365854,4,0.8,0,0,1,1,0,2,0.0,0.9326816201210022,0,0,5,11,0,0.0,0.0,3,11,0,3,11,0.0,0.0,0.05970149253731338,0.08333333333333329,0.0,0,0,0,1,0,0,0,1
S1-812386674,S2-813000717,Life Investment,Life  Partners (ID: 88551),"Fl C 103, Shubhashri Res Ps 2 Sno 171A, Behind Jai Ganesh Vision, Aku, Rdi, Pune, Maharashtra","HN 133 FL C 103, SHUBHASHRI RES PS 2 SNO 171A, BEHIND JAI GANESH VISION, AKU, RDI, PUNE, Maharashtra",1,0,0.44053027585537163,0.4324324324324324,0.32432432432432434,0.48648648648648646,0.2,0.6818181818181818,0.4324324324324324,0.32432432432432434,0.48648648648648646,0.9613259668508287,0.9613259668508287,1.0,0.8947368421052632,0.925531914893617,3,0.75,0,0,1,1,0,2,0.0,0.973944902420044,0,0,2,4,1,0.5,0.25,2,4,1,1,3,0.5,0.25,0.4324324324324324,0.48648648648648646,0.07407407407407407,0,0,0,1,0,0,0,1
S1-825573447,S2-468393666,Sarva (India) Trading Private Limited,Sri Sarva Private Trading (India) Limited,"House No.-1, Gash Mandi Road, Pillu Wale, Balaji Ke Pass, Darawaja Mohalla, Dausa (Rural), Dausa, Rajasthan",,1,0,0.4418997311722333,0.7297297297297297,0.9459459459459459,1.0,0.8333333333333334,0.8974358974358975,0.7297297297297297,0.9459459459459459,1.0,0.0,0.0,0.0,0.0,0.0,0,0.0,0,1,0,0,0,1,0.9588293433189392,0.0,0,0,5,6,5,1.0,0.8333333333333334,3,4,3,0,1,1.0,0.75,0.6190476190476191,1.0,0.525,0,0,1,0,0,0,0,0
S1-340650885,S2-931518569,Euphoric Dentistry LLP,Euph0ric LLP Dentistry,"C-5/120, North West Delhi, Delhi, Gali No-2, Sadatpur Colony, Karawal Nagar, Delhi North East",,1,0,0.44206101741881854,0.7727272727272727,0.9545454545454546,0.9545454545454546,0.5,1.0,0.7727272727272727,0.9545454545454546,0.9545454545454546,0.0,0.0,0.0,0.0,0.0,0,0.0,0,1,0,0,0,1,0.8108105063438416,0.0,0,0,3,3,2,0.6666666666666666,0.6666666666666666,2,2,1,1,1,0.5,0.5,0.9444444444444444,0.9444444444444444,0.44,0,0,1,0,0,0,0,0
S1-657585315,S2-396179628,Aditaksh Works Private Limited,ADITAKSH WORKS PRIVATE,"C/O Sangita Chaudhry, Aavad Bihar, Muzaffarnagar, Muzaffarnagar, Uttar Pradesh",,1,0,0.4422296758395924,0.8461538461538461,0.8461538461538461,1.0,0.75,0.7333333333333333,0.8461538461538461,0.8461538461538461,1.0,0.0,0.0,0.0,0.0,0.0,0,0.0,0,1,0,0,0,1,0.8602322936058044,0.0,0,0,4,3,3,0.75,1.0,2,2,2,0,0,1.0,1.0,1.0,1.0,0.72,0,0,1,0,0,0,0,0
S1-112414970,S2-995181324,Bhatia Finance Private Limited,Bhatia Finance Private,"201, P.No 72, 13-1-121, Bs, Puri Clny, Chandrakala Ave, Ameerpet, Hyderabad, Telangana",,1,0,0.4422296758395924,0.8461538461538461,0.8461538461538461,1.0,0.75,0.7333333333333333,0.8461538461538461,0.8461538461538461,1.0,0.0,0.0,0.0,0.0,0.0,0,0.0,0,1,0,0,0,1,0.8602322936058044,0.0,0,0,4,3,3,0.75,1.0,2,2,2,0,0,1.0,1.0,1.0,1.0,0.72,0,0,1,0,0,0,0,0
S1-760638704,S2-247446212,Raj Extrusions Private Limited,RAJ EXTRUSIONS (PRIVATE),"Block No. 101, Keshav Complx Plot No. 11, Mch Soc, Panvel, Raigarh, Maharashtra",,1,0,0.4422296758395924,0.8461538461538461,0.8461538461538461,1.0,0.75,0.7333333333333333,0.8461538461538461,0.8461538461538461,1.0,0.0,0.0,0.0,0.0,0.0,0,0.0,0,1,0,0,0,1,0.8602322936058044,0.0,0,0,4,3,3,0.75,1.0,2,2,2,0,0,1.0,1.0,1.0,1.0,0.72,0,0,1,0,0,0,0,0
S1-920086226,S2-784860992,Nidhi Forex Private Limited,Nidhi Private Limited Service,"Sri Ram Palace, Holding No. 498/518, Ground Floor Agrasen Road, Khalpara, Siliguri, West Bengal","SRI RAM PALACE, HOLDING NO. 498/51, GROUND FLOOR AGRASEN ROAD, KHALPARA, West Bengal",1,0,0.4423259882911413,0.75,0.75,0.875,0.6,0.9310344827586207,0.75,0.75,0.875,0.9404761904761905,0.9404761904761905,0.9806451612903225,0.8125,0.8876404494382022,1,0.3333333333333333,0,0,1,1,0,2,0.0,0.9198833703994751,0,0,4,4,3,0.75,0.75,2,2,1,1,1,0.5,0.5,0.6666666666666667,0.6666666666666665,0.4838709677419355,0,0,0,1,0,0,1,0
S1-670809721,S2-891486229,Learning Dry of Rajkot Private Limited,Learning Dry of Rajkot Private,"601, Royal Millenium, 6-Royal Park, Kalawad Road, Near Jain Upashray, Rajkot, Gujarat","101, ROYAL MILLENIUM, 6-ROYAL PARK, KALAWAD ROAD, NEAR JAIN UPASHRAY, RAJKOT, ગુજરાત",1,0,0.4431902054834904,0.8823529411764706,0.8823529411764706,1.0,0.8333333333333334,0.7894736842105263,0.8823529411764706,0.8823529411764706,1.0,0.9044585987261147,0.8789808917197451,0.9172932330827068,0.625,0.9873417721518988,1,0.3333333333333333,0,1,1,1,0,3,0.885060727596283,0.9120826721191406,0,0,6,5,5,0.8333333333333334,1.0,4,4,4,0,0,1.0,1.0,1.0,1.0,0.7741935483870968,0,0,0,1,0,0,0,1
S1-491300336,S2-881006206,Nightingale Marketing Company,NIGHTINGALE COMPANY SERVICES,"Survey No. 196/1 Plot No. 61, 62 Mahalaxmi Industrial Estate, Vil Iyava T, Al Sanand, Sanand, Ahmedabad, Gujarat","96/1 PLOT NO. 61, 62 MAHALAXMI INDUSTRIAL ESTATE, VIL IYAVA T, AL SANAND, SANAND, Gujarat",1,0,0.4446970006477393,0.6666666666666667,0.6666666666666667,0.8085106382978724,0.5,0.9655172413793104,0.6666666666666667,0.6666666666666667,0.8085106382978724,0.8877005347593583,0.8663101604278076,0.9798657718120805,0.7777777777777778,0.7980769230769231,3,0.6,0,0,1,1,0,2,0.0,0.8925806879997253,0,0,3,3,2,0.6666666666666666,0.6666666666666666,2,2,1,1,1,0.5,0.5,0.6829268292682926,0.7096774193548387,0.42424242424242425,0,0,0,1,0,0,0,1
S1-660506093,S2-962528461,Roopin Devi Private Limited,R0opin Devi Private (Ltd),"Plot No 10, Madhya Pradesh, Jabalpur, Mahaveer Colony, Jabalpur","DOOR NO 10, MAHAVEER COLONY, JABALPUR, Madhya Pradesh",1,0,0.4451923314173227,0.88,0.88,0.88,0.3333333333333333,0.8518518518518519,0.88,0.88,0.88,0.5871559633027523,0.8623853211009174,0.9473684210526315,0.7777777777777778,0.847457627118644,1,1.0,1,0,1,1,0,2,0.0,0.8823285698890686,0,0,4,4,2,0.5,0.5,2,2,1,1,1,0.5,0.5,0.9090909090909091,0.9090909090909091,0.5384615384615384,0,0,0,1,0,1,1,0
S1-862984879,S2-540732819,Andal & Brothers Partners,Andal Brothers Partners Center,"Sinha Library Road, Patna, Bihar","H.NO #914 SINHA LIBRARY ROAD, PATNA, Bihar",1,0,0.4458142375505459,0.8070175438596492,0.8070175438596492,0.92,0.6,0.9,0.8070175438596492,0.8070175438596492,0.92,0.8695652173913043,0.8695652173913043,1.0,0.625,0.7692307692307693,0,0.0,0,1,1,1,0,3,0.8571426272392273,0.9310635328292847,0,0,4,4,3,0.75,0.75,4,4,3,1,1,0.75,0.75,0.8070175438596492,0.92,0.5714285714285714,0,0,0,0,0,0,0,0
S1-876174847,S2-589432992,Ss Exports Private Limited,ଏସ୍‌ଏସ୍ ଏକ୍ସପୋର୍ଟସ୍ ପ୍ରାଇଭେଟ୍ ଲିମିଟେଡ୍,"Plot No-188, Unit-3, Kharvel Nagar, Bhubaneswar, Khordha, Orissa","H.NO 4 PLOT NO-188, UNIT-3, KHARVEL NAGAR, KHORDHA, BHUBANESWAR, ଓଡ଼ିଶା",1,0,0.447294542475334,0.10169491525423723,0.10169491525423723,0.11538461538461534,0.0,0.7878787878787878,0.7213114754098361,0.6229508196721312,0.6229508196721312,0.7479674796747969,0.878048780487805,0.9369369369369369,0.6428571428571429,0.921875,2,0.6666666666666666,0,0,1,1,0,2,0.0,0.9040002226829529,0,0,4,11,0,0.0,0.0,2,11,0,2,11,0.0,0.0,0.04651162790697672,0.05555555555555557,0.0,0,0,0,1,0,0,0,1
S1-725400558,S2-950275254,International Consultancy Private Limited,इंटरनेशनल कंसल्टेंसी प्राइवेट लिमिटेड,"A/4 Garden View, Chs Ltd, 1St Floor, Borivali West Chandawarkar Cross Rd, Opp Rajmahal Hotel, Borivali, Mumbai, Mumbai City, Maharashtra","Maharashtra, CHS LTD, 1ST FLOOR, BORIVALI WEST CHANDAWARKAR CROSS RD, OPP RAJMAHAL HOTEL, BORIVALI, MUMBAI CITY, HN 849 A/4 GARDEN VIEW, MUMBAI",1,0,0.4481916116806061,0.07894736842105265,0.07894736842105265,0.08333333333333329,0.0,0.8536585365853658,0.6428571428571428,0.5476190476190477,0.5476190476190476,0.7832699619771862,0.9733840304182508,1.0,0.9047619047619048,0.9481481481481482,2,0.6666666666666666,0,0,1,1,0,2,0.0,0.9872044324874878,0,0,4,13,0,0.0,0.0,2,13,0,2,13,0.0,0.0,0.033333333333333326,0.03571428571428569,0.0,0,0,0,1,0,0,0,1
S1-888463676,S2-720900506,Jayshree Memorial Trust,Jayshree Memorial Trust Limited,"84 3Rd Street Tatabad, Sivananda Colony, Coimbatore, Tamil Nadu",,1,0,0.4484810420661166,0.8518518518518519,0.8518518518518519,1.0,0.75,0.7419354838709677,0.8518518518518519,0.8518518518518519,1.0,0.0,0.0,0.0,0.0,0.0,0,0.0,0,1,0,0,0,1,0.8660252094268799,0.0,0,0,3,4,3,1.0,0.75,3,3,3,0,0,1.0,1.0,1.0,1.0,0.7307692307692307,0,0,1,0,0,0,0,0
S1-312269206,S2-467037219,Lad & Co,Belonexquo,"Bhukhand No. 119 Market Yard, Pune, Maharashtra","BHUKHAND NO. #119 MARKET YARD, PUNE, PUNE CITY, Maharashtra",1,0,0.44850762571805874,0.30000000000000004,0.19999999999999996,0.2,0.0,1.0,0.30000000000000004,0.19999999999999996,0.2,0.8979591836734694,0.8979591836734694,1.0,0.875,0.8148148148148148,1,1.0,1,0,1,1,0,2,0.0,0.932256817817688,0,0,3,1,0,0.0,0.0,2,1,0,2,1,0.0,0.0,0.23529411764705888,0.11764705882352942,0.0,0,0,0,1,0,1,1,0
S1-801851816,S2-246937874,QY Tulasi Private Limited,QY TULA5I-PRIVATE TULASI-PRIVATE LIMITED,"Kerala, First Floor, Ek Tower Near Ayurveda College Padi, Edarikode Po, Kottakkal, Malapuram, Malappuram, Room No 813","PLOT 718. ROOM NO 813, FIRST FLOOR, EK TOWER NEAR AYURVEDA COLLEGE PADI, EDARIKODE PO, KOTTAKKAL, MALAPPURAM, Kerala",1,0,0.4493942869715203,0.7692307692307692,0.7692307692307692,1.0,0.8,0.625,0.7692307692307692,0.7692307692307692,1.0,0.7853881278538811,0.91324200913242,0.9569377990430623,0.8421052631578947,0.990909090909091,1,0.5,0,1,1,1,0,3,0.917060375213623,0.9259611964225769,0,0,4,5,4,1.0,0.8,2,3,2,0,1,1.0,0.6666666666666666,0.72,1.0,0.8,0,0,0,1,0,0,0,1
S1-22718238,S2-590237519,Consolidated Real Private Limited,Consolidated Private Limited  Center,"#501, 5Th Floor, Modern Profound Techpark, Sy No-12, Opp Ramalayam Temple, Whitefield Road, Kondapur, Serilingampally, Hyderabad, Telangana","#0501 , 5TH FLOOR, MODERN PROFOUND TECHPARK, SY NO-12, OPP RAMALAYAM TEMPLE, WHITEFIELD ROAD, KONDAPUR, SERILINGAMPALLY, Telangana",1,0,0.4537200962513475,0.8235294117647058,0.8235294117647058,0.9180327868852458,0.6,0.9428571428571428,0.8235294117647058,0.8235294117647058,0.9180327868852458,0.9558232931726907,0.9317269076305221,0.9787234042553191,0.8421052631578947,0.9302325581395349,3,1.0,1,1,1,1,0,3,0.8640331029891968,0.9423130750656128,0,0,4,4,3,0.75,0.75,2,2,1,1,1,0.5,0.5,0.7777777777777779,0.8275862068965517,0.5882352941176471,0,0,0,1,0,1,1,0
S1-594581672,S2-941371323,Jrs Enterprises Pvt Ltd,Mr Jrs Enteteprigses Pvt  Ltd,"198, Cmh Road, 2Nd Floor, Indiranagar, Near Shantis, Bangalore North, Bangalore, Karnataka","98, CMH ROAD, 2ND FLOOR, INDIRANAGAR, NEAR SHANTIS, BANGALORE NORTH, Karnataka",1,0,0.4538711095975385,0.8627450980392157,0.8627450980392157,0.8627450980392157,0.5,0.8214285714285714,0.8627450980392157,0.8627450980392157,0.8627450980392157,0.9290322580645162,0.9032258064516128,0.993103448275862,0.8333333333333334,0.8674698795180723,1,0.3333333333333333,0,0,1,0,0,1,0.0,0.9374404549598694,0,0,4,5,3,0.75,0.6,2,3,1,1,2,0.5,0.3333333333333333,0.8,0.8,0.48148148148148145,0,0,0,1,0,0,0,1
S1-461957906,S2-362988746,Nagpur Developers LLP,Nagpur  Developers LLP,"Plot No 28, It Park, Opp Gayatri Mandir Bus Station, Parsodi, Nagpur, Maharashtra",,1,0,0.45486450334703693,1.0,1.0,1.0,1.0,1.0,1.0,1.0,1.0,0.0,0.0,0.0,0.0,0.0,0,0.0,0,1,0,0,0,1,0.9999999403953552,0.0,0,1,3,3,3,1.0,1.0,2,2,2,0,0,1.0,1.0,1.0,1.0,1.0,0,0,1,0,0,0,0,0
S1-481927230,S2-47424255,Raviraj Club Limited,NEXVEO,"Vihar Ph-Ii, Haryana, Gurgaon, H.No-1238 G.No-12 Laxman, Sector-17","H.NO-123 G.NO-12 LAXMAN, VIHAR PH-II, SECTOR-17, GURGAON, Haryana",1,0,0.455493786073007,0.15384615384615385,0.15384615384615385,0.15384615384615385,0.0,0.3,0.15384615384615385,0.15384615384615385,0.15384615384615385,0.5365853658536586,0.991869918699187,0.9914529914529915,0.8571428571428571,0.9838709677419355,2,0.5,0,0,1,1,0,2,0.0,0.9611212015151978,0,0,3,1,0,0.0,0.0,2,1,0,2,1,0.0,0.0,0.11111111111111116,0.11111111111111115,0.0,0,0,0,1,0,0,0,1
S1-654206471,S2-806210536,Delhi Solutions,Delhi  Service,"C 50, First Floor Radhey Shyam Park Extention Behaind Jagatpuri Police Station Krishna, Nagar, Delhi, East Delhi, Delhi","NO. 229 C 50, FIRST FLOOR RADHEY SHYAM PARK EXTENTION BEHAIND JAGATPURI POLICE STATION KRISHNA, NAGAR, DELHI, Delhi",1,0,0.4562695713657799,0.5714285714285714,0.5714285714285714,0.5714285714285715,0.3333333333333333,0.8666666666666667,0.5714285714285714,0.5714285714285714,0.5714285714285715,0.9196428571428571,0.9196428571428571,0.9748743718592965,0.8333333333333334,0.9649122807017544,1,0.5,0,0,1,1,0,2,0.0,0.9544386267662048,0,0,2,2,1,0.5,0.5,2,2,1,1,1,0.5,0.5,0.5714285714285714,0.5714285714285715,0.2222222222222222,0,0,0,1,0,0,0,1
S1-931166453,S2-985784229,Supreme Software LLP,सुप्रीम सॉफ्टवेयर एलएलपी,"Janpath, Delhi","JNPATH, JANPATH, DELHI CONNAUGHT PLACE, Delhi",1,0,0.4581287192156729,0.09302325581395354,0.09302325581395354,0.09756097560975605,0.0,0.8695652173913043,0.5957446808510638,0.5957446808510638,0.5957446808510638,0.47272727272727283,0.47272727272727283,1.0,0.4,0.30952380952380953,0,0.0,0,0,0,0,1,1,0.0,0.0,8,0,3,8,0,0.0,0.0,2,8,0,2,8,0.0,0.0,0.05128205128205132,0.054054054054054036,0.0,0,0,0,0,0,0,0,0
S1-953201808,S2-515526850,Suyash Charitable Trust,Suyash Charitable Center,"National Insurance Bldg., 204, Dr. D.N.Road, Mumbai, Maharashtra","Maharashtra, NATIONAL INSURANCE BLDG., 04, DR. D.N.ROAD",1,0,0.45813600783745306,0.851063829787234,0.7234042553191489,0.851063829787234,0.5,0.9583333333333334,0.851063829787234,0.7234042553191489,0.851063829787234,0.7037037037037037,0.9259259259259259,0.9690721649484536,0.7272727272727273,0.8620689655172413,0,0.0,0,0,1,1,0,2,0.0,0.9030267000198364,0,0,3,3,2,0.6666666666666666,0.6666666666666666,3,3,2,1,1,0.6666666666666666,0.6666666666666666,0.851063829787234,0.851063829787234,0.56,0,0,0,1,1,0,0,1
S1-282368049,S2-604544045,Kamaldhan Cabs LLP,Kamaldhan LLP Services Services - 4540121254,"No. 758, 19Th Main, 2Nd Sector, Hsr Layout Dollar Scheme Layout, Bangalore, Karnataka","NO. 758/6 , 19TH MAIN, 2ND SECTOR, HSR LAYOUT DOLLAR SCHEME LAYOUT, BANGALORE, Karnataka",1,0,0.45988271168352224,0.43333333333333335,0.4666666666666666,0.8387096774193549,0.4,0.42857142857142855,0.43333333333333335,0.4666666666666666,0.8387096774193549,0.9875,0.9875,1.0,0.9230769230769231,0.9753086419753086,3,0.75,0,0,1,1,0,2,0.0,0.9974072575569153,0,0,3,4,2,0.6666666666666666,0.5,2,3,1,1,2,0.5,0.3333333333333333,0.4615384615384615,0.782608695652174,0.2222222222222222,0,0,0,1,0,0,1,0
S1-378732268,S2-336957852,Hotel Investment Private Limited,ഹോട്ടൽ ഇൻവെസ്റ്റ്മെന്റ് പ്രൈവറ്റ് ലിമിറ്റഡ്,"Tc 7/686 Madathuvila, Maruthankuzhi P.O., Nedumangad, Thiruvananthapuram, Trivandrum, Kerala","CHULLIMANOOR DISTTHIRUVANANTHAPURAM, Kerala, TC 7/686 MADATHUVILA, MARUTHANKUZHI P.O., NEDUMANGAD, TRIVANDRUM",1,0,0.4604290708490068,0.08333333333333337,0.08333333333333337,0.09677419354838705,0.0,0.8,0.5945945945945945,0.5945945945945945,0.5945945945945946,0.6349206349206349,0.7089947089947092,0.91005291005291,0.7692307692307693,0.8349514563106796,2,1.0,1,0,1,1,0,2,0.0,0.8935869932174683,0,0,4,13,0,0.0,0.0,2,13,0,2,13,0.0,0.0,0.0357142857142857,0.04347826086956516,0.0,0,0,0,1,0,1,1,0
S1-234475916,S2-500155585,Omshaktidev (india) (India) Clinic,Dovalyra,"H. No. 154 - A, Veer Savarkar Nagar, Mini Bypass Road, P/O Izzatnagar, Bareilly, Uttar Pradesh","BAREILLY, VEER SAVARKAR NAGAR, MINI BYPASS ROAD, P/O IZZATNAGAR, BAREILLY, Uttar Pradesh, NO 154 - A",1,0,0.4604658230863712,0.21052631578947367,0.1578947368421053,0.1875,0.0,0.26666666666666666,0.21052631578947367,0.1578947368421053,0.1875,0.8587570621468926,0.9378531073446328,1.0,0.9375,0.9239130434782609,1,1.0,1,0,0,1,0,1,0.0,0.0,0,0,3,1,0,0.0,0.0,3,1,0,3,1,0.0,0.0,0.21052631578947367,0.1875,0.0,0,0,0,1,0,1,1,0
S1-804549028,S2-74036965,Sree Finance Pvt Ltd,Smt SREE PVT LTD CENTER,"7, 2Nd Floor, Parsn Villa56, Luz Church Road, Mylapore, Madras, Chennai, Tamil Nadu","5, 2ND FLOOR, PARSN VILLA56, LUZ CHURCH ROAD, MYLAPORE, MADRAS, Tamil Nadu",1,0,0.46061182540037116,0.5581395348837209,0.6976744186046511,0.75,0.5,0.8695652173913043,0.5581395348837209,0.6976744186046511,0.75,0.9305555555555556,0.9305555555555556,0.9850746268656717,0.7857142857142857,0.8947368421052632,2,0.5,0,0,1,1,0,2,0.0,0.9336999654769897,0,0,4,5,3,0.75,0.6,2,3,1,1,2,0.5,0.3333333333333333,0.5185185185185186,0.5185185185185186,0.28,0,0,0,1,0,0,0,1
S1-872342145,S2-74718298,Real Exports,रियल एक्सपोर्ट्स,"Hno- 26, Paschim Enclave, Paschim Vihar Rohtak Road, Delhi, West Delhi, Delhi","HNO- 46, PASCHIM ENCLAVE, PASCHIM VIHAR ROHTAK ROAD, WEST DELHI, DELHI",1,0,0.46155581895621944,0.0714285714285714,0.0714285714285714,0.07692307692307693,0.0,0.75,0.6923076923076923,0.6923076923076923,0.6923076923076923,0.9411764705882352,0.9411764705882352,0.9803921568627452,0.8,0.9154929577464789,0,0.0,0,0,1,0,1,2,0.0,0.9685465097427368,4,0,2,6,0,0.0,0.0,2,6,0,2,6,0.0,0.0,0.0714285714285714,0.07692307692307693,0.0,0,0,0,1,1,0,0,1
S1-340023637,S2-952905831,Sasha Ventures Private Limited,Sasha Ventures Limited Center,"C/O Mahendra Singh, Patwari Halka Kotma, Behind Jyoti Petrol Pump, Bhudanpur Road, Kotma, Anuppur, Madhya Pradesh","HN 610 C/O MAHENDRA SINGH, PATWARI HALKA KOTMA, BEHIND JYOTI PETROL PUMP, BHUDANPUR ROAD, KOTMA, Madhya Pradesh",1,0,0.4617232347377866,0.7457627118644068,0.7457627118644068,0.8627450980392157,0.6,0.9666666666666667,0.7457627118644068,0.7457627118644068,0.8627450980392157,0.9295774647887324,0.9389671361502347,0.9637305699481865,0.8333333333333334,0.9906542056074766,0,0.0,0,0,1,1,0,2,0.0,0.9461057186126709,0,0,4,4,3,0.75,0.75,2,3,2,0,1,1.0,0.6666666666666666,0.8,1.0,0.5,0,0,0,0,0,0,0,0
S1-353891003,S2-937788859,Prem & Sons Corp,Corporation Prem & Sons,"Flat No 1304, L-20, Swapnapoort, Sector 36, Panvel, Raigarh(Mh), Maharashtra","NO 1304, RAIGARH(MH), Maharashtra",1,0,0.4632486247969633,0.6046511627906976,0.8372093023255813,0.8387096774193549,0.6,0.72,0.6046511627906976,0.8372093023255813,0.8387096774193549,0.6060606060606061,0.6060606060606061,1.0,0.4166666666666667,0.43478260869565216,1,0.3333333333333333,0,1,0,1,0,2,0.7442083358764648,0.0,0,0,4,4,3,0.75,0.75,3,3,3,0,0,1.0,1.0,1.0,1.0,0.5,0,0,0,1,0,0,1,0
S1-146173080,S2-772069993,Sashakt Sangh,Sashakt-Partners | www.sashaktpa.com,"C/O Mr. Ashok Kumar, H. No.8, Plot No.18, Vill Sultanpur Colony, Mehrauli, New Delhi, Delhi","C/O MR. ASHOK KUMAR, H. NO.8, PLOT NO.18, VILL SULTANPUR COLONY, MEHRAULI, NEW DELHI, Delhi",1,0,0.46386727009373707,0.46808510638297873,0.46808510638297873,0.7,0.16666666666666666,0.38235294117647056,0.46808510638297873,0.46808510638297873,0.7,1.0,1.0,1.0,1.0,1.0,2,1.0,1,0,1,1,0,2,0.0,0.9999998211860657,0,0,2,5,1,0.5,0.2,2,5,1,1,4,0.5,0.2,0.46808510638297873,0.7,0.19230769230769232,1,0,0,1,0,1,1,0
S1-858326784,S2-863722770,Padmalaya & Co,Padmalaya  & Co,"P.O. - Dhabani P.S. - Laudoha, Vill - Bargoria, West Bengal, Bardhaman, Durgapur",,1,0,0.4651691162999786,1.0,1.0,1.0,1.0,1.0,1.0,1.0,1.0,0.0,0.0,0.0,0.0,0.0,0,0.0,0,1,0,0,0,1,1.000000238418579,0.0,0,1,3,3,3,1.0,1.0,2,2,2,0,0,1.0,1.0,1.0,1.0,1.0,0,0,1,0,0,0,0,0
S1-20621410,S2-889727621,Quality Trading Private Limited,Quality Trdaing Private Limited,"Flat No 1101, Laxmi Residency, Part A Katargam, Surat City, Surat, Gujarat","FLAT NO 101 , LAXMI RESIDENCY, PRAT A KATARGAM, SURAT CITY, ગુજરાત",1,0,0.46700778375445373,0.967741935483871,0.967741935483871,0.967741935483871,0.6,1.0,0.967741935483871,0.967741935483871,0.967741935483871,0.8461538461538461,0.8307692307692307,0.8709677419354839,0.5,0.8840579710144928,0,0.0,0,0,1,1,0,2,0.0,0.8311376571655273,0,0,4,4,3,0.75,0.75,2,2,1,1,1,0.5,0.5,0.9333333333333332,0.9333333333333332,0.7333333333333333,0,0,0,1,1,0,0,1
S1-623222943,S2-191304597,Saurabh Group Corp,Saurabh Group Corp Services,"Zakir Hussain Ward, At Tirora, Tirora, Gondiya, Maharashtra","ZAKIR HUSSAIN WARD, AT TIRORA, TIRORA, Maharashtra",1,0,0.4673987007146313,0.8,0.8,1.0,0.75,0.6666666666666666,0.8,0.8,1.0,0.9215686274509803,0.9215686274509803,1.0,0.8571428571428571,0.8545454545454545,0,0.0,0,1,1,1,0,3,0.8118442893028259,0.9397422671318054,0,0,3,4,3,1.0,0.75,2,3,2,0,1,1.0,0.6666666666666666,0.7428571428571429,1.0,0.6363636363636364,0,0,0,0,0,0,0,0
S1-280241779,S2-481787982,North Marketing Pvt Ltd,നോർത്ത് മാർക്കറ്റിംഗ് പ്രൈവറ്റ് ലിമിറ്റഡ്,"Building No 50/946-2, Laloor Road, Elthuruth, Thrissur, Kerala","BUILDING NO 50/946-2/9, LALOOR ROAD, ELTHURUTH, THRISSUR, Kerala",1,0,0.46881280411714726,0.10169491525423723,0.10169491525423723,0.11320754716981128,0.0,0.6388888888888888,0.5161290322580645,0.5161290322580645,0.5161290322580645,0.9830508474576272,0.9830508474576272,1.0,0.9090909090909091,0.9666666666666667,3,0.75,0,0,1,1,0,2,0.0,0.9957888126373291,0,0,4,13,0,0.0,0.0,2,13,0,2,13,0.0,0.0,0.039215686274509776,0.044444444444444425,0.0,0,0,0,1,0,0,1,0
S1-252815055,S2-902648729,Metal Public School,Metal Public School Company,"Fno-B 803, Chordias Utsav, Gh 2 Shiv Vihar Yojna, Jaipur, Rajasthan",,1,0,0.46896543365736776,0.826086956521739,0.826086956521739,1.0,0.75,0.7037037037037037,0.826086956521739,0.826086956521739,1.0,0.0,0.0,0.0,0.0,0.0,0,0.0,0,1,0,0,0,1,0.8393722772598267,0.0,0,0,3,4,3,1.0,0.75,3,3,3,0,0,1.0,1.0,1.0,1.0,0.6818181818181818,0,0,1,0,0,0,0,0
S1-881005405,S2-199993234,ZKG Constructions Co,ZKG Ccintsructons Co,"Manjacombai Village Manjacombai Bazaar Post Office, Nilgiris, Tamil Nadu","NO 221 MANJACOMBAI VILLAGE MANJACOMBAI BAZAAR POST OFFICE, NILGIRIS, தமிழ்நாடு",1,0,0.469528214402712,0.85,0.75,0.85,0.5,1.0,0.85,0.75,0.85,0.8413793103448276,0.8137931034482758,0.8952380952380952,0.42857142857142855,0.9333333333333333,0,0.0,0,0,1,1,0,2,0.0,0.9167556762695312,0,0,3,3,2,0.6666666666666666,0.6666666666666666,2,2,1,1,1,0.5,0.5,0.8235294117647058,0.8235294117647058,0.2916666666666667,0,0,0,0,0,0,0,0
S1-570773953,S2-647161659,Jain Media Private Limited,जैन मीडिया प्राइवेट लिमिटेड,"Badanpur, Post-Bahramghat, Ramnagar, Barabanki, Uttar Pradesh","HN 450 BADANPUR, BARABANKI, उत्तर प्रदेश",1,0,0.4704143655147763,0.11538461538461542,0.11538461538461542,0.13043478260869562,0.0,1.0,0.7666666666666666,0.7666666666666666,0.7666666666666667,0.42105263157894735,0.4631578947368421,0.6428571428571428,0.14285714285714285,0.6666666666666666,0,0.0,0,0,0,1,0,1,0.0,0.0,0,0,4,10,0,0.0,0.0,2,10,0,2,10,0.0,0.0,0.05555555555555558,0.06666666666666671,0.0,0,0,0,0,0,0,0,0
S1-956775890,S2-270806646,Shakti Industries Pvt Ltd,शक्ति इंडस्ट्रीज प्रा. लि.,"Shop No 6 & 7 Badarpur Badarpur Metro Stations, Badarpur, New Delhi, Delhi","SHOP NO 5 & 7 BADARPUR BADARPUR METRO STATIONS, BADARPUR, NEW DELHI, Delhi",1,0,0.47089581231791044,0.13043478260869568,0.13043478260869568,0.1363636363636364,0.0,0.84,0.68,0.68,0.68,0.9863013698630136,0.9863013698630136,0.9795918367346939,0.8181818181818182,1.0,1,0.3333333333333333,0,0,1,1,0,2,0.0,0.9966221451759338,0,0,4,9,0,0.0,0.0,2,9,0,2,9,0.0,0.0,0.05263157894736848,0.05555555555555557,0.0,0,0,0,1,0,0,0,1
S1-956775890,S2-15952669,Shakti Industries Pvt Ltd,शक्ति इंडस्ट्रीज प्रा. लि.,"Shop No 6 & 7 Badarpur Badarpur Metro Stations, Badarpur, New Delhi, Delhi","SHOP NO 5 & 7 BADARPUR BADARPUR METRO STATIONS, BADARPUR, NEW DELHI, Delhi",1,0,0.47089581231791044,0.13043478260869568,0.13043478260869568,0.1363636363636364,0.0,0.84,0.68,0.68,0.68,0.9863013698630136,0.9863013698630136,0.9795918367346939,0.8181818181818182,1.0,1,0.3333333333333333,0,0,1,1,0,2,0.0,0.9966221451759338,0,0,4,9,0,0.0,0.0,2,9,0,2,9,0.0,0.0,0.05263157894736848,0.05555555555555557,0.0,0,0,0,1,0,0,0,1
S1-894682905,S2-784490271,Tech Care Private Limited,టెక్ కేర్ ప్రైవేట్ లిమిటెడ్,"Hyderabad, 12-2-709/C/16, Padmanabha Nagar Colony Humayun Nagar, Telangana","13-2-709/C/16, తెలంగాణ, SERI-LINGAMPALLY, PADMANABHA NAGAR COLONY HUMAYUN NAGAR",1,0,0.472778409878046,0.125,0.125,0.15,0.0,0.92,0.6666666666666667,0.6666666666666667,0.6666666666666665,0.6802721088435374,0.7482993197278911,0.7850467289719626,0.4444444444444444,0.9342105263157895,3,0.6,0,0,0,1,0,1,0.0,0.0,0,0,4,8,0,0.0,0.0,2,8,0,2,8,0.0,0.0,0.0625,0.08333333333333329,0.0,0,0,0,1,0,0,0,1
S1-952952153,S2-391460246,Eastland Handicrafts Private Limited,EASTLAND HANDlCRAFTS PRIVATE,"307 Basement Kamal Plaza Builggurudwara Road Karol Bagh, New Delhi, Central Delhi, Delhi","307 BASEMENT KAMAL PLAZA BUILGGURUDWARA ROAD KAROL BAGH, NEW DELHI, Delhi",1,0,0.473026362710429,0.84375,0.84375,0.84375,0.4,0.7777777777777778,0.84375,0.84375,0.84375,0.9102564102564102,0.9102564102564102,1.0,0.9090909090909091,0.8352941176470589,1,1.0,1,0,1,1,0,2,0.0,0.948272168636322,0,0,4,3,2,0.5,0.6666666666666666,2,2,1,1,1,0.5,0.5,0.95,0.95,0.6060606060606061,0,0,0,1,0,1,1,0
S1-980814441,S2-194936910,Projects Soumya Services,Projects Services Soumya,"14 Navyug T J Roadopp Swan Mills Sewri (W), Mumbai, Maharashtra",,1,0,0.47314008042329486,0.7083333333333333,1.0,1.0,1.0,1.0,0.7083333333333333,1.0,1.0,0.0,0.0,0.0,0.0,0.0,0,0.0,0,1,0,0,0,1,0.9999996423721313,0.0,0,0,3,3,3,1.0,1.0,3,3,3,0,0,1.0,1.0,0.7083333333333333,1.0,0.8181818181818182,0,0,1,0,0,0,0,0
S1-765600597,S2-862261441,Blue Tech Private Limited,8lue Tech Private Limited,"S/O Shri Parmatma Nand, Nanda Nagar Kunraghat, Gorakhpur Sadar, Gorakhpur, Uttar Pradesh","S/O SHRI PARMATMA NAND, NANDA NAGAR KUNRAGHAT, GORAKHPUR SADAR, GORAKHPUR, उत्तर प्रदेश",1,0,0.47579447911737316,0.96,0.96,0.96,0.6,1.0,0.96,0.96,0.96,0.8622754491017964,0.8502994011976048,0.9022556390977443,0.5882352941176471,0.9880952380952381,0,0.0,0,1,1,1,0,3,0.8999996781349182,0.9147571921348572,0,0,4,4,3,0.75,0.75,2,2,1,1,1,0.5,0.5,0.8888888888888888,0.8888888888888888,0.9047619047619048,0,0,0,0,0,0,0,0
S1-804486629,S2-519387245,Sunrise Systems Private Limited,സൺറൈസ് സിസ്റ്റംസ് പ്രൈവറ്റ് ലിമിറ്റഡ്,"Thattamattathil House Karimkunnam Pt Thodupuzha, Idukki, Kerala","THATTAMATTATHIL HOUSE KARIMKUNNAM PT THODUPUZHA, IDUKKI, Kerala",1,0,0.4789833200358313,0.09375,0.09375,0.11538461538461534,0.0,0.9393939393939394,0.5588235294117647,0.5,0.5,1.0,1.0,1.0,1.0,1.0,0,0.0,0,0,1,1,0,2,0.0,0.9999985098838806,0,0,4,9,0,0.0,0.0,2,9,0,2,9,0.0,0.0,0.04166666666666662,0.05555555555555557,0.0,1,0,0,0,0,0,0,0
S1-361833471,S2-845161886,Construction Communication Exim Pvt Ltd,Construction Communication Pvt Ltd Center,"Vill - Goye, P.O - Darnpur, P.S - Dadpur, Durgapur Expressway, Puinan, Hooghly, West Bengal","#898 VILL - GOYE, P.O - DARNPUR, P.S - DADPUR, DURGAPUR EXPRESSWAY, PUINAN, West Bengal",1,0,0.4806271329845635,0.85,0.85,0.9315068493150684,0.6666666666666666,0.9512195121951219,0.85,0.85,0.9315068493150684,0.922077922077922,0.922077922077922,0.971830985915493,0.8571428571428571,0.9493670886075949,0,0.0,0,1,1,1,0,3,0.886360228061676,0.932361900806427,0,0,5,5,4,0.8,0.8,3,3,2,1,1,0.6666666666666666,0.6666666666666666,0.875,0.912280701754386,0.6410256410256411,0,0,0,0,0,0,0,0
S1-94966291,S2-831831771,Markandeya Tech (India) LLP,Dr Markandeya Tech-(lndia) L.L.P.,"C/O Shiv Raj Dhariwal Village Malri Teshil Nakodar, Nakodar, Jalandhar, Punjab","BLOCK G-843 C/O SHIV RAJ DHARIWAL VILLAGE MALRI TESHIL NAKODAR, NAKODAR, Punjab",1,0,0.48147906807290347,0.8727272727272728,0.7272727272727273,0.8301886792452831,0.25,0.8333333333333334,0.8727272727272728,0.7272727272727273,0.8301886792452831,0.8552631578947368,0.8684210526315791,0.9193548387096775,0.7142857142857143,0.974025974025974,0,0.0,0,1,1,1,0,3,0.7474765181541443,0.8923243284225464,0,0,4,6,2,0.5,0.3333333333333333,3,6,2,1,4,0.6666666666666666,0.3333333333333333,0.7843137254901962,0.8333333333333333,0.68,0,0,0,0,0,0,0,0
S1-693788227,S2-49396355,Molecules India Pvt. Ltd.,Molecules Pvt. Ltd. Services | www.molecules.com,"G-11 Patel Avenue, Bs Gurudwara, S G Highway, Ahmadabad City, Ahmedabad, Gujarat","DOOR NO 356 G-11 PATEL AVENUE, BS GURUDWARA, S G HIGHWAY, AHMADABAD CITY, ગુજરાત",1,0,0.4836449745601319,0.5074626865671642,0.5373134328358209,0.85,0.42857142857142855,0.5227272727272727,0.5074626865671642,0.5373134328358209,0.85,0.7814569536423841,0.7682119205298014,0.859375,0.5555555555555556,0.9868421052631579,1,0.5,0,1,1,1,0,3,0.7250522375106812,0.805024266242981,0,0,4,6,3,0.75,0.5,2,4,1,1,3,0.5,0.25,0.43137254901960786,0.75,0.3055555555555556,0,0,0,1,0,0,0,1
S1-942851890,S2-497582634,Dynamic Construction Pvt Ltd,डायनामिक कंस्ट्रक्शन प्रा. लि.,"House No. 576, Ward No. 23, Baswa Road Malipura, Jagir Bandikui, Bandikui, Jaipur, Rajasthan","JAIPUR, Rajasthan, BANDIKUI, HOUSE NO. 576",1,0,0.48627838514917243,0.11111111111111116,0.11111111111111116,0.11538461538461534,0.0,0.9285714285714286,0.5517241379310345,0.3448275862068966,0.3448275862068965,0.3770491803278688,0.6229508196721312,1.0,0.5,0.4523809523809524,1,0.5,0,0,1,1,0,2,0.0,0.8041628003120422,0,0,4,11,0,0.0,0.0,2,11,0,2,11,0.0,0.0,0.04347826086956519,0.04545454545454547,0.0,0,0,0,1,0,0,1,0
S1-913155681,S2-205335859,Shakti Care Private Limited,NEXNEX,"320-321, Gidc Area, Aji Vasahat-2, Rajkot, Gujarat","H.NO 496 320-321, AJI VASAHAT-2, RAJKOT, Gujarat",1,0,0.48757022206503564,0.12121212121212122,0.12121212121212122,0.12121212121212124,0.0,0.2222222222222222,0.12121212121212122,0.12121212121212122,0.12121212121212124,0.7912087912087913,0.7912087912087913,0.8888888888888888,0.5833333333333334,0.9782608695652174,3,0.75,0,0,1,1,0,2,0.0,0.841778576374054,0,0,4,1,0,0.0,0.0,2,1,0,2,1,0.0,0.0,0.11764705882352944,0.11764705882352942,0.0,0,0,0,1,0,0,0,1
S1-35735258,S2-842497705,Jay Impex Private Limited,JAY IMPEX LIMITED [CENTER],"126, 4Th Floor, 3Rd Main, 4Th Cross Aecs Layout, B Block, Singasandra, Bangalore, Karnataka","NO. 433 126, 4TH FLOOR, 3RD MAIN, 4TH CROSS AECS LAYOUT, B BLOCK, SINGASANDRA, BANGALORE, Karnataka",1,0,0.487687344568756,0.6938775510204082,0.6938775510204082,0.8292682926829268,0.6,0.96,0.6938775510204082,0.6938775510204082,0.8292682926829268,0.96,0.96,1.0,0.8666666666666667,0.9230769230769231,3,0.75,0,0,1,1,0,2,0.0,0.9766508936882019,0,0,4,4,3,0.75,0.75,2,3,2,0,1,1.0,0.6666666666666666,0.72,1.0,0.39285714285714285,0,0,0,1,0,0,0,1
S1-685395682,S2-817634954,Sai It Private Limited,Sai It (Private),"Kature House Plot No 5 Krushi Utpanna Bazar Samiti, Near Balaji Granes House, Pune City, Pune, Maharashtra","KATURE HOUSE PLOT NO 3 KRUSHI UTPANNA BAZAR SAMITI, NEAR BALAJI GRANES HOUSE, PUNE CITY, Maharashtra",1,0,0.4884708886084057,0.7777777777777779,0.7777777777777779,1.0,0.75,0.6363636363636364,0.7777777777777779,0.7777777777777779,1.0,0.964824120603015,0.964824120603015,0.989010989010989,0.875,0.9509803921568627,0,0.0,0,0,1,1,0,2,0.0,0.978675127029419,0,0,4,3,3,0.75,1.0,2,2,2,0,0,1.0,1.0,1.0,1.0,0.5882352941176471,0,0,0,1,1,0,0,1
S1-804632688,S2-789337225,Sreyas It LLP,SERVlCES SREYAS LLP,"C/O Savan Shri W/O Chandr, Bhan Shivdham Colony Subh, Bareilly, Uttar Pradesh","C/O SAVAN SHRI W/O CHANDR, BAREILLY, Uttar Pradesh",1,0,0.4886655061111802,0.625,0.625,0.8695652173913043,0.5,0.6842105263157895,0.625,0.625,0.8695652173913043,0.7868852459016393,0.7868852459016393,1.0,0.6923076923076923,0.6486486486486487,0,0.0,0,1,1,1,0,3,0.6592684388160706,0.8047927618026733,0,0,3,3,2,0.6666666666666666,0.6666666666666666,2,2,1,1,1,0.5,0.5,0.5,0.8,0.2631578947368421,0,0,0,0,0,0,0,0
S1-272032313,S2-441769964,Vikas (India) Services Private Limited,M/s Vikas (India) Services Limited Private,"Plot No. 49, Sector-68, Imt Faridabad, Ballabgarh, Faridabad, Haryana",,1,0,0.4893672375449837,0.736842105263158,0.9473684210526316,1.0,0.7142857142857143,0.9,0.736842105263158,0.9473684210526316,1.0,0.0,0.0,0.0,0.0,0.0,0,0.0,0,1,0,0,0,1,0.9834696054458618,0.0,0,0,5,7,5,1.0,0.7142857142857143,3,5,3,0,2,1.0,0.6,0.9090909090909091,1.0,0.7222222222222222,0,0,1,0,0,0,0,0
S1-915394881,S2-773692140,High Ji Private Limited,High Ji Limited-Center,"407, 4Th Floor, Plot-C.S.881, Bhuleshwar Divn, Earth Baug, Shamaldas Gandhi Marg, Lohar Chawal, Mumbai, Maharashtra","407/8, 4TH FLOOR, PLOT-C.S.881, BHULESHWAR DIVN, EARTH BAUG, SHAMALDAS GANDHI MARG, LOHAR CHAWAL, MUMBAI, Maharashtra",1,0,0.4903849217258253,0.6666666666666667,0.6666666666666667,0.8108108108108109,0.6,0.9565217391304348,0.6666666666666667,0.6666666666666667,0.8108108108108109,0.9907407407407408,0.9907407407407408,1.0,0.9473684210526315,0.981651376146789,3,0.75,0,0,1,1,0,2,0.0,0.9977969527244568,0,0,4,4,3,0.75,0.75,2,3,2,0,1,1.0,0.6666666666666666,0.6666666666666667,1.0,0.34615384615384615,0,0,0,1,0,0,1,0
S1-912913392,S2-435908890,TXY Holidays Pvt Ltd,Brixariabelo,"Madhya Pradesh, Arihant Tower F/O Rotary, East Nimar, C/O Rajesh Jawerilal Jain, Khandwa","C/O RAJESH JAWERILAL JAIN, KHANDWA, EAST NIMAR, Madhya Pradesh",1,0,0.493142355430319,0.25,0.1875,0.1875,0.0,0.6,0.25,0.1875,0.1875,0.4615384615384615,0.8251748251748252,1.0,0.7142857142857143,0.7023809523809523,0,0.0,0,0,1,1,0,2,0.0,0.8622915148735046,0,0,4,1,0,0.0,0.0,2,1,0,2,1,0.0,0.0,0.25,0.1666666666666667,0.0,0,0,0,0,0,0,0,0
S1-82405922,S2-606231176,Devavi Vision Private Limited,Devavi Visi0n Private,"Shop-001, Mahavir Shradha, Plot No- 11B, Sector-7, Khargar, Navi Mumbai, Raigarh, Maharashtra","महाराष्ट्र, SHOP-2-001, MAHAVIR SHRADHA, PLOT NO- 11B, SECTOR-7, KHARGAR, NAVI MUMBAI",1,0,0.49344920441871976,0.8,0.8,0.8,0.4,0.7241379310344828,0.8,0.8,0.8,0.7975460122699387,0.7975460122699387,0.9219858156028369,0.631578947368421,0.9176470588235294,3,0.75,0,0,1,1,0,2,0.0,0.8382782936096191,0,0,4,3,2,0.5,0.6666666666666666,2,2,1,1,1,0.5,0.5,0.923076923076923,0.923076923076923,0.5185185185185185,0,0,0,1,0,0,0,1
S1-69126918,S2-535980149,Living Mental Pvt Ltd,Living Mtnlal Pvt Ltd #11727,"No.14, 4Th Main, 8Th Cros, Sampangiramanagar, Bangalore South, Bangalore, Karnataka","DOOR NO B3/14 , 4TH MAIN, 8TH CROS, SAMPANGIRAMANAGAR, BANGALORE SOUTH, ಕರ್ನಾಟಕ",1,0,0.49767724691840654,0.7916666666666665,0.7916666666666665,0.8,0.5,0.7777777777777778,0.7916666666666665,0.7916666666666665,0.8,0.7866666666666666,0.8133333333333332,0.9193548387096775,0.6,0.948051948051948,3,0.75,0,1,1,1,0,3,0.6073734164237976,0.8394178152084351,0,0,4,5,3,0.75,0.6,2,3,1,1,2,0.5,0.3333333333333333,0.6875,0.6875,0.4230769230769231,0,0,0,1,0,0,0,1
S1-899188456,S2-823671894,Ram Systems Private Limited,രാം സിസ്റ്റംസ് പ്രൈവറ്റ് ലിമിറ്റഡ്,"C/O Narayan Ponnappan, Iruthumkuziyil 10Th Mile Adimaly, Devikulam, Idukki, Kerala","C/O NARAYAN PONNAPPAN, DEVIKULAM, IDUKKI, Kerala",1,0,0.49849404303865397,0.1071428571428571,0.1071428571428571,0.1363636363636364,0.0,0.9310344827586207,0.5483870967741935,0.5483870967741935,0.5483870967741935,0.7317073170731707,0.7317073170731707,1.0,0.6363636363636364,0.5769230769230769,0,0.0,0,0,1,1,0,2,0.0,0.7559295296669006,0,0,4,8,0,0.0,0.0,2,8,0,2,8,0.0,0.0,0.050000000000000044,0.07142857142857138,0.0,0,0,0,0,0,0,0,0
S1-456557691,S2-526224043,Consolidated Earth Private Limited,ceprivate.com,"4A-4B White House Bhagwandas Road, New Delhi, Central Delhi, Delhi","4A-4B WHITE HOUSE BHAGWANDAS ROAD, NEW DELHI, <NULL>, Delhi",1,0,0.4995829628638307,0.46808510638297873,0.3829787234042554,0.3829787234042554,0.0,0.38235294117647056,0.46808510638297873,0.3829787234042554,0.3829787234042554,0.905982905982906,0.8376068376068376,0.9450549450549451,0.8,0.8571428571428571,1,1.0,1,0,1,1,0,2,0.0,0.9010217785835266,0,0,4,2,0,0.0,0.0,2,2,0,2,2,0.0,0.0,0.3870967741935484,0.3870967741935484,0.15625,0,0,0,1,0,1,1,0
S1-625548778,S2-206794219,Chavakkad India Private Limited,CHAVAKKAD IA  PRIVATE LIMITED | www.chavakkad.com,"Kerala, Chavakkad, Thrissur, Moidin Theeja Manzil Pookulam Road","MOIDGN THEEJA MANZIL POOKULAM ROAD, CHAVAKKAD, Kerala",1,0,0.5023526880598739,0.7272727272727273,0.7532467532467533,0.8928571428571429,0.42857142857142855,0.6739130434782609,0.7272727272727273,0.7532467532467533,0.8928571428571429,0.5945945945945945,0.9009009009009009,0.9263157894736842,0.6666666666666666,0.85,0,0.0,0,1,1,1,0,3,0.8177793622016907,0.8505265116691589,0,0,4,6,3,0.75,0.5,2,4,1,1,3,0.5,0.25,0.5333333333333333,0.75,0.6764705882352942,0,0,0,0,0,0,0,0
S1-306689484,S2-803770442,Siara Brothers,Shri Siara Siara Brothers [Co],"1, Leela Bhawan Complex Patiala, Punjab, Patiala, Punjab","BLOCK C-858 1, LEELA BHAWAN COMPLEX PATIALA, PUNJAB, null, ਪੰਜਾਬ",1,0,0.5048850428232853,0.6666666666666667,0.6666666666666667,1.0,0.5,0.5,0.6666666666666667,0.6666666666666667,1.0,0.7142857142857143,0.7142857142857143,1.0,0.46153846153846156,0.8666666666666667,1,0.5,0,1,1,1,0,3,0.862468957901001,0.8054764866828918,0,0,2,4,2,1.0,0.5,2,3,2,0,1,1.0,0.6666666666666666,0.717948717948718,1.0,0.5789473684210527,0,0,0,1,0,0,0,1
S1-673784961,S2-725032145,Indo Food Private Limited,இண்டோ ஃபுட் பிரைவேட் லிமிடெட்,"8 Block/ 101, Jj Nagar, West Chennai, Ambattur, Tiruvallur, Tamil Nadu","DOOR NO 8 BLOCK/ 101, JJ NAGAR, WEST CHENNAI, AMBATTUR, TIRUVALLUR, Tamil Nadu",1,0,0.5052429820295071,0.12,0.12,0.1428571428571429,0.0,1.0,0.576271186440678,0.576271186440678,0.576271186440678,0.9411764705882352,0.9411764705882352,1.0,0.8461538461538461,0.8888888888888888,2,1.0,1,0,1,1,0,2,0.0,0.9580214023590088,0,0,4,8,0,0.0,0.0,2,8,0,2,8,0.0,0.0,0.05882352941176472,0.07692307692307693,0.0,0,0,0,1,0,1,1,0
S1-511185007,S2-737349859,Kadambagachi Constructions Private Limited,Kadambagachi Constructions Constructions Porveat Limited,"C/O Sk. Sahidul Hossain, Vill+P.O- Kadambagachi, Kadambagachi, North 24 Parganas, West Bengal","C/O SK. SAHIDUL HOSSAIN, VILL+P.O- KADAMBAGACHI, KADAMBAGACHI, West Bengal",1,0,0.5057665100052317,0.8163265306122449,0.8163265306122449,0.9523809523809524,0.6,0.75,0.8163265306122449,0.8163265306122449,0.9523809523809524,0.8846153846153846,0.8846153846153846,1.0,0.7692307692307693,0.7931034482758621,0,0.0,0,1,1,1,0,3,0.823921263217926,0.9239368438720703,0,0,4,4,3,0.75,0.75,2,3,2,0,1,1.0,0.6666666666666666,0.7027027027027026,1.0,0.6086956521739131,0,0,0,0,0,0,0,0
S1-13764245,S2-952160440,Producer Gajanan Engineering Limited,Producer  6ajanan Limited Services,"42, 6/15, Swami Vivekanand Nagar, Near Jijamata Nagar, Dr. E Moses Road, W, Orli, Mumbai, Mumbai City, Maharashtra","42, 6/15, SWAMI VIVEKANAND NAGAR, NEAR JIJAMATA NAGAR, DR. E MOSES ROAD, W, ORLI, MUMBAI, Maharashtra",1,0,0.5069333488826216,0.6666666666666667,0.6666666666666667,0.6666666666666665,0.3333333333333333,0.9166666666666666,0.6666666666666667,0.6666666666666667,0.6666666666666665,0.9387755102040817,0.9387755102040817,1.0,0.9411764705882353,0.8846153846153846,3,1.0,1,0,1,1,0,2,0.0,0.9552609920501709,0,0,4,4,2,0.5,0.5,3,3,1,2,2,0.3333333333333333,0.3333333333333333,0.7169811320754718,0.5660377358490566,0.3409090909090909,0,0,0,1,0,1,1,0
S1-743210416,S2-117454568,My Apex Investment Private Limited,മൈ അപെക്സ് ഇൻവെസ്റ്റ്മെന്റ് പ്രൈവറ്റ് ലിമിറ്റഡ്,"Door No. 28/147 Nadakkaparambil Changampuzha Nagar, Thrikkakkara, Edappally, Ernakulam, Kerala","A-28/147 NADAKKAPARAMBIL CHANGAMPUZHA NAGAR, THRIKKAKKARA, ERNAKULAM, Keralam",1,0,0.5085177389252542,0.10526315789473684,0.10526315789473684,0.12903225806451615,0.0,0.8095238095238095,0.6153846153846154,0.6153846153846154,0.6153846153846154,0.8834355828220859,0.8711656441717791,0.927536231884058,0.5384615384615384,0.8314606741573034,2,1.0,1,0,1,1,0,2,0.0,0.8895946145057678,0,0,5,12,0,0.0,0.0,3,12,0,3,12,0.0,0.0,0.06666666666666665,0.08695652173913046,0.0,0,0,0,1,0,1,1,0
S1-444996160,S2-330462309,Apex Estate Limited,Sri Apex Estt Limited,"Delhi, Roshanara Road, Delhi, North East, 3968","968, ROSHANARA ROAD, DELHI, Delhi",1,0,0.5094456224693538,0.85,0.85,0.85,0.4,0.9047619047619048,0.85,0.85,0.85,0.6388888888888888,0.8333333333333335,0.9090909090909091,0.42857142857142855,0.7142857142857143,0,0.0,0,0,1,1,0,2,0.0,0.8575592637062073,0,0,3,4,2,0.6666666666666666,0.5,2,3,1,1,2,0.5,0.3333333333333333,0.75,0.75,0.47619047619047616,0,0,0,1,1,0,0,1
S1-286217753,S2-823959490,Sanskruti Mill Private Limited,Sanskruti Mill Private,"Telangana, Secunderabad, Venkateshwara -4Th Floor Al-Karim Trade Centre, Ranigunj, A.P, 44621-44/54/1",,1,0,0.5100130547582336,0.8461538461538461,0.8461538461538461,1.0,0.75,0.7333333333333333,0.8461538461538461,0.8461538461538461,1.0,0.0,0.0,0.0,0.0,0.0,0,0.0,0,1,0,0,0,1,0.8602322936058044,0.0,0,0,4,3,3,0.75,1.0,2,2,2,0,0,1.0,1.0,1.0,1.0,0.75,0,0,1,0,0,0,0,0
S1-354653934,S2-818163956,Sun Builders Private Limited,സൺ ബിൽഡേഴ്സ് പ്രൈവറ്റ് ലിമിറ്റഡ്,"7A National Pearl Star Bu, Near Changapuzha Metro, Ernakulam, Kerala","7A NATIONAL PEARL STAR BU, ERNAKULAM, Kerala",1,0,0.5120857739702938,0.10526315789473684,0.10526315789473684,0.10909090909090907,0.0,0.9655172413793104,0.5901639344262295,0.5901639344262295,0.5901639344262295,0.7850467289719626,0.7850467289719626,1.0,0.7,0.6461538461538462,1,1.0,1,0,1,1,0,2,0.0,0.8007298707962036,0,0,4,12,0,0.0,0.0,2,12,0,2,12,0.0,0.0,0.04878048780487809,0.05128205128205124,0.0,0,0,0,1,0,1,1,0
S1-389309815,S2-581828181,Au Bharath Limited,au bharath limited,"B-6/5, Site 5, Surajpur Industrial Area Greater Noida, Gautam Budh Nagar, Gautam Buddha Nagar, Uttar Pradesh",,1,0,0.5129293820471933,1.0,1.0,1.0,1.0,1.0,1.0,1.0,1.0,0.0,0.0,0.0,0.0,0.0,0,0.0,0,1,0,0,0,1,1.0000001192092896,0.0,0,1,3,3,3,1.0,1.0,2,2,2,0,0,1.0,1.0,1.0,1.0,1.0,0,0,1,0,0,0,0,0
S1-96758718,S2-127523436,Bl & Co,bl & co,"47, South West Delhi, 48 & 71, First Floor, Sector 16-B Dwarka, Phase-Ii, Delhi",,1,0,0.5129293820471933,1.0,1.0,1.0,1.0,1.0,1.0,1.0,1.0,0.0,0.0,0.0,0.0,0.0,0,0.0,0,1,0,0,0,1,1.0000001192092896,0.0,0,1,3,3,3,1.0,1.0,2,2,2,0,0,1.0,1.0,1.0,1.0,1.0,0,0,1,0,0,0,0,0
S1-627855360,S2-906549229,Asoka Finserve Private Limited,AS0KA PRIVATE LIMITED  SERVICES,"2 No., Shankari Pukur Roa, Sripally, Burdwan, Galsi - I, Bardhaman, West Bengal","2 NO., SHANKARI PUKUR ROA, SRIPALLY, BURDWAN, GALSI - I, BARDHAMAN, West Bengal",1,0,0.5132403705586714,0.6666666666666667,0.6666666666666667,0.8666666666666667,0.3333333333333333,1.0,0.6666666666666667,0.6666666666666667,0.8666666666666667,1.0,1.0,1.0,1.0,1.0,1,1.0,1,0,1,1,0,2,0.0,1.0000008344650269,0,0,4,4,2,0.5,0.5,2,2,0,2,2,0.0,0.0,0.7142857142857143,0.7142857142857143,0.3888888888888889,1,0,0,1,0,1,1,0
S1-424658610,S2-253178301,Auctus Skynet (India) Pvt Ltd,Ltd Auctus Skynet Pvt Service,"Classic Tower'' Flat No-807, Plot No-11 Sect-18, Taloja Pachnand, Phase-Ii, Tal-, Panvel, Navi Mumbai, Raigarh, Maharashtra","CLASSIC TOWER'' FLAT NO-807, RAIGARH, Maharashtra",1,0,0.5145118857345791,0.6428571428571428,0.75,0.875,0.6666666666666666,0.9310344827586207,0.6428571428571428,0.75,0.875,0.5732484076433121,0.5732484076433121,1.0,0.3684210526315789,0.4017857142857143,1,0.3333333333333333,0,1,0,1,0,2,0.7449926137924194,0.0,0,0,5,5,4,0.8,0.8,3,3,2,1,1,0.6666666666666666,0.6666666666666666,0.75,0.8125,0.375,0,0,0,1,0,0,1,0
S1-374746293,S2-398417977,Bluewave Industries Private Limited,Bluewave Industry Private Limited,"C/O Attar Singh S/O Moti Lal, Laharu Road, Near Pnb Bank, Charkhi Dadri, Bhiwani, Haryana, Bhiwani, Haryana","C/O ATTAR SINGH S/O MOTI LAL, LAHARU ROAD, NEAR PNB BANK, CHARKHI DADRI, BHIWANI, HARYANA, हरियाणा",1,0,0.515473836698326,0.9411764705882352,0.9411764705882352,0.9411764705882354,0.6,0.9428571428571428,0.9411764705882352,0.9411764705882352,0.9411764705882354,0.9005235602094241,0.8795811518324608,1.0,0.8421052631578947,0.91,0,0.0,0,1,1,1,0,3,0.8970845937728882,0.9361446499824524,0,0,4,4,3,0.75,0.75,2,2,1,1,1,0.5,0.5,0.8888888888888888,0.8888888888888888,0.7575757575757576,0,0,0,0,0,0,0,0
S1-591693634,S2-320338036,Titus & Partners,Titus +,"120/354 Lajpat Nagar, Kanpur, Uttar Pradesh, Kanpur","उत्तर प्रदेश, NO 120/354 LAJPAT NAGAR, KANPUR",1,0,0.5185546770160907,0.43478260869565216,0.43478260869565216,1.0,0.3333333333333333,0.2777777777777778,0.43478260869565216,0.43478260869565216,1.0,0.5934065934065934,0.6373626373626373,0.7941176470588235,0.38461538461538464,0.8958333333333334,2,1.0,1,0,0,1,0,1,0.0,0.0,0,0,3,1,1,0.3333333333333333,1.0,3,1,1,2,0,0.3333333333333333,1.0,0.43478260869565216,1.0,0.21428571428571427,0,0,0,1,0,1,1,0
S1-597819412,S2-497903362,Bombay Bright Foods Pvt Ltd,બોમ્બે બ્રાઇટ ફૂડ્સ પ્રા. લિ.,"Gandhinagar, Gandhi Nagar, Shukan Sky Corp. Nr Jay Yogeshwar Society, Kudasan, Gujarat, M-603","M-00603, SHUKAN SKY CORP. NR JAY YOGESHWAR SOCIETY, KUDASAN, GANDHI NAGAR, ગુજરાત",1,0,0.5199000382381556,0.1568627450980392,0.1568627450980392,0.1777777777777777,0.0,0.8888888888888888,0.5714285714285714,0.5,0.5,0.6871165644171779,0.8220858895705522,0.9064748201438849,0.6111111111111112,0.8735632183908046,1,1.0,1,0,1,1,0,2,0.0,0.8473751544952393,0,0,5,9,0,0.0,0.0,3,9,0,3,9,0.0,0.0,0.09302325581395354,0.10810810810810807,0.0,0,0,0,1,0,1,1,0
S1-973907530,S2-913171903,Good Consultants Private Limited,গুড কনসালট্যান্টস প্রাইভেট লিমিটেড,"C/0 Ram Kumar Majhi Haripurdanga, Ganeshpur, Haripurdanga, Birbhum, West Bengal","349 C/0 RAM KUMAR MAJHI HARIPURDANGA, HARIPURDANGA, BIRBHUM, West Bengal",1,0,0.5199967535214693,0.09090909090909094,0.09090909090909094,0.09677419354838705,0.0,0.9411764705882353,0.6575342465753424,0.5753424657534247,0.5753424657534246,0.9027777777777779,0.9027777777777779,0.9629629629629629,0.8181818181818182,0.92,1,0.5,0,0,1,1,0,2,0.0,0.9350181221961975,0,0,4,13,0,0.0,0.0,2,13,0,2,13,0.0,0.0,0.040000000000000036,0.04347826086956516,0.0,0,0,0,1,0,0,0,1
S1-76397773,S2-614403383,Life Energy Limited,ലൈഫ് എനർജി ലിമിറ്റഡ്,"39/ 2475ÂB1, Suite#223, Lr Towers, Sjrra 104 S Janatha Rd, Palarivattom, Kochi, Ernakulam, Kerala","39//6 2475ÂB1, SUITE#223, LR TOWERS, SJRRA 104 S JANATHA RD, PALARIVATTOM, COCHIN, KERALA, Keralam",1,0,0.521211096409184,0.11111111111111116,0.11111111111111116,0.11764705882352942,0.0,0.8947368421052632,0.55,0.55,0.55,0.9392265193370166,0.861878453038674,0.9024390243902439,0.7368421052631579,0.989010989010989,5,0.8333333333333334,0,0,0,1,0,1,0.0,0.0,0,0,3,6,0,0.0,0.0,2,6,0,2,6,0.0,0.0,0.0714285714285714,0.07692307692307693,0.0,0,0,0,1,0,0,1,0
S1-76397773,S2-759820649,Life Energy Limited,ലൈഫ് എനർജി ലിമിറ്റഡ്,"39/ 2475ÂB1, Suite#223, Lr Towers, Sjrra 104 S Janatha Rd, Palarivattom, Kochi, Ernakulam, Kerala","39//6 2475ÂB1, SUITE#223, LR TOWERS, SJRRA 104 S JANATHA RD, PALARIVATTOM, COCHIN, KERALA, Keralam",1,0,0.521211096409184,0.11111111111111116,0.11111111111111116,0.11764705882352942,0.0,0.8947368421052632,0.55,0.55,0.55,0.9392265193370166,0.861878453038674,0.9024390243902439,0.7368421052631579,0.989010989010989,5,0.8333333333333334,0,0,0,1,0,1,0.0,0.0,0,0,3,6,0,0.0,0.0,2,6,0,2,6,0.0,0.0,0.0714285714285714,0.07692307692307693,0.0,0,0,0,1,0,0,1,0
S1-677224436,S2-427189578,Gmr Tour LLP,Gmr LLP  Tour,"50, Armenian St, Madras, Chennai, Tamil Nadu",,1,0,0.52360671563193,0.6666666666666667,1.0,1.0,1.0,1.0,0.6666666666666667,1.0,1.0,0.0,0.0,0.0,0.0,0.0,0,0.0,0,1,0,0,0,1,0.9999999403953552,0.0,0,0,3,3,3,1.0,1.0,2,2,2,0,0,1.0,1.0,1.0,1.0,0.45454545454545453,0,0,1,0,0,0,0,0
S1-692767773,S2-842948004,Palani & Brothers Corp,Palani & Brothers,"A 3 First Floor Greater Kailash Enclave Part I, New Delhi, South Delhi, Delhi",,1,0,0.525379856494963,0.8837209302325582,0.8837209302325582,1.0,0.75,0.7916666666666666,0.8837209302325582,0.8837209302325582,1.0,0.0,0.0,0.0,0.0,0.0,0,0.0,0,1,0,0,0,1,0.9032105803489685,0.0,0,0,4,3,3,0.75,1.0,3,3,3,0,0,1.0,1.0,1.0,1.0,0.7894736842105263,0,0,1,0,0,0,0,0
