s1_id,s2_id,s1_name,s2_name,s1_address,s2_address,name_token_jaccard,address_token_jaccard,s1_address_numbers,s2_address_numbers,number_overlap,target_address_missing
S1-122275934,S2-304450780,Mohta Exports Private Limited,Shri Mohta Exports Privaae Limited,"Bb 192 Sector-1 Salt Lake City, Kolkata, North 24 Parganas, West Bengal","BB 192 SECTOR-1 SALT LAKE CITY, KOLKATA, পশ্চিমবঙ্গ",0.5,0.47058823529411764,"1,192,24","1,192",2,0
S1-29437240,S2-353742334,Ram Vijay It Pvt Ltd,राम विजय आईटी प्रा. लि.,"B-5 &6 /4157 Vasant Kunj, New Delhi, South West Delhi, Delhi","BLOCK F-18 B-5 &6 /4157 VASANT KUNJ, NEW DELHI, DELHI NCT, दिल्ली",0.0,0.5294117647058824,"4157,5,6","18,4157,5,6",3,0
S1-199472642,S2-919127376,Galaxy Food Private Limited,கேலக்ஸி ஃபுட் பிரைவேட் லிமிடெட்,"Tamil Nadu, Old.No.11, New.No.21, Mada Church Street, Royapuram, Chennai","OLD.NO.11, CHENNAI, Tamil Nadu",0.0,0.5,"11,21",11,1,0
S1-199472642,S2-177088090,Galaxy Food Private Limited,கேலக்ஸி ஃபுட் பிரைவேட் லிமிடெட்,"Tamil Nadu, Old.No.11, New.No.21, Mada Church Street, Royapuram, Chennai","NO 11, CHENNAI, Tamil Nadu",0.0,0.4166666666666667,"11,21",11,1,0
S1-199472642,S2-100285644,Galaxy Food Private Limited,IRIARIA,"Tamil Nadu, Old.No.11, New.No.21, Mada Church Street, Royapuram, Chennai","OLD.NO.11, CHENNAI, Tamil Nadu",0.0,0.5,"11,21",11,1,0
S1-949948557,S2-245172620,Tech Food Private Limited,टेक फूड प्राइवेट लिमिटेड,"124, Sukh Shanti Nagar, Near Nagori Bera, Jodhpur, Rajasthan","124, JODHPUR, Rajasthan",0.0,0.3333333333333333,124,124,1,0
S1-949948557,S2-731450644,Tech Food Private Limited,टेक फूड प्राइवेट लिमिटेड,"124, Sukh Shanti Nagar, Near Nagori Bera, Jodhpur, Rajasthan","124, JODHPUR, Rajasthan",0.0,0.3333333333333333,124,124,1,0
S1-952898857,S2-132949056,Shivam Global Private Limited,शिवम ग्लोबल प्राइवेट लिमिटेड,"H.No 1311 Urban Estate, Jind, Haryana","#311 URBAN ESTATE, JIND, हरियाणा",0.0,0.2727272727272727,1311,311,0,0
S1-569516464,S2-230675400,Real Krishna Energy Private Limited,रियल कृष्ण एनर्जी प्राइवेट लिमिटेड,"Haryana, Faridabad, Sector-10 Housing Board Colony, House No. 111, Faridabad","HOUSE NO. 111, SECTOR-10 HOUSING BOARD COLONY, DIVREPORTINGCIRCLE, FARIDABAD, Haryana",0.0,0.9090909090909091,"10,111","10,111",2,0
S1-569516464,S2-661268672,Real Krishna Energy Private Limited,रियल कृष्ण एनर्जी प्राइवेट लिमिटेड,"Haryana, Faridabad, Sector-10 Housing Board Colony, House No. 111, Faridabad","HOUSE NO. 111, SECTOR-10 HOUSING BOARD COLONY, DIVREPORTINGCIRCLE, FARIDABAD, Haryana",0.0,0.9090909090909091,"10,111","10,111",2,0
S1-569516464,S2-897210163,Real Krishna Energy Private Limited,रियल कृष्णा एनर्जी प्राइवेट लिमिटेड,"Haryana, Faridabad, Sector-10 Housing Board Colony, House No. 111, Faridabad","HOUSE NO. 111, SECTOR-10 HOUSING BOARD COLONY, DIVREPORTINGCIRCLE, FARIDABAD, Haryana",0.0,0.9090909090909091,"10,111","10,111",2,0
S1-526056745,S2-104088774,Al Ram Engineering Private Limited,अल राम इंजीनियरिंग प्राइवेट लिमिटेड,"400/3, Giri Market, Ghaziabad, Uttar Pradesh","00/3, GHAZIABAD, उत्तर प्रदेश",0.0,0.15384615384615385,"3,400","00,3",1,0
S1-871177081,S2-369980182,Subh Ventures Pvt Ltd,SUBH PVT  LTD PARTNERS,"K-31, Third Floor, Sabji Mandi Laxmi Nagar, Delhi, East Delhi, Delhi","K-31, THIRD FLOOR, SABJI MANDI LAXMI NAGAR, DELHI, दिल्ली",0.6,0.75,31,31,1,0
S1-379032118,S2-487382518,New Logistics Pvt Ltd,न्यू लॉजिस्टिक्स प्रा. लि.,"K-112 Jalvayu Tower, Gurugram Sector 56, Gurgaon, Haryana","K-112 JAVLAYU TOWER, GURUGRAM SECTOR 56, GURGAON, हरियाणा",0.0,0.5384615384615384,"112,56","112,56",2,0
S1-911418829,S2-865701560,Sarasanth Infra Private Limited,Sarasanth Infra Perdive Limited,"House No 993 Sector-6, Bahadurgarh, Jhajjar, Haryana","HOUSE NO 99 SECTOR-6, BAHADURGARH, हरियाणा",0.6,0.4166666666666667,"6,993","6,99",1,0
S1-620891022,S2-367314002,QR Avenue Pvt. Ltd.,QR ANEVRE PVT.  LTD.,"3, Milan Industrial Estate, Nagervel Hanuman Road, Rakhial., Ahmedabad, Gujarat",,0.6,0.0,3,,0,1
S1-219495713,S2-549816327,DB Infratech Limited,DB-INFRATECH,"Plot No. E-2 Epip, Neemrana, Alwar, Rajasthan","ALWAR, राजस्थान, ALWAR, PLOT NO. E-1-2 EPIP",0.6666666666666666,0.46153846153846156,2,"1,2",1,0
S1-219495713,S2-602991644,DB Infratech Limited,DB LIMITED SERVICES,"Plot No. E-2 Epip, Neemrana, Alwar, Rajasthan","राजस्थान, PLOT NO. E-1-2 EPIP, NEEMRANA",0.5,0.46153846153846156,2,"1,2",1,0
S1-387177863,S2-376571212,Gupta (India) Consulting Private Limited,Gupta (India) Private Limited Center,"C-12, Co-Operative Industrial Estate, Phase-I, Balanagar, Hyderabad, Telangana","C-12, CO-OPERATIVE INDUSTRIAL ESTATE, PHASE-I, BALANAGAR, Andhra Pradesh",0.6666666666666666,0.6923076923076923,12,12,1,0
S1-387177863,S2-892772661,Gupta (India) Consulting Private Limited,GUPTA (DIMMMNDIIA) CONSULTING PRIVATE LIMITED,"C-12, Co-Operative Industrial Estate, Phase-I, Balanagar, Hyderabad, Telangana","C-12, CO-OPERATIVE INDUSTRIAL ESTATE, PHASE-I, BALANAGAR, Andhra Pradesh",0.6666666666666666,0.6923076923076923,12,12,1,0
S1-433156554,S2-780839115,San Property Private Limited,San Próperty Private Limited,"B-38, Sector-44, Noida, Noida, Gautam Buddha Nagar, Uttar Pradesh","B-A-38, SECTOR-44, NOIDA, NOIDA, Uttar Pradesh",0.6,0.6363636363636364,"38,44","38,44",2,0
S1-137084774,S2-37049359,Jharkhand & Brothers Private Limited,Jharkhand & 8rothers Private Ltd,"A101/3, Sfs Saket, New Delhi, South Delhi, Delhi","H.NO 785 A101/3, SFS SAKET, NEW DELHI, Delhi",0.42857142857142855,0.6,"101,3","101,3,785",2,0
S1-281825556,S2-773988524,Aditya Hospitality Private Limited,आदित्य हॉस्पिटैलिटी प्राइवेट लिमिटेड,"P No.11, Scheme No.8, Devi Nagar, New Sanganer Road, Jaipur, Rajasthan","P NO.G-11, JAIPUR, JAIPUR M CORP, राजस्थान",0.0,0.21052631578947367,"11,8",11,1,0
S1-310561511,S2-156340548,Gujarat Services Private Limited,गुजरात सर्विसेज प्राइवेट लिमिटेड,"H No.2284, Natepute, Tal. Malshiras, Malshiras, Solapur, Maharashtra","H NO.2284, SOLAPUR, Maharashtra",0.0,0.625,2284,2284,1,0
S1-419600490,S2-851528946,HAA Producer Care,Arckelosol,"1024 Sector-21, Panchkula, Haryana","1024 SECTOR-21, PANCHKULA, हरियाणा",0.0,0.5,"1024,21","1024,21",2,0
S1-899899962,S2-557465496,City International Private Limited,સિટી ઇન્ટરનેશનલ પ્રાઇવેટ લિમિટેડ,"T-G/2, 502, Shreedhar Residency, B/S. Sun Pharma Road, Vadodara, Gujarat","T-G/2, VADODARA, Gujarat",0.0,0.38461538461538464,"2,502",2,1,0
S1-432352540,S2-450422712,Alpha Engineering,अल्फा इंजीनियरिंग,"H. No. 169, Ground Floor, Block - C, Naraina Industrial Area, Phase - 1, New Delhi, South West Delhi, Delhi","H. NO. 169, NEW DELHI, SOUTH WEST DELHI, Delhi",0.0,0.4375,"1,169",169,1,0
S1-676543279,S2-207884730,Sani Institute of Technology Pvt Ltd,Ltd 5ani Institute of Pvt Center,"C-3, Vidhi Vihar Sahkari Awas Samiti Ltd. Plot No. 1&2, Sector Pi, Greater Noida, Uttar Pradesh","उत्तर प्रदेश, SECTOR PI, C-3, GREATER NOIDA",0.5,0.25,"1,2,3",3,1,0
S1-361324198,S2-370782194,Laxmi Healthcare Limited,Laxmi Healthcare Ltd,"Delhi, New Delhi, Pocket -9 Sctor 24 Rohini Delhi, 25","25, POCKET -9 SCTOR 24 ROHINI DELHI, दिल्ली",0.5,0.7,"24,25,9","24,25,9",3,0
S1-361324198,S2-942140965,Laxmi Healthcare Limited,लक्ष्मी हेल्थकेयर लिमिटेड,"Delhi, New Delhi, Pocket -9 Sctor 24 Rohini Delhi, 25","25, POCKET -9 SCTOR 24 ROHINI DELHI, NORTH WEST, दिल्ली",0.0,0.5833333333333334,"24,25,9","24,25,9",3,0
S1-719086114,S2-185402831,Om International Private Limited,ॐ इंटरनेशनल प्राइवेट लिमिटेड,"Shop No. C-18, Lodha, Elite Bldg Lodha Heaven, Kalyan, Thane, Maharashtra","SHOP NO. C-18/1, KALYAN, MUMBAI, Maharashtra",0.0,0.46153846153846156,18,"1,18",1,0
S1-719086114,S2-940456422,Om International Private Limited,ॐ इंटरनेशनल प्राइवेट लिमिटेड,"Shop No. C-18, Lodha, Elite Bldg Lodha Heaven, Kalyan, Thane, Maharashtra","SHOP NO. C-18/1, Maharashtra, MUMBAI, KALYAN",0.0,0.46153846153846156,18,"1,18",1,0
S1-876174847,S2-622913832,Ss Exports Private Limited,ଏସ୍‌ଏସ୍ ଏକ୍ସପୋର୍ଟସ୍ ପ୍ରାଇଭେଟ୍ ଲିମିଟେଡ୍,"Plot No-188, Unit-3, Kharvel Nagar, Bhubaneswar, Khordha, Orissa","#4 PLOT NO-188, BHUBANESWAR, KHORDHA, Odisha",0.0,0.4166666666666667,"188,3","188,4",1,0
S1-71228344,S2-426799215,Atlas Consulting Private Limited,At1as Consulting Private Limited,"House No.157, Group-06, Block-E, Pkt 2, Sec 11, Delhi, North West Delhi, Delhi","HOUSE NO.157, NORTH WEST DELHI, KANJHAWALA, Delhi",0.6,0.4,"06,11,157,2",157,1,0
S1-891876421,S2-155610802,Apex Builders Private Limited,एपेक्स Builders Private Limited,"H. No. 1036, Second Floor, Sector -45, Gurgaon, Haryana","H. NO. 01036, SECOND FLOOR, SECTOR -45, GURUGRAM, GURGAON, हरियाणा",0.42857142857142855,0.5,"1036,45","01036,45",1,0
S1-773737775,S2-526159348,Raj Projects,ਰਾਜ ਪ੍ਰੋਜੈਕਟਸ,"45, Deep Complex Court Road, Amritsar, Punjab","45, AMRITSAR, N/A, Punjab",0.0,0.3333333333333333,45,45,1,0
S1-171708762,S2-33902770,Infra Apex Global Pvt. Ltd.,INFRA APEX PVT. LTD. CENTER CENTER,"Ajmeri Gate Kekadi, Ajmer, Rajasthan","HN 229 AJMERI GAET KEKADI, AJMER, राजस्थान",0.6666666666666666,0.25,,229,0,0
S1-963389509,S2-547471762,Classic Media Private Limited,Classic Media  Limited Services,"89/2, Hirabhai Market, Ground Floor, Dani Limda, Ahmedabad, Gujarat",,0.6,0.0,"2,89",,0,1
S1-15729441,S2-676374622,Zesty Cab Private Limited,Zesty  Cab Limited Center,"54, Basera Apna Ghar H Soc, Lokhandwala Complex, Andheri West, Mumbai, Mumbai City, Maharashtra",,0.6,0.0,54,,0,1
S1-893648177,S2-796355863,Aj Finance Private Limited,ajfinance.com,"Sf-07, Ajnara Arcade Crossing Republik, Ghaziabad, Uttar Pradesh","SF-07, GHAZIABAD, Uttar Pradesh",0.0,0.5555555555555556,07,07,1,0
S1-745386731,S2-900116576,Supreme Foundation,সুপ্রিম ফাউন্ডেশন,"Room No : 601, Diamond Prestige 41A, A.J.C. Bose Road, Kolkatta, West Bengal","ROOM NO : 60, KOLKATA, KOLKATTA, West Bengal",0.0,0.3125,"41,601",60,0,0
S1-567353157,S2-716408471,Unique Marketing Pvt Ltd,यूनिक मार्केटिंग प्रा. लि.,"4 - F2 Court Chambers New Marine Lines, Mumbai, Maharashtra","4 - F2 COURT CHAMBERS NEW MARINE LINES, GREATERBOMBAY, MUMBAI, Maharashtra",0.0,0.9,"2,4","2,4",2,0
S1-567353157,S2-377708241,Unique Marketing Pvt Ltd,यूनिक मार्केटिंग प्रा. लि.,"4 - F2 Court Chambers New Marine Lines, Mumbai, Maharashtra","NO 4 - F2 COURT CHAMBERS NEW MARINE LINES, GREATERBOMBAY, MUMBAI, Maharashtra",0.0,0.8181818181818182,"2,4","2,4",2,0
S1-567353157,S2-887027353,Unique Marketing Pvt Ltd,M/s Unique Marreting Pvt [Ltd],"4 - F2 Court Chambers New Marine Lines, Mumbai, Maharashtra",,0.42857142857142855,0.0,"2,4",,0,1
S1-567353157,S2-794843545,Unique Marketing Pvt Ltd,यूनिक मार्केटिंग प्रा. लि.,"4 - F2 Court Chambers New Marine Lines, Mumbai, Maharashtra","4 - F2 COURT CHAMBERS NEW MARINE LINES, GREATERBOMBAY, MUMBAI, Maharashtra",0.0,0.9,"2,4","2,4",2,0
S1-567353157,S2-361460030,Unique Marketing Pvt Ltd,यूनिक मार्केटिंग प्रा. लि.,"4 - F2 Court Chambers New Marine Lines, Mumbai, Maharashtra","4 - F2 COURT CHAMBERS NEW MARINE LINES, GREATERBOMBAY, MUMBAI, Maharashtra",0.0,0.9,"2,4","2,4",2,0
S1-885442747,S2-568148873,Aric Products Limited,Smt aricproducts.com,"1107, Floor-11, Plot -213, Raheja Chambers, Free Press Journal Marg, Nariman Point, Mumbai, Mumbai City, Maharashtra","NO 887 1107, FLOOR-11, PLOT -213, RAHEJA CHAMBERS, FREE PRESS JOURNAL MARG, NARIMAN POINT, MUMBAI, महाराष्ट्र",0.0,0.6363636363636364,"11,1107,213","11,1107,213,887",3,0
S1-258033231,S2-489165784,South Urban Properties Limited,સાઉથ અર્બન પ્રોપર્ટીઝ લિમિટેડ,"701, Shapath Complex, Near Madhur Hotel Sarkhej Highway, Bodakdev, Ahmedabad, Gujarat","703, AHMEDABAD, ગુજરાત",0.0,0.06666666666666667,701,703,0,0
S1-680280161,S2-15852294,Mahavir & Brothers Private Limited,Dr Mahavir & Brothers Private,"C/Okalpanabendinesh Lodayavill Sandhavta Abdasa Kutch Villkothara Talabdasa, Bhuj, Kachchh, Gujarat",,0.6666666666666666,0.0,,,0,1
S1-703349570,S2-947965758,Star Healthcare,స్టార్ హెల్త్‌కేర్,"111-3, Dhruvathara Apartments6-3-652, Somajiguda Hyderabad, Hyderabad, Telangana","111-3, HYDERABAD CITY REGION, HYDERABAD, Telangana",0.0,0.4,"111,3,6,652","111,3",2,0
S1-703349570,S2-63487385,Star Healthcare,స్టార్ హెల్త్‌కేర్,"111-3, Dhruvathara Apartments6-3-652, Somajiguda Hyderabad, Hyderabad, Telangana","111-3, HYDERABAD CITY REGION, HYDERABAD, Telangana",0.0,0.4,"111,3,6,652","111,3",2,0
S1-235771203,S2-153281725,High Construction Private Limited,हाई कंस्ट्रक्शन प्राइवेट लिमिटेड,"A-320, 3Rd Floor Ansal, Chambe-1, 3 B.C Place, New Delhi, Delhi","A-320, NEW DELHI, DELHI, दिल्ली",0.0,0.26666666666666666,"1,3,320",320,1,0
S1-235771203,S2-105658359,High Construction Private Limited,हाई कंस्ट्रक्शन प्राइवेट लिमिटेड,"A-320, 3Rd Floor Ansal, Chambe-1, 3 B.C Place, New Delhi, Delhi","A-320, NEW DELHI, DELHI",0.0,0.3076923076923077,"1,3,320",320,1,0
S1-364025785,S2-327525151,Eastern Business Private Limited,ईस्टर्न बिजनेस प्राइवेट लिमिटेड,"Brooklyn, Pride World City Charohli, Near Ajeenkya Dy Patil College, Pune, C1C-106, Pune, Maharashtra","C1C-106, PUNE, महाराष्ट्र",0.0,0.16666666666666666,"1,106","1,106",2,0
S1-402366232,S2-393178549,Ns (India) Farm Private Limited,Ns (India) Farm Private,"E108 Second Floor Greater Kailash 1 New Delhi, New Delhi, South Delhi, Delhi","E108 SECOND FLOOR GREATER KAILASH 1 NEW DELHI, NEW DELHI, दिल्ली",0.8,0.7272727272727273,"1,108","1,108",2,0
S1-468158692,S2-523865398,Great Developers Private Limited,ग्रेट डेवलपर्स प्राइवेट लिमिटेड,"Gut No 02, Wahegaon Gangapur, Aurangabad, Maharashtra","GUT NO 02, CHHATRAPATI SAMBHAJI NAGAR, AURANGABAD, Maharashtra",0.0,0.5,02,02,1,0
S1-20827085,S2-689149170,Dhi Investment Ltd,Dhi Icnvsiecnt (Ltd),"Shop. 03, First Floor, Sachi Apartments, 688/688/2, Vibhuthipura, Basavanagar, Bangalore, Karnataka",,0.5,0.0,"03,2,688",,0,1
S1-596111693,S2-260742329,Mumbai Technologies,Mumbai Technologies Trading,"Floor-1, Plot -68, Stretchlon House, Sheriff Devji Street, Chakala Market, Ma, Ndvi, Mumbai, Mumbai City, Maharashtra",,0.6666666666666666,0.0,"1,68",,0,1
S1-628411590,S2-281804426,Big Industries Private Limited,बिग इंडस्ट्रीज प्राइवेट लिमिटेड,"A1, Survey No. 120/3/A And B, 120/4, 120/7, 120/10/B, Lodha Industrial And Logistics Park, Usatane, Ambarnath, Thane, Kalyan, Thane, Maharashtra","A1, KALYAN, THANE, महाराष्ट्र",0.0,0.125,"1,10,120,3,4,7",1,1,0
S1-809542319,S2-369611703,Royal It Private Limited,ROYAL IT PRIVATE (ID: 59369),"A-84, Madhuban, Delhi, East Delhi, Delhi","HN #559 A-84, MADHUBAN, DELHI, Delhi",0.5,0.5714285714285714,84,"559,84",1,0
S1-884398666,S2-20891043,Rsd Automotive Pvt. Ltd.,Rsd Automotive Pvt. Limited,"B-11 Raj Kamal Sadancommunity Centre Preet Vihar Vikas Marg, Delhi, East Delhi, Delhi",,0.6,0.0,11,,0,1
S1-398986010,S2-331563262,Sanjay Trading Private Limited,Sanjay Trading Private,"Banaskantha, Mafatpura Vistar, Near Prathmik Shala, Palanpur, Gujarat, 8/34",,0.75,0.0,"34,8",,0,1
S1-557024114,S2-743792008,United Healthcare Private Limited,यूनाइटेड हेल्थकेयर प्राइवेट लिमिटेड,"Ga-1, Court Chambers, 35, New Marine Lines, Munbai, Maharashtra","GA-1, NEW MARINE LINES, MUNBAI, Maharashtra",0.0,0.7,"1,35",1,1,0
S1-557024114,S2-466518511,United Healthcare Private Limited,यूनाइटेड हेल्थकेयर प्राइवेट लिमिटेड,"Ga-1, Court Chambers, 35, New Marine Lines, Munbai, Maharashtra","MUNBAI, महाराष्ट्र, GA-1, NEW MARINE LINES",0.0,0.42857142857142855,"1,35",1,1,0
S1-266657221,S2-258369529,Shakti Bombay Exports Private Limited,शक्ति बॉम्बे एक्सपोर्ट्स प्राइवेट लिमिटेड,"Plot No 3321, Sector 23, Gurgaon, Haryana","PLOT NO 3321, Haryana, GURGAON",0.0,0.7142857142857143,"23,3321",3321,1,0
S1-266657221,S2-442638537,Shakti Bombay Exports Private Limited,SHAKTIBOMBAYEXPORTS.COM,"Plot No 3321, Sector 23, Gurgaon, Haryana","DOOR NO 3321 , SECTOR 23, GURGAON, हरियाणा",0.0,0.45454545454545453,"23,3321","23,3321",2,0
S1-982014536,S2-955028317,NS Promoters Private Limited,NS PROMOTERS PRIVATE LTD,"Alwar, Rajasthan, Ashoka Bhawan Civil Lines, Alwar",,0.6,0.0,,,0,1
S1-425375640,S2-411826928,Shivam Consulting Pvt Ltd,শিবম কনসাল্টিং প্রাইভেট লিমিটেড,"545 G T Road (South) R No 104Th Floor, Howrah, West Bengal","#545 G T ROAD (SOUTH) R NO 104TH FLOOR, HOWRAH, KADAMTALA , PANCHANANTALA, West Bengal",0.0,0.8571428571428571,"104,545","104,545",2,0
S1-147498543,S2-839277411,Eplus Technology Pvt Ltd,EPLUS TGHSOLOYG PVT LTD,"Gujarat, Surat, 3Rd Floor, Raghukul Market, Anjana, Shop - C/5248 To 5253",,0.6,0.0,"3,5248,5253",,0,1
S1-246627001,S2-663818495,One International Private Limited,వన్ ఇంటర్నేషనల్ ప్రైవేట్ లిమిటెడ్,"H.No.C-2-480 Sujathanagar, Visakhapatnam, Vishakhapatnam, Andhra Pradesh","H.NO.C-2-480 SUJATHANAGAR, VIZAG, SUJATHA NAGAR, ఆంధ్రప్రదేశ్",0.0,0.3333333333333333,"2,480","2,480",2,0
S1-800556512,S2-428242045,Exports Creative Real Private Limited,EXPORTS CBTEAFVE REAL PRIVATE LIMITED,"No. 42, Sector-Iv, Hsr Layout, Bangalore South, Bangalore, Karnataka","NO. 0042 , SECTOR-IV, HSR LAYOUT, BANGALORE SOUTH, ಕರ್ನಾಟಕ",0.6666666666666666,0.5384615384615384,42,0042,0,0
S1-596897200,S2-991787068,Skanda (India) Consultants Private Limited,Dr SKANDA (INDIA) CONSULTANTS PRDGTAE LIMITED,"74, Bimman Mudali Street, Alwarpet, Chennai, Tamil Nadu",,0.5714285714285714,0.0,74,,0,1
S1-37260485,S2-15388823,Rare Finance Ltd,M/s Rare  Finance Limited,"C/O S.Dhandapani, Namakkal, 6/371 Maruthi Nagar, Trichi Road, Tamil Nadu",,0.3333333333333333,0.0,"371,6",,0,1
S1-153928883,S2-734944098,Surya Smart Food Private Limited,சூர்யா ஸ்மார்ட் ஃபுட் பிரைவேட் லிமிடெட்,"10. G.N.Chetty Road, T.Nagar, Chennai, Tamilnadu, Tamil Nadu","DOOR NO 139 10. G.N.CHETTY ROAD, MADRAS, TAMILNADU, Tamil Nadu",0.0,0.5333333333333333,10,"10,139",1,0
S1-153928883,S2-865140773,Surya Smart Food Private Limited,suryasmartfood.com,"10. G.N.Chetty Road, T.Nagar, Chennai, Tamilnadu, Tamil Nadu","H.NO 139 10. G.N.CHETTY ROAD, T.NAGAR, CHENNAI, தமிழ்நாடு",0.0,0.4444444444444444,10,"10,139",1,0
S1-509219451,S2-674114229,Bricks Resorts Public Limited,BRICKS-PUBLIC LIMITED SERVICES,"G-28, Sarita Vihar, New Delhi, New Delhi, South Delhi, Delhi","दिल्ली, G-28/3, SARITA VIHAR, NEW DELHI, NEW DELHI",0.6,0.6,28,"28,3",1,0
S1-815298796,S2-203339662,Sun Foundation,சன் ஃபவுண்டேஷன்,"1 K30C/6, 1St Main Road Anna Nagar, Chennai, Tamil Nadu","DOOR NO G-1 K30C/6, 1ST MAIN ROAD ANNA NAGAR, CHENNAI, தமிழ்நாடு",0.0,0.5,"1,30,6","1,30,6",3,0
S1-57404516,S2-240040300,Shree Developers Limited,श्री डेवलपर्स लिमिटेड,"103, Plot No 6, 1St Floor, Anupam Plaza-1, Lsc, Ghaziapur, East Delhi, Delhi","103, EAST DELHI, दिल्ली",0.0,0.2,"1,103,6",103,1,0
S1-724141467,S2-974683668,Pdg Consortium Private Limited,M/s Pdg Consortium-Private Ltd,"B-32, Noida, Sector-57, Uttar Pradesh","B-##32, SECTOR-57, Uttar Pradesh",0.42857142857142855,0.8571428571428571,"32,57","32,57",2,0
S1-795080029,S2-642990661,Premier Consultants Private Limited,પ્રીમિયર કન્સલ્ટન્ટ્સ પ્રાઇવેટ લિમિટેડ,"1029, Gala Empire, Opp, T.V. Tower, Drive In Road, Thaltej, Ahmedabad, Gujarat","1029, AHMEDABAD, ગુજરાત",0.0,0.125,1029,1029,1,0
S1-795080029,S2-725522677,Premier Consultants Private Limited,પ્રીમિયર કન્સલ્ટન્ટ્સ પ્રાઇવેટ લિમિટેડ,"1029, Gala Empire, Opp, T.V. Tower, Drive In Road, Thaltej, Ahmedabad, Gujarat","AHMEDABAD, 1029, Gujarat",0.0,0.23076923076923078,1029,1029,1,0
S1-25460732,S2-947706837,Premier Solutions Private Limited,प्रीमियर सॉल्यूशंस प्राइवेट लिमिटेड,"Noida, Flat No. 1205, Uttar Pradesh, Plot No. Gh-01/B, Sector-76, Noida, Gautam Buddha Nagar","DOOR NO 1205, GAUTAM BUDDHA NAGAR, <NULL>, Uttar Pradesh",0.0,0.4117647058823529,"01,1205,76",1205,1,0
S1-850227154,S2-257027921,LF Plm Private Limited,LF Plm Private Ltd,"Mhow, 1087 Central Street, Indore, Madhya Pradesh",,0.6,0.0,1087,,0,1
S1-850227154,S2-120310958,LF Plm Private Limited,LF Plm Pdirate Limited,"Mhow, 1087 Central Street, Indore, Madhya Pradesh","1087 CENTRAL STREET, MHOW, मध्य प्रदेश",0.6,0.3333333333333333,1087,1087,1,0
S1-496178154,S2-724081060,Mansa Developers Pvt Ltd,MANSA DEVELOPERS PVT (LIMITED),"35 C R Avenue, Kolkata, Howrah, West Bengal",,0.6,0.0,35,,0,1
S1-519273150,S2-435340095,Maa Foods Private Limited,Private Maa Foods Ltd,"No.150, I Floor, 4Th Main, 8Th Cross Chamaraj Pet, Bangalore, Karnataka","NO.150, 8TH CROSS CHAMARAJ PET, BANGALORE, ಕರ್ನಾಟಕ",0.6,0.4666666666666667,"150,4,8","150,8",2,0
S1-482785732,S2-618123867,Eastern Technologies Private Limited,ईस्टर्न टेक्नोलॉजीज प्राइवेट लिमिटेड,"Unit 301, Linkway Estate Premises Chsl, New Link Road, Mindspace, Chincholi Bunder Road, Above Green Hotel, Malad West, Mumbai, Maharashtra","UNIT 301/4, MALAD WEST, महाराष्ट्र",0.0,0.16666666666666666,301,"301,4",1,0
S1-862203745,S2-739882404,Dpl Medical Centre Private Limited,Private Dpl Medical Ceme Limited,"Plot No. 93, Ground Floor, Pkt-I, Sec. 5, Dsidc, Bawana, New Delhi, North West, Delhi","93, NEW DELHI, दिल्ली",0.6666666666666666,0.17647058823529413,"5,93",93,1,0
S1-265368534,S2-696159525,Siddhanath Mauli Private Limited,SIDDHANATHMAULI.COM,"161/1 Mahatma Gandhi Roadroom No. 34, Kolkata, Calcutta, West Bengal","161/1 MAHATMA GANDHI ROADROOM NO. 34, KOLKATA, পশ্চিমবঙ্গ",0.0,0.5333333333333333,"1,161,34","1,161,34",3,0
S1-661927696,S2-670449394,Bright Management Private Limited,ব্রাইট ম্যানেজমেন্ট প্রাইভেট লিমিটেড,"T-4, Flat-9A, Sunflower Garden, 74, Topsia Rd South, Kolkata, Kolkata, Howrah, West Bengal","PLOT 21. T-4, HOWRAH, West Bengal, KOLKATA",0.0,0.375,"4,74,9","21,4",1,0
S1-644928937,S2-794297066,International Media LLP,इंटरनेशनल मीडिया एलएलपी,"Kanpur Nagar, 3A/271, Uttar Pradesh, Azad Nagar, Csa","CSA, Uttar Pradesh, ETAWAH, AZAD NAGAR, #947 3A/271",0.0,0.7,"271,3","271,3,947",2,0
S1-345962648,S2-369124256,High Systems Pvt Ltd,హై సిస్టమ్స్ ప్రైవేట్ లిమిటెడ్,"29-2-23, 1St Floor Rama Mandiram Street, Surya Rao Pet, Vijayawada Urban, Krishna, Andhra Pradesh","KRISHNA, ఆంధ్రప్రదేశ్, KRISHNA, 31-2-23",0.0,0.13636363636363635,"1,2,23,29","2,23,31",2,0
S1-805103986,S2-4686212,Peejay International School,PEEJAY  INTERNATIONAL SERVICES,"C-5/44 Grand Vasant Kunj, New Delhi, North Delhi, Delhi","DOOR NO 867 C-5/44 GRAND VASANT KUNJ, NEW DELHI, दिल्ली",0.5,0.5714285714285714,"44,5","44,5,867",2,0
S1-215759445,S2-964667680,Gm Travels Private Limited,Gm Travels Private Ltd,"H-87, Sector-63, Noida, Noida, Gautam Buddha Nagar, Uttar Pradesh","H-87, SECTOR-63, NOIDA, NOIDA, Uttar Pradesh",0.6,0.7,"63,87","63,87",2,0
S1-263835338,S2-390356306,Roger Steels Private Limited,Sri ROGER STEELS PRIVATE LTD,"53, Hari Nagar, Gokulpura, Kalwar Road, Jaipur, Rajasthan",,0.5,0.0,53,,0,1
S1-384442393,S2-706007658,Millennium (India) Producer Pvt. Ltd.,Mi1lennium (India) Pduocer Pvt Ltd,"No.110, G.S.T. Road, Chrompet, Chrompet, Chennai-600 044, Tamil Nadu","DOOR NO 11, CHROMPET, KANCHIPURAM, Tamil Nadu",0.42857142857142855,0.26666666666666666,"044,110,600",11,0,0
S1-972273768,S2-122060592,Magic Industries Private Limited,Magic lndustries Prívate Ltd,"Pl No. Iii, Rajankuppam Rd, Sail Nagar, Thiruninravur, Sriperumbudur, Tiruvallur, Tamil Nadu",,0.14285714285714285,0.0,,,0,1
S1-654479249,S2-707159515,Krishna Energy Private Limited,कृष्ण एनर्जी प्राइवेट लिमिटेड,"New Delhi, South West Delhi, H.No - G 1, Delhi, Plot- 134 Opp Tivoli Garden, Chattarpur","NEW DELHI, FATEH PUR BERI, दिल्ली, H.NO - G 1",0.0,0.3157894736842105,"1,134",1,1,0
S1-654479249,S2-823438222,Krishna Energy Private Limited,Dr Irikelo,"New Delhi, South West Delhi, H.No - G 1, Delhi, Plot- 134 Opp Tivoli Garden, Chattarpur","H.NO - G 1, SOUTH WEST DELHI, Delhi",0.0,0.5,"1,134",1,1,0
S1-536679017,S2-303727088,North Builders Private Limited,North Builders Private Enterprises,"Vishal Khand, Gomti Nagar, Lucknow, Uttar Pradesh, Lucknow, 4/147",,0.6,0.0,"147,4",,0,1
S1-779805480,S2-671197301,Pioneer Infotech Limited,Pioneer इंफोटेक Limited,"Plot No - 3, Block - F, Sector - 40, Noida, Gautam Buddha Nagar, Uttar Pradesh","BLOCK C-302 PLOT NO - 3, BLOCK - F, SECTOR - 40, NOIDA, Uttar Pradesh",0.2857142857142857,0.6666666666666666,"3,40","3,302,40",2,0
S1-960511827,S2-588219522,Big Solutions Private Limited,Big Solutions,"Wz-1422, Ist Floor Rani Bagh, New Delhi, North Delhi, Delhi","WZ-1422 , IST FLOOR RANI BAGH, NEW DELHI, दिल्ली",0.5,0.7272727272727273,1422,1422,1,0
S1-960511827,S2-137422406,Big Solutions Private Limited,Big Solutions Private,"Wz-1422, Ist Floor Rani Bagh, New Delhi, North Delhi, Delhi","WZ-1422 , IST FLOOR RANI BAGH, NEW DELHI, दिल्ली",0.75,0.7272727272727273,1422,1422,1,0
S1-979129740,S2-472247563,Gold Foundation Private Limited,गोल्ड फाउंडेशन प्राइवेट लिमिटेड,"Flno A/602 Mont Vert Biarr Itz Ii, Sno 136/5 Magnolia Pashan Link Rd Pune, Haveli, Pune, Maharashtra","FLNO A/602. MONT VERT BIARR ITZ II, PUNE REGION, PUNE, महाराष्ट्र",0.0,0.391304347826087,"136,5,602",602,1,0
S1-580866629,S2-750975759,Anand Finance Pvt Ltd,आनंद फाइनेंस प्रा. लि.,"A25, Shubhankar, Near Kothrud Telephone Exchange, Kothrud, Pune, Maharashtra","AD/25, KOTHRUD, PUNE, महाराष्ट्र",0.0,0.14285714285714285,25,25,1,0
S1-245084633,S2-849212578,Hpg Group Limited,HPGGROUP.COM,"F No.405, Road No 10, Sai Akhil Habitat, Qutubullapur, Hyderabad, Telangana","F NO.405, ROAD NO 10, SAI AKHIL HABITAT, QUTUBULLAPUR, Andhra Pradesh",0.0,0.6923076923076923,"10,405","10,405",2,0
S1-960020820,S2-834618306,IX India LLP,IX LLP CENTER,"23/7 Ray Street, Kolkata, Calcutta, West Bengal","DOOR NO 23/ RAY STREET, KOLKATA, West Bengal",0.5,0.6,"23,7",23,1,0
S1-287771784,S2-787630890,Dynamic Business Limited,डायनामिक बिजनेस लिमिटेड,"South Delhi, New Delhi, Delhi, L72A Malviya Nagar","L72A MALVIYA NAGAR, NEW DELHI, SAKET, Delhi",0.0,0.7142857142857143,72,72,1,0
S1-539783886,S2-618483291,Bharat Hotel Projects Private Limited,ভারত হোটেল প্রজেক্টস প্রাইভেট লিমিটেড,"26 Srtand Rd, Kolkata, Calcutta, West Bengal","পশ্চিমবঙ্গ, CALCUTTA, 26 SRTAND RD, KOLKATA",0.0,0.45454545454545453,26,26,1,0
S1-567079723,S2-324482637,City Logistics Private Limited,सिटी लॉजिस्टिक्स प्राइवेट लिमिटेड,"Shop No. A5, Ratandeep Tower, A-1, Indira Complex, Indore, Madhya Pradesh","SHOP NO. A1, JODHPUR, INDORE, Madhya Pradesh",0.0,0.35714285714285715,"1,5",1,1,0
S1-147418820,S2-742837272,Real Finance LLP,রিয়েল ফাইন্যান্স এলএলপি,"Plot No. A8/370, Po Kalyani, Nadia, Kalyani, Nadia, West Bengal","PEOT NO. A8/370, NADIA, West Bengal",0.0,0.6,"370,8","370,8",2,0
S1-846021202,S2-970437610,Mudgal Brothers Private Limited,MUDGAL BROTHERS  PRIVATE LTD,"3596 G T Roadram Talai Amritsar, Punjab, Amritsar, Punjab",,0.6,0.0,3596,,0,1
S1-717166616,S2-557827528,Shree Sree Marketing Private Limited,শ্রী শ্রী মার্কেটিং প্রাইভেট লিমিটেড,"11, Dacres Lane, Kolkata, Kolkata, Kolkata, Howrah, West Bengal","HOWRAH, পশ্চিমবঙ্গ, 11",0.0,0.18181818181818182,11,11,1,0
S1-717166616,S2-323170486,Shree Sree Marketing Private Limited,শ্রী শ্রী মার্কেটিং প্রাইভেট লিমিটেড,"11, Dacres Lane, Kolkata, Kolkata, Kolkata, Howrah, West Bengal","11, HOWRAH, KOLKATA, West Bengal",0.0,0.7142857142857143,11,11,1,0
S1-7370843,S2-44603448,QQ Solutions Private Limited,PRIVATE QQ SOLUTIONS PRIVATE,"No. 124, Kamarajar Salai Kodungaiyur, Chennai, Tamil Nadu","CHENNAI, Tamil Nadu, DOOR NO 124, CHENNAI",0.75,0.5555555555555556,124,124,1,0
S1-499631520,S2-243089920,My Energy Private Limited,माय एनर्जी प्राइवेट लिमिटेड,"C/O, Mr. Ram Dhan, 304, Karamchari Nagar, Gali No. 6, Bareilly, Izzat Nagar, Bareilly, Uttar Pradesh","C/O, BAREILLY, Uttar Pradesh",0.0,0.3333333333333333,"304,6",,0,0
S1-328238532,S2-229772329,New Solutions Private Limited,நியூ சொல்யூஷன்ஸ் பிரைவேட் லிமிடெட்,"Door No 2/248 Vadakkuthottam A.K.N.Palayam Sulthanpet(, Via Sulur), Sf.No-145/1A, Tamil Nadu, Coimbatore","SF.NO-145/1A, COIMBATORE, தமிழ்நாடு",0.0,0.22727272727272727,"1,145,2,248","1,145",2,0
S1-336246354,S2-395301045,Guru Energy Limited,LTD GURU ENERGY,"E-8/89, Bharat Nagar Trilanga, Shahpura, Bhopal, Madhya Pradesh","HN #74 E-8/89, BHOPAL, ROHIT NAGAR, Madhya Pradesh",0.5,0.5384615384615384,"8,89","74,8,89",2,0
S1-46053323,S2-153499880,Ram Estate Private Limited,>> Ram Private Limited Center,"H. No 421 D.R. Colony, Panipat, Haryana","H. NO 421 D.R. COLONY, PANIPAT, PANIPAT MODEL TOWN, हरियाणा",0.6,0.5384615384615384,421,421,1,0
S1-178408264,S2-434844180,Southern Healthcare,સધર્ન હેલ્થકેર,"I 104, 148 Lig Flats, Nr. Gajanand Park, Gotri Rd, Vadodara (M Corp Og), Vadodara, Gujarat","I 104, BARODA, VADODARA, Gujarat",0.0,0.25,"104,148",104,1,0
S1-274700979,S2-351532790,Big Tech Private Limited,ಬಿಗ್ ಟೆಕ್ ಪ್ರೈವೇಟ್ ಲಿಮಿಟೆಡ್,"113, Suryodaya Apartments, 4Th Cross, Bcc Layout, Vijaynagar, 2Nd S, Tage, Bangalore, Karnataka","113, BANGALORE, BANGLORE, Karnataka",0.0,0.21428571428571427,"113,2,4",113,1,0
S1-720076073,S2-996419689,Urban Traders Limited,Urban Tráders Limited,"No.2767, D Block 1St Main, Defence Colony, Bangalore North, Bangalore, Karnataka",,0.5,0.0,"1,2767",,0,1
S1-132628814,S2-425669747,International Technology LLP,इंटरनेशनल टेक्नोलॉजी एलएलपी,"Unit No. 537-38, Tower B-3, 5Th Floor Spaze It Park, Sohna Road, Gurgaon, Haryana","UNIT NO. 537-38, GURGAON, Haryana",0.0,0.375,"3,38,5,537","38,537",2,0
S1-132628814,S2-368986562,International Technology LLP,इंटरनेशनल टेक्नोलॉजी एलएलपी,"Unit No. 537-38, Tower B-3, 5Th Floor Spaze It Park, Sohna Road, Gurgaon, Haryana","UNIT NO. 537-38, GURGAON, Haryana",0.0,0.375,"3,38,5,537","38,537",2,0
S1-807764559,S2-707304356,International Seven Care,इंटरनेशनल सेवन केयर,"A/104, Centre Plaza - 1, Nana Nani Park, Nirabhai Patil Marg, Manvelpada Road, Vi, Rar East, Thane, Maharashtra","A/B3/104, RAR EAST, Maharashtra",0.0,0.2631578947368421,"1,104","104,3",1,0
S1-807764559,S2-770518431,International Seven Care,इंटरनेशनल सेवन केयर,"A/104, Centre Plaza - 1, Nana Nani Park, Nirabhai Patil Marg, Manvelpada Road, Vi, Rar East, Thane, Maharashtra","A/B3/104, RAR EAST, Maharashtra",0.0,0.2631578947368421,"1,104","104,3",1,0
S1-13176411,S2-561872700,Siddiqui Polytechnic,Dr Siddiqui  Poylctfcnnbfc,"Plot No. 8, Sandika Sadan, Bhoite Nagar, Jalgaon, Maharashtra",,0.25,0.0,8,,0,1
S1-640645397,S2-122395705,Ventures New Appliances Private Limited,appliancesventuresnew.com,"No.22, 1St Main, 4Th Cross, 5Th Phase West Of Chard Road, Rajajinagar, Bangalore, Karnataka","NO.22, null, RAJAJINAGAR, BANGALORE, ಕರ್ನಾಟಕ",0.0,0.21052631578947367,"1,22,4,5",22,1,0
S1-901667164,S2-771877872,Future Estate,ఫ్యూచర్ ఎస్టేట్,"1-58, Kasyapuram Prakasam, Addanki, Prakasam, Andhra Pradesh","1-58, ADDANKI, ఆంధ్రప్రదేశ్",0.0,0.25,"1,58","1,58",2,0
S1-636379844,S2-586369481,Aarvita Commercial Private Limited,AARVITA PRIVATE LIMITED SERVICES,"234/4 And 5 Nizampur, Lucknow, Uttar Pradesh",,0.6,0.0,"234,4,5",,0,1
S1-193782477,S2-830714131,Best Services,बेस्ट सर्विसेज,"Kidwai Nagar, F No 2, Kanpur Nagar, Uttar Pradesh, 128/12, Block G","F NO 02, 128/12, BLOCK G, KANPUR NAGAR, Uttar Pradesh",0.0,0.7692307692307693,"12,128,2","02,12,128",2,0
S1-767677381,S2-383584133,North Investment Private Limited,নর্থ ইনভেস্টমেন্ট প্রাইভেট লিমিটেড,"2 Manook Ln, Kolkata, Kolkata, Kolkata, Howrah, West Bengal","B3/2 MANOOK LN, HOWRAH, KOLKATA, West Bengal",0.0,0.875,2,"2,3",1,0
S1-670229605,S2-346651303,Om Impex Private Limited,OM PRIVATE LIMITED SERVICES,"C-88, Sector 10, Noida, Noida, Gautam Buddha Nagar, Uttar Pradesh","Uttar Pradesh, C-88, SECTOR 10, NOIDA, NOIDA",0.6,0.7,"10,88","10,88",2,0
S1-758491323,S2-717052266,Trading Kaolin Private Limited,Private Trading Kaolin Ltd,"A-54, Third Floor, Paryavaran Complex, New Delhi, South West Delhi, Delhi","A-54, NEW DELHI, SOUTH WEST DELHI, Delhi",0.6,0.6,54,54,1,0
S1-211096687,S2-705693431,Phulwari Property Private Limited,Phulwari Popeby Private Limited,"Jp Complex Building, Near Karlo Automobile, Phulwari, Patna, Bihar",,0.6,0.0,,,0,1
S1-664386233,S2-483867347,Modern Consultants,मॉडर्न कंसल्टेंट्स,"101, Sunanda Apptp No. 252, Laxminagar, Maharashtra, Nagpur","महाराष्ट्र, NAGPUR REGION, 101, NAGPUR",0.0,0.15384615384615385,"101,252",101,1,0
S1-664386233,S2-285972413,Modern Consultants,मॉडर्न कंसल्टेंट्स,"101, Sunanda Apptp No. 252, Laxminagar, Maharashtra, Nagpur","101, NAGPUR REGION, NAGPUR, Maharashtra",0.0,0.3333333333333333,"101,252",101,1,0
S1-333891043,S2-962455924,South Engineering Private Limited,साउथ इंजीनियरिंग प्राइवेट लिमिटेड,"No. 208, Morya Land Mark I, New Link Road, Opposite Infinity 1, Andheri West, Mumbai, Mumbai City, Maharashtra","NO 208, MUMBAI, MUMBAI CITY, Maharashtra",0.0,0.29411764705882354,"1,208",208,1,0
S1-117783193,S2-593680629,Silver Engineering Private Limited,सिल्वर इंजीनियरिंग प्राइवेट लिमिटेड,"Office No/H-No-01, New Modern Colony, Behind Of Jila Parishad Budaun, Budaun, Budaun, Badaun, Uttar Pradesh","4 OFFICE NO/H-NO-01, BADAUN, Uttar Pradesh",0.0,0.4375,01,"01,4",1,0
S1-607602964,S2-710542954,Daddy Brothers Limited,DADDY-BROTHERS LTD,"C-96, Sector- 50, Noida, Gautam Buddha Nagar, Noida, Gautam Buddha Nagar, Uttar Pradesh","C-9-6, SECTOR- 50, NOIDA, GAUTAM BUDDHA NAGAR, NOIDA, Uttar Pradesh",0.5,0.75,"50,96","50,6,9",1,0
S1-861331864,S2-725468780,Global Construction,ગ્લોબલ કન્સ્ટ્રક્શન,"406 4Th Floor, W-1, Opp Psp House, B/H S. G. Highway, Daskroi, Ahmedabad, Gujarat","ગુજરાત, AHMEDABD, ##406 4TH FLOOR",0.0,0.15,"1,4,406","4,406",2,0
S1-256698219,S2-167855964,My Technologies Private Limited,Smt My Technologies Private,"Office No 803 Plot No 25 26 Sector No 30 Vashi Rti, Mumbai, Mumbai City, Maharashtra",,0.6,0.0,"25,26,30,803",,0,1
S1-902724869,S2-186608768,Hitech Products Private Limited,હાઇટેક પ્રોડક્ટ્સ પ્રાઇવેટ લિમિટેડ,"Plot No.1126, Aji Industrail Area, Near Mangal Foundary, 80Ft Ring Road, Rajkot, Gujarat","1126, RAJKOT, Gujarat",0.0,0.21428571428571427,"1126,80",1126,1,0
S1-557392379,S2-611751178,Overseas & Brothers Private Limited,OVERSEAS + BROTHERS PRISVAET LIMITED,"4/224, Lucknow, Uttar Pradesh","4/224, LUCKNOW, उत्तर प्रदेश",0.5,0.3,"224,4","224,4",2,0
S1-557392379,S2-323730003,Overseas & Brothers Private Limited,PRIVATE OVERSEAS & BROTHERS LTD,"4/224, Lucknow, Uttar Pradesh","4/224, LUCKNOW, उत्तर प्रदेश",0.6666666666666666,0.3,"224,4","224,4",2,0
S1-557392379,S2-445597137,Overseas & Brothers Private Limited,Mr Overseas & Brothers Private Ltd,"4/224, Lucknow, Uttar Pradesh","4/224, LUCKNOW, उत्तर प्रदेश",0.5714285714285714,0.3,"224,4","224,4",2,0
S1-708671874,S2-417975505,Blue Logistics Limited,ब्लू लॉजिस्टिक्स लिमिटेड,"B 1/30, Basement Malviya Nagar, New Delhi, South Delhi, Delhi","B 1/30, NEW DELHI, SOUTH DELHI, दिल्ली",0.0,0.5454545454545454,"1,30","1,30",2,0
S1-570137342,S2-201827730,Real Construction Private Limited,रियल कंस्ट्रक्शन प्राइवेट लिमिटेड,"154, Mittal Court A- Wing, Nariman Point, Mumbai, Maharashtra","0154, MITTAL COURT A- WING, NARIMAN POINT, MUMBAI, महाराष्ट्र",0.0,0.5,154,0154,0,0
S1-570137342,S2-374766499,Real Construction Private Limited,Real Construction Private Ltd,"154, Mittal Court A- Wing, Nariman Point, Mumbai, Maharashtra","0154, MITTAL COURT A- WING, NARIMAN POINT, महाराष्ट्र",0.6,0.42857142857142855,154,0154,0,0
S1-598071938,S2-291484039,South High Energy,साउथ हाई एनर्जी,"285, Gopur Colony, Indore, Madhya Pradesh","DOOR NO 593 285, INDORE, मध्य प्रदेश",0.0,0.14285714285714285,285,"285,593",1,0
S1-292915793,S2-832079965,Bombay Logistics Private Limited,Bombay Lgoestis Private Limited,"104, Vardhman Plaza Tower, H-3, Netaji Subhash Place, Pitam Pura, Delhi",,0.6,0.0,"104,3",,0,1
S1-884728803,S2-791228835,Tirupati Industries Private Limited,തിരുപ്പതി ഇൻഡസ്ട്രീസ് പ്രൈവറ്റ് ലിമിറ്റഡ്,"3Rd Floor, Pulimootil Arcade Building No.2957, Edapally South, Ernakulam, Kerala","3RD FLOOR, ERNAKULAM, Keralam",0.0,0.25,"2957,3",3,1,0
S1-306940717,S2-413566762,Ahuja Hospitality Limited,Ahuja Hospitality,"Plot No 173, Road No 75 Jubilee Hills, Hyderabad, Telangana","PLOT NO 173, ROAD NO 75 JUBILEE HILLS, HYDERABAD, Andhra Pradesh",0.6666666666666666,0.7272727272727273,"173,75","173,75",2,0
S1-306940717,S2-703186783,Ahuja Hospitality Limited,M/s Ahuja Hóspitality Limited,"Plot No 173, Road No 75 Jubilee Hills, Hyderabad, Telangana","173 , ROAD NO 75 JUBILEE HILLS, HYDERABAD, Andhra Pradesh",0.3333333333333333,0.6363636363636364,"173,75","173,75",2,0
S1-725899084,S2-245466238,All Polytechnic,All (Center),"F-211 Lane W-5/20 Western Avenue, Sainik Farms, Mehrauli, New Delhi, South Delhi, Delhi","F-211 LANE W-5/20 WESTERN AVENUE, SAINIK FARMS, MEHRAULI, NEW DELHI, NULL, दिल्ली",0.3333333333333333,0.7647058823529411,"20,211,5","20,211,5",3,0
S1-725899084,S2-481220870,All Polytechnic,All Porlytcenic,"F-211 Lane W-5/20 Western Avenue, Sainik Farms, Mehrauli, New Delhi, South Delhi, Delhi","F-211 LANE W-5/20 WESTERN AVENUE, SAINIK FARMS, MEHRAULI, NEW DELHI, NULL, दिल्ली",0.3333333333333333,0.7647058823529411,"20,211,5","20,211,5",3,0
S1-869918716,S2-9543031,Cosmos & Brothers Private Limited,Private Cosmos & Brothers Ltd,"143-C, Septaparni, 58/1, Ballygunge Circular Road, Kolkata, Howrah, West Bengal","West Bengal, HOWRAH, KOLKATA, 143-C",0.6666666666666666,0.5,"1,143,58",143,1,0
S1-528899943,S2-765805421,Good Hospitality Private Limited,ಗುಡ್ ಹಾಸ್ಪಿಟಾಲಿಟಿ ಪ್ರೈವೇಟ್ ಲಿಮಿಟೆಡ್,"#92, R V Road Basavanagudi, Bangalore, Karnataka","#92, BANGALORE, ಕರ್ನಾಟಕ",0.0,0.2,92,92,1,0
S1-528899943,S2-864386333,Good Hospitality Private Limited,ಗುಡ್ ಹಾಸ್ಪಿಟಾಲಿಟಿ ಪ್ರೈವೇಟ್ ಲಿಮಿಟೆಡ್,"#92, R V Road Basavanagudi, Bangalore, Karnataka","#92, BANGALORE, Karnataka",0.0,0.42857142857142855,92,92,1,0
S1-824219325,S2-303429606,Govind Mercantile Private Limited,Govind Mircntlie Private Limited,"Vill- Gejha, Noida, Gautam Buddha Nagar, Uttar Pradesh","VILL- GEJHA, NOIDA, NOIDA, Uttar Pradesh",0.6,0.625,,,0,0
S1-824219325,S2-837808601,Govind Mercantile Private Limited,Govind Mercantile Private Ltd,"Vill- Gejha, Noida, Gautam Buddha Nagar, Uttar Pradesh","VILL- GEJHA, NOIDA, NOIDA, Uttar Pradesh",0.6,0.625,,,0,0
S1-402602588,S2-465150251,Sree Technologies Private Limited,శ్రీ టెక్నాలజీస్ ప్రైవేట్ లిమిటెడ్,"02, Ground Floor, Goolingspet, Rtc Depotroad, Chittoor, Andhra Pradesh","BLONK E-790 02, CHITTOR, Andhra Pradesh",0.0,0.23076923076923078,02,"02,790",1,0
S1-995713470,S2-442542940,Indian Lakshmi Finance Limited,इंडियन लक्ष्मी फाइनेंस लिमिटेड,"Block No J 60 Kupwad, Midc, Madhavnagar, Miraj, Sangli, Maharashtra","BLOCK NO J 60 KUPWAD, MIRAJ, SANGLI MIRAJ KUPWAD, महाराष्ट्र",0.0,0.5,60,60,1,0
S1-497584118,S2-884643569,DE Casting Private Limited,DE Casting Private,"10/099 Uvwxyzaab, Cpa Junction, Ernad, Malappuram, Malapuram, Kerala",,0.75,0.0,"099,10",,0,1
S1-394707501,S2-931808221,My Power Private Limited,My Power Private,"E-24 Sector-55, Noida, Gautam Buddha Nagar, Uttar Pradesh","E-B3/24 SECTOR-55, NOIDA, उत्तर प्रदेश",0.75,0.3125,"24,55","24,3,55",2,0
S1-566381582,S2-343210475,Shiv Apparels LLP,Shiv LLP Partners,"T P 2/294, Nedum Thodi, Payyoli, Thurayur, Koyilandi, Kozhikode, Kerala",,0.5,0.0,"2,294",,0,1
S1-754533501,S2-377264364,Premier Finance Private Limited,प्रीमियर फाइनेंस प्राइवेट लिमिटेड,"E-108, 1St Floor, Crystle Plaza, New Link Road, Andheri (West), Mumbai, Mumbai City, Maharashtra","E-108, MUMBAI CITY, MUMBAI, महाराष्ट्र",0.0,0.2222222222222222,"1,108",108,1,0
S1-770968871,S2-914606039,Laxmi East Systems Limited,லக்ஷ்மி ஈஸ்ட் சிஸ்டம்ஸ் லிமிடெட்,"433/2, Virudhunagar, Rajapalayam, Tamil Nadu, North Malaiyadipatti","333/2, RAJAPALAYAM, Tamil Nadu",0.0,0.4444444444444444,"2,433","2,333",1,0
S1-754736988,S2-784609284,Hitech Traders Limited,Limited Hitech Tsesr,"U 59/11 Dlf City 3, Gurugram, Gurgaon, Haryana","NO 98 U 59/11 DLF CNTY 3, GURUGRAM, GURGAON, हरियाणा",0.5,0.4666666666666667,"11,3,59","11,3,59,98",3,0
S1-363596907,S2-141676797,Raaga Organic Private Limited,Smt #raagaorganic,"H No. 6-1-120/11 Padmarao Nagar, Secunderabad, Hyderabad, Telangana","NO 6-1-120/11 PADMARAO NAGAR, SECUNDERABAD, తెలంగాణ",0.0,0.5333333333333333,"1,11,120,6","1,11,120,6",4,0
S1-363596907,S2-819348149,Raaga Organic Private Limited,RAAGA ORGANIC  PRIVATE LTD,"H No. 6-1-120/11 Padmarao Nagar, Secunderabad, Hyderabad, Telangana","H.NO 6-1-120/11 PADMARAO NAGAR, SECUNDERABAD, తెలంగాణ",0.6,0.6,"1,11,120,6","1,11,120,6",4,0
S1-391455800,S2-389089816,Big Software LLP,बिग सॉफ्टवेयर एलएलपी,"Shop No. 6, Ground Floor L.S.C Block- L-1, Dda Flats, Kalkaji, New Delhi, South Delhi, Delhi","SHOP NO. D/6, SOUTH DELHI, NEW DELHI, दिल्ली",0.0,0.3157894736842105,"1,6",6,1,0
S1-78140347,S2-463303924,Dlf Qe Lakshmi Private Limited,Dlf Lakshmi Private  Limited Services,"Gf-38 Augusta Point, Haryana, Golf, Course Road, Sector 53, Gurgaon, Dlf Qe","GF-38 AUGUSTA POINT, GOLF, COURSE ROAD, SECTOR 53, DLF QE, हरियाणा",0.6666666666666666,0.6875,"38,53","38,53",2,0
S1-273910160,S2-645903173,Smart Investments Private Limited,स्मार्ट इन्वेस्टमेंट्स प्राइवेट लिमिटेड,"Lg-005, Plot No. 2&3, R.B. Tower, Below Domino'S Pizza, Chuna Bhatti, Kola, R Road, Bhopal, Madhya Pradesh","NULL, BHOPAL, Madhya Pradesh, R ROAD, LG-B3/005",0.0,0.30434782608695654,"005,2,3","005,3",2,0
S1-769134648,S2-389304270,Amethyst Biosolutions Corporation,AMETHYST CORPORATION SERVICES,"42, Mig, Sector 11 Avas Vikas, Sikandra, Agra, Uttar Pradesh","D/42, MIG, SECTOR 11 AVAS VIKAS, SIKANDRA, AGRA, N/A, उत्तर प्रदेश",0.5,0.4444444444444444,"11,42","11,42",2,0
S1-326963128,S2-700460639,Alpha Eastern Systems Pvt Ltd,আলফা ইস্টার্ন সিস্টেমস প্রাইভেট লিমিটেড,"Teghori, R.K. Pally, Sonarpur, South 24 Parganas, West Bengal","TEGHORI, R.K. PALLY, SOUTH 24 PARGANAS, KHURIGOCHHI, পশ্চিমবঙ্গ",0.0,0.4666666666666667,24,24,1,0
S1-591693634,S2-320338036,Titus & Partners,Titus +,"120/354 Lajpat Nagar, Kanpur, Uttar Pradesh, Kanpur","उत्तर प्रदेश, NO 120/354 LAJPAT NAGAR, KANPUR",0.3333333333333333,0.38461538461538464,"120,354","120,354",2,0
S1-579731951,S2-311926665,Unique Software Private Limited,യുണീക്ക് സോഫ്റ്റ്‌വെയർ പ്രൈവറ്റ് ലിമിറ്റഡ്,"Door No.D 6, Pillaveedu Nagar, Kesavadasapuram Pattom P.O, Kerala, Thiruvananthapuram, Trivandrum","DOR NO.D 6, THIRUVANANTHAPURAM, TRIVANDRUM, Kerala",0.0,0.42857142857142855,6,6,1,0
S1-710274445,S2-977967448,Millennium & Partners,& MILLENNIUM PRLTREARS,"Hd-904 Wework Plot C-20 G Block, Nr. Mca Bandra Kurla Complex Bandra East Mumbai, Mumbai, Maharashtra","Maharashtra, MUMBAI, HD-904 WEWORK PLOT C-20 G BLOCK, BOMBAY",0.5,0.5882352941176471,"20,904","20,904",2,0
S1-743464489,S2-142120856,Lakshmi Developers Limited,लक्ष्मी डेवलपर्स लिमिटेड,"902, Spenta, Hiranandani, Estate, Ghodbunder Road, Thane, Maharashtra","HN 657 902, THANE, Maharashtra",0.0,0.3,902,"657,902",1,0
S1-26466414,S2-885039047,Dynamic Builders Private Limited,ಡೈನಾಮಿಕ್ ಬಿಲ್ಡರ್ಸ್ ಪ್ರೈವೇಟ್ ಲಿಮಿಟೆಡ್,"No.29 (Old No.314), 33Rd Cross, 17Th Main 4Th T Block, Jayanagar, Bangalore, Bengaluru, Bangalore, Karnataka","NO.29 (OLD NO.314), BENGALURU, BANGALORE, ಕರ್ನಾಟಕ",0.0,0.3333333333333333,"17,29,314,33,4","29,314",2,0
S1-26466414,S2-791895433,Dynamic Builders Private Limited,Smt Lumvio,"No.29 (Old No.314), 33Rd Cross, 17Th Main 4Th T Block, Jayanagar, Bangalore, Bengaluru, Bangalore, Karnataka","H.NO 29 (OLD NO.314), BENGALURU, BANGALORE, Karnataka",0.0,0.4375,"17,29,314,33,4","29,314",2,0
S1-791535230,S2-266688235,St) (india) Pvt Ltd,stindia.com,"A-9, Shree Siddivinayak Plaza, 3Rd Floor Plot No B-31, Off Link Road, Oshiwara Andheri (We, St), Mumbai, Maharashtra","DOOR NO 103 A-9, ST), MUMBAI, Maharashtra",0.0,0.2727272727272727,"3,31,9","103,9",1,0
S1-324409949,S2-214805469,Bright Management Pvt Ltd,ब्राइट मैनेजमेंट प्रा. लि.,"61 Simroal Road Mhow, Indore, Madhya Pradesh","#0061 SIMROAL ROD MHOW, मध्य प्रदेश, INDORE",0.0,0.21428571428571427,61,0061,0,0
S1-388865464,S2-882424732,Green Tech Private Limited,Green Tech Private,"304, Attari Appartment, 78, New Fatehpura, Udaipur, Rajasthan",,0.75,0.0,"304,78",,0,1
S1-255959388,S2-811142058,International Finance Private Limited,ಇಂಟರ್‌ನ್ಯಾಷನಲ್ ಫೈನಾನ್ಸ್ ಪ್ರೈವೇಟ್ ಲಿಮಿಟೆಡ್,"No.302, 6Th Main, Vyalikaval, Bangalore, Karnataka","NO.302, BANGALORE, Karnataka",0.0,0.5714285714285714,"302,6",302,1,0
S1-588803877,S2-797042977,Al Media Limited,Al Media,"No 621, 21St Main, 2Nd Sector Hsr Layout, Bangalore, Karnataka","621 , 21ST MAIN, 2ND SECTOR HSR LAYOUT, BANGALORE, ಕರ್ನಾಟಕ",0.6666666666666666,0.6153846153846154,"2,21,621","2,21,621",3,0
S1-304936240,S2-464144448,Creative Builders Private Limited,क्रिएटिव बिल्डर्स प्राइवेट लिमिटेड,"401, 4Th Floor, Bhavya Plaza 5Th Road, Khar (W), Mumbai, Maharashtra","401/7, KHAR (W), NULL, Maharashtra",0.0,0.3076923076923077,"4,401,5","401,7",1,0
S1-688847208,S2-793419391,Gujarat Foundation Private Limited,गुजरात फाउंडेशन प्राइवेट लिमिटेड,"151, Second Floor, Sarai Julena Okhla Road, New Delhi, South Delhi, Delhi","151, NEW DELHI, SOUTH DELHI, Delhi",0.0,0.4,151,151,1,0
S1-189193421,S2-132637703,Osl Charitable Trust Corporation,Osl Charitable Trust-C0rporation,"19B/337, 338, Gali No1, Near Khalsa High School, Rania Gate Guru Nanak Nagri, Sirsa, Haryana",,0.6,0.0,"1,19,337,338",,0,1
S1-189193421,S2-593317038,Osl Charitable Trust Corporation,Osl Charitable Trust Corp,"19B/337, 338, Gali No1, Near Khalsa High School, Rania Gate Guru Nanak Nagri, Sirsa, Haryana",,0.6,0.0,"1,19,337,338",,0,1
S1-440223714,S2-699358797,Life Construction Private Limited,లైఫ్ కన్‌స్ట్రక్షన్ ప్రైవేట్ లిమిటెడ్,"Flat No.219, Tower B-1, Incor Bonsai Homes Survey No. 323/2, 3, 4, Himayath Nagar, Tellapur, Hyderabad, Telangana","FLAT NO.219, HYDERABAD, Telangana",0.0,0.2631578947368421,"1,2,219,3,323,4",219,1,0
S1-440223714,S2-802040441,Life Construction Private Limited,లైఫ్ కన్‌స్ట్రక్షన్ ప్రైవేట్ లిమిటెడ్,"Flat No.219, Tower B-1, Incor Bonsai Homes Survey No. 323/2, 3, 4, Himayath Nagar, Tellapur, Hyderabad, Telangana","FLAT NO.219, HYDERABAD, Telangana",0.0,0.2631578947368421,"1,2,219,3,323,4",219,1,0
S1-440223714,S2-575802320,Life Construction Private Limited,లైఫ్ కన్‌స్ట్రక్షన్ ప్రైవేట్ లిమిటెడ్,"Flat No.219, Tower B-1, Incor Bonsai Homes Survey No. 323/2, 3, 4, Himayath Nagar, Tellapur, Hyderabad, Telangana","FLAT NO.219, HYDERABAD, Telangana",0.0,0.2631578947368421,"1,2,219,3,323,4",219,1,0
S1-830709217,S2-250462738,Great Hospitality Private Limited,ಗ್ರೇಟ್ ಹಾಸ್ಪಿಟಾಲಿಟಿ ಪ್ರೈವೇಟ್ ಲಿಮಿಟೆಡ್,"112/113/114, First Floor, North Block Manipal Centre, Dickenson Road, Bangalore, Karnataka","12/113/114, BANGALORE, Karnataka",0.0,0.2857142857142857,"112,113,114","113,114,12",2,0
S1-619659255,S2-792770050,Mk Institute,MK  INTIHTOTE,"51 Dobson Rd, Howrah, West Bengal","51 DOBSON RD, HOWRAH, পশ্চিমবঙ্গ",0.3333333333333333,0.4,51,51,1,0
S1-656253475,S2-68797365,Baid Products Private Limited,PRIVATE BAID PRODUCTS PRIVATE,"North West, 660, Agarwal Metro Heights Neta Ji Subash Place, Pitampura, New Delhi, Delhi","660, NEW DELHI, SARASWATI VIHAR PITAMPURA, दिल्ली",0.75,0.23529411764705882,660,660,1,0
S1-16992687,S2-782607380,Balaji Galaxy Exports Private Limited,बालाजी गैलेक्सी एक्सपोर्ट्स प्राइवेट लिमिटेड,"6, Siddhi Avenue Chs Ltd Shimpoli Road, Chikuwadi, Borivali(W), Mumbai, Mumbai City, Maharashtra","#6, MUMBAI, GREATER MUMBAI, महाराष्ट्र",0.0,0.1111111111111111,6,6,1,0
S1-16992687,S2-85590866,Balaji Galaxy Exports Private Limited,बालाजी गैलेक्सी एक्सपोर्ट्स प्राइवेट लिमिटेड,"6, Siddhi Avenue Chs Ltd Shimpoli Road, Chikuwadi, Borivali(W), Mumbai, Mumbai City, Maharashtra","#6, MUMBAI II, Maharashtra",0.0,0.21428571428571427,6,6,1,0
S1-691443439,S2-776116844,Catalyst Technology Limited,Catalyst Limited Services,"4-32-6, Main Road Shapurnagar, Hyderabad, Telangana","4-32-6, MAIN ROAD SHAPURNAGAR, Andhra Pradesh",0.5,0.6,"32,4,6","32,4,6",3,0
S1-795095829,S2-634842271,Gujarat Exports Private Limited,M/s gujaratexports.com,"Unit 1218C, Khairatabad, Telangana, Hyderabad, Vasavi Mpms Grand, Ameerpet","BLOCK E-682- UNIT 1218C, VASAVI MPMS GRAND, AMEERPET, KHAIRATABAD, Andhra Pradesh",0.0,0.5,1218,"1218,682",1,0
S1-893609606,S2-342444746,Red Exports Private Limited,రెడ్ ఎక్స్‌పోర్ట్స్ ప్రైవేట్ లిమిటెడ్,"27-4-345, Flat No-102, Trishul Apartment 5Th Street, Ramji Nagar, Nellore, Andhra Pradesh","27-4-345, NELLORE, ఆంధ్రప్రదేశ్",0.0,0.2,"102,27,345,4,5","27,345,4",3,0
S1-893609606,S2-20774732,Red Exports Private Limited,రెడ్ ఎక్స్‌పోర్ట్స్ ప్రైవేట్ లిమిటెడ్,"27-4-345, Flat No-102, Trishul Apartment 5Th Street, Ramji Nagar, Nellore, Andhra Pradesh","27-4-345, NELLORE, ఆంధ్రప్రదేశ్",0.0,0.2,"102,27,345,4,5","27,345,4",3,0
S1-219263942,S2-745931929,Quest Academy Pvt. Ltd.,Veodrex,"01, Awfis Space Solutions, 4Th Floor, Vios Towers, Off Eastern Express Highway, Sewri-Chembur Road, Mumbai, Maharashtra","01, MUMBAI, BOMBAY, Maharashtra",0.0,0.16666666666666666,"01,4",01,1,0
S1-972518511,S2-172796333,Selco Nursing Home Private Limited,Private Selco Nursing Home Ltd,"H.No 288, Basement, Sector 19 Amberhai, Dwarka, New Delhi, South West Delhi, Delhi","H.NO 288, NEW DELHI, SOUTH WEST DELHI, Delhi",0.6666666666666666,0.5833333333333334,"19,288",288,1,0
S1-648896739,S2-642942744,Pune City Services Ltd,PUNE SERVICES LTD-SERVICES,"Fl-B-302, Oasis Residency, Sn-62 Hn-3A/1, Pune City, Pune, Maharashtra","FL-B-00302, OASIS RESIDENCY, SN-62 HN-3A/1, PUNE CITY, <NULL>, महाराष्ट्र",0.75,0.5789473684210527,"1,3,302,62","00302,1,3,62",3,0
S1-950112797,S2-660088533,Vijay Exports Private Limited,विजय एक्सपोर्ट्स प्राइवेट लिमिटेड,"27Bkc, 7Thfloor, Plotno.C-27, G Block Bandra-Kurla Complex, Bandra(East), Mumbai, Mumbai City, Maharashtra","27BKC, MUMBAI CITY, MUMBAI METRO, महाराष्ट्र",0.0,0.15789473684210525,"27,7",27,1,0
S1-948458706,S2-351072045,Blue Power Private Limited,ब्लू पावर प्राइवेट लिमिटेड,"House No. 151, No. 3, Block D, Pocket 12, Sector 7, Rohini, Rohini, North West, Delhi","HOUSE NO. 151, ROHINI, NORTH WEST, Delhi",0.0,0.5,"12,151,3,7",151,1,0
S1-561690211,S2-870201843,Property College,Property Co1lege Limited,"Dg-2/100-B, Vikas Puri, New Delhi, West Delhi, Delhi","Delhi, PLOT 146 DG-2/100-B, VIKAS PURI, NEW DELHI",0.25,0.7272727272727273,"100,2","100,146,2",2,0
S1-836055695,S2-517352061,Destin Brothers Ltd,Services Destin Ltd,"101- 3B, Neighbourhood Chs Ltd., Lokhandwala Complex, Kandivali East, Mumbai, Mumbai City, Maharashtra","Maharashtra, 101 3B, MUMBAI CITY, MUMBAI",0.5,0.4166666666666667,"101,3","101,3",2,0
S1-323272727,S2-185572711,Eastern Constructions Private Limited,ईस्टर्न कंस्ट्रक्शंस प्राइवेट लिमिटेड,"Flat 702, Balaji Residency Pl 52 & 53, Sec 15, Kharghar, Raigarh, Maharashtra","FLAT 702., RAIGARH, KHARGHAR NAVI MUMBAI, महाराष्ट्र",0.0,0.21052631578947367,"15,52,53,702",702,1,0
S1-246807093,S2-100120371,Jai Solutions Private Limited,जय सॉल्यूशंस प्राइवेट लिमिटेड,"C/O Ilf Advocates, 1A, Ground Floor Building 10B, Dlf Cyber City Ii, Gurgaon, Haryana","C/O ILF ADVOCATES, GURGAON, GURGOAN, हरियाणा",0.0,0.2631578947368421,"1,10",,0,0
S1-226373288,S2-229132238,First Projects Private Limited,ఫస్ట్ ప్రాజెక్ట్స్ ప్రైవేట్ లిమిటెడ్,"D.No.60-9-10, Unit No.2, Gev Radha Madhav Apartmet, Vijayawada (Urban), Krishna, Andhra Pradesh","#60-9-10, VIJAYAWADA (URBAN), KRISHNA, ఆంధ్రప్రదేశ్",0.0,0.2857142857142857,"10,2,60,9","10,60,9",3,0
S1-964085109,S2-24743642,Swastik Solutions Private Limited,Smt Swastik Solutions  Private,"G-67, Third Floor, Pushkar Enclave, New Delhi, West Delhi, Delhi","G-67., THIRD FLOOR, PUSHKAR ENCLAVE, NEW DELHI, दिल्ली",0.6,0.7272727272727273,67,67,1,0
S1-524773868,S2-497528353,Om Foundation Private Limited,ॐ फाउंडेशन प्राइवेट लिमिटेड,"785/15, Faridabad, Haryana","785/15/8, FARIDABAD, हरियाणा",0.0,0.375,"15,785","15,785,8",2,0
S1-612380820,S2-482711494,Ss Solutions Private Limited,Ss Solutions Prívate Limited,"C/O Malile Shivaji Gopalrao Sona Nagar Tq.Latur Dist. Latur, Latur, Maharashtra",,0.6,0.0,,,0,1
S1-257706976,S2-992537394,Best Gujarat Tech,બેસ્ટ ગુજરાત ટેક,"Ahmedabad, B/1, Karmachari Nagar Vibhag 1, Opp. Rannapark Bus Stand, Ghatlodia, Gujarat","B/B3/1, AHMEDABAD, Gujarat",0.0,0.3076923076923077,1,"1,3",1,0
S1-514660137,S2-694161302,Arihant Trading,અરિહંત ટ્રેડિંગ,"Plot No 1705, Third Phase, Gidc, Taluka Pardi, Vapi, Valsad, Gujarat","#1705, VAPI, VALSAD, Gujarat",0.0,0.36363636363636365,1705,1705,1,0
S1-514660137,S2-853454444,Arihant Trading,અરિહંત ટ્રેડિંગ,"Plot No 1705, Third Phase, Gidc, Taluka Pardi, Vapi, Valsad, Gujarat","H.NO 1705, VAPI, Gujarat",0.0,0.3333333333333333,1705,1705,1,0
S1-647641790,S2-8359689,Ram Enterprises Limited,রাম এন্টারপ্রাইজেস লিমিটেড,"Baidyanath Bhawan 8E, James Hickey Sarani (Dacres Lane), Kolkata, Kolkata, Howrah, West Bengal","KOLKATA, BAIDYANATH BHAWAN 8E, পশ্চিমবঙ্গ, HOWRAH",0.0,0.3125,8,8,1,0
S1-647641790,S2-153883121,Ram Enterprises Limited,রাম এন্টারপ্রাইজেস লিমিটেড,"Baidyanath Bhawan 8E, James Hickey Sarani (Dacres Lane), Kolkata, Kolkata, Howrah, West Bengal","BAIDYANATH BHAWAN 8E, KOLKATA, HOWRAH, পশ্চিমবঙ্গ",0.0,0.3125,8,8,1,0
S1-592650491,S2-793568092,Coronet Dee Private Limited,-- Coronet Dee Phrviale Limited,"Ranihat Mangalabag, Cuttack, Medical Road, Orissa, Cuttack","MEDICAL RAOD, CUTTACK, Odisha",0.6,0.25,,,0,0
S1-326398326,S2-22705713,Anand Finance Private Limited,आनंद फाइनेंस प्राइवेट लिमिटेड,"B-1103/04, Mansarovar, Neelkanth Heights Pokhran Road No 2, Thane West, Thane, Maharashtra","B-1103/04, THANE, Maharashtra",0.0,0.38461538461538464,"04,1103,2","04,1103",2,0
S1-709707863,S2-550252543,Vision Management Pvt Ltd,विजन मैनेजमेंट प्रा. लि.,"801 Kamla Hub, N.S. Road No. 1, Jvpd, Vileparle West, Mumbai, Maharashtra","NO 9-801 KMLA HUB, BOMBAY, MUMBAI, Maharashtra",0.0,0.3125,"1,801","801,9",1,0
S1-295437874,S2-325785745,India White Courier LLP,lndia White LLP Services,"C-27/138, Rampuri Colony Jagatganj, Varanasi, Uttar Pradesh","C-27/13, CHANDAULI, VARANASI, Uttar Pradesh",0.3333333333333333,0.45454545454545453,"138,27","13,27",1,0
S1-539246646,S2-896805013,Skn Securities Private Limited,Skn Securities Prívate Limited,"Ganesh Marg, Sumerpur Pali, Sumerpur, Pali, Rajasthan",,0.6,0.0,,,0,1
S1-942418129,S2-860893883,Real Estate Private Limited,রিয়েল এস্টেট প্রাইভেট লিমিটেড,"157C Lenin Sarani, Deluxe Centre, 3Rd Floor, Kolkata, Kolkata, Howrah, West Bengal","157C LENIN SARANI, CALCUTTA, HOWRAH, পশ্চিমবঙ্গ",0.0,0.25,"157,3",157,1,0
S1-719046008,S2-216576581,Laxmi Hitech Marketing Limited,লক্ষ্মী হাইটেক মার্কেটিং লিমিটেড,"7/1A, Grant Lane, 1St Floor, Room No. 09, Kolkata, Kolkata, Howrah, West Bengal","7/1A, null, HOWRAH, CALCUTTA, West Bengal",0.0,0.3333333333333333,"09,1,7","1,7",2,0
S1-787340789,S2-144699997,TBS Trade LLP,TBS Te LLP,"Devika Tower, 6, Nehru Place, South Delhi, New Delhi, 817, Delhi","817, DEVIKA TOWER, 6, NEHRU PLACE, NEW DELHI, दिल्ली",0.5,0.7272727272727273,"6,817","6,817",2,0
S1-787340789,S2-928426429,TBS Trade LLP,TBS Thaod LLP,"Devika Tower, 6, Nehru Place, South Delhi, New Delhi, 817, Delhi","817, DEVSKA TOWER, 6, NEHRU PLACE, NEW DELHI, Delhi",0.5,0.7,"6,817","6,817",2,0
S1-656832090,S2-546014243,Shyam Technology LLP,श्याम टेक्नोलॉजी एलएलपी,"Rudra Enclave - Ii Khodana Kala, Uttar Pradesh, A-003, Noida, Gautam Buddha Nagar","Uttar Pradesh, GAUTAM BUDDHA NAGAR, H.NO 458 A-003",0.0,0.4375,003,"003,458",1,0
S1-861194229,S2-188506352,Balaji India Private Limited,Balaji  India,"3Rd Floor, D - 97A, Road No.18, Phase -1 Ida, Jeedimetla, Hyderabad, Rangareddy, Telangana","Andhra Pradesh, DOOR NO ##3RD FLOOR, D - 97A, ROAD NO.18, PHASE -1 IDA, JEEDIMETLA, HYDERABAD",0.5,0.7058823529411765,"1,18,3,97","1,18,3,97",4,0
S1-861194229,S2-517488248,Balaji India Private Limited,Balaji India Private,"3Rd Floor, D - 97A, Road No.18, Phase -1 Ida, Jeedimetla, Hyderabad, Rangareddy, Telangana",,0.75,0.0,"1,18,3,97",,0,1
S1-724366744,S2-990997088,Southern Foods Pvt Ltd,சதர்ன் ஃபுட்ஸ் பிரைவேட் லிமிடெட்,"Tamil Nadu, Chennai, Gimpex House 282 Linghi Chetty Street, Chennai","GIMPEX HOUSE 82 LINGHI CNETTY STREET, CHENNAI, PUDUCHERRY, Tamil Nadu",0.0,0.5833333333333334,282,82,0,0
S1-544888717,S2-106929908,Premier Trading Private Limited,ಪ್ರೀಮಿಯರ್ ಟ್ರೇಡಿಂಗ್ ಪ್ರೈವೇಟ್ ಲಿಮಿಟೆಡ್,"No.257, 9Th A Main 3Rd Block, Jayanagar, Bangalore, Karnataka","Karnataka, H.NO #257, JAYANAGAR, BANGALORE",0.0,0.45454545454545453,"257,3,9",257,1,0
S1-884989078,S2-352550271,Super Infra LLP,सुपर इंफ्रा एलएलपी,"L 25, First Floor Kalka Ji, New Delhi, South Delhi, Delhi","L 25, NEW DELHI, CR PARK  MARKET ONE, Delhi",0.0,0.3076923076923077,25,25,1,0
S1-192217503,S2-625114099,Balaji Infra Private Limited,Mr Balaji Infra Limited Services,"Block-B / 409, Krish Cubical, Nr Govardhan Party Plot, Opp Avalon Hotel, Thaltej, Daskroi, Ahmedabad, Gujarat",,0.5,0.0,409,,0,1
S1-567060199,S2-712262867,Life Ventures,లైఫ్ వెంచర్స్,"Mig - 32, Apiic Colony Kamala Nagar, Ecil, Hyderabad, Telangana","MIG - 32, ECIL, JAWAHARNAGAR, తెలంగాణ",0.0,0.21428571428571427,32,32,1,0
S1-977317857,S2-114891819,Jammu Polymers Private Limited,Jammu Polymers Limited Center,"6/28, Delhi, East Patel Nagar, Delhi, Central Delhi","6/28, EAST PATEL NAGAR, DELHI, Delhi",0.6,0.8571428571428571,"28,6","28,6",2,0
S1-876042474,S2-216670682,Jubilee Traders Private Limited,Smt JUBILEE TRADERS PRIVATE LTD,"279, Meerpur Cantt, Kanpur, Uttar Pradesh","281, MEERPUR CANTT, KANPUR, उत्तर प्रदेश",0.5,0.25,279,281,0,0
S1-137092361,S2-954605130,Gold Real Technology Private Limited,गोल्ड रियल टेक्नोलॉजी प्राइवेट लिमिटेड,"Room No.309, Sujata Shopping Centre, Navghar Road, Opp. Aradhana Bldg, Sector 3, Bhayander, (E), Thane, Maharashtra","PLOT 184 ROOM NO.309, THANE, Maharashtra",0.0,0.2631578947368421,"3,309","184,309",1,0
S1-137092361,S2-166475861,Gold Real Technology Private Limited,गोल्ड रियल टेक्नोलॉजी प्राइवेट लिमिटेड,"Room No.309, Sujata Shopping Centre, Navghar Road, Opp. Aradhana Bldg, Sector 3, Bhayander, (E), Thane, Maharashtra","PLOT 184 ROOM NO.309, THANE, महाराष्ट्र",0.0,0.17391304347826086,"3,309","184,309",1,0
S1-501578961,S2-873267328,Mgp Solutions Pvt Ltd,MGP SÓLUTIONS PVT LTD,"39 - 22 - 80 - Kalinganagar, Andhra Pradesh, Visakhapatnam, Vishakhapatnam","H.NO 39 - 22 - 80 - KALINGANAGAR, VISAKHAPATNAM, ఆంధ్రప్రదేశ్",0.6,0.3333333333333333,"22,39,80","22,39,80",3,0
S1-115708489,S2-330294966,Bharat Lotus Management Pvt Ltd,భారత్ లోటస్ మేనేజ్‌మెంట్ ప్రైవేట్ లిమిటెడ్,"1-17-51/201, Flat No. 201, Sai Sriya Residency Sri Ramnagar Colony, Temple Alwal, Secunderabad, Hyderabad, Telangana","1-17-51/201, HYDERABAD, Telangana",0.0,0.35294117647058826,"1,17,201,51","1,17,201,51",4,0
S1-850655434,S2-333540229,Dream Builders Private Limited,డ్రీమ్ బిల్డర్స్ ప్రైవేట్ లిమిటెడ్,"Plot 8-2-338/3, And 4, Flat No.303, Vaishnavi Apts, Road No.3, Banjara Hills, Hyderabad, Telangana","HYDERABAD, PLOT 8-2-338/3, Telangana, HYDERABAD",0.0,0.4117647058823529,"2,3,303,338,4,8","2,3,338,8",4,0
S1-941066489,S2-867575165,Seven Projects Private Limited,सेवन प्रोजेक्ट्स प्राइवेट लिमिटेड,"F-2, Pooja Ghar, Pathik Nagar Sanganer Road, Bhilwara, Rajasthan","F-2, POOJA GHAR, PATHIK NAGAR SANGANER ROAD, SHASTRI NAGAR, राजस्थान",0.0,0.5333333333333333,2,2,1,0
S1-596991937,S2-830527121,North Infrastructure Private Limited,నార్త్ ఇన్‌ఫ్రాస్ట్రక్చర్ ప్రైవేట్ లిమిటెడ్,"8-2-293/564/A 25, Mla Colony To N Tv, Lotus Pond, Next To Bhakti Tv, Banjara Hills, Film N, Agar, Hyderabad, Telangana","H.NO A-8-2-293/564/A 25, HYDERABAD, Telangana",0.0,0.34782608695652173,"2,25,293,564,8","2,25,293,564,8",5,0
S1-596991937,S2-570428577,North Infrastructure Private Limited,North Infrastructure Private,"8-2-293/564/A 25, Mla Colony To N Tv, Lotus Pond, Next To Bhakti Tv, Banjara Hills, Film N, Agar, Hyderabad, Telangana",,0.75,0.0,"2,25,293,564,8",,0,1
S1-317110967,S2-815839865,Raman & Co Corp,Mr Raman Co Corp Services,"C/O, Khokan Mondal, Ramnagar, Haldarpara, Chapra, Nadia, West Bengal",,0.5,0.0,,,0,1
S1-884357675,S2-259705324,Good Unique Tech Private Limited,Good Unique Tech Private Ltd,"16-4-261, 1St Floor, Building, Chanchalguda, Saidabad, Hyderabad, Telangana",,0.6666666666666666,0.0,"1,16,261,4",,0,1
S1-318667373,S2-53275813,Alpha Constructions Private Limited,अल्फा कंस्ट्रक्शंस प्राइवेट लिमिटेड,"A-1, Floor Ground, Plot 260C, Sayed Wadi Dr Babasaheb Jaykar Marg, Kalbadevi, Mumbai, Mumbai City, Maharashtra","A-1, MUMBAI, MUMBAI CITY, Maharashtra",0.0,0.3125,"1,260",1,1,0
S1-447734673,S2-759375304,Eagles Trading Private Limited,Eagles Trading Limited Service,"C/O Pavan Kumar Verma, 7, Civil Lines Mandki Rd., Dewas, Madhya Pradesh",,0.6,0.0,7,,0,1
S1-442633683,S2-732757182,Management Sagar Consultancy Private Limited,sagarmanagement.com,"904, New Delhi House Barakhamba Road, New Delhi, Delhi","D/904, DELHI, NEW DELHI, Delhi",0.0,0.42857142857142855,904,904,1,0
S1-810464283,S2-304248663,Columbia Human Private Limited,*** Columbia Human,"3993, First Floor, Above Sanjay Photographer Astodia Chakla, Ahmedabad, Gujarat","4993, AHMEDABAD, Gujarat",0.5,0.18181818181818182,3993,4993,0,0
S1-533318634,S2-893817180,Chennai Solutions Corp,Corp Chennai Soltios,"D1-102, Purva Windermere Thiruvalluvar Salai, Pallikaranai, Chennai, Tamil Nadu","D1-102, CHENNAI, PALLIKARANAI, தமிழ்நாடு",0.5,0.2857142857142857,"1,102","1,102",2,0
S1-304455455,S2-415804621,Pashupati Solutions Private Limited,Pashupati Solutions,"Ss 275, Sector No. 2 Vashi, Mumbai, Mumbai City, Maharashtra","SS 275, SFCTOR NO. 2 VASHI, MUMBAI, Maharashtra",0.5,0.7,"2,275","2,275",2,0
S1-304455455,S2-449749653,Pashupati Solutions Private Limited,Pashupati Solltans Private [Limited],"Ss 275, Sector No. 2 Vashi, Mumbai, Mumbai City, Maharashtra","SS 275, SECTOR NO. 2 VASHI, MUMBAI, महाराष्ट्र",0.6,0.5384615384615384,"2,275","2,275",2,0
S1-421976829,S2-898847740,Ss Healthcare Limited,एसएस हेल्थकेयर लिमिटेड,"828, Sector 15A, Escortsnagar, Faridabad, Faridabad, Haryana","828, FARIDABAD, Haryana",0.0,0.5,"15,828",828,1,0
S1-115862517,S2-735405858,Modern Control Private Limited,Nexflux,"Pune, Haveli, S No 5/1, Gangotri Nagar, Galli No 2, Pimple Gurav, Maharashtra","HN 496 S NO 5/1, HAVELI, SANGAVI, Maharashtra",0.0,0.375,"1,2,5","1,496,5",2,0
S1-607030997,S2-492172835,Urban Tech Private Limited,अर्बन टेक प्राइवेट लिमिटेड,"House No 1455, Sector-15, Sonipat, Haryana","HOUSE NO 1455, SECTOR-15, SONIPAT, DELHI, हरियाणा",0.0,0.5454545454545454,"1455,15","1455,15",2,0
S1-538654737,S2-240931056,Navjivan Pharmaceuticals Private Limited,Navjivan Pharmaceuticals Pifhet Limited,"145 A, Sarat Bose Road, Kolkata, Kolkata, Howrah, West Bengal","145 A, SARAT BOSE ROAD, KALKATA, KOLKATA, West Bengal",0.6,0.8,145,145,1,0
S1-216319119,S2-525018552,Indtech & Co,Dr IDNTECH & CÓ,"Rajasthan, Metro Polis, Ajmer Road, 236-237, Jaipur","2-36-237, JAIPUR, Rajasthan",0.16666666666666666,0.3,"236,237","2,237,36",1,0
S1-552438833,S2-345870688,DQ Buildcon LLP,DQ LLP Services,"No.65, Urdu School Javad Tal Sakri, Dist Dhule Adinath Nagar, Nizampur, Dhule, Maharashtra",,0.5,0.0,65,,0,1
S1-410661837,S2-622219489,Blue Care Private Limited,ब्लू केयर प्राइवेट लिमिटेड,"Mumbai, Neel Mani-I Bapu Bhai Vashi Road, Maharashtra, Vile Parle (W), 602","602, NEEL MANI-I BAPU BHAI VASHI ROAD, MUMBAI SUBURBAN, MUMBAI, महाराष्ट्र",0.0,0.5,602,602,1,0
S1-2167162,S2-783963892,Peak Promoters Private Limited,Private Peak Promoters (Ltd),"4/461, 2Nd Floor, Suite No 1312, Valamkottil Towers, Judgemukku, Kakkanad, Kanayannur, Ernakulam, Kerala","5/461, KANAYANNUR, ERNAKULAM, Keralam",0.6,0.1875,"1312,2,4,461","461,5",1,0
S1-965602151,S2-313083706,Kaybee Ventures Limited,Kaybee Ventugres Limited (ID: 70395),"F No 301, P No 74 Part, Aarya Mansion, Hayathnagar, Hyderabad, Telangana","PLOT B3/248 F NO 301, P NO 74 PART, AARYA MANSION, HAYATHNAGAR, NULL, Andhra Pradesh",0.3333333333333333,0.5294117647058824,"301,74","248,3,301,74",2,0
S1-593781516,S2-319055281,Lakshmi Energy Private Limited,लक्ष्मी एनर्जी प्राइवेट लिमिटेड,"Gen Arun Kumar Vaidya Road Opp Bapat Hospital, Panchpakhadi, Thane, (West), Thane, Maharashtra, Riddhi Siddhi Bunglow","RIDDHI SIDDHI BUNGLOW, THANE, HARINIWAS CIRCLE THANE, महाराष्ट्र",0.0,0.19047619047619047,,,0,0
S1-706164499,S2-443562920,Maa Classic Builders Private Limited,మా క్లాసిక్ బిల్డర్స్ ప్రైవేట్ లిమిటెడ్,"8-2-293/82/A, Sy.No.403(P), Road No.2, Banjara Hills, Hyderabad, Telangana","8-2-293/82/A/7, HYDERABAD, తెలంగాణ",0.0,0.3157894736842105,"2,293,403,8,82","2,293,7,8,82",4,0
S1-723488624,S2-559796662,Hale Charitable Trust,Caiithable Hale Trust,"2Nd Floor, Syama Business Centre, Nh Bypass, Vyttila, Kerala, Cochin, 30/1366 (C ), Cochin","#30/1366 (C ), KOCHI, ERNAKULAM, Kerala",0.5,0.26666666666666666,"1366,2,30","1366,30",2,0
S1-682124818,S2-43756583,Mvr Enterprises,Shri Mvr Enterprises Corporation,"M-10 G.F Right Side, New Mahabir Nagar, New Delhi, West Delhi, Delhi","दिल्ली, M-10 G.F RIGHT SIDE, NEW MAHABIR NAGAR, NEW DELHI",0.5,0.7692307692307693,10,10,1,0
S1-768360989,S2-542345248,Seven Developers Pvt Ltd,सेवन डेवलपर्स प्रा. लि.,"Hig 51 E Shyam Nagar, Kanpur, Uttar Pradesh","HIG 51 E SHYAM NAGAR, KANPUR, उत्तर प्रदेश",0.0,0.46153846153846156,51,51,1,0
S1-770447641,S2-138889843,Hotel Foundation Limited,होटल फाउंडेशन लिमिटेड,"Plot No. 108, Flat No.901, Savidham Chs, Sector 50E, Thane, Maharashtra","PLOT NO. 108, THANE, Maharashtra",0.0,0.45454545454545453,"108,50,901",108,1,0
S1-189596148,S2-4875522,Jay Developers Pvt Ltd,ಜೇ ಡೆವಲಪರ್ಸ್ ಪ್ರೈವೇಟ್ ಲಿಮಿಟೆಡ್,"33/1 3Rd Main, Byraveswara Nagar, Nagarabhavi, Bangalore, Karnataka","33/1 3RD MAIN, BANGALORE, Karnataka",0.0,0.6666666666666666,"1,3,33","1,3,33",3,0
S1-9466611,S2-931891560,Eastern Dynamic Services Private Limited,ईस्टर्न डायनामिक सर्विसेज प्राइवेट लिमिटेड,"H Tower, 7Th Floor, Hw 7012 A, Bharat Diamond Bourse, Bandra Kurla Complex, Mumbai, Maharashtra","H TOWER, BOMBAY, BANDRA EAST, Maharashtra",0.0,0.23529411764705882,"7,7012",,0,0
S1-824670052,S2-90253128,Tech Technologies Pvt Ltd,टेक टेक्नोलॉजीज प्रा. लि.,"West Delhi, Shop No-1, Delhi, K-1 G/F Kh.No.85/1/1 Nihal Vihar, Laxmi Park, New Delhi, Delhi","DELHI, SHOP NO-1, WEST DELHI, दिल्ली",0.0,0.29411764705882354,"1,85",1,1,0
S1-10671999,S2-836994581,Pritam Entertainment Private Limited,*** pritamentertainment.com,"104 Sai Siddhi, Cts No. 562/3, Bhind Congress Bhavan, Shivaji Nagar, Pune, Maharashtra","00104 SAI SIDDHI, PUNE, CHAKAN, महाराष्ट्र",0.0,0.15,"104,3,562",00104,0,0
S1-36802832,S2-466642095,First Energy Limited,First Energy,"6, M.C. Colony Rohtak Road, Bhiwani, Haryana","6, M.C. COLONY ROHTAK ROAD, हरियाणा",0.6666666666666666,0.5454545454545454,6,6,1,0
S1-743868478,S2-187036947,Raj Technologies,राज टेक्नोलॉजीज,"1101 Plot No.148, Sindhi Society, Mumbai, Maharashtra","NO 1101 PHOT NO.148, MUMBAI II, MUMBAI, Maharashtra",0.0,0.5,"1101,148","1101,148",2,0
S1-87483291,S2-973857935,Eastern Impex Private Limited,ईस्टर्न इम्पेक्स प्राइवेट लिमिटेड,"Office No C-101, Big Splash, Plot 78-79, Vashi, Thane, Maharashtra","BLOCK D-41  OFFICE NO C-101, THANE, Maharashtra",0.0,0.4,"101,78,79","101,41",1,0
S1-678153859,S2-280426705,Shakti Media Pvt Ltd,சக்தி மீடியா பிரைவேட் லிமிடெட்,"New No.1, Old No.17, Bashyam Second Street Otteri, Chennai, Tamil Nadu","NEW NO.1, CHENNAI, Tamil Nadu",0.0,0.5,"1,17",1,1,0
S1-818414913,S2-850273819,Adway Security Private Limited,ADWAY SECURITY PRIVATE,"11/13, Rupa Sadan, Malhar Wadi, 3Rd Floor Dadisheth Agyari Lane, Mumbai, Mumbai City, Maharashtra",,0.75,0.0,"11,13,3",,0,1
S1-49871558,S2-546945060,Fortune Care Private Limited,ફોર્ચ્યુન Care પ્રાઇવેટ લિમિટેડ,"Ahmedabad, 2613, Near Dodia Wad Masjid, Shahpur, Gujarat, Ahmedabad","HN 302. 2613, AHMEDABAD, Gujarat",0.06666666666666667,0.3,2613,"2613,302",1,0
S1-141439772,S2-456275400,World Institute of Technology Public Limited,Drexfaye,"Thane, Room No 302 Sai Darshan, Kisan Nagar, No 2 Thane, Maharashtra, Thane","ROOM NO 302 SAI DARSHAN, THANE, महाराष्ट्र",0.0,0.42857142857142855,"2,302",302,1,0
S1-234874495,S2-539675367,Bombay Consultants Private Limited,பம்பாய் கன்சல்டன்ட்ஸ் பிரைவேட் லிமிடெட்,"48/5, Majestic Studio Arcot Road, Saligramam, Chennai, Tamil Nadu","48/5/6, SALIGRAMAM, Tamil Nadu",0.0,0.45454545454545453,"48,5","48,5,6",2,0
S1-454428027,S2-552426154,Raj Apex Systems Limited,ರಾಜ್ ಅಪೆಕ್ಸ್ ಸಿಸ್ಟಮ್ಸ್ ಲಿಮಿಟೆಡ್,"No 30/2, 1St Floor, Attur Main Road Attur Layout, Yelahanka New Town, Bangaluru, Bangalore, Karnataka","Karnataka, H.NO 30/2, BANGALORE",0.0,0.3125,"1,2,30","2,30",2,0
S1-454428027,S2-422083737,Raj Apex Systems Limited,RAJ APEX LIMITED [SERVICES],"No 30/2, 1St Floor, Attur Main Road Attur Layout, Yelahanka New Town, Bangaluru, Bangalore, Karnataka",,0.6,0.0,"1,2,30",,0,1
S1-926738812,S2-785012094,Prime Media Pvt Ltd,Pvt Prime Melai Ltd,"274, D.B.Road R.S.Puram, Coimbatore, Tamil Nadu","273, COIMBATORE, D.B.ROAD R.S.PURAM, தமிழ்நாடு",0.6,0.4666666666666667,274,273,0,0
S1-192187926,S2-868637656,Raj Projects,Raj Projects Limited,"H.No 692, Sector 64 (Phase-X), S.A.S.Nagar (Mohali), Rupnagar, Punjab",,0.6666666666666666,0.0,"64,692",,0,1
S1-192187926,S2-305647318,Raj Projects,Shri Raj Projects Company,"H.No 692, Sector 64 (Phase-X), S.A.S.Nagar (Mohali), Rupnagar, Punjab","#692 , SECTOR 64 (PHASE-X), S.A.S.NAGFR (MOHALI), Punjab",0.5,0.6428571428571429,"64,692","64,692",2,0
S1-189000205,S2-123315059,Premier Ventures Limited,ప్రీమియర్ వెంచర్స్ లిమిటెడ్,"Plot No.34, Sy No.38 P, Meenakshi Bamboos, Gachibowli, K.V. Rangareddy, Seri Lingampally, Hyderabad, Telangana","H.NO 34, SERI LINGAMPALLY, HYDERABAD, Telangana",0.0,0.35294117647058826,"34,38",34,1,0
S1-296075667,S2-858788037,Ss Marketing Private Limited,ఎస్‌ఎస్ మార్కెటింగ్ ప్రైవేట్ లిమిటెడ్,"4-1-37C/2, Vankayalavari Street, Amalapuram, East Godavari, Andhra Pradesh","##4-1-37C/2, AMALAPURAM, EAST GODAVARI, ఆంధ్రప్రదేశ్",0.0,0.4375,"1,2,37,4","1,2,37,4",4,0
S1-938111005,S2-325540953,Tu Energy Private Limited,Smt Tu Energy Private,"Plot No. A343, Mumbai, Mumbai City, Ttc Industrial Area, Midc, Mahape, Navi Mumbai, Maharashtra","महाराष्ट्र, PLOT NO. AG-343, TTC INDUSTRIAL AREA, MIDC, MAHAPE, NAVI MUMBAI, MUMBAI",0.6,0.5,343,343,1,0
S1-516500339,S2-179315739,White Consultants LLP,व्हाइट कंसल्टेंट्स एलएलपी,"D-279 Vivek Vihar, Delhi","D-00279 VIVEK VIHAR, DELHI, दिल्ली",0.0,0.5,279,00279,0,0
S1-602109460,S2-894126908,Laxmi Infotech Private Limited,লক্ষ্মী ইনফোটেক প্রাইভেট লিমিটেড,"132/A, Fakir Para Road Behala, Kolkata, Kolkata, Howrah, West Bengal","4-132/A, KOLKATA, HOWRAH, West Bengal",0.0,0.5454545454545454,132,"132,4",1,0
S1-210213370,S2-538361441,International Products Private Limited,ಇಂಟರ್‌ನ್ಯಾಷನಲ್ ಪ್ರೊಡಕ್ಟ್ಸ್ ಪ್ರೈವೇಟ್ ಲಿಮಿಟೆಡ್,"No. 10, D-105 4Th Floor Suryodaya Wing-1 Saravana Tranquil Heights Hesarugatta Main Rd Vid, Yaranyapur, Bangalore, Karnataka","Karnataka, BANGALORE, NO. 10",0.0,0.21052631578947367,"1,10,105,4",10,1,0
S1-210213370,S2-737213290,International Products Private Limited,ಇಂಟರ್‌ನ್ಯಾಷನಲ್ ಪ್ರೊಡಕ್ಟ್ಸ್ ಪ್ರೈವೇಟ್ ಲಿಮಿಟೆಡ್,"No. 10, D-105 4Th Floor Suryodaya Wing-1 Saravana Tranquil Heights Hesarugatta Main Rd Vid, Yaranyapur, Bangalore, Karnataka","DOOR NO 10, BANGALORE, Karnataka",0.0,0.2,"1,10,105,4",10,1,0
S1-23618194,S2-837391557,Sky Trading Private Limited,ಸ್ಕೈ ಟ್ರೇಡಿಂಗ್ ಪ್ರೈವೇಟ್ ಲಿಮಿಟೆಡ್,"# 306, 2Nd Cross, Krishnanadanagar, Bangalore North, Bangalore, Karnataka","#0306, BANGALORE, Karnataka",0.0,0.25,"2,306",0306,0,0
S1-388148172,S2-792751473,Karjat Facilities Pvt Ltd,Karjat Facglcitines  Pvt Ltd,"Fno 301 Sn.152/12, 13 Zehr, A Palace Mamdapur, Karjat, Raigarh(Mh), Maharashtra",,0.6,0.0,"12,13,152,301",,0,1
S1-414810203,S2-939307386,Shree Investment Private Limited,श्री इन्वेस्टमेंट प्राइवेट लिमिटेड,"P.No. 469, Katewa Nagar New Sanganer Road, Jaipur, Rajasthan","#15- P.NO. 469, JAIPUR, राजस्थान",0.0,0.26666666666666666,469,"15,469",1,0
S1-414810203,S2-505505207,Shree Investment Private Limited,श्री इन्वेस्टमेंट प्राइवेट लिमिटेड,"P.No. 469, Katewa Nagar New Sanganer Road, Jaipur, Rajasthan","DOOR NO 15- P.NO. 469, KATEWA NAGAR NEW SANGANER ROAD, JAIPUR, राजस्थान",0.0,0.5625,469,"15,469",1,0
S1-541194813,S2-155522319,Scenic Dates Ltd,... ARIAQUO,"1St And 2Nd Floor, No.10, 50 Feet Road, Muneshwara Block, Bsk Iii Stage, Near Puls, E Hospital, Bangalore, Karnataka","BANGALORE, DOOR NO 1ST AND 2ND FLOOR, Karnataka, BANGALORE",0.0,0.3333333333333333,"1,10,2,50","1,2",2,0
S1-892458208,S2-874700951,Unique Infrastructure Private Limited,यूनिक इंफ्रास्ट्रक्चर प्राइवेट लिमिटेड,"85/598, Ganga Marg Sector-8, Pratap Nagar, Sanganer, Jaipur, Rajasthan","85/598, SANGANER, JAIPUR, Rajasthan",0.0,0.45454545454545453,"598,8,85","598,85",2,0
S1-807578005,S2-118548909,Jay Consultancy Private Limited,जय कंसल्टेंसी प्राइवेट लिमिटेड,"Shop No. 31, Shyam Place, Laxman Vihar, Sadar Bazar, Gurgaon, Haryana","SHOP NO. 31, SADAR BAZAR, KARNAL, Haryana",0.0,0.5,31,31,1,0
S1-981834781,S2-162079879,Golden Infotech Private Limited,గోల్డెన్ ఇన్ఫోటెక్ ప్రైవేట్ లిమిటెడ్,"Neeladri Enclave Ce Colny, Hyderabad, Telangana, Amberpet, 2-2-647/57 And59 F.No 302","AMBERPET, Telangana, RANGAREDDY, DORO NO 2-2-647/57 AND59 F.NO 302",0.0,0.5625,"2,302,57,59,647","2,302,57,59,647",5,0
S1-269078685,S2-565974697,Best Business,बेस्ट बिजनेस,"6 Ashirwad, Opp Sohan Service Station, Ajmer Road, Jaipur, Rajasthan","6 ASHIRWAD, AJMER ROAD, राजस्थान",0.0,0.2857142857142857,6,6,1,0
S1-308059004,S2-974697582,New Future Marketing,நியூ ஃபியூச்சர் மார்க்கெட்டிங்,"I Floor347, Arcot Road Kodambakkam, Chennai, Tamil Nadu","I FLOOR347/9, CHENNAI, தமிழ்நாடு",0.0,0.23076923076923078,347,"347,9",1,0
S1-639794363,S2-280695805,Shiv Trading Private Limited,Shiv Trading Private,"132, Audiyyappa Street Sowcarpet, Chennai, Tamil Nadu",,0.75,0.0,132,,0,1
S1-164510958,S2-110411180,Jaya (India) Services Private Limited,Jaya (India) Services Private,"Plot No 6 Ground Floor, Kh No 10/2 A Baprola, New Delhi, West Delhi, Delhi","दिल्ली, PLOT NO ##6 GROUND FLOOR, KH NO 10/2 A BAPROLA, NEW DELHI",0.8,0.8,"10,2,6","10,2,6",3,0
S1-342121403,S2-722395196,Sree One Estate Private Limited,ಶ್ರೀ ಒನ್ ಎಸ್ಟೇಟ್ ಪ್ರೈವೇಟ್ ಲಿಮಿಟೆಡ್,"No 4, 15Th Cross, 17Th Main J P Nagar, 2Nd Phase, Bangalore, Karnataka","#4, 15TH CROSS, 17TH MAIN J P NAGAR, 2ND PHASE, BANGALORE, ಕರ್ನಾಟಕ",0.0,0.6875,"15,17,2,4","15,17,2,4",4,0
S1-855858417,S2-460265749,North Star Global Pvt Ltd,नॉर्थ स्टार ग्लोबल प्रा. लि.,"406, Tower-Ii, Mount Kailash, New Delhi, South Delhi, Delhi","NEW DELHI, दिल्ली, TOWER-II, MOUNT KAILASH, BLOCK F-820 406",0.0,0.5384615384615384,406,"406,820",1,0
S1-181604294,S2-502356632,Silver Ventures Private Limited,सिल्वर वेंचर्स प्राइवेट लिमिटेड,"G-17 Dda Sfs Flats, Sector-22 Dwarka, New Delhi, South West Delhi, Delhi","NO. 141. G-17 DDA SFS FLATS, SOUTH WEST DELHI, Delhi",0.0,0.5714285714285714,"17,22","141,17",1,0
S1-887332329,S2-407438556,HPP Solutions Private Limited,HPP Solutions Private,"H.No. Mh 071/28/001/2016, Mahakali Ward, Chandrapur, Maharashtra",,0.75,0.0,"001,071,2016,28",,0,1
S1-252453424,S2-84040054,Sandur Care Private Limited,Sandur Care Private Ltd,"Dr No 2 728 Chornur Main, Bellary, Road Near Gramapanchayati, Sandur, Karnataka",,0.6,0.0,"2,728",,0,1
S1-665990436,S2-842218186,Galaxy Management LLP,GALAXY MNAAFGGENT LLP,"Premises No-74/68, Bardhaman Getway, Kalna Rd, Burdwan - I, Bardhaman, West Bengal",,0.5,0.0,"68,74",,0,1
S1-398093721,S2-585277988,Zen Sugar Center,Dr Zen  Sugar Cecr,"L-11/2, G.F., Dlf City, Phase-Ii, Gurgaon, Haryana","L-11/2, G.F., DLF CITY, PHASE-II, GURGAON, हरियाणा",0.4,0.7142857142857143,"11,2","11,2",2,0
S1-872067743,S2-54951474,LXS Fertilizers Private Limited,Limited LXS Fertilizers Center,"Sr. No. 14, Shop No. 2, Matoshree Niwas, Near Dhadge Industrial Estate, Sinhagad Road, Haveli, Pune, Maharashtra","PUNE, SR. NO. D/14, PUNE, Maharashtra",0.6,0.29411764705882354,"14,2",14,1,0
S1-343487055,S2-149691713,Golden Enterprises Limited,ಗೋಲ್ಡನ್ ಎಂಟರ್‌ಪ್ರೈಸಸ್ ಲಿಮಿಟೆಡ್,"124, 1St Floor, 2Nd E Cross Ombr Layout, Bangalore North, Bangalore, Karnataka","124, 1ST FLOOR, 2ND E CROSS OMBR LAYOUT, BANGALORE URBAN, BANGALORE, ಕರ್ನಾಟಕ",0.0,0.6,"1,124,2","1,124,2",3,0
S1-786084878,S2-555213729,Rk Engineers (India),Lumxylodrex,"H No. 13-1-65/A, First Floor, Subash Nivas Mothi Nagar Extn., Hyderabad, Telangana","13-1-65/A, HYDERABAD, తెలంగాణ",0.0,0.2631578947368421,"1,13,65","1,13,65",3,0
S1-721951042,S2-54958665,Arti Products (India) Private Limited,Arti Prcts (India) Private [Limited],"Vill. & Post- Gadoj Teh.- Behror, Alwar, Rajasthan",,0.6666666666666666,0.0,,,0,1
S1-109110432,S2-998025380,Maheshwara Healthcare Private Limited,Dr Maheshwara  Healthcare Prslvbte Limited,"Flat No.505, Nilgiri Block, Aditya Enclave, Ameerpet, Hyderabad, Telangana","H.NO 505 , NILGIRI BLOCK, ADITYA ENCLAVE, AMEERPET, HYDERABAD, Andhra Pradesh",0.5,0.6153846153846154,505,505,1,0
S1-873478998,S2-936541413,Anand Builders Private Limited,Anand Builders,"E-41/5 Okhla Industrial Areaphase-I, New Delhi, South Delhi, Delhi","E-#41/5 OKHLA INDUSTIRAL AREAPHASE-I, NEW DELHI, Delhi",0.5,0.7272727272727273,"41,5","41,5",2,0
S1-75295137,S2-43130520,Indo Consultants Pvt Ltd,ઇન્ડો કન્સલ્ટન્ટ્સ પ્રા. લિ.,"301, Om Shayona Arcade, Nr. Silver Oak University, S. G. Highway, Gota, Ahmedabad, Gujarat","301, AHMEDABAD, Gujarat",0.0,0.21428571428571427,301,301,1,0
S1-697647423,S2-583749766,Balaji Properties LLP,बालाजी प्रॉपर्टीज एलएलपी,"R-193, Vani Vihar Uttam Nagar, New Delhi, Delhi","#591 R-193, VANI VIHAR UTTAM NAGAR, UTTAM NAGAR, Delhi",0.0,0.7777777777777778,193,"193,591",1,0
S1-862969774,S2-242246391,Classic Producer,क्लासिक प्रोड्यूसर,"Flat No 15, Mahabhadrakali Apartment, New Delhi, South West Delhi, Delhi","MAHABHADRAKALI APARTMENT, दिल्ली, DIVREPORTINGCIRCLE, SOUTH WEST DELHI, NO 15",0.0,0.5833333333333334,15,15,1,0
S1-620426552,S2-584472223,Jai Solutions Limited,JAI JAI LIMITED SERVICES,"Standford Plaza, Pltot B/65, Off. New Link Road Andheri (West), Mumbai, 5, Maharashtra, Mumbai City","5/6, STANDFORD PLAZA, PLTTO B/65, OFF. NEW LINK ROAD ANDHERI (WEST), MUMBAI, null, महाराष्ट्र",0.5,0.5454545454545454,"5,65","5,6,65",2,0
S1-620426552,S2-387507770,Jai Solutions Limited,LTD JAI SOLUTIONS,"Standford Plaza, Pltot B/65, Off. New Link Road Andheri (West), Mumbai, 5, Maharashtra, Mumbai City","5/6, null, MUMBAI CITY, MUMBAI, Maharashtra",0.5,0.23529411764705882,"5,65","5,6",1,0
S1-806338893,S2-33271006,Shakti International Private Limited,शक्ति इंटरनेशनल प्राइवेट लिमिटेड,"Sn158/1/1, Behindutsavhome, Azad Nagar, Chovisawadi, Khed, Pune, Maharashtra","महाराष्ट्र, MOSHI, SN158/1/1., KHED",0.0,0.21428571428571427,"1,158","1,158",2,0
S1-774820473,S2-367335830,Anand Exports Private Limited,आनंद एक्सपोर्ट्स प्राइवेट लिमिटेड,"216, Bhaveshwar Arcade Annexe L.B.S Marg, Ghatkopar West, Mumbai City, Maharashtra, Mumbai","216, MUMBAI, Maharashtra",0.0,0.23076923076923078,216,216,1,0
S1-844754824,S2-565269135,Blue Business Private Limited,ब्लू बिजनेस प्राइवेट लिमिटेड,"Maharashtra, Mumbai, Sorrento Chs Ltd, Hiranandani Gardens, Powai, 604 6Th Floor","604 6TH FLOOR, MUMBAI, Maharashtra",0.0,0.45454545454545453,"6,604","6,604",2,0
S1-844754824,S2-935629294,Blue Business Private Limited,ब्लू बिजनेस प्राइवेट लिमिटेड,"Maharashtra, Mumbai, Sorrento Chs Ltd, Hiranandani Gardens, Powai, 604 6Th Floor","NO 604 6TH FLOOR, MUMBAI, Maharashtra",0.0,0.4166666666666667,"6,604","6,604",2,0
S1-235474292,S2-830589314,Technologies Smart Cosmetics Corporation,technologiessmartcosmetics.com,"Unit No. 461, 4Th Floor, Plot No. 06, Vegas Mall, Sector 14, New Delhi, South West Delhi, Delhi","NO. 62 UNIT NO. 461, 4TH FLOOR, PLOT NO. 06, VEGAS MALL, SECTOR 14, NEW DELHI, दिल्ली",0.0,0.7222222222222222,"06,14,4,461","06,14,4,461,62",4,0
S1-230692194,S2-869111519,Neuro Bikes Private Limited,Smt Neuro Bikes Private Ltd,"13/35 Sadar Bazar, Guna, Madhya Pradesh, Guna","DOOR NO 3/35 SADAR BAZAR, GUNA, मध्य प्रदेश",0.5,0.26666666666666666,"13,35","3,35",1,0
S1-726341420,S2-893970386,Dynamic Care Private Limited,डायनामिक केयर प्राइवेट लिमिटेड,"Delhi, Ratiya Marg, Sangam Vihar, G-9/220 Ground Floor, South Delhi, Delhi","G-9/220 GROUND FLOOR, DELHI, दिल्ली, SOUTH DELHI",0.0,0.5384615384615384,"220,9","220,9",2,0
S1-459661899,S2-171501881,Dynamic Great Power Private Limited,ଡାଇନାମିକ୍ ଗ୍ରେଟ୍ ପାୱାର୍ ପ୍ରାଇଭେଟ୍ ଲିମିଟେଡ୍,"A/15 Sahid Nagar, Bhubaneswar, Khordha, Orissa","BHUBANESWAR, BHUBANESHWAR, A/15 SAHID NAGAR, Orissa",0.0,0.75,15,15,1,0
S1-383712942,S2-39854879,New Systems Private Limited,न्यू सिस्टम्स प्राइवेट लिमिटेड,"Plot No.6, Second Floor, Sector-13, Dwarka, New Delhi, South West Delhi, Delhi","H.NO 6, NEWDELHI, NEW DELHI, Delhi",0.0,0.2857142857142857,"13,6",6,1,0
S1-917194349,S2-324330512,Grand Organics Private Limited,Pbrmvate Grand Organics Limited,"South West Delhi, New Delhi, Mlu Pocket, Manish Locatn Plaza Sec12, Delhi, G-2 Plot No.1","HN 357 G-2 PLOT NO.1, NEWDELHI, SOUTH WEST DELHI, Delhi",0.6,0.4444444444444444,"1,12,2","1,2,357",2,0
S1-539911606,S2-928954667,Vijay Services,ବିଜୟ ସର୍ଭିସେସ୍,"Orissa, Sector A, Zone A, Mancheswar Industrial Estate, Plot No. 133/C, Bhubaneswar, Khordha","DOOR NO 133/C, SECTOR A, ZONE A, MANCHESWAR INDUSTRIAL ESTATE, BHUBANESWAR, Odisha",0.0,0.6666666666666666,133,133,1,0
S1-954292530,S2-821169808,United It Pvt Ltd,యునైటెడ్ ఐటీ ప్రైవేట్ లిమిటెడ్,"P Number 4 And 4A, 8-2-293/174/4B/1A, Road Number 14, Banjara Hills, Khairatabad, Hyderabad, Telangana","P NUMBER 4 AND 4A, HYDERABAD, తెలంగాణ",0.0,0.2727272727272727,"1,14,174,2,293,4,8",4,1,0
S1-506940093,S2-603000228,Arham Drug (India) Public Limited,Shri Arham  Drug (India) Public Ltd,"H.No. 111, Vpo Nimbri, Panipat, Haryana","हरियाणा, H.NO. 111, VPO NIMBRI",0.5714285714285714,0.5,111,111,1,0
S1-821501016,S2-187989963,North Estate Private Limited,नॉर्थ एस्टेट प्राइवेट लिमिटेड,"Plot No. 169 Scheme No. 78-Ii, Indore, Madhya Pradesh","INDORE, NO #169 SCHEME NO. 78-II, INDORE, मध्य प्रदेश",0.0,0.42857142857142855,"169,78","169,78",2,0
S1-580698899,S2-268122113,Perfect Products Private Limited,परफेक्ट प्रोडक्ट्स प्राइवेट लिमिटेड,"H-12 Everest, 9Th Floor, Tardeo Road, Mumbai, Maharashtra","H-12  EVEREST, TARDEO ROAD, MUMBAI, महाराष्ट्र",0.0,0.46153846153846156,"12,9",12,1,0
S1-55788065,S2-32597478,Suyog Aids Private Limited,Shri SUYOG AIDS PRIVATE LTD,"S.No.797/1, Tkr Towers, Near Payakapuram Cross Rd, Inner Ring Ro, Ad, Nunna, Vijayawada, Krishna, Andhra Pradesh",,0.5,0.0,"1,797",,0,1
S1-587862003,S2-64966409,Divine Brothers,Sri Divine 8rothehs,"164 Rajdanga Main Road, Kolkata, Howrah, West Bengal","#164 RAJDANGA MAIN ROAD, KOLKATA, KOLKATA, পশ্চিমবঙ্গ",0.25,0.4166666666666667,164,164,1,0
S1-888556932,S2-72064687,Sunrise Media Private Limited,సన్‌రైజ్ మీడియా ప్రైవేట్ లిమిటెడ్,"Ground 1St, 2Nd And 3Rd Floors, Jyothi Arina, Mch No.8-2-120/86/2, Shaikpet Village, Road No 2, Khairatabad, Hyderabad, Telangana","GRUOND #1ST, HYDERABAD, KHAIRATABAD, Andhra Pradesh",0.0,0.13043478260869565,"1,120,2,3,8,86",1,1,0
S1-888556932,S2-708147596,Sunrise Media Private Limited,సన్‌రైజ్ మీడియా ప్రైవేట్ లిమిటెడ్,"Ground 1St, 2Nd And 3Rd Floors, Jyothi Arina, Mch No.8-2-120/86/2, Shaikpet Village, Road No 2, Khairatabad, Hyderabad, Telangana","GROUND #1ST, KHAIRATABAD, HYDERABAD, Andhra Pradesh",0.0,0.18181818181818182,"1,120,2,3,8,86",1,1,0
S1-361406451,S2-641076400,Supreme Agro Private Limited,सुप्रीम एग्रो प्राइवेट लिमिटेड,"H N0-342/109, Gala 101, 1St Flr, Bldg 109 Indian Corpo., Gundawali, Bhiwandi, Thane, Maharashtra","H N0-342/109, THANE, महाराष्ट्र",0.0,0.2631578947368421,"0,1,101,109,342","0,109,342",3,0
S1-627162612,S2-226974974,Eastern Investments,ईस्टर्न इन्वेस्टमेंट्स,"M-67, Today Home, B-Ii, Sec-51, Sadar Bazar, Gurgaon, Haryana","M-67, MUZAFFARNAGAR, GURGAON, Haryana",0.0,0.3076923076923077,"51,67",67,1,0
S1-627162612,S2-624539914,Eastern Investments,ईस्टर्न इन्वेस्टमेंट्स,"M-67, Today Home, B-Ii, Sec-51, Sadar Bazar, Gurgaon, Haryana","M-67, MUZAFFARNAGAR, GURGAON, हरियाणा",0.0,0.1875,"51,67",67,1,0
S1-569727377,S2-193199111,Supreme Investment Pvt Ltd,సుప్రీమ్ ఇన్వెస్ట్‌మెంట్ ప్రైవేట్ లిమిటెడ్,"18-709, Sf3 Kanuru, Penamaluru, Krishna, Andhra Pradesh","DOOR NO 81 18-709, KRISHNA, Andhra Pradesh",0.0,0.45454545454545453,"18,3,709","18,709,81",2,0
S1-569727377,S2-606189639,Supreme Investment Pvt Ltd,సుప్రీమ్ ఇన్వెస్ట్‌మెంట్ ప్రైవేట్ లిమిటెడ్,"18-709, Sf3 Kanuru, Penamaluru, Krishna, Andhra Pradesh","KRISHNA, Andhra Pradesh, DOOR NO 81 18-709, KRISHNA",0.0,0.45454545454545453,"18,3,709","18,709,81",2,0
S1-592121392,S2-323453955,Sky Star Management Private Limited,స్కై స్టార్ మేనేజ్‌మెంట్ ప్రైవేట్ లిమిటెడ్,"5-9 K Lakshmipuram, Kalagara Vissannapeta, Vissannapet, Krishna, Andhra Pradesh","#5-9 K LAKSHMIPURAM, VISSANNAPET, CHANUBANDA, ఆంధ్రప్రదేశ్",0.0,0.3125,"5,9","5,9",2,0
S1-636853517,S2-243680910,Ace Consultants Private Limited,Ace Consultants,"H. No. 18, Floor Ground, Block- A, Phase- 2 Naraina Ind Area, New Delhi, South West Delhi, Delhi","18 , FLOOR GROUND, BLOCK- A, PHASE- 2 NARAINA IND AREA, NEW DELHI, दिल्ली",0.5,0.6666666666666666,"18,2","18,2",2,0
S1-146835442,S2-949262210,Sai Media Pvt Ltd,Sai Moeia Pvt Ltd,"K 10, Basement, Lajpat Nagar-2, New Delhi, New Delhi, South Delhi, Delhi","K 10, BASEMENT, LAJPAT NAGAR-2, NEW DELHI, NEW DELHI, दिल्ली",0.6,0.7272727272727273,"10,2","10,2",2,0
S1-486243382,S2-606424349,United Trading Pvt Ltd,యునైటెడ్ ట్రేడింగ్ ప్రైవేట్ లిమిటెడ్,"Plot No 47 & 48, Flat No 202, Vijay Sai Residency, Sardar Patel Nagar, Kphb Colony, Tirumalagiri, Hyderabad, Telangana","H.NO 47- & 48, TIRUMALAGIRI, HYDERABAD, Andhra Pradesh",0.0,0.2857142857142857,"202,47,48","47,48",2,0
S1-225197508,S2-856166128,Nisarg Brothers Private Limited,Nisarg Bróthers,"Fl05 Wing-A Kaweri Apt, Kondhawa, Pune City, Pune, Maharashtra",,0.2,0.0,05,,0,1
S1-843416265,S2-782226927,All It Private Limited,ऑल आईटी प्राइवेट लिमिटेड,"T5-1001, Parsavnath Greenville, Sector-48, Sohna Road, Gurgaon, Haryana","TB3/5-1001, GURGAON, हरियाणा",0.0,0.13333333333333333,"1001,48,5","1001,3,5",2,0
S1-843416265,S2-933747006,All It Private Limited,ALL ALL IT PRITE LIMITED,"T5-1001, Parsavnath Greenville, Sector-48, Sohna Road, Gurgaon, Haryana",,0.6,0.0,"1001,48,5",,0,1
S1-843416265,S2-832765032,All It Private Limited,ऑल आईटी प्राइवेट लिमिटेड,"T5-1001, Parsavnath Greenville, Sector-48, Sohna Road, Gurgaon, Haryana","GURGAON, Haryana, TB3/5-1001, GURGAON",0.0,0.25,"1001,48,5","1001,3,5",2,0
S1-156265549,S2-569687165,Khalsa Farmers (India) of Bangalore,Khalsa Fármers (India),"No 342 1St Main New Binny Layout, Bangalore, Karnataka","#342 1ST MAIN NEW BINNY LAYOUT, BANGNLORE, ಕರ್ನಾಟಕ",0.3333333333333333,0.46153846153846156,"1,342","1,342",2,0
S1-960187437,S2-610145620,Hyderabad Play Private Limited,Hyderabad Play Private Ltd,"6-6-363/B, Ft/401, Road No 6, Mashad Mansion, Khairtabad, Hyderabad, Telangana",,0.6,0.0,"363,401,6",,0,1
S1-847877853,S2-739803514,Le Films Private Limited,Miranoviecto,"13, Morsaligali Indore, Indore, Madhya Pradesh","13, INDORE, मध्य प्रदेश",0.0,0.2,13,13,1,0
S1-59494322,S2-943128703,Gold Tech Ltd,Gold Ltd Partners,"Sri Ranga Arcade, No 2, 2Nd Floor, Opp To Padmavati Kalyana Mantapa Madanayakanaha, Lli, Bangalore North, Bangalore, Karnataka",,0.5,0.0,2,,0,1
S1-731028659,S2-33274975,Ss Global Private Limited,एसएस ग्लोबल प्राइवेट लिमिटेड,"Tara Smriti, Saket Puri. Bazar Samiti., Patna, Bihar","BLOCK F-378 TARA SMRITI, PATNA, SULTANGANJ, Bihar",0.0,0.3333333333333333,,378,0,0
S1-568268655,S2-178070925,North Impex Private Limited,Mr N0rth Impex Private,"38/2C, G. J. Khan Road 2Nd Floor, Kolkata, Kolkata, Howrah, West Bengal","379 38/2C, KOLKATA, SOUTH 24 PARGANAS, West Bengal",0.3333333333333333,0.3125,"2,38","2,24,379,38",2,0
S1-568268655,S2-534761389,North Impex Private Limited,নর্থ ইম্পেক্স প্রাইভেট লিমিটেড,"38/2C, G. J. Khan Road 2Nd Floor, Kolkata, Kolkata, Howrah, West Bengal","West Bengal, G. J. KHAN ROAD 2ND FLOOR, KOLKATA, KOLKATA, DOOR NO 379 38/2C, SOUTH 24 PARGANAS",0.0,0.6111111111111112,"2,38","2,24,379,38",2,0
S1-568268655,S2-543810131,North Impex Private Limited,নর্থ ইম্পেক্স প্রাইভেট লিমিটেড,"38/2C, G. J. Khan Road 2Nd Floor, Kolkata, Kolkata, Howrah, West Bengal","379 38/2C, KOLKATA, SOUTH 24 PARGANAS, পশ্চিমবঙ্গ",0.0,0.15,"2,38","2,24,379,38",2,0
S1-435302697,S2-10732305,Classic Clinic,Dr Classic Services,"H No. 5/490, Date Mala, Ichalkaranji, Kolhapur, Maharashtra","H NO. 5/49 , DATE MALA, ICHALKARANJI, महाराष्ट्र",0.25,0.42857142857142855,"490,5","49,5",1,0
S1-172406031,S2-714736990,Shiva Foods Private Limited,शिवा फूड्स प्राइवेट लिमिटेड,"No. 1, Shree Ram Darshan Bldg., Plot No. 203A, Sion Ramraghukul Chsl, Sion Main Road, S, Ion East, Mumbai, Maharashtra","NO. 1, MUMBAI REGION, MUMBAI, Maharashtra",0.0,0.21052631578947367,"1,203",1,1,0
S1-505698709,S2-721962465,Classic Consulting LLP,క్లాసిక్ కన్సల్టింగ్ ఎల్‌ఎల్‌పీ,"G4 & G8, Secundrabad, Telangana, Ground Floor, Plot No. 4, Park View Colny Srinidhi Residency Hasmatpet Beside Reli, Ance Fresh","G4 & G8, HYDERABAD CITY REGION, SECUNDRABAD, Telangana",0.0,0.21739130434782608,"4,8","4,8",2,0
S1-333226557,S2-10607464,Indian Energy Pvt Ltd,இந்தியன் எனர்ஜி பிரைவேட் லிமிடெட்,"Tamil Nadu, Chennai, 4A, Chennai, Block-1, Dra Tuxedo Elite, Inner Ring Road, Velachery","5A, CHENNAI, Tamil Nadu",0.0,0.21428571428571427,"1,4",5,0,0
S1-462422206,S2-412157250,LP Reality Private Limited,LP Reality Private,"A-101, J. P. Decks, General A. K. Vaidya Marg, Malad East, Mumbai, Maharashtra","महाराष्ट्र, H.NO 424 A-101, J. P. DECKS, GENERAL A. K. VIDYA MARG, MALAD EAST",0.75,0.47619047619047616,101,"101,424",1,0
S1-540644287,S2-623067387,Vijay Trading Pvt Ltd,विजय ट्रेडिंग प्रा. लि.,"House No 163, Floor Ground Block- C Pitam Pura New Delhi, Delhi, North West, Delhi","NO. 442 HOUSE NO 163, DELHI, NORTH WEST, दिल्ली",0.0,0.375,163,"163,442",1,0
S1-39238699,S2-223029428,Shree New It Private Limited,श्री न्यू आईटी प्राइवेट लिमिटेड,"A-26-F, Shree Villa Apartment Bhartiya Path, K.C. Road, Banipark, Jaipur, Rajasthan, Jaipur, 504","50, JAIPUR, Rajasthan",0.0,0.125,"26,504",50,0,0
S1-39238699,S2-388786435,Shree New It Private Limited,Shree New It Private,"A-26-F, Shree Villa Apartment Bhartiya Path, K.C. Road, Banipark, Jaipur, Rajasthan, Jaipur, 504",,0.8,0.0,"26,504",,0,1
S1-325340511,S2-437211669,Balaji Marketing LLP,बालाजी मार्केटिंग एलएलपी,"Kr-004 Agarsen Appt. 66, I.P. Extension Patparganj, Delhi, East Delhi, Delhi","EAST DELHI, दिल्ली, KR-00 AGARSEN APPT. 66, PAPRAWAT",0.0,0.4,"004,66","00,66",1,0
S1-292356507,S2-270395464,Services Parry Securities Limited,Kelojax,"Kimtee Square, 5Th Floor, Door No.8-2-686 Rd No, 12, Banjara Hills, Hyderabad, Telangana","KIMTEE SQUARE, BANJARA HILLS, HYDERABAD, Andhra Pradesh",0.0,0.29411764705882354,"12,2,5,686,8",,0,0
S1-210853743,S2-612395203,Future International Private Limited,फ्यूचर इंटरनेशनल प्राइवेट लिमिटेड,"P. 80, Meghdoot Apt, Canal Road, Ramdaspeth, Nagpur, Maharashtra","P. ##80, NAGPUR, महाराष्ट्र",0.0,0.23076923076923078,80,80,1,0
S1-735325699,S2-793632001,Noida Services Private Limited,#noidaservices,"Shop No. 47, Ii Nd Floor Sector 18, Noida, Gautam Buddha Nagar, Uttar Pradesh","Uttar Pradesh, SHOP NO. #47 , II ND FLOOR SECTOR 18, NODDA",0.0,0.6666666666666666,"18,47","18,47",2,0
S1-735325699,S2-632103455,Noida Services Private Limited,Noida Services Private Ltd,"Shop No. 47, Ii Nd Floor Sector 18, Noida, Gautam Buddha Nagar, Uttar Pradesh","NO #47 , II ND FLOOR SECTOR 18, NOIDA, Uttar Pradesh",0.6,0.7142857142857143,"18,47","18,47",2,0
S1-692657417,S2-189479342,NOO Broking Private Limited,NOO  Broking,"Tf-4, Vinayak Triveni Tower Kanpur Road, Civil Lines, Allahabad, Uttar Pradesh",,0.5,0.0,4,,0,1
S1-154246388,S2-270041387,Devaya Samaj Pvt Ltd,Wexnex,"530, 3Rd Main, Bhuvanagiri, Ombr Layout, Bansavadi, Bangalore, Karnataka","30, BANGALORE, Karnataka",0.0,0.2,"3,530",30,0,0
S1-383755298,S2-217644803,Real Healthcare Private Limited,REAL [HEALTHCARE],"Plot No. A - 67, Midc Area, Ahmednagar, Maharashtra","PLOT NO. A - D/67, MIDC AREA, Maharashtra",0.5,0.7777777777777778,67,67,1,0
S1-383755298,S2-143317641,Real Healthcare Private Limited,Real Healthcare Private Ltd,"Plot No. A - 67, Midc Area, Ahmednagar, Maharashtra","Maharashtra, PLOT NO. A - D/67, MIDC AREA",0.6,0.7777777777777778,67,67,1,0
S1-863402991,S2-633464079,Nishan Farms Pvt. Ltd.,Nishan Pvt. Ltd. Services,"Uttar Pradesh, Gautam Buddha Nagar, C-21 Sector-85, Gautam Buddha Nagar, Dadri","C-21 SECTOR-85, GAUTAM BUDDHA NAGAR, DADRI, उत्तर प्रदेश",0.6,0.5333333333333333,"21,85","21,85",2,0
S1-754278357,S2-856227539,City Systems Pvt Ltd,సిటీ సిస్టమ్స్ ప్రైవేట్ లిమిటెడ్,"63-H, Srisaisadan Apartments, Sundar Nagar, Hyderabad, Telangana","63-H, HYDERABAD, SUNDAR NAGAR, Andhra Pradesh",0.0,0.5,63,63,1,0
S1-754278357,S2-493679426,City Systems Pvt Ltd,సిటీ సిస్టమ్స్ ప్రైవేట్ లిమిటెడ్,"63-H, Srisaisadan Apartments, Sundar Nagar, Hyderabad, Telangana","63-H, SUNDAR NAGAR, Andhra Pradesh",0.0,0.4,63,63,1,0
S1-315408649,S2-557799307,One Systems LLP,वन सिस्टम्स एलएलपी,"Shivam, Near Bora Park, Building B Flat 503, S. No. 185, Pimple Saudagar, Pune, Maharashtra","SHIVAM, PUNE, Maharashtra",0.0,0.2,"185,503",,0,0
S1-254424163,S2-535839838,APS Foundation Pvt Ltd,APS APS Pvt Ltd Partners,"Flat No. 123 Sfs, Munirka Vihar, Opp. Jnu, New Delhi, South West Delhi, Delhi",,0.6,0.0,123,,0,1
S1-348289896,S2-801540283,Jai Services Private Limited,जय सर्विसेज प्राइवेट लिमिटेड,"C/O Ripuraj Agro Pvt Ltd, Vill Amodei Ramgarhwa, Amodei, East Champaran, Raxaul, Raxaul, East Champaran, Bihar","PLOT 428 C/O RIPURAJ AGRO PVT LTD, RAXAUL, NULL, Bihar",0.0,0.5,,428,0,0
S1-612280396,S2-750468004,Zydus Brothers Pvt. Ltd.,Pvt Zydus Brgehsr Ltd,"Office No. 202, 2Nd Floor, C-Wing, Neelkanth Business Park, Vidyavihar West, Mumbai, Mumbai City, Maharashtra","Maharashtra, MUMBAI, OFFICE NO. 0202",0.6,0.25,"2,202",0202,0,0
S1-60786524,S2-265919343,White Maa Finance Private Limited,ವೈಟ್ ಮಾ ಫೈನಾನ್ಸ್ ಪ್ರೈವೇಟ್ ಲಿಮಿಟೆಡ್,"4-14, Nakara Mangalanthi, Manjanady, Mangalore, Dakshina Kannada, Karnataka","4-14, MANGALORE, DAKSHINA KANNADA, ಕರ್ನಾಟಕ",0.0,0.4166666666666667,"14,4","14,4",2,0
S1-205157706,S2-498089918,Great Solutions Private Limited,ग्रेट सॉल्यूशंस प्राइवेट लिमिटेड,"74, Wakeel Road, Muzaffarnagar, Uttar Pradesh","74, MUZAFFARNAGAR, MIMLANA, उत्तर प्रदेश",0.0,0.16666666666666666,74,74,1,0
S1-897980882,S2-873385836,Dream Infrastructure Private Limited,ड्रीम इंफ्रास्ट्रक्चर प्राइवेट लिमिटेड,"60, Gali Gugan Singh Haveli, Pooth Kalan Village, Delhi","BLOCK E-829 60, POOTH KALAN VILLAGE, null, दिल्ली",0.0,0.26666666666666666,60,"60,829",1,0
S1-879988402,S2-176787422,Vp Enterprises Private Limited,Vp Enterprises Private Ltd,"Kailash Colony Greater Kailash, M-13, South Delhi, Delhi","दिल्ली, M-##13, KAILASH CLONY GREATER KAILASH, DELHI",0.6,0.5,13,13,1,0
S1-196733551,S2-984317821,New Delhi Seeds Limited,Services New Delhi Limited,"H.No.690 Ward No.3, Mehrauli, New Delhi, South Delhi, Delhi","H.NO.690 WARD NO.3, SOUTH DELHI, SOUTH, दिल्ली",0.6,0.6363636363636364,"3,690","3,690",2,0
S1-857785834,S2-431003272,Sree Smart Properties Private Limited,श्री स्मार्ट प्रॉपर्टीज प्राइवेट लिमिटेड,"S No- 6/2/4, Shivshankar Colony Sandeep Nagar, Thergaon, Pune, Maharashtra","PUNAWALE, Maharashtra, PUNE, S NO- 6/2/4",0.0,0.5384615384615384,"2,4,6","2,4,6",3,0
S1-248002844,S2-573352817,Hitech Industries Private Limited,ஹைடெக் இண்டஸ்ட்ரீஸ் பிரைவேட் லிமிடெட்,"2/7A, 4Th Cross, 3Rd Main, Near Balaji Mahal, New Colony, Chrompet, Chennai, Tamil Nadu","2/7A, CHENNAI, Tamil Nadu",0.0,0.3333333333333333,"2,3,4,7","2,7",2,0
S1-248002844,S2-38362459,Hitech Industries Private Limited,ஹைடெக் இண்டஸ்ட்ரீஸ் பிரைவேட் லிமிடெட்,"2/7A, 4Th Cross, 3Rd Main, Near Balaji Mahal, New Colony, Chrompet, Chennai, Tamil Nadu","CHENNAI, Tamil Nadu, 2/7A",0.0,0.3333333333333333,"2,3,4,7","2,7",2,0
S1-990071226,S2-10314136,Indian Power Private Limited,इंडियन पावर प्राइवेट लिमिटेड,"Office No 125, Pragati Industrial Estate, Pragati Primises Co-Op Soc Ltd. Delisle Rd, N M, Joshi Marg, Mumbai, Mumbai City, Maharashtra","OFFICE NO 125, BOMBAY, MUMBAI CITY, Maharashtra",0.0,0.2857142857142857,125,125,1,0
S1-608243778,S2-269234309,Aditya Consultants Private Limited,आदित्य कंसल्टेंट्स प्राइवेट लिमिटेड,"North West Delhi, Gupta Tower, Azadpur Commercial Complex, Azadpur, Delhi, 302","302, DELHI",0.0,0.2222222222222222,302,302,1,0
S1-319627604,S2-772464701,Amos Academy Private Limited,Amos Academy Pivgate Limited,"Kerala, Nh Bypass, Near Emc, Vennala P O, Skyline House, Cochin, Ernakulam",,0.6,0.0,,,0,1
S1-416691959,S2-890076153,UN Consultants Private Limited,UN CONSULTANTS PRIVATE,"At Post- Astha, Taluka-Walwa, Sangli, Maharashtra","AT POST- ASTHA, TALUKA-WALWA, NULL, महाराष्ट्र",0.75,0.4166666666666667,,,0,0
S1-416691959,S2-490958565,UN Consultants Private Limited,UN Consultants Private Ltd,"At Post- Astha, Taluka-Walwa, Sangli, Maharashtra",,0.6,0.0,,,0,1
S1-464723779,S2-796156548,Seven Projects Private Limited,సెవెన్ ప్రాజెక్ట్స్ ప్రైవేట్ లిమిటెడ్,"D.No. 12-1754, Road No-5 Sundaraiah Nagar, Tadepalli, Guntur, Andhra Pradesh","D.NO. 12-1754, <NULL>, GUNTUR, TADEPALLI, ఆంధ్రప్రదేశ్",0.0,0.3333333333333333,"12,1754,5","12,1754",2,0
S1-839300398,S2-177345351,Anand Hospitality Private Limited,आनंद हॉस्पिटैलिटी प्राइवेट लिमिटेड,"Delhi, Flat No 103, 22 K G Marg, Central Delhi, New Delhi","FLAT NO 103, 22 K G MARG, CENTRAL DELHI, दिल्ली",0.0,0.75,"103,22","103,22",2,0
S1-757211345,S2-391290774,Jai Projects Private Limited,जय प्रोजेक्ट्स प्राइवेट लिमिटेड,"594 Ka 200/2 Vijay Nagar, Nilmatha, Lucknow, Uttar Pradesh","344 KA 200/2 VIJAY NAGAR, LUCKNOW, उत्तर प्रदेश",0.0,0.375,"2,200,594","2,200,344",2,0
S1-505227931,S2-259324796,Great Consultants Pvt Ltd,గ్రేట్ కన్సల్టెంట్స్ ప్రైవేట్ లిమిటెడ్,"Plot No 1046, Road No 52, Jubilee Hills, Hyderabad, Telangana","RANGA REDDY, Telangana, HYDERABAD, ROAD NO 52, JUBILEE HILLS, H.NO 1046",0.0,0.6666666666666666,"1046,52","1046,52",2,0
S1-678895372,S2-90521625,Kvc Institute Corporation,KVC INSTITUTE CÓRPORATION CÓRPORATION,"New Jawahar Nagar, Jalandhar, Punjab","PLOT 998 NEW JAWAHAR NAGAR, JALANDHAR, Punjab",0.5,0.7142857142857143,,998,0,0
S1-469711770,S2-407715900,Harvest Buildcon Private Limited,HARVEST PRIVATE LIMITED SERVICES,"E-4/31, Sector O Mansarovar Yojna Kanpur Road, Lucknow, Uttar Pradesh","PLOT 3 E-4/31, SECTOR O MANSAROVAR YOJNA KANPUR ROAD, LUCKNOW, उत्तर प्रदेश",0.6,0.5263157894736842,"31,4","3,31,4",2,0
S1-469711770,S2-604154331,Harvest Buildcon Private Limited,Sri Harvest Harvest Buildcon,"E-4/31, Sector O Mansarovar Yojna Kanpur Road, Lucknow, Uttar Pradesh","उत्तर प्रदेश, PLOT 3 E-4/31, SECTOR O MANSAROVAR YOJNA KANPUR ROAD, LUCKNOW",0.4,0.5263157894736842,"31,4","3,31,4",2,0
S1-469711770,S2-414496013,Harvest Buildcon Private Limited,Sri HARVEST BUILOD PRIVATE LIMITED,"E-4/31, Sector O Mansarovar Yojna Kanpur Road, Lucknow, Uttar Pradesh","PLOT 3 E-4/31, SECTOR O MANSAROVAR YOJNA KANPUR RHAD, LUCKNOW, उत्तर प्रदेश",0.5,0.45,"31,4","3,31,4",2,0
S1-683608269,S2-982062283,Padam Seva Samiti,Shri Padam Seva,"20/635, D.D.A Flats, Kalkaji, New Delhi, Delhi","दिल्ली, PLOT 71 20/635, D.D.A FLATS, KALKAJI",0.5,0.5,"20,635","20,635,71",2,0
S1-769268857,S2-923508192,Tech Shree Consultancy Private Limited,টেক শ্রী কনসালটেন্সি প্রাইভেট লিমিটেড,"Howrah, 319/77/B, Jessore Road, Kolkata, Kolkata, West Bengal","319/77/B, HOWRAH, West Bengal, KOLKATA",0.0,0.7777777777777778,"319,77","319,77",2,0
S1-185570723,S2-131336508,Mva Multitrade Pvt Ltd,Mva Mu1titrade Pvt,"47 Tarak Pramanick Road, Kolkata, Howrah, West Bengal","DOOR NO 6-47 TARAK PRAMANICK ROAD, KOLKATA, KOLKATA, পশ্চিমবঙ্গ",0.4,0.3333333333333333,47,"47,6",1,0
S1-721539464,S2-164029838,Big Infra,बिग इंफ्रा,"448, Pune City, Pune, Maharashtra","PLOT 278  448, PUNE CITY, PUNE, Maharashtra",0.0,0.6666666666666666,448,"278,448",1,0
S1-434505466,S2-378054793,East Estate Private Limited,East Estate  Private,"2Nd Floor, Skyview 10, The Skyview, S.Y. No.83/1, Raidurgam, Hitech City Mai, N Road, Hyderabad, Telangana",,0.75,0.0,"1,10,2,83",,0,1
S1-305165936,S2-750458813,AJT Nidhi Ltd,AJT Ndioi-Ltd,"Gujarat, Rajkot, Shapar, C/O. Amazon Technocast Pvt. Ltd., Ls No.-26-/P1, Plot No.-1 To 3, Bh. Maruti Petrolium",,0.5,0.0,"1,26,3",,0,1
S1-517335787,S2-972036859,Red Media Private Limited,Red Media Private Ltd,"Ca-126 Salt Lake, Sector-1, Sakltlake, North 24 Parganas, West Bengal","পশ্চিমবঙ্গ, CA-127 SALT LAKE, SECTOR-1, SAKLTLAKE",0.6,0.35294117647058826,"1,126,24","1,127",1,0
S1-517335787,S2-700250832,Red Media Private Limited,RED MEDIA PRINATTE LIMITED,"Ca-126 Salt Lake, Sector-1, Sakltlake, North 24 Parganas, West Bengal","CA-127 SALT LAKE, SECTOR-1, SAKLTLAKE, West Bengal",0.6,0.6153846153846154,"1,126,24","1,127",1,0
S1-958301783,S2-650612936,Arihant Impex Pvt Ltd,ಅರಿಹಂತ್ ಇಂಪೆಕ್ಸ್ ಪ್ರೈವೇಟ್ ಲಿಮಿಟೆಡ್,"No.39, Survey No.2307/1789, 7Th Cross, Dasarahalli, Virupakshapura, Bangalore, Karnataka","BANGALORE, BENGALURU, Karnataka, NO.39",0.0,0.3333333333333333,"1789,2307,39,7",39,1,0
S1-563374537,S2-162561637,TGR Entertainment Pvt. Ltd.,TGR  Entertainment Pvt. Limited,"01/01 W/O Atal Bihari Singh, Vivekpuram, Bharwaliya, Taramandal, Gorakhp, Gorakhpur, Uttar Pradesh",,0.6,0.0,01,,0,1
S1-631244902,S2-218337837,Real It Private Limited,रियल आईटी प्राइवेट लिमिटेड,"Room No. C/5, Raghuvir C H S, Jijamata Marg, Kopri, Near Nakhwa School, Thane, Maharashtra, Thane","THANE, <NULL>, महाराष्ट्र, ROOM NO. C/##5",0.0,0.25,5,5,1,0
S1-777292565,S2-798303413,Bombay Investments Private Limited,Shri BOMBAY INVESTMENTS PNRVT  LIMITED,"C7 233 2Nd Floor Sec-8, Rohini Delhi, Delhi, North West Delhi, Delhi","C7 233 2ND FLOOR SEC-8, ROHINI DELHI, DELHI, दिल्ली",0.5,0.6666666666666666,"2,233,7,8","2,233,7,8",4,0
S1-165999016,S2-542039231,Aatreya Infrastructure Private Limited,AATREYA INFRASTRUCTURE,"1236 Madhav Nagar S/Dn Sangli Sangli, Sangli, Maharashtra",,0.5,0.0,1236,,0,1
S1-752517676,S2-33216699,Delhi Best Private Limited,Delhi Best Limited Services,"House No. 11124 B, Third Floor Siddhipura Doriwallan, Karol Bagh, Delhi, New Delhi, Delhi",,0.6,0.0,11124,,0,1
S1-448106428,S2-500592476,Digital Software Pvt Ltd,डिजिटल सॉफ्टवेयर प्रा. लि.,"Rajeev Nagar, Quarsi Opp Engineers Colony, Koli, Aligarh, Uttar Pradesh, Aligarh, 21, Uttar Pradesh","21, ALIGARH, उत्तर प्रदेश",0.0,0.125,21,21,1,0
S1-599489610,S2-759801612,Black Consultants Pvt Ltd,બ્લેક કન્સલ્ટન્ટ્સ પ્રા. લિ.,"E/401, Shajanand Residency, Near Saurabh Society, Helmet Circle, Ahmedabad, Gujarat","AHMEDABAD, E/401, Gujarat, AHMEDABAD",0.0,0.36363636363636365,401,401,1,0
S1-259473113,S2-524414827,Hotel East Constructions Private Limited,ஹோட்டல் ஈஸ்ட் கன்ஸ்ட்ரக்ஷன்ஸ் பிரைவேட் லிமிடெட்,"91, Varadharajapuram Main Roadteynampet Chennai, Chennai, Tamil Nadu","CHENNAI, Tamil Nadu, 91, ABIRAMAPURAM",0.0,0.5,91,91,1,0
S1-172300611,S2-444788402,Cargo Investment Private Limited,Limited Cargo Investment Center,"C-16, C-Block Market, Vasant Vihar, South West Delhi, Delhi, New Delhi","C-16, SOUTH WEST DELHI, NEW DELHI, Delhi",0.6,0.6,16,16,1,0
S1-172300611,S2-59127129,Cargo Investment Private Limited,Cargo Investment Private,"C-16, C-Block Market, Vasant Vihar, South West Delhi, Delhi, New Delhi","C-16, C-BLOCK MARKET, VASANT VIHAR, NEW DELHI, दिल्ली",0.75,0.6666666666666666,16,16,1,0
S1-629624235,S2-571520923,Digital Finance Private Limited,డిజిటల్ ఫైనాన్స్ ప్రైవేట్ లిమిటెడ్,"Plot No.545/B, Ground Floor, Sector No.3 Road No 86 Film Nagar, Jubilee Hills, Behind Apollo, Hospitals, Hyderabad, Telangana","PLOT NO.545/B, N/A, HYDERABAD, Telangana",0.0,0.2857142857142857,"3,545,86",545,1,0
S1-987962894,S2-72530169,Ar Design Ltd,Ar Ar Design Limited,"Plot No E74 2Nd Floor, Souryapuram Bahmeta, Ghaziabad, Uttar Pradesh",,0.5,0.0,"2,74",,0,1
S1-434659562,S2-508064259,Bangalore North Exports Private Limited,Bangalore North Exports,"Hustle Space Co-Work, Bangalore, Bangalore North, Karnataka, No 1, K No.3316, Ground And 1St Floor, Ayana Tree Building, Dasarahalli Main Road",,0.6,0.0,"1,3316",,0,1
S1-314117385,S2-683348838,Innovative Trading Private Limited,Innovative Teaidang Private Limited,"No.A-118, 1St Floor Kempegowdanagara Main Road, Chamarajapete, Bangalore South, Bangalore, Karnataka",,0.6,0.0,"1,118",,0,1
S1-636302886,S2-324093064,City Projects,M/s cityprojects.com,"B-14 Midc, Maharashtra, Nagpur, Hingna Industrial Estate, Hingna Road","BLOCK C-460 B-14 MIDC, HINGNA INDUSTRIAL ESTATE, HINGNA ROAD, NAGPUR, महाराष्ट्र",0.0,0.5,14,"14,460",1,0
S1-49464980,S2-214352412,Fortune Perfect Services Pvt Ltd,फॉर्च्यून परफेक्ट सर्विसेज प्रा. लि.,"Ahmed Nagar, Maharashtra, Ahmednagar, M.I.D.C, Ind Area, Ahilyanagar, Pl No. B/75","M.I.D.C, IND AREA, AHILYANAGAR, DEHERE, Maharashtra, PL NO. B/75",0.0,0.75,75,75,1,0
S1-195179321,S2-514696285,NOM Tradex Ltd,NOM Tradex Limited Limited,"No.43, Casurina Drive, Neelankarai, Chennai, Tamil Nadu",,0.5,0.0,43,,0,1
S1-866088525,S2-702846357,International Finance Pvt Ltd,ઇન્ટરનેશનલ ફાઇનાન્સ પ્રા. લિ.,"Plot No. 10M, Soham Industrial Park, Village: Mahijda, Taluka: Daskroi, Ahmedabad, Gujarat","PLOT NO. 10M, Gujarat, AHMEDABAD",0.0,0.4166666666666667,10,10,1,0
S1-303974953,S2-940942083,Ram Systems Private Limited,రామ్ సిస్టమ్స్ ప్రైవేట్ లిమిటెడ్,"Hyderabad, H. No. 11-5-238/3, Telangana, Third Floor Hp Road Moosapet, Medchal Malkajgiri District, Hyderabad","NO C-11-5-238/3, HYDERABAD, Telangana",0.0,0.4117647058823529,"11,238,3,5","11,238,3,5",4,0
S1-303974953,S2-857124040,Ram Systems Private Limited,Ram Systems ప్రైవేట్ లిమిటెడ్,"Hyderabad, H. No. 11-5-238/3, Telangana, Third Floor Hp Road Moosapet, Medchal Malkajgiri District, Hyderabad",,0.18181818181818182,0.0,"11,238,3,5",,0,1
S1-62620545,S2-243076429,Universal Sai Tech Private Limited,यूनिवर्सल साई टेक प्राइवेट लिमिटेड,"B2/102, Ist Floor Paras City, E-3, Arera Colony, Bhopal, Madhya Pradesh","ARERA COLONY, DIVREPORTINGCIRCLE, NULL, B2/102., Madhya Pradesh",0.0,0.4,"102,2,3","102,2",2,0
S1-60798237,S2-995331570,Smart Consultants Private Limited,സ്മാർട്ട് കൺസൾട്ടന്റ്സ് പ്രൈവറ്റ് ലിമിറ്റഡ്,"Kerala, Thiruvananthapuram, Ptpallimukku, Thiruvananthapuram, Trivandrum, Sreepadmam Vp 2/21-D","SREEPABMAM VP 2/21-D, THIRUVANANTHAPURAM, TRIVANDRUM, Keralam",0.0,0.5454545454545454,"2,21","2,21",2,0
S1-820824917,S2-876104893,East Baba It Private Limited,ईस्ट बाबा आईटी प्राइवेट लिमिटेड,"Mumbai City, Mumbai, Maharashtra, D 5 Plot No 74 Versova, Andheri Shivneri Co. S V P Mhada Veera Desai Rd, Andheri (West)","MUMBAI CITY, PLOT 447 D 5 PLOT NO 74 VERSOVA, MUMBAI, Maharashtra",0.0,0.42857142857142855,"5,74","447,5,74",2,0
S1-336789489,S2-912699195,Digital Marketing,Digital Marketing (Corporation),"40-41, Pushpa Market Central Market, Lajpat Nagar, New Delhi, Delhi",,0.6666666666666666,0.0,"40,41",,0,1
S1-578667792,S2-8791055,Black It Private Limited,ब्लैक आईटी प्राइवेट लिमिटेड,"Off/Shopn1 Hn.2424, Kumar, Pavillion, Thimaya Rd, Pune City, Pune, Maharashtra","PEOT 795 OFF/SHOPN1 HN.2424, MUMBAI, Maharashtra",0.0,0.35714285714285715,"1,2424","1,2424,795",2,0
S1-578667792,S2-64423032,Black It Private Limited,ब्लैक आईटी प्राइवेट लिमिटेड,"Off/Shopn1 Hn.2424, Kumar, Pavillion, Thimaya Rd, Pune City, Pune, Maharashtra","PLOT 795 OFF/SHOPN1 HN.2424, MUMBAI, PUNE, महाराष्ट्र",0.0,0.2777777777777778,"1,2424","1,2424,795",2,0
S1-469495633,S2-89576270,Balaji Foods Pvt Ltd,बालाजी फूड्स प्रा. लि.,"D-93 S/F, Old No-201, Kh No, 404/272, New Ashok Nagar, East Delhi, Delhi","D-93. S/F, EAST DELHI, Delhi",0.0,0.4,"201,272,404,93",93,1,0
S1-992586515,S2-409379747,United Consultants Private Limited,યુનાઇટેડ કન્સલ્ટન્ટ્સ પ્રાઇવેટ લિમિટેડ,"D/104, Narayan Society, Konark Karishma Near Mansi Cross Road, Vastrapur, Ahmedabad, Gujarat","D/104, AHMEDABAD HQ REGION, AHMEDABAD, Gujarat",0.0,0.26666666666666666,104,104,1,0
S1-689536035,S2-224211640,Pelikan Logistics Private Limited,Ciravera,"Malappuram, Malapuram, Kerala, Parappoor Po, Malappuram, Bolster Girls Campus Veenalukkal","BOLSTER GIRLS CAMPUS VEENALUKKAL, CALICUT REGION, MALAPURAM, Kerala",0.0,0.5454545454545454,,,0,0
S1-806596945,S2-1060022,Urban Hari Exports Private Limited,అర్బన్ హరి ఎక్స్‌పోర్ట్స్ ప్రైవేట్ లిమిటెడ్,"Flat No 1, Swagruha E-Block, Door No-2-22-1/55/1 Street No 3, Bhagyanagar Colony, Kphb, Kukatpally, Hyderabad, Telangana","DOOR NO 1, KUKATPALLY, HYDERABAD, Andhra Pradesh",0.0,0.25,"1,2,22,3,55",1,1,0
S1-816418366,S2-950150318,Smart Care Private Limited,स्मार्ट केयर प्राइवेट लिमिटेड,"Jaipur, P. N. 160 - B, Rajasthan, Shiv Goraksh Nagar, Malviya","P. N. 160 - B, NULL, JAIPUR, Rajasthan",0.0,0.5454545454545454,160,160,1,0
S1-816418366,S2-360453519,Smart Care Private Limited,स्मार्ट केयर Private Limited,"Jaipur, P. N. 160 - B, Rajasthan, Shiv Goraksh Nagar, Malviya","P. N. 160 - B, NULL, JAIPUR, Rajasthan",0.2,0.5454545454545454,160,160,1,0
S1-792844536,S2-324034162,Black Developers Private Limited,ಬ್ಲ್ಯಾಕ್ ಡೆವಲಪರ್ಸ್ ಪ್ರೈವೇಟ್ ಲಿಮಿಟೆಡ್,"No.156, Peddanna Layout, Outer Ringroad Of Banaswadi Horamavu, Bangalore, Karnataka","NO.156, Karnataka, PEDDANNA LAYOUT, BENGALURU URBAN",0.0,0.38461538461538464,156,156,1,0
S1-792844536,S2-240852917,Black Developers Private Limited,ಬ್ಲ್ಯಾಕ್ ಡೆವಲಪರ್ಸ್ ಪ್ರೈವೇಟ್ ಲಿಮಿಟೆಡ್,"No.156, Peddanna Layout, Outer Ringroad Of Banaswadi Horamavu, Bangalore, Karnataka","NO 156, PEDDANNA LAYOUT, BENGALURU URBAN, ಕರ್ನಾಟಕ",0.0,0.25,156,156,1,0
S1-663907539,S2-329808360,Tulip Social Private Limited,Private Tulip Scomal Limited,"52/5, Strand Road Ground Floor, Kolkata, Howrah, West Bengal","52/5, HOWRAH, KOLKATA, পশ্চিমবঙ্গ",0.6,0.2857142857142857,"5,52","5,52",2,0
S1-318552778,S2-168602059,Balaji Indian Enterprises Private Limited,বালাজি ইন্ডিয়ান এন্টারপ্রাইজেস প্রাইভেট লিমিটেড,"71 Park Street Ground Floor, Office No.20 Park Plaza, Kolkata, Kolkata, Howrah, West Bengal","0071 PARK STREET GROUND FLOOR, KOLKATA, HOWRAH, পশ্চিমবঙ্গ",0.0,0.3333333333333333,"20,71",0071,0,0
S1-317167982,S2-130929895,Best Energy Pvt Ltd,बेस्ट एनर्जी प्रा. लि.,"23 - A, Sudama Nagar, Indore, Madhya Pradesh","2-3 - A, INDORE, SUDAMA NAGAR, मध्य प्रदेश",0.0,0.2857142857142857,23,"2,3",0,0
S1-101995261,S2-770109805,Bharat Hitech Systems,भारत हाईटेक सिस्टम्स,"Delhi, Deepali Enclave Pitampura, North West Delhi, Delhi, House No 230 3Rd Floor","HOUSE NO 30 3RD FLOOR, DELHI, NORTH WEST DELHI, दिल्ली",0.0,0.5,"230,3","3,30",1,0
S1-323983268,S2-548188767,Eastern Tech Pvt Ltd,ईस्टर्न टेक प्रा. लि.,"1, Aditya Nagar Cp Colony, Mall Road, Morar, Gwalior, Madhya Pradesh","Madhya Pradesh, GWALIOR, 2, GWALIOR",0.0,0.25,1,2,0,0
S1-929470458,S2-769403000,Dj Valley Private Limited,Dj Valley Private,"1013-1020, A Wing, 1St Floor, Oberoi Garden Estate Chandivali Farm Road, Nr. Studio Andheri, (E), Mumbai, Mumbai City, Maharashtra",,0.75,0.0,"1,1013,1020",,0,1
S1-427587217,S2-943205131,South Global LLP,ಸೌತ್ ಗ್ಲೋಬಲ್ ಎಲ್ಎಲ್‌ಪಿ,"C 630, 6Th Floor, Mahaveer Rhyo Nyanappana Halli, Bangalore, Karnataka","NO. 184 C 630, BANGALORE, Karnataka",0.0,0.3333333333333333,"6,630","184,630",1,0
S1-780112179,S2-102860514,Shakti Healthcare Pvt Ltd,शक्ति हेल्थकेयर प्रा. लि.,"65, Bhagwati Nagar 1St, Kartarpura Lal Kothi Gandhi Nagar, Jaipur, Rajasthan","0065, DIVREPORTINGCIRCLE, JAIPUR, Rajasthan",0.0,0.16666666666666666,"1,65",0065,0,0
S1-136174471,S2-321304390,Pbr Brothers Private Limited,Pbr Brothers Private,"A-1316, Sun West Bank, Ashram Road, City Taluka, Ahmedabad, Gujarat","A-1316, SUN WEST BANK, ASHRAM ROAD, CITY TALUKA, ગુજરાત",0.75,0.6428571428571429,1316,1316,1,0
S1-564815355,S2-864071983,Sree Developers Private Limited,ಶ್ರೀ ಡೆವಲಪರ್ಸ್ ಪ್ರೈವೇಟ್ ಲಿಮಿಟೆಡ್,"Tulasi House, No.26, Opp Hp Petrol Station, New Redial Road, Bangalore North, Bangalore, Karnataka","TULASI HOUSE, BANGALORE NORTH, ಕರ್ನಾಟಕ",0.0,0.23529411764705882,26,,0,0
S1-296126827,S2-667874546,Delhi Chemicals Pvt Ltd,Delhi Cglmfals Pvt Ltd,"Plot No 521, 2Nd Floor, Sector-19, Dwarka, Delhi, South West Delhi, Delhi","DOOR NO B3/521 , 2ND FLOOR, SECTOR-19, DWARKA, DELHI, Delhi",0.6,0.6153846153846154,"19,2,521","19,2,3,521",3,0
S1-998586573,S2-129009129,Aditya Services Pvt Ltd,ആദിത്യ സർവീസസ് പ്രൈവറ്റ് ലിമിറ്റഡ്,"35/65-F, Fifth Floor, Thadikkaran Centre, Palarivattom P.O., Cochin, Ernakulam, Kerala","35/65-F, ERNAKULAM, Kerala",0.0,0.38461538461538464,"35,65","35,65",2,0
S1-833862826,S2-270212971,Cosmos Software Pvt Ltd,Cosmos 5oftbwnre Pvt Ltd,"P 10 New Cit Rd, Kolkata, South 24 Parganas, West Bengal","DOOR NO 995 P 10 NEW CIT RD, KOLKATA, West Bengal",0.6,0.5714285714285714,"10,24","10,995",1,0
S1-249031881,S2-951566437,Dynamic Healthcare,ಡೈನಾಮಿಕ್ ಹೆಲ್ತ್‌ಕೇರ್,"No 561 16Th A Main Iii Block Koramangala, Bangalore, Karnataka","DOOR NO 5-61 16TH A MAIN III BLOCK KORAMANGALA, BANGALORE, BENGALURU URBAN, Karnataka",0.0,0.6,"16,561","16,5,61",1,0
S1-468333503,S2-31974530,Era (India) Workforce Private Limited,Smt Era (India) Workforce Limited Services,"803/804, Bldg. No. 14, Indradarshan, New Link Road Andheri West, Mumbai, Maharashtra",,0.5714285714285714,0.0,"14,803,804",,0,1
S1-904177969,S2-506745930,Bharat Projects Private Limited,ભારત પ્રોજેક્ટ્સ પ્રાઇવેટ લિમિટેડ,"Block I House Number 402, Arohi Elegance Gala Gym Khana Road, South Bopal, Ahmedabad, Gujarat","BLOCK I HOUSE NUMBER 40, AHMEDABAD, ગુજરાત",0.0,0.2631578947368421,402,40,0,0
S1-23649159,S2-343725795,Cosmos & Sons Private Limited,Cosmos Sons Private Limited Service,"59/22A, 1St Main Road, Jawahar Nagar, Madras Jawahar Nagar, Madras, Jawahar Nagar, Madras, Tamil Nadu",,0.6666666666666666,0.0,"1,22,59",,0,1
S1-680148977,S2-158231189,East Exports Private Limited,ईस्ट एक्सपोर्ट्स प्राइवेट लिमिटेड,"B - 1503, Riviera, Siddheshwar Gardens, Kolshet Road, Thane (West), Thane, Maharashtra","B - 503, THANE, महाराष्ट्र",0.0,0.13333333333333333,1503,503,0,0
S1-122260072,S2-450893150,Al Consultancy Limited,Al Consultancy Ltd,"Flat No.102, H.No.7-2-1813, South Wing S V S S Nivas, Czech Colony, Sanathnagar, Hyderabad, Telangana",,0.5,0.0,"102,1813,2,7",,0,1
S1-611522020,S2-23970819,Tech Dream Foods Private Limited,ಟೆಕ್ ಡ್ರೀಮ್ ಫುಡ್ಸ್ ಪ್ರೈವೇಟ್ ಲಿಮಿಟೆಡ್,"Karnataka, No 64, Bangalore, Bangalore South, S M Plaza, Shop No.1, 2Nd Floor, Dvg Road, Basavanagudi","DOOR NO 64, BANGALORE SOUTH, BANGALORE, ಕರ್ನಾಟಕ",0.0,0.21052631578947367,"1,2,64",64,1,0
S1-887430442,S2-983708106,Gujarat Shivam Food Private Limited,गुजरात शिवम फूड प्राइवेट लिमिटेड,"Unit No-334, Third Floor Tower-B, Spazedge Sector-47 Sohna Road Gurugram Haryana, Haryana, Gurgaon, Gurugram","UNIT NO-C-334, GURUGRAM, GURGAON, Haryana",0.0,0.375,"334,47",334,1,0
S1-887430442,S2-976697263,Gujarat Shivam Food Private Limited,गुजरात शिवम फूड प्राइवेट लिमिटेड,"Unit No-334, Third Floor Tower-B, Spazedge Sector-47 Sohna Road Gurugram Haryana, Haryana, Gurgaon, Gurugram","UNIT NO-C-334, GURUGRAM, GURGAON, Haryana",0.0,0.375,"334,47",334,1,0
S1-568651859,S2-21252062,Ts Consultants (India) Private Limited,Ts C0nsultants (India) Prilvmtate Limited,"D 108/5Saket Meerut, Uttar Pradesh, Meerut, Uttar Pradesh",,0.42857142857142855,0.0,"108,5",,0,1
S1-36268722,S2-751065353,Nagya Investment Private Limited,Limited Nagya Investment Services,"No 5/3 3Rd Cross Street, New Colony, Chrompet, Sriperumbudur, Kanchipuram, Tamil Nadu","NO 5/3 3RD CROSS STREET, KANNCHEEPURAM, KANCHIPURAM, Tamil Nadu",0.6,0.6428571428571429,"3,5","3,5",2,0
S1-686834396,S2-533987653,One Consultancy Private Limited,ਵਨ ਕੰਸਲਟੈਂਸੀ ਪ੍ਰਾਈਵੇਟ ਲਿਮਟਿਡ,"Chak Hakim, Near Kamla Nehra School, Phagwara, Phagwara, Kapurthala, Punjab","KAPURTHALA, PUNJAB WEST REGION, CHAK HAKIM, ਪੰਜਾਬ",0.0,0.2857142857142857,,,0,0
S1-155632188,S2-995816074,Seven Group,Sri Seven,"2/297/B Prasanna Bavan, Keezhattingal Opposite Village Office, Vilayilmoola, Chirayinkeezhu, Thiruvananthapuram, Trivandrum, Kerala",,0.3333333333333333,0.0,"2,297",,0,1
S1-425490572,S2-989290204,International Consultancy Private Limited,ಇಂಟರ್‌ನ್ಯಾಷನಲ್ ಕನ್ಸಲ್ಟೆನ್ಸಿ ಪ್ರೈವೇಟ್ ಲಿಮಿಟೆಡ್,"B001, 50, Manjunatha, 4Th A Cross, Abbaiah Reddy Layout, Kaggadasapura, Bangalore North, Bangalore, Karnataka","B001, BANGALORE NORTH, BANGALORE, Karnataka",0.0,0.3076923076923077,"001,4,50",001,1,0
S1-56910073,S2-567424063,First Consulting Private Limited,ফার্স্ট কনসাল্টিং প্রাইভেট লিমিটেড,"11 Rabindra Sarani, Kolkata, Calcutta, West Bengal","##11 RABINDRA SARANI, GREATER BOMBAY, CALCUTTA, West Bengal",0.0,0.6666666666666666,11,11,1,0
S1-693308459,S2-85508859,International Technologies Private Limited,इंटरनेशनल टेक्नोलॉजीज प्राइवेट लिमिटेड,"Gurgaon, Deepmala Apartments, Sector 10A, Haryana, Flat 11","GURUGRAM, GURGAON, Haryana, FLAT 11",0.0,0.4444444444444444,"10,11",11,1,0
S1-377632980,S2-64628167,Vijai (India) Build Pvt Ltd,Pyra0nyxveo,"Wz-1010, G/Floor, Old Plot No-10, Kh No-61/19/1, Palam Colony, Raj Nagar, New Delhi, South West Delhi, Delhi","WZ-A-1010, NEW DELHI, SOUTH WEST DELHI, दिल्ली",0.0,0.2608695652173913,"1,10,1010,19,61",1010,1,0
S1-134251486,S2-453946821,Good Systems Private Limited,गुड सिस्टम्स प्राइवेट लिमिटेड,"T 6, Faqir Mohammad Chawl No. 4, Subhash Road (Dakshin), Jogeshwari (East, ), Mumbai, Mumbai City, Maharashtra","T 6, MUMBAI CITY, MUMBAI, Maharashtra",0.0,0.3333333333333333,"4,6",6,1,0
S1-304775647,S2-24274959,East Consulting,ईस्ट कंसल्टिंग,"Fl No A/405, Sunder Sankul, Nr Magarpatta City Hadapsar, Pune, Maharashtra, Pune","BLOCK E-635 FL NO A/405, PUNE, Maharashtra",0.0,0.4,405,"405,635",1,0
S1-603285979,S2-287294193,Super Industries Private Limited,సూపర్ ఇండస్ట్రీస్ ప్రైవేట్ లిమిటెడ్,"8001, Survey No. 109, Q-City, Nanakramguda, Hyderabad, Seri Lingampally, K.V.Rangareddy, Telangana","PLOT ##591 8001, SERI LINGAMPALLY, K.V.RANGAREDDY, Telangana",0.0,0.4375,"109,8001","591,8001",1,0
S1-673365883,S2-698947965,WS Pressings Private Limited,wspressings.com,"203, Sidcup Tower, Race Course Road, Vadodara, Gujarat","HN 482 203, VADODARA, ગુજરાત",0.0,0.15384615384615385,203,"203,482",1,0
S1-337717490,S2-126733517,Vision Exports Private Limited,विजन एक्सपोर्ट्स प्राइवेट लिमिटेड,"501, Samarpan Complex, New Link Road Chakala Andheri (East), Mumbai, Maharashtra","501, NEW LINK ROAD CHAKALA ANDHERI (EAST), MUMBAI, महाराष्ट्र",0.0,0.5333333333333333,501,501,1,0
S1-749606243,S2-849379541,Darshit & Associates Corporation,Darshit & & Asociats Corporation,"Plot No.21, I. T. Park, Midc, Parsodi, Gayatri Nagar, Nagpur, Maharashtra",,0.6,0.0,21,,0,1
S1-624384543,S2-783209449,Shivam Supreme Infotech Pvt Ltd,शिवम सुप्रीम इंफोटेक प्रा. लि.,"Shop No.4, Building A, S.No. 109, Green Fields Vastu Udyog, Near Ajmera Colony, Pimpri, Pune, Maharashtra","SHOP NO.4, POONA, PUNE, Maharashtra",0.0,0.2777777777777778,"109,4",4,1,0
S1-853659183,S2-303630499,Ards Realtors Private Limited,Ards Realtors,"Lucknow, Sector M, 375/A Ashiyana, Lda Colony, Kanpur Road, Uttar Pradesh, Lucknow","SECTOR M, ##375/A ASHIYANA, LDA COLONY, KANPUR ROAD, LUCKNOW, N/A, उत्तर प्रदेश",0.5,0.5555555555555556,375,375,1,0
S1-267597485,S2-111108905,Properties Sai Solutions Private Limited,Properties Sai Solutions Private Ltd,"Sector No. - 27, Plot No. - 298 Pradhikaran, Nigdi, Pune, Maharashtra","SECTOR NO. - 27, PLOT NO. - 298 PRADHLKARAN, NIGDI, Maharashtra",0.6666666666666666,0.7,"27,298","27,298",2,0
S1-77210087,S2-110314131,Kbr Seva Samiti,KBR SEVA  SAMITI COMPANY,"P No-1 Kh No-165, Lonapur Gomti Nagar, Lucknow, Uttar Pradesh",,0.75,0.0,"1,165",,0,1
S1-122041814,S2-443476680,Best Marketing Limited,பெஸ்ட் மார்க்கெட்டிங் லிமிடெட்,"No. 3 Mulla Garden, 1St Street Poonamallee, Chennai, Tamil Nadu","H.NO D/3 MULLA GARDEN, CHENNAI, TIRUVERKADU, Tamil Nadu",0.0,0.5384615384615384,"1,3",3,1,0
S1-722905208,S2-816328884,Gujarat Hotel Engineering Private Limited,गुजरात होटल इंजीनियरिंग प्राइवेट लिमिटेड,"Kailash Niwas, Majage Nagar, Latur, Maharashtra","690  KAILASH NIWAS, LATUR, महाराष्ट्र",0.0,0.2727272727272727,,690,0,0
S1-142727929,S2-32198596,Regal Traders Private Limited,Regal  Traders Private,"Tanna Housg 11 A Nathalalparekh Marg Gr Floor, Mumbai, Mumbai City, Maharashtra",,0.75,0.0,11,,0,1
S1-301804384,S2-417485031,Smile Bihari (India) Pvt. Ltd.,AVIBRIX,"Br-3-D, Shalimar Bagh Near Everbake, Delhi, North West, Delhi","DELHI, दिल्ली, BR-3-D",0.0,0.3333333333333333,3,3,1,0
S1-269701888,S2-635532568,Seven Enterprises,सेवन एंटरप्राइजेज,"Office No.10/11, 1St Floor, Sangam Commercial Complex, Welesley Road, Ner Sangam Bridg, E, R.T.O, Pune, Maharashtra","OFFICE NO.10/11, R.T.O, PUNE, Maharashtra",0.0,0.47368421052631576,"1,10,11","10,11",2,0
S1-491308265,S2-230888721,Holy Polytechnic Private Limited,Holy Polytechnic Private,"D-45, Sector F, Govindpura Industrial Area, Bhopal, Madhya Pradesh","D-45, SECTOR F, GOVINDPURA INDUSTRIAL AREA, मध्य प्रदेश",0.75,0.4666666666666667,45,45,1,0
S1-921402129,S2-318421422,Eastern Bright Global Private Limited,Eastern Bright Global,"Gala No.2, Ground Floor, 23-A Shah Industrial Estate Off Veera Desai Road, Andheri(West), Mum, Bai, Mumbai, Mumbai City, Maharashtra","NO 2 , GROUND FLOOR, 23-A SHAH INDUSTRIAL ESTATE OFF VEERA DESAI ROAD, ANDHERI(WEST), MUM, BAI, MMBAI, महाराष्ट्र",0.6,0.6538461538461539,"2,23","2,23",2,0
S1-491081790,S2-902430559,Vision Consulting Private Limited,विजन कंसल्टिंग प्राइवेट लिमिटेड,"18, Kailas Apt, Near Hansnagar, Behind S.T. Workshop, Thane, Thane, Maharashtra","18, THANE, Maharashtra",0.0,0.2727272727272727,18,18,1,0
S1-84482279,S2-841476071,Prime International,પ્રાઇમ ઇન્ટરનેશનલ,"Ahmedabad, Shop No. C 205/1, Gujarat, Ahmedabad, Galaxy Arcade, Nr Galaxy Cinema, N.H. No.8, Naroda","SHOP NO. C 205/1, AHMEDABAD, Gujarat",0.0,0.4666666666666667,"1,205,8","1,205",2,0
S1-84482279,S2-570944912,Prime International,પ્રાઇમ ઇન્ટરનેશનલ,"Ahmedabad, Shop No. C 205/1, Gujarat, Ahmedabad, Galaxy Arcade, Nr Galaxy Cinema, N.H. No.8, Naroda","SHOP NO. C 205/1, AHMEDABAD, Gujarat",0.0,0.4666666666666667,"1,205,8","1,205",2,0
S1-962256138,S2-840295713,Sunrise Solutions Private Limited,સનરાઇઝ સોલ્યુશન્સ પ્રાઇવેટ લિમિટેડ,"Plot No, 381, Gr Floor, Shop No.- 1, Near Shalimar Cinema, Sector - 16, Gandhinagar, Gandhi Nagar, Gandhinagar, Gujarat","PLOT NO, null, GANDHINAGAR, Gujarat",0.0,0.23529411764705882,"1,16,381",,0,0
S1-852895797,S2-604585423,Balaji Global Impex LLP,बालाजी ग्लोबल इम्पेक्स एलएलपी,"Rajasthan, First Floor, Jaipur, 21/2, Vishvesariya Nagar, Near Triveni Pulia, Gopalpura By Pass Ro, Ad","Rajasthan, FIRST FLOOR, JAIPUR",0.0,0.25,"2,21",,0,0
S1-512183792,S2-904100948,City & Co Limited,Shri C.C0M,"Door No 3-6-436, Naspur House Himayat Nagar, Hyderabad, Telangana","HYDERABAD CITY REGION, DOOR NO 3-6-436, Andhra Pradesh, HYDERABAD",0.0,0.4,"3,436,6","3,436,6",3,0
S1-512183792,S2-395458646,City & Co Limited,Mr CITY & CO LTD,"Door No 3-6-436, Naspur House Himayat Nagar, Hyderabad, Telangana","NO 3-6-436 , NASPUR HOUSE HIMAYAT NAGAR, Andhra Pradesh",0.5,0.6153846153846154,"3,436,6","3,436,6",3,0
S1-512183792,S2-8797011,City & Co Limited,Partners City Co Limited,"Door No 3-6-436, Naspur House Himayat Nagar, Hyderabad, Telangana","DOOR NO 3-6-436, HYDERABAD CITY REGION, HYDERABAD, Andhra Pradesh",0.6,0.4,"3,436,6","3,436,6",3,0
S1-475970530,S2-608656495,Unique Developers Private Limited,யுனிக் டெவலப்பர்ஸ் பிரைவேட் லிமிடெட்,"T.S.No. 2382/1, Chanthira Garden, Ph1 Mainroad, Nagoor Village, Nagapattinam, Tamil Nadu","T.S.NO. 2382/1, தமிழ்நாடு, NAGAPATTINAM",0.0,0.3333333333333333,"1,2382","1,2382",2,0
S1-511187745,S2-330879284,Lion Solutions Private Limited,Lion Solutions Private Ltd,"H.No- 69/14 M A Sarani, Bishorpara, Birati, Airport, North 24 Parganas, West Bengal",,0.6,0.0,"14,24,69",,0,1
S1-694767245,S2-153005095,Tech Exports Private Limited,ಟೆಕ್ ಎಕ್ಸ್‌ಪೋರ್ಟ್ಸ್ ಪ್ರೈವೇಟ್ ಲಿಮಿಟೆಡ್,"Twa-Teresa No.224/215 Hosur Rd, Roopena Agrahara, Bommanahalli, Bangalore, Bangalore South, Bangalore, Karnataka","TWA-TERESA NO.224/215 HOSUR RD, BENGALURU HQ REGION, ಕರ್ನಾಟಕ",0.0,0.3684210526315789,"215,224","215,224",2,0
S1-304192321,S2-131995672,Sree Shakti Products Private Limited,শ্রী শক্তি প্রোডাক্টস প্রাইভেট লিমিটেড,"7/1A, Grant Lane, 3Rd Floor, Room No. 320, Kolkata, Kolkata, Howrah, West Bengal","7/1A, <NULL>, HOWRAH, KOLKATA, West Bengal",0.0,0.42857142857142855,"1,3,320,7","1,7",2,0
S1-802711564,S2-268825015,Super Global Private Limited,সুপার গ্লোবাল প্রাইভেট লিমিটেড,"Unit No. 601A, 6Th Floor, Saltee Plaza, Nagerbazar, Kolkata, Kolkata, Howrah, West Bengal","UNIT NO. 601A, CALCUTTA, HOWRAH, পশ্চিমবঙ্গ",0.0,0.23529411764705882,"6,601",601,1,0
S1-884311763,S2-680028123,Bharat Consulting Private Limited,భారత్ కన్సల్టింగ్ ప్రైవేట్ లిమిటెడ్,"Plot No. 9A, Road No 9 Ida Nacharam, Hyderabad, Telangana","9A, HYDERABAD, Telangana",0.0,0.3333333333333333,9,9,1,0
S1-820641111,S2-12640546,Supreme Producer Private Limited,सुप्रीम प्रोड्यूसर प्राइवेट लिमिटेड,"No - 002, Ground & First Floor, B-Wing, Ganga Jamna Sangam Chsl, 14Th Road, Khar, - (W), Mumbai, Mumbai City, Maharashtra","BOMBAY, Maharashtra, <NULL>, NO - 0-02, MUMBAI CITY",0.0,0.17391304347826086,"002,14","0,02",0,0
S1-535860257,S2-47131367,Shakti Producer Pvt Ltd,శక్తి ప్రొడ్యూసర్ ప్రైవేట్ లిమిటెడ్,"H.No 6-3-637, Lig, Phase Iii Ngos Colony, Vanasthalipuram, Hyderabad, Telangana","VANASTHALIPURAM, Telangana, B N REDDY NAGAR, B3/63239, LIG, PHASE III NGOS COLONY",0.0,0.3684210526315789,"3,6,637","3,63239",1,0
S1-535860257,S2-205653507,Shakti Producer Pvt Ltd,శక్తి ప్రొడ్యూసర్ ప్రైవేట్ లిమిటెడ్,"H.No 6-3-637, Lig, Phase Iii Ngos Colony, Vanasthalipuram, Hyderabad, Telangana","B3/63239, LIG, PHASE III NGOS COLONY, VANASTHALIPURAM, B N REDDY NAGAR, Telangana",0.0,0.3684210526315789,"3,6,637","3,63239",1,0
S1-959468116,S2-901843166,Jai Technology Private Limited,जय टेक्नोलॉजी प्राइवेट लिमिटेड,"Patna, Flat No- C1, Lakhan Cottage, Saguna More, Bailey Road Patna, Patna, Bihar","FLAT NO- C##1, PATNA, बिहार",0.0,0.1875,1,1,1,0
S1-2286601,S2-933363971,Om Investment Private Limited,ॐ इन्वेस्टमेंट प्राइवेट लिमिटेड,"3, Parvati Nivas, 1St Floor, 556/B, Adenwala Road, Matunga, Mumbai, Maharashtra","3, MUMBAI, MATUNGA, महाराष्ट्र",0.0,0.1875,"1,3,556",3,1,0
S1-738665441,S2-10050621,Ace Producer Pvt Ltd,Ace Pvt Ltd Services,"New Delhi, B-1/3, Dwarka, Agrasen Apartments, Plot No. 10, Sector-7, Delhi","B-1/3, AGRASEN APARTMENTS, PLOT NO. 10, SECTOR-7, DWARKA, दिल्ली",0.6,0.7333333333333333,"1,10,3,7","1,10,3,7",4,0
S1-227708617,S2-584120764,Shree Ventures Private Limited,Shree Ventures Prcivtae Limited,"Bali Nagar, Delhi, West Delhi, New Delhi, E-43","E-43, BALI NAGAR, NEW DELHI, दिल्ली",0.6,0.6666666666666666,43,43,1,0
S1-218186388,S2-62025650,Modern Technology Private Limited,मॉडर्न टेक्नोलॉजी प्राइवेट लिमिटेड,"F-9, Okhla Industrial Area Phase-I, New Delhi, South Delhi, Delhi","F-8-9, NEW DELHI, SOUTH DELHI, Delhi",0.0,0.45454545454545453,9,"8,9",1,0
S1-986804068,S2-811642665,Awani Pharmaceuticals Private Limited,Shri AWANI PTHAMRDCEBTIACS PRIVATE LIMITED,"76 Pu-4 Scheme No 54 Satya Sai, Indore, Madhya Pradesh","#76 PU-4 SCHEME NO 54 SATYA SAI, INDORE, मध्य प्रदेश",0.5,0.5625,"4,54,76","4,54,76",3,0
S1-96203719,S2-539995945,White Energy Private Limited,व्हाइट एनर्जी प्राइवेट लिमिटेड,"Sco-23, Faridabad, Haryana, Faridabad, Second Floor, Omaxe World Street, Sector-79","SCO-0023, FARIDABAD, Haryana",0.0,0.25,"23,79",0023,0,0
S1-880257312,S2-141319200,Urban Exports Private Limited,আরবান এক্সপোর্টস প্রাইভেট লিমিটেড,"5/2 Russel Street P.S.Park Street, Kolkata, Calcutta, West Bengal","5/ RUSSEL STREET P.S.PARK STREET, পশ্চিমবঙ্গ, KOLKATA, KOLKATTA",0.0,0.4375,"2,5",5,1,0
S1-818239687,S2-138085631,Sky Projects Private Limited,SKY PROJECTS [PRIVATE],"C/O V. C. Masala, Tower Road, Botad, Bhavnagar, Gujarat",,0.75,0.0,,,0,1
S1-922457566,S2-287620246,Kalashsidhi Trading Private Limited,Ka1ashsidhi Taebgn Private Limited,"Karnataka, Bangalore North, Bangalore, 44/8 Ground Floor, 15Th Cross Malleshwaram","74/8 GROUND FLOOR, BANGALORE NORTH, BANGALORE, ಕರ್ನಾಟಕ",0.3333333333333333,0.35714285714285715,"15,44,8","74,8",1,0
S1-218205251,S2-910878762,White Apex Foundation Private Limited,व्हाइट एपेक्स फाउंडेशन प्राइवेट लिमिटेड,"90, Ashok Chambers, 5Th Floor, Devaji Ratanshi Marg, Danabunder, Masjid, Bunder(E), Mumbai, Mumbai City, Maharashtra","90, MUMBAI, MUMBAI CITY, महाराष्ट्र",0.0,0.15789473684210525,"5,90",90,1,0
S1-309251679,S2-262900851,Sai Foods Private Limited,साई फूड्स प्राइवेट लिमिटेड,"'F No 1, S No P- 59/7, Navsahyadri Society Karvenagar, Hingane, Pune, Maharashtra","'F NO 1, PUNE, Maharashtra",0.0,0.38461538461538464,"1,59,7",1,1,0
S1-633078412,S2-244542560,Hotel International Pvt Ltd,होटल इंटरनेशनल प्रा. लि.,"Gat No 501, Nr Aavishkar Borhate Wasti, Pune Nashik Highway, Moshi, Pune, Maharashtra","GAT NO 5-01, PUNE, महाराष्ट्र",0.0,0.16666666666666666,501,"01,5",0,0
S1-13893098,S2-836176245,Pioneer Systems Private Limited,पायोनियर सिस्टम्स प्राइवेट लिमिटेड,"House No. 962-P, Sector 26, Panchkula, Haryana","HOUSE NO. 962-P, PANCHKULA, Haryana",0.0,0.75,"26,962",962,1,0
S1-270742097,S2-401505467,Sai Engineering Private Limited,Sai Engineering  Piarevhge Limited,"R-46, New Delhi, 2Nd Floor Greater Kailash - 1, Delhi","R-4-6, 2ND FLOOR GREATER KAILASH - 1, Delhi",0.6,0.6363636363636364,"1,2,46","1,2,4,6",2,0
S1-576503218,S2-640458071,Bright Care Private Limited,ब्राइट केयर प्राइवेट लिमिटेड,"1901-A, Oberoi Gardens, Thakur Village Near Western Express Highway, Kandivali(, E), Mumbai, Maharashtra","1901-A, MUMBAI, E), Maharashtra",0.0,0.35714285714285715,1901,1901,1,0
S1-400926279,S2-333925922,Apex Ventures Private Limited,एपेक्स वेंचर्स प्राइवेट लिमिटेड,"Sai Enclave, Mohan Garden, New Delhi, G-2/27, Delhi, West Delhi","G-2/27, NEW DELHI, WEST DELHI, Delhi",0.0,0.6,"2,27","2,27",2,0
S1-400926279,S2-537905524,Apex Ventures Private Limited,Private Apex Vedtrtes Limited,"Sai Enclave, Mohan Garden, New Delhi, G-2/27, Delhi, West Delhi","G-2/27, NEW DELHI, WEST DELHI, दिल्ली",0.6,0.5,"2,27","2,27",2,0
S1-400926279,S2-603384031,Apex Ventures Private Limited,एपेक्स वेंचर्स प्राइवेट लिमिटेड,"Sai Enclave, Mohan Garden, New Delhi, G-2/27, Delhi, West Delhi","G-2/27, WEST DELHI, Delhi",0.0,0.5,"2,27","2,27",2,0
S1-339858843,S2-632285577,Latest Services Pvt Ltd,Pvt Latest Seevices Ltd,"E-24 Sector-3, Noida, Gautam Buddha Nagar, Uttar Pradesh","GAUTAMBUDH NAGAR, NOIDA, उत्तर प्रदेश, NOIDA, E-25 SECTORG3",0.6,0.16666666666666666,"24,3","25,3",1,0
S1-44947705,S2-286092837,Universal Care Private Limited,यूनिवर्सल केयर प्राइवेट लिमिटेड,"Maharashtra, Nagpur, House No. 619/G-2, Nagpur, Maskasath, Itwari","BLOKC E-867 HOUSE NO. 619/G-2, NAGPUR, महाराष्ट्र",0.0,0.375,"2,619","2,619,867",2,0
S1-668815629,S2-978558214,Delhi Academy Private Limited,Delhi Academy Prívate Limited,"C-64 Lajpat Nagar - 1, Second Floor New Delhi, Delhi, South Delhi, Delhi","C-64 LAJPAT NAGAR - 1, SECOND FLOOR NEW DELHI, DELHI, दिल्ली",0.6,0.75,"1,64","1,64",2,0
S1-495576398,S2-786236306,Kamal & Brothers Private Limited,KAMAL & BROTHERS PRIVATE (LTD),"Room No.44, 200/206, 202 Chintamani Building, Kika Street, Gulalwadi, Mumbai, Mumbai City, Maharashtra",,0.6666666666666666,0.0,"200,202,206,44",,0,1
S1-216397967,S2-396517615,Prostar Consultants Private Limited,Prostar Consultants-Pisvahe Limited,"101, Signature Planet, Plot No. 427 Scheme No. 114, Indore, Madhya Pradesh",,0.6,0.0,"101,114,427",,0,1
S1-83767464,S2-740895757,Hitech Projects Private Limited,ಹೈಟೆಕ್ ಪ್ರಾಜೆಕ್ಟ್ಸ್ ಪ್ರೈವೇಟ್ ಲಿಮಿಟೆಡ್,"# 67, Pranav 25Th Cross Jayanagar, 6Th Block, Bengaluru, F2, Karnataka, Bangalore","F2, BENGALURU, BANGALORE, ಕರ್ನಾಟಕ",0.0,0.21428571428571427,"2,25,6,67",2,1,0
S1-132688884,S2-269883260,One Om Properties Private Limited,One Om Properties Limited Center,"Hyderabad, Hyderguda, Telangana, 3-5-839/61St Floor Lr Plaza",,0.6666666666666666,0.0,"3,5,61,839",,0,1
S1-82384583,S2-946434219,Anand Constructions Private Limited,आनंद कंस्ट्रक्शंस प्राइवेट लिमिटेड,"D-195, Jagdish Marg Banipark, Jaipur, Rajasthan","D-2-195, JAIPUR, Rajasthan",0.0,0.5,195,"195,2",1,0
S1-452159747,S2-788832113,WEH Trading Limited,WEH LÍMITED CENTER,"173/174 2Nd Floor, Ashoka Shopping Centre, G. T. Hospital, L. T. Marg, Mumbai, Mumbai City, Maharashtra",,0.2,0.0,"173,174,2",,0,1
S1-519654410,S2-788123496,Fortune Systems Private Limited,फॉर्च्यून सिस्टम्स प्राइवेट लिमिटेड,"H-41A, Abul Fazal Enclave Jamia Nagar, Okhla, New Delhi, Delhi","H-41A, NEW DELHI, OKHLA, Delhi",0.0,0.5,41,41,1,0
S1-939015827,S2-166392995,Sumitra Technologies Limited,M/s @sumitratechnologies,"Pune, Hno 33/2, Maharashtra, A/P Bhugaon, Mulshi","HNO 33/2, A/P BHUGAON, MULSHI, महाराष्ट्र",0.0,0.5384615384615384,"2,33","2,33",2,0
S1-73726029,S2-526532956,Creative Consultancy Private Limited,क्रिएटिव कंसल्टेंसी प्राइवेट लिमिटेड,"409, 4Th Floor, D-Mall, Neta Ji Subhash Place, Pitampura Delhi, North West, Delhi","409, PITAMPURA DELHI, NORTH WEST, Delhi",0.0,0.38461538461538464,"4,409",409,1,0
S1-84044412,S2-606090470,High Software,हाई सॉफ्टवेयर,"Plot No. 162, East Part, Heerapura, Vikash Nagar, Jaipur, Rajasthan","JAIPUR, 16, JAIPUR, Rajasthan",0.0,0.18181818181818182,162,16,0,0
S1-135636860,S2-233317884,Ram First Tech Limited,ਰਾਮ ਫਰਸਟ ਟੈਕ ਲਿਮਟਿਡ,"Shop No. 103, Main Bazar, Railway Road, Near Mehta Chowk, Faridkot, Punjab","DOOR NO 103, FARIDKOT, MAUR, ਪੰਜਾਬ",0.0,0.17647058823529413,103,103,1,0
S1-451318949,S2-342904541,Royal Ventures Private Limited,రాయల్ వెంచర్స్ ప్రైవేట్ లిమిటెడ్,"K.V.Rangareddy, Plot No 8, Hayathnagar, Saraswathi Nagar, Telangana","#8, RANGAREDDY, HAYATHNAGAR, Andhra Pradesh",0.0,0.25,8,8,1,0
S1-944381944,S2-640401859,Great Infra Private Limited,ग्रेट इंफ्रा प्राइवेट लिमिटेड,"G-2, Parekh Apartments, A Wing, Plot No.87, 34 Sarojini Road, Vile Parle-West, Mumbai, Mumbai City, Maharashtra","G-2, MUMBAI, महाराष्ट्र",0.0,0.13636363636363635,"2,34,87",2,1,0
S1-626006170,S2-91278378,New Classic Producer LLP,ನ್ಯೂ ಕ್ಲಾಸಿಕ್ ಪ್ರೊಡ್ಯೂಸರ್ ಎಲ್ಎಲ್‌ಪಿ,"Jyothi Nilaya, A S Plaza Road, Akkalappa Layout, Rammurthy Nagar, Bangalore, Karnataka, No.19","##19, BANGALORE, BANERGHATTA, Karnataka",0.0,0.2,19,19,1,0
S1-113541174,S2-774328276,Alpha Infrastructure Private Limited,ఆల్ఫా ఇన్‌ఫ్రాస్ట్రక్చర్ ప్రైవేట్ లిమిటెడ్,"Block-Q4, Flat No.A1&A2, 2Nd Level, Cyber Towers, Hitech City, Shaikpet, Hyderabad, Telangana","BLOCK-Q4, HYDERABAD, Telangana",0.0,0.25,"1,2,4",4,1,0
S1-113541174,S2-217850681,Alpha Infrastructure Private Limited,ఆల్ఫా ఇన్‌ఫ్రాస్ట్రక్చర్ ప్రైవేట్ లిమిటెడ్,"Block-Q4, Flat No.A1&A2, 2Nd Level, Cyber Towers, Hitech City, Shaikpet, Hyderabad, Telangana","BLOCK-Q4, SHAIKPET, Telangana",0.0,0.25,"1,2,4",4,1,0
S1-235767465,S2-918945866,Guru Food Limited,गुरु फूड लिमिटेड,"S/O Sh. R. K. Goyal, D-248 G/F, Gali No-10 Laxmi Nagar, Near Metro Station, New Delhi, Delhi","S/O SH. R. K. GOYAL, NEW DELHI, Delhi",0.0,0.4,"10,248",,0,0
S1-714349207,S2-684364730,Vision Power Private Limited,विजन पावर प्राइवेट लिमिटेड,"8-90B, B Block, Mansa Ram Park, Uttam Nagar, Delhi, New Delhi, Delhi","973 8-90B, NEW DELHI, <NULL>, Delhi",0.0,0.3076923076923077,"8,90","8,90,973",2,0
S1-134342819,S2-986725887,North Technology Private Limited,நார்த் டெக்னாலஜி பிரைவேட் லிமிடெட்,"No.201, Raheja Nest, 2/22 Lloyds Road I Lane, Off Lloyds Road, Royapettah, Chennai, Tamil Nadu","ROYAPETTAH, NO 201, CHENNAI, Tamil Nadu",0.0,0.4,"2,201,22",201,1,0
S1-707536868,S2-112970501,Gold Engineering,गोल्ड इंजीनियरिंग,"501-C, Wifi It Park, S.G. Barve Road, Wagle Estate, Thane, Thane, Maharashtra","#C-929 501-C, THANE, Maharashtra",0.0,0.2857142857142857,501,"501,929",1,0
S1-410283258,S2-965959938,Hari Producer Private Limited,हरि प्रोड्यूसर प्राइवेट लिमिटेड,"A-157, Mama Achleshwar Prasad Nagar Yojana, Sangariya, Jodhpur, Rajasthan","Rajasthan, JODHPUR, DOR NO 413 A-157",0.0,0.3076923076923077,157,"157,413",1,0
S1-389064750,S2-711675222,East Ventures Limited,ईस्ट वेंचर्स लिमिटेड,"Sco # 65, Swastik Vihar, Mansa Devi Complex Sector 5, Panchkula, Haryana","हरियाणा, PANCHKULA, SWASTIK VIHAR, SCO # 65",0.0,0.35714285714285715,"5,65",65,1,0
S1-190682436,S2-294433793,Apps Public School Care,Apps Public Silh Care,"C/0 (Ram Niwas) Dhana Ram, Daya Sagar Phalodi, Rajasthan, Jodhpur, Rajasthan",,0.6,0.0,0,,0,1
S1-872064823,S2-209779611,Shiva Construction Pvt Ltd,ಶಿವ ಕನ್‌ಸ್ಟ್ರಕ್ಷನ್ ಪ್ರೈವೇಟ್ ಲಿಮಿಟೆಡ್,"Bangalore, No 6/18E, Karnataka, 1St Floor, 9Th Cross 6Th Block, Rajajinagar, Bangalore","NO 6/18, 1ST FLOOR, 9TH CROSS 6TH BLOCK, RAJAJINAGAR, BENGALURU, BANGALORE, ಕರ್ನಾಟಕ",0.0,0.5882352941176471,"1,18,6,9","1,18,6,9",4,0
S1-620785986,S2-275604202,Norfolk Pharmaceuticals Pvt Ltd,Ltd Norfolk Pvt (Services),"Office No. 25, 4Th Floor Kb Complex, Alpha-2, Greater Noida, Gautam Buddha Nagar, Uttar Pradesh","OFFICE NO. 25, GREATER NOIDA, Uttar Pradesh",0.6,0.4375,"2,25,4",25,1,0
S1-982177829,S2-115289199,Merry Finance Private Limited,Merry  Finance Limited Center,"No.23/31, G6, Devi Meenakshi Homes, Oragadam Road Venkatapuram, Ambattur O.T, Chennai, Tamil Nadu",,0.6,0.0,"23,31,6",,0,1
S1-324178274,S2-326072727,Shiv Marketing Private Limited,શિવ માર્કેટિંગ પ્રાઇવેટ લિમિટેડ,"Adani Corporate House, Shantigram, Near Vaishno Devi Circle, S G Highway, Daskroi, Ahmedabad, Gujarat","HN 00928 AFANI CORPORATE HOUSE, DASKROI, AHMEDABAD, Gujarat",0.0,0.29411764705882354,,00928,0,0
S1-295996806,S2-721204552,Digital Builders Private Limited,டிஜிட்டல் பில்டர்ஸ் பிரைவேட் லிமிடெட்,"30 C/19V, Ramakrishnapuram North, Karur, Tamil Nadu","#30 C/19V, KARUR, Tamil Nadu",0.0,0.75,"19,30","19,30",2,0
S1-883796619,S2-513533523,Upkaar Finvest Private Limited,UPKAAR [FINVEST],"No. 92F/17A, First Floor Mahamai Building, Devarpuram Road, Tuticorin, Thoothukudi, Tamil Nadu",,0.5,0.0,"17,92",,0,1
S1-431146138,S2-752735352,Sai Brothers Limited,Dr SAI BROTHERS,"Hyderabad, 6-3-653 Somajiguda, Pioneer House, Telangana","PLOT C-884 PIONEER HOUSE, 6-3-653 SOMAJIGUDA, తెలంగాణ",0.5,0.4,"3,6,653","3,6,653,884",3,0
S1-85285845,S2-627115933,Bharat Healthcare Private Limited,ભારત હેલ્થકેર પ્રાઇવેટ લિમિટેડ,"Plot-C/43, Shiv Nagar Society, Matawadi Varachha Road, Surat, Gujarat","SURAT, ગુજરાત, PLOT-C/C-43",0.0,0.2857142857142857,43,43,1,0
S1-349108590,S2-168442609,South Ace Developers Private Limited,साउथ एस डेवलपर्स प्राइवेट लिमिटेड,"C-484 Gf Dda Lig Flats, Loni Road, Delhi, East Delhi, Delhi","DOOR NO A-683 C-484 GF DDA LIG FLATS, LONI ROAD, DELHI",0.0,0.6428571428571429,484,"484,683",1,0
S1-913721776,S2-399165791,Sree Properties Private Limited,श्री प्रॉपर्टीज प्राइवेट लिमिटेड,"26, Triveni Apttswest Enclave Pitampura 6 Outer Ring Road, Delhi, North Delhi, Delhi","26, DELHI, NORTH DELHI, Delhi",0.0,0.2727272727272727,"26,6",26,1,0
S1-608711385,S2-77152901,North Silver Agro Pvt Ltd,नॉर्थ सिल्वर Agro प्रा. लि.,"Plot No. 50, Hanuman Vatika, Gokulpura, Kalwar Road, Jhotwara, Jaipur, Jaipur, Rajasthan","PLOT NO. 50, JAIPUR, Rajasthan",0.08333333333333333,0.45454545454545453,50,50,1,0
S1-200642399,S2-251738195,Modern Good Consulting LLP,मॉडर्न गुड कंसल्टिंग एलएलपी,"311, 3Rd Floor, Shivlok House-1 Commercial Complex, Karampura, New Delhi, Delhi","NEW DELHI, KARAMPURA, 11, Delhi, null",0.0,0.23076923076923078,"1,3,311",11,0,0
S1-700579262,S2-609853946,All Marketing Private Limited,Shri ALL-MARKETING PRIVATE LTD,"#284, 3Rd Main, 11Th Cross, Kirloskar Layout Baanaavara Main Road Opp Saptagiri Colle, Ge, Bengaluru, Bangalore, Karnataka",,0.5,0.0,"11,284,3",,0,1
S1-700579262,S2-415935004,All Marketing Private Limited,ಆಲ್ ಮಾರ್ಕೆಟಿಂಗ್ ಪ್ರೈವೇಟ್ ಲಿಮಿಟೆಡ್,"#284, 3Rd Main, 11Th Cross, Kirloskar Layout Baanaavara Main Road Opp Saptagiri Colle, Ge, Bengaluru, Bangalore, Karnataka","#284, BANGALORE, Karnataka",0.0,0.1875,"11,284,3",284,1,0
S1-174714609,S2-822449492,Navpad Solutions Ltd,Limited Navpad Solutions,"No. 6/34, 2Nd Floor, Vaibhav Flats Subathral Street, Triplicane, Chennai, Tamil Nadu","DOOR NO 6-6/34, CHENNAI, Tamil Nadu",0.5,0.42857142857142855,"2,34,6","34,6",2,0
S1-504243533,S2-551239984,Indian It Limited,इंडियन आईटी लिमिटेड,"Plot No 3A, Paradise Colony, Amravati, Maharashtra","DOOR NO 3A, PARADISE COLONY, NAGPUR REGION, AMRAVATI, महाराष्ट्र",0.0,0.35714285714285715,3,3,1,0
S1-452129506,S2-341519010,Great Healthcare Private Limited,கிரேட் ஹெல்த்கேர் பிரைவேட் லிமிடெட்,"No 18/A, Ms Nagar Extension, Kundrathur Main Road, Sriperumbudur, Kanchipuram, Tamil Nadu","#18/A, SRIPERUMBUDUR, KANCHIPURAM, தமிழ்நாடு",0.0,0.23529411764705882,18,18,1,0
S1-1993820,S2-883836278,Ii Technology Partners,Ii  Technology Partners Corporation,"D-154 Maya Puri Phase - Ii, New Delhi, South West Delhi, Delhi",,0.75,0.0,154,,0,1
S1-1993820,S2-229246942,Ii Technology Partners,Ii Technology,"D-154 Maya Puri Phase - Ii, New Delhi, South West Delhi, Delhi","D-54 MAYA PURI PHASE - II, NEW DELHI, दिल्ली",0.6666666666666666,0.5384615384615384,154,54,0,0
S1-210353321,S2-421859183,Sahastra Solutions Pvt Ltd,sahastras0lutions.com,"1St Floor Madhupura, Ahmedabad, Gunj Bazar, 241, Gujarat","#315 241, GUNJ BAZAR, AHMEDABAD, ગુજરાત",0.0,0.3333333333333333,"1,241","241,315",1,0
S1-210353321,S2-870563523,Sahastra Solutions Pvt Ltd,LTD SAHASTRA PVT SERVICE,"1St Floor Madhupura, Ahmedabad, Gunj Bazar, 241, Gujarat","241, GUNJ BAZAR, 1ST FLOOR MADHUPURA, GIRDHAR NAGAR, ગુજરાત",0.6,0.46153846153846156,"1,241","1,241",2,0
S1-674655699,S2-933819405,Future Developers Pvt Ltd,फ्यूचर डेवलपर्स प्रा. लि.,"29-A, Sai Siddha Homes Danish Kunj, Kolar Road, Bhopal, Madhya Pradesh","29-A, KOLAR ROAD, BHOPAL, Madhya Pradesh",0.0,0.5833333333333334,29,29,1,0
S1-872080824,S2-567110593,HBQ Technologies Pvt Ltd,Ltd HBQ Pvt Service,"346 A/1, Shekhmirwadi, Post Bholi, Tal Khandala, Satara, Maharashtra","SATARA, Maharashtra, NO 346 A/1, SATARA",0.6,0.45454545454545453,"1,346","1,346",2,0
S1-154220911,S2-156774859,Saket & Partners,Yumakel0,"R-12/76, Raj Nagar One Room, Ingram Institute, Ghaziabad, Uttar Pradesh","PLOT 971/9 R-12/76, INGRAM INSTITUTE, Uttar Pradesh",0.0,0.4666666666666667,"12,76","12,76,9,971",2,0
S1-801640806,S2-410357948,Fortune Hospitality Private Limited,ಫಾರ್ಚೂನ್ ಹಾಸ್ಪಿಟಾಲಿಟಿ ಪ್ರೈವೇಟ್ ಲಿಮಿಟೆಡ್,"No. 202, 2 Floor, Sai Shindhuj Residency 1 Crs, 7 Mn, Arehalli, Subramanyapura Po, Bangalore, Karnataka","NO. 202, BANGALORE, Karnataka, BANGALORE",0.0,0.25,"1,2,202,7",202,1,0
S1-801640806,S2-644005624,Fortune Hospitality Private Limited,ಫಾರ್ಚೂನ್ ಹಾಸ್ಪಿಟಾಲಿಟಿ ಪ್ರೈವೇಟ್ ಲಿಮಿಟೆಡ್,"No. 202, 2 Floor, Sai Shindhuj Residency 1 Crs, 7 Mn, Arehalli, Subramanyapura Po, Bangalore, Karnataka","BANGALORE, ಕರ್ನಾಟಕ, BANGALORE, NO. 202",0.0,0.15789473684210525,"1,2,202,7",202,1,0
S1-785723181,S2-729509592,Real Infra Pvt Ltd,Real Infra-Pvt Limited,"H No 2239/45 Arjun Wadi, Ghansoli, Navi Mumbai, Rabale, Thane, Maharashtra",,0.6,0.0,"2239,45",,0,1
S1-109942605,S2-215838908,Saira Infratech LLP,Center Saira LLP,"56, Gautam Colony, Behind A I R Station Near P W D Godown, Sawai Madhopur, Rajasthan","56, SAWAI MADHOPUR, राजस्थान",0.5,0.15,56,56,1,0
S1-328872245,S2-127630092,Hari Dynamic Media Private Limited,हरि डायनामिक मीडिया प्राइवेट लिमिटेड,"House No. 10, Hig, Sector D Lda Colony, Kanpur Road, Lucknow, Uttar Pradesh","HOUSE NO. 10, HIG, SECTOR D LDA COLONY, KANPUR ROAD, LUCKNOW, उत्तर प्रदेश",0.0,0.6111111111111112,10,10,1,0
S1-849109574,S2-71769310,SG Kart Private Limited,SG Kart Prívate,"241, Loha Mandi, Ghaziabad, Uttar Pradesh","241, LOHA MANDI, Uttar Pradesh",0.4,0.8333333333333334,241,241,1,0
S1-461866674,S2-398389490,Global Services Limited,குளோபல் சர்வீசஸ் லிமிடெட்,"Vanninagar 168/1A, Vellakinar Pirivu, Mettupalayam Ro, Coimbatore, Ad, Tamil Nadu, Saraf House","COIMBATORE, THUDIYALUR COIMBATORE, தமிழ்நாடு, ##340 SARAF HOUSE",0.0,0.15789473684210525,"1,168",340,0,0
S1-650989917,S2-291573726,Developers Super Technologies Private Limited,DSTECHNOLOGIES.COM,"S.No.260-1, Pno.31, Nagaon, Malegaon, Nashik, Maharashtra","S.NO.2-60-1, PNO.31, NAGAON, MALEGAON, CHANDANPURI, महाराष्ट्र",0.0,0.4117647058823529,"1,260,31","1,2,31,60",2,0
S1-650989917,S2-964378088,Developers Super Technologies Private Limited,Developers Super-Technologies,"S.No.260-1, Pno.31, Nagaon, Malegaon, Nashik, Maharashtra",,0.6,0.0,"1,260,31",,0,1
S1-147543754,S2-898232131,Southern Energy Private Limited,सदर्न एनर्जी प्राइवेट लिमिटेड,"E-3/307, Madhya Pradesh, Bhopal, Arera Colony","DOOR NO 352 E-3/307, ARERA COLONY, BHOPAL, मध्य प्रदेश",0.0,0.375,"3,307","3,307,352",2,0
S1-147543754,S2-511658215,Southern Energy Private Limited,सदर्न एनर्जी प्राइवेट लिमिटेड,"E-3/307, Madhya Pradesh, Bhopal, Arera Colony","NO 352 E-3/307, BHOPAL, Madhya Pradesh",0.0,0.6,"3,307","3,307,352",2,0
S1-147543754,S2-660390914,Southern Energy Private Limited,सदर्न एनर्जी प्राइवेट लिमिटेड,"E-3/307, Madhya Pradesh, Bhopal, Arera Colony","DOOR NO 352 E-3/307, BHOPAL, Madhya Pradesh",0.0,0.5454545454545454,"3,307","3,307,352",2,0
S1-198498967,S2-984699413,Urban Trading Limited,আরবান ট্রেডিং লিমিটেড,"107/1, Park Street, 3Rd Floor, Kolkata, Kolkata, Howrah, West Bengal","107/1, KOLKATA, West Bengal",0.0,0.5,"1,107,3","1,107",2,0
S1-198498967,S2-823420612,Urban Trading Limited,আরবান ট্রেডিং লিমিটেড,"107/1, Park Street, 3Rd Floor, Kolkata, Kolkata, Howrah, West Bengal","107/1, HOWRAH, West Bengal",0.0,0.5,"1,107,3","1,107",2,0
S1-575951536,S2-596991732,Real Trading Pvt Ltd,Real Tráding Pvt Ltd,"Fg-46, Scheme No.54 Vijay Nagar, Indore, Madhya Pradesh","FG-0046, SCHEME NO.54 VIJAY NAGAR, Madhya Pradesh",0.6,0.7272727272727273,"46,54","0046,54",1,0
S1-575951536,S2-147819559,Real Trading Pvt Ltd,Real Tladhcing Pvt Ltd,"Fg-46, Scheme No.54 Vijay Nagar, Indore, Madhya Pradesh","FG-0046, SCHEME NO.54 VIJAY NAGAR, Madhya Pradesh",0.6,0.7272727272727273,"46,54","0046,54",1,0
S1-684146854,S2-621967217,Indian Care Private Limited,इंडियन केयर प्राइवेट लिमिटेड,"H 3 Eden Hall, Mumbai, Maharashtra, Dr. Annie Besant Road Worli, Mumbai","H 3 EDEN HALL, MUMBAI, Maharashtra",0.0,0.5454545454545454,3,3,1,0
S1-98402215,S2-246033188,Tirupati Marketing Pvt Ltd,તિરુપતિ માર્કેટિંગ પ્રા. લિ.,"Plot-E-14, 14/1, 15, 15/1, 16, Electronic Est Gidc Sec26, Gandhinagar, Gandhi Nagar, Gujarat","PLOT-E-0014, GANDHINAGAR, GANDHI NAGAR, Gujarat",0.0,0.4,"1,14,15,16,26",0014,0,0
S1-98402215,S2-602829533,Tirupati Marketing Pvt Ltd,તિરુપતિ માર્કેટિંગ પ્રા. લિ.,"Plot-E-14, 14/1, 15, 15/1, 16, Electronic Est Gidc Sec26, Gandhinagar, Gandhi Nagar, Gujarat","PLOT-E-0014, GANDHINAGAR, GANDHI NAGAR, ગુજરાત",0.0,0.2777777777777778,"1,14,15,16,26",0014,0,0
S1-754088708,S2-553727929,Dream Foods Private Limited,ಡ್ರೀಮ್ ಫುಡ್ಸ್ ಪ್ರೈವೇಟ್ ಲಿಮಿಟೆಡ್,"Mobius Tower, 2Nd Floor, Sjr I Park, No. 13, 14 & 15 Kiadb Industrial Area, Bangalore, Karnataka","MOBIUS TOWER, BANGALORE, Karnataka",0.0,0.23529411764705882,"13,14,15,2",,0,0
S1-754088708,S2-142623824,Dream Foods Private Limited,ಡ್ರೀಮ್ ಫುಡ್ಸ್ ಪ್ರೈವೇಟ್ ಲಿಮಿಟೆಡ್,"Mobius Tower, 2Nd Floor, Sjr I Park, No. 13, 14 & 15 Kiadb Industrial Area, Bangalore, Karnataka","BANGALORE, MOIBUS TOWER, ಕರ್ನಾಟಕ",0.0,0.09523809523809523,"13,14,15,2",,0,0
S1-442482442,S2-307360182,Indian Infrastructure,इंडियन इंफ्रास्ट्रक्चर,"C/O Dilip Bhuda Mali, 18 Suryoday Colony Old Dhule Pole No 1/110/4, Dhule, Maharashtra","C/O DILIP BHUDA MALI, DHULE, महाराष्ट्र, N/A",0.0,0.2727272727272727,"1,110,18,4",,0,0
S1-422504392,S2-886946110,Shyam Care Private Limited,श्याम केयर प्राइवेट लिमिटेड,"Ag-172, 54-Scheme, Vijay Nagar, Indore, Madhya Pradesh","AG-172, INDORE, Madhya Pradesh",0.0,0.5555555555555556,"172,54",172,1,0
S1-422504392,S2-187747076,Shyam Care Private Limited,श्याम केयर प्राइवेट लिमिटेड,"Ag-172, 54-Scheme, Vijay Nagar, Indore, Madhya Pradesh","AG-172, 54-SCHEME, VIJAY NAGAR, INDORE, मध्य प्रदेश",0.0,0.5,"172,54","172,54",2,0
S1-216996013,S2-70180500,Sdc & Sons Ltd,Sdc & Ss Ltd,"Plot No. 9, Dwarkesh Nagar, Mathura, Uttar Pradesh","उत्तर प्रदेश, PLOT NO. 9, DWARKESH NAGAR, MDTHURA",0.6,0.35714285714285715,9,9,1,0
S1-844795594,S2-25707956,Cumulus & Co Partners,cpartners.com,"2Nd Floor, 201, Godrej Central Tower J Chs Ltd, Shell Colony Road, Sahakar Nagar-1, Chembur(E), Mumbai, Maharashtra","MUMBAI, Maharashtra, ##2ND FLOOR",0.0,0.21052631578947367,"1,2,201",2,1,0
S1-747803124,S2-620016670,Ashank & Brothers Limited,Ashank Ashank Brothers Limited Services,"H.No-421 Aya Nagar, Near Uday Photo Studio, New Delhi, Delhi",,0.6,0.0,421,,0,1
S1-629733257,S2-8306111,Seven Power Private Limited,सेवन पावर प्राइवेट लिमिटेड,"Plot-1 Kh No-309 G/F, Shivpuri Deenpur Extn Najafgarh, New Delhi, South West Delhi, Delhi","PLOT-1 KH NO-309 G/F, NEW DELHI, SOUTH WEST DELHI, दिल्ली",0.0,0.6470588235294118,"1,309","1,309",2,0
S1-891740479,S2-237281063,Dwarka Centreprivate Private Limited,Dwarka Concreprivae Private Limited,"Plot No. A37, Block-A, Sector-8, Delhi, Dwarka, South West Delhi","PLOT NO. A#37, BLOCK-A, SECTOR-8, DWARKA, Delhi",0.6,0.6666666666666666,"37,8","37,8",2,0
S1-234981036,S2-372171721,United Hospitality Private Limited,यूनाइटेड हॉस्पिटैलिटी प्राइवेट लिमिटेड,"Sector-2, Haryana, Palwal, Plot No-1518, Faridabad","H.NO 692 PLOT NO-1518, PALWAL, HARYANA",0.0,0.5,"1518,2","1518,692",1,0
S1-895544206,S2-996162780,Jk Kunj Private Limited,Jk Kunj  Private,"65-A, Ground Floor, South Ganesh Nagar, Delhi, East Delhi, Delhi","65-A, GROUND FLOOR, SOUTH GANESH NAGAR, DELHI, दिल्ली",0.75,0.7272727272727273,65,65,1,0
S1-631824295,S2-577376405,Shree Healthcare Private Limited,ஸ்ரீ ஹெல்த்கேர் பிரைவேட் லிமிடெட்,"Sf1, Second Floor, Sreejee Akn Building 69, Vellalar Street, Mugappair, Chennai, Tamil Nadu","SF#1, CHENNAI, தமிழ்நாடு",0.0,0.05263157894736842,"1,69",1,1,0
S1-686548968,S2-515553377,New Delhi Rose LLP,New Delhi LLP Center,"11/51 Punjabi Bagh, Delhi, West Delhi, New Delhi","H.NO 11/51  PUNJABI BAGH, NEW DELHI, Delhi",0.6,0.6666666666666666,"11,51","11,51",2,0
S1-652232600,S2-732140710,Best Power Private Limited,Best Pówer Private Limited,"#26, 8Th Cross, 1St Main Road, Prashantha Nagar, Bangalore, Karnataka",,0.6,0.0,"1,26,8",,0,1
S1-372531766,S2-2082695,Anand Consultants Private Limited,आनंद कंसल्टेंट्स प्राइवेट लिमिटेड,"G-60, First Floor, Opposite Foot Over Bridge, Jasola - Kalin Shaheen Bagh, Abdulfazal Enclave-2, Jamia, Nagar, Okhla, New Delhi, Delhi","G-##60, OKHLA, NEW DELHI, Delhi",0.0,0.25,"2,60",60,1,0
S1-284549693,S2-623117445,Sree & Associates,Sree & Ássociates Corp,"A-361 Kalka Ji, New Delhi, South Delhi, Delhi","A-61 KALKA JI, NEW DELHI, Delhi",0.4,0.625,361,61,0,0
S1-788831740,S2-664773698,Seven Consulting Private Limited,ਸੈਵਨ ਕੰਸਲਟਿੰਗ ਪ੍ਰਾਈਵੇਟ ਲਿਮਟਿਡ,"E-90, Industrial Focal Point Chanalon Kurali Sas Nagar, Mohali, Punjab","E-90, MOHALI, Punjab",0.0,0.36363636363636365,90,90,1,0
S1-524302313,S2-448953983,Vitus Services Private Limited,Vitus Services Private Límited,"Lg-015, Alpha Plaza, Noida, Gautam Buddha Nagar, Uttar Pradesh","LG-015., ALPHA PLAZA, NOIDA, Uttar Pradesh",0.6,0.7,015,015,1,0
S1-524302313,S2-415413023,Vitus Services Private Limited,vitusservices.com,"Lg-015, Alpha Plaza, Noida, Gautam Buddha Nagar, Uttar Pradesh","LG-015., ALPHA PLAZA, NOIDA, Uttar Pradesh",0.0,0.7,015,015,1,0
S1-965217635,S2-228499175,Future Industries LLP,ഫ്യൂച്ചർ ഇൻഡസ്ട്രീസ് എൽഎൽപി,"401, 5/97-58, Shankar Nagar Colony Road, Ernakulam, Kerala","401, ERNAKULAM, കേരളം",0.0,0.16666666666666666,"401,5,58,97",401,1,0
S1-77076355,S2-617310244,Padmaja Advisors Limited,PADMAJA LIMITED SERVICES,"31 B K Pal Avenue, Kolkata, Calcutta, West Bengal","DOOR NO 31 B K PAL AVENUE, KOLKATA, পশ্চিমবঙ্গ",0.5,0.4,31,31,1,0
S1-77076355,S2-278165310,Padmaja Advisors Limited,Padmaja Limited Partners,"31 B K Pal Avenue, Kolkata, Calcutta, West Bengal","31 B K PAL AVENUE, KOLKATA, পশ্চিমবঙ্গ",0.5,0.46153846153846156,31,31,1,0
S1-579061890,S2-727493669,Nitco & Sons Limited,Nitco + Limited Services,"No.2, Manjunatha Nilaya, Katrhirguppe Main Road, Bangalore South, Bangalore, Karnataka",,0.4,0.0,2,,0,1
S1-994314409,S2-968522459,East Arihant Engineering Private Limited,ईस्ट अरिहंत इंजीनियरिंग प्राइवेट लिमिटेड,"20, Balkeshwar Kunj, Balkeshwar Road, Agra, Uttar Pradesh","20, AGRA, Uttar Pradesh",0.0,0.5714285714285714,20,20,1,0
S1-286660244,S2-112010744,Big It Private Limited,Big It-Private,"C-11/196, Yamuna Vihar, New Delhi, Delhi","C-11/19, YAMUNA VIHAR, NEW DELHI, दिल्ली",0.75,0.6,"11,196","11,19",1,0
S1-423251553,S2-906197540,Creative Power Limited,क्रिएटिव पावर लिमिटेड,"29/56, Basement, West Punjabi Bagh, New Delhi, West Delhi, Delhi","DOOR NO 149 29/56, BASEMENT, WEST PUNJABI BAGH, NEW DELHI, JHAR SANTLI, दिल्ली",0.0,0.5333333333333333,"29,56","149,29,56",2,0
S1-423251553,S2-353129187,Creative Power Limited,Gildumbra,"29/56, Basement, West Punjabi Bagh, New Delhi, West Delhi, Delhi","JHAR SANTLI, BASEMENT, WEST PUNJABI BAGH, दिल्ली, NEW DELHI, DOOR NO 149 29/56",0.0,0.5333333333333333,"29,56","149,29,56",2,0
S1-789204667,S2-152068934,Thane Services Private Limited,Thane  Services Private,"1504, 15Th Floor, A-Wing, Laxmi Narayan Residency, Unnathi Garden, Pokh Rd-2, Off Maa Niket, An, Thane, Maharashtra",,0.75,0.0,"15,1504,2",,0,1
S1-830050293,S2-371772669,Damos Academy Pvt Ltd,DAM0S ACADEMY PVT,"Delhi, 302, Ground Floor Sangam Vihar, New Delhi, South Delhi, New Delhi, House No. E-7B/549","HOUSE NO. E-7B/549, 302, GROUND FLOOR SANGAM VIHAR, NEW DELH,I NEW DELHI, दिल्ली",0.4,0.7058823529411765,"302,549,7","302,549,7",3,0
S1-741835468,S2-830955804,Krishna Services,Krishna Services Corporation,"Nashik, Maharashtra, Plot No.804/A/7, Near Hotelprakash Mumbai Agra Road, 1",,0.6666666666666666,0.0,"1,7,804",,0,1
S1-601226049,S2-75676225,My Agro,माय एग्रो,"501, Tower 11, Adore Samriddhi Society Sector - 89, Faridabad, Haryana","501, FARIDABAD, SONEPAT, Haryana",0.0,0.2727272727272727,"11,501,89",501,1,0
S1-87067399,S2-277479426,Shubham & Co,Mr SHUBHAM CO [CENTER],"43A, Chennai.., Chennai, Tamil Nadu, Bazalullah Roadt.Nagar Chennai..",,0.4,0.0,43,,0,1
S1-763877042,S2-376733403,Perfect Impex Private Limited,પરફેક્ટ ઇમ્પેક્સ પ્રાઇવેટ લિમિટેડ,"Plot No. 7, 8, 9, 1St Floor, Somnath Industrial Park, Mangrol, Surat, Gujarat","#7, MANGROL, Gujarat",0.0,0.23076923076923078,"1,7,8,9",7,1,0
S1-860257651,S2-762755456,Vijay Trading Private Limited,विजय ट्रेडिंग प्राइवेट लिमिटेड,"6Th Floor, Cnergy, Appasaheb Marathe Marg, Prabhadevi, Mumbai, B1, Mumbai, Maharashtra","PLOT 253 B1, MUMBAI, Maharashtra",0.0,0.25,"1,6","1,253",1,0
S1-927386659,S2-365656963,Gk Balaji Pvt. Ltd.,Gk Ba1aji Pvt. Ltd.,"3-1-347, Dr. Lane, Nanded, Nanded, Maharashtra","महाराष्ट्र, 3-1-347, DR. LANE, NANDED, NANDED",0.6,0.5454545454545454,"1,3,347","1,3,347",3,0
S1-978604405,S2-281030658,Hitech Best Finance Private Limited,ಹೈಟೆಕ್ ಬೆಸ್ಟ್ ಫೈನಾನ್ಸ್ ಪ್ರೈವೇಟ್ ಲಿಮಿಟೆಡ್,"95/2 Domlur, 2Nd Stage, 2Nd Phase, Bangalore, Karnataka","DOOR NO 5/2 DOMLUR, BANGALORE, Karnataka",0.0,0.36363636363636365,"2,95","2,5",1,0
S1-774344066,S2-371234848,Blue Builders Private Limited,ब्लू बिल्डर्स प्राइवेट लिमिटेड,"C-2/502 Charmwood, Faridabad, Haryana","BLOCK A-##557 C-2/502 CHARMWOOD, FARIDABAD, हरियाणा",0.0,0.4166666666666667,"2,502","2,502,557",2,0
S1-149584019,S2-799938151,Sky International Private Limited,PRIVATE SKY INTERNATIONAL LTD,"C-1/165, Nehru Vihar Dayalapur, Delhi, New Delhi, Delhi","C-/165, NORTH WEST, NEW DELHI, Delhi",0.6,0.4,"1,165",165,1,0
S1-149584019,S2-228013368,Sky International Private Limited,स्काई इंटरनेशनल प्राइवेट लिमिटेड,"C-1/165, Nehru Vihar Dayalapur, Delhi, New Delhi, Delhi","दिल्ली, NORTH WEST, NEW DELHI, C-/165",0.0,0.3333333333333333,"1,165",165,1,0
S1-436336411,S2-67554002,JFR Pharmaceuticals Private Limited,JFR PHARMACEUTICALS PRIVATE LTD,"102/1-3, Madiwala, 33, 2Nd Floor, 4Th Main, Btm 1St Stage, Venkateshwara Layout, Jaibheemanagar, Old Madiwala, Bangalore South, Bangalore Rural, Karnataka",,0.6,0.0,"1,102,2,3,33,4",,0,1
S1-698240637,S2-203147017,Suryaiya Transportation Co,Suryaiya Trfaspmortction (Co),"Khasara No. 97, 101, 190, Village Salori Yensa Post Chinora, Tah. Warora, Chandrapur, Maharashtra",,0.5,0.0,"101,190,97",,0,1
S1-185682837,S2-627268169,Best Investments Private Limited,బెస్ట్ ఇన్వెస్ట్‌మెంట్స్ ప్రైవేట్ లిమిటెడ్,"8-4-17/95 Lane No 2B, Sai Ram Nagar Colony, Saroornagar, K.V.Rangareddy, Telangana","LANE NO 2B, K.V.RANGAREDDY, Telangana",0.0,0.4375,"17,2,4,8,95",2,1,0
S1-185682837,S2-570602079,Best Investments Private Limited,బెస్ట్ ఇన్వెస్ట్‌మెంట్స్ ప్రైవేట్ లిమిటెడ్,"8-4-17/95 Lane No 2B, Sai Ram Nagar Colony, Saroornagar, K.V.Rangareddy, Telangana","LANE NO 2B, K.V.RANGAREDDY, తెలంగాణ",0.0,0.3,"17,2,4,8,95",2,1,0
S1-986182589,S2-577776247,Rx & Partners Company,rxpartners.com,"3-A N.R.K. Villa, 3/3, Indore, Madhya Pradesh","DOOR NO 3-A N.R.K. VILLA, 3/3, INDORE, मध्य प्रदेश",0.0,0.4375,3,3,1,0
S1-975957952,S2-318949578,Southern Industries Private Limited,Southern Industries Prvaiblte Limited,"Darjeeling, West Bengal, Siliguri, Sree Bhawanhill Cart Road","SREE BHAWANHILL CART ROAD, SILIGURI, পশ্চিমবঙ্গ",0.6,0.4166666666666667,,,0,0
S1-183836776,S2-941957648,East Finance Limited,EAST LIMITED (CENTER),"Atithi Abasan G/2 C Block 43 G T Road Post Konnagar, Hooghly, West Bengal",,0.5,0.0,"2,43",,0,1
S1-347253835,S2-760006689,Lotus Tech Private Limited,லோட்டஸ் டெக் பிரைவேட் லிமிடெட்,"Block V, 3F Sathyadev Avenue Rani Meiyammai Towers Mrc Nagar, Raja Annamalaipuram, Chennai, Tamil Nadu","BLOCK V, CHENNAI, Tamil Nadu",0.0,0.3333333333333333,3,,0,0
S1-254703004,S2-342766809,Healthline Brothers Limited,Smt Healthline Brohtees Limited,"House No 49, Kewal Park, Delhi, North West, Delhi","HOUSE NO 9-49, KEWAL PARK, DELEI, null, Delhi",0.4,0.5454545454545454,49,"49,9",1,0
S1-273676088,S2-955826545,Sarita Building Private Limited,Belokoraria,"Amal, Tc 36/1104(4), Thondukadavu Karali, Bypass Road, Enchakkal, Vallakkadavu P.O, Trivandrum, Kerala","AMAL, TRIVANDRUM, THIRUVANANTHAPURAM SANGUMUGHAM, Kerala",0.0,0.17647058823529413,"1104,36,4",,0,0
S1-296660854,S2-160737026,Bharat Investment Private Limited,भारत इन्वेस्टमेंट प्राइवेट लिमिटेड,"Shop No. 11 Ground Floor, Dda Market, Blk-B, Pkt- A, Delhi, North West Delhi, Delhi","DOOR NO 11 GROUND FLOOR, DELHI, दिल्ली",0.0,0.29411764705882354,11,11,1,0
S1-296660854,S2-941303394,Bharat Investment Private Limited,भारत इन्वेस्टमेंट प्राइवेट लिमिटेड,"Shop No. 11 Ground Floor, Dda Market, Blk-B, Pkt- A, Delhi, North West Delhi, Delhi","SHOP NO. 11 GROUND FLHOR, DELHI, दिल्ली",0.0,0.29411764705882354,11,11,1,0
S1-261133409,S2-532776476,New Delhi Estates Clinic,NEW DELHI,"S-45, 3Rd Floor Phase Ii, Okhla Industrial Area, New Delhi, South Delhi, Delhi","S-##45, 3RD FLOOR PHASE II, OKHLA INDUSTRIAL AREA, NEW DELHI, दिल्ली",0.5,0.7857142857142857,"3,45","3,45",2,0
S1-936931375,S2-753020885,White Estate Private Limited,వైట్ ఎస్టేట్ ప్రైవేట్ లిమిటెడ్,"Telangana, K.V.Rangareddy, Hill View Anjaneya Nagar, Balanagar, Flatno202Plotno-6B &6C Lahari Park","DOOR NO 202PLOTNO-6B &6C LAHARI PARK, HYDERABAD, Telangana",0.0,0.3157894736842105,"202,6","202,6",2,0
S1-198441741,S2-844184388,Mumbai Club Limited,MUMBAI CLUB LTD | www.mumbaiclu.com,"4, Floor-Grd, Plot-115, Satyagiri Building, G, Dadasaheb Phalke Road, Dadar (E), Mumbai, Maharashtra",,0.2857142857142857,0.0,"115,4",,0,1
S1-624635930,S2-143312925,Aarvraj Consultancy Private Limited,Aarvraj Consultancy Limited Services,"C/O Manindra Chandra Sarkar Debi Bari Natunpara, Cooch Behar Katwali, Cooch Behar, Koch Bihar, Coochbehar, West Bengal",,0.6,0.0,,,0,1
S1-619725236,S2-515983397,Shiv Systems Private Limited,शिव सिस्टम्स प्राइवेट लिमिटेड,"House No. 75/1, Floor Ground, Block-2, Whs Kirti Nagar Ind Area, New Delhi, West Delhi, Delhi","HOUSE NO. 75/1, WEST DELHI, NEW DELHI, दिल्ली",0.0,0.3888888888888889,"1,2,75","1,75",2,0
S1-474370556,S2-617016363,Fortune Hospitality Private Limited,Fortune Hospitality Prlvhate [Limited],"C-10/4 Block-C, Krishna Nagar, Delhi, East Delhi, Delhi","NO 210 C-10/4 BLOCK-C, KRISHNA NAGAR, DELHI, दिल्ली",0.6,0.5833333333333334,"10,4","10,210,4",2,0
S1-533208995,S2-3289166,IUD Services Private Limited,IUD Svise Private Limited,"Flat No. 7 Madhu Malti Apts. S.No. 96/97/2, Plot No. 179, Bhusari Colony, Paud Road, Kothrud, Pune, Maharashtra",,0.6,0.0,"179,2,7,96,97",,0,1
S1-893959644,S2-108726082,Super Infra Private Limited,सुपर इंफ्रा प्राइवेट लिमिटेड,"C-14/2, Wazirpur Industrial Area, Delhi, North West Delhi, Delhi","PLOT 550 C-14/2, DELHI, NORTH WEST DELHI, दिल्ली",0.0,0.46153846153846156,"14,2","14,2,550",2,0
S1-790165868,S2-589734742,Lotus Solutions Private Limited,लोटस सॉल्यूशंस प्राइवेट लिमिटेड,"Rz F-87, F/Floor, B/Side, Kh No-91/25 & 93/21, Gali No. 41, Sadh Nagar Part-I, Palam Co, Lony, New Delhi, South West Delhi, Delhi","RZ F-87/3, NEW DELHI, DELHI",0.0,0.18518518518518517,"21,25,41,87,91,93","3,87",1,0
S1-220776561,S2-296553077,United Marketing Private Limited,यूनाइटेड मार्केटिंग प्राइवेट लिमिटेड,"2B, Chintamani Apartment, Prathamesh Park, Chakankar Mala, Balewadi Phata, Baner, Pune, Maharashtra","H.NO #700 2B, POONA, PUNE, Maharashtra",0.0,0.1875,2,"2,700",1,0
S1-58523316,S2-128722330,Apr (India) Promoters Private Limited,Apr (India)-Promoters Pcrtvafnet Limited,"A1 - 9, 6, Sector No - 21, Turbhe, Washi, Navi Mumbai, Thane, Maharashtra","A1 - 9, 6, SECTOR NO - 21, TURBHE, WASHI, NAVI MUMBAI, महाराष्ट्र",0.6666666666666666,0.625,"1,21,6,9","1,21,6,9",4,0
S1-950588543,S2-695432646,Shiva Producer Pvt Ltd,शिवा प्रोड्यूसर प्रा. लि.,"Gautam Buddha Nagar, 73, Noida, Ground Floor Sector-15A, Uttar Pradesh","C-73, NOIDA, GAUTAM BUDDHA NAGAR, Uttar Pradesh",0.0,0.5833333333333334,"15,73",73,1,0
S1-799621104,S2-247045375,Sky Raj Industries Pvt Ltd,स्काई राज इंडस्ट्रीज प्रा. लि.,"Near.Ho.No.N-34/S-2/10/03, Swami Vivekanand Nagar, Nashik, Maharashtra","NEAR.HO.NO.N-34/S-2/10/03, NASHIK, महाराष्ट्र",0.0,0.5555555555555556,"03,10,2,34","03,10,2,34",4,0
S1-846194706,S2-330426841,Krishna Energy Private Limited,கிருஷ்ணா எனர்ஜி பிரைவேட் லிமிடெட்,"Plot No.10 B, 2Nd Cross St, T.V.S Nagar, (Annexe), Ambattur, Tiruvallur, Tamil Nadu","PLOT NO.10 B, AMBATTUR, தமிழ்நாடு, TIRUVALLUR",0.0,0.3,"10,2",10,1,0
S1-42302281,S2-345037050,New Exports Limited,ನ್ಯೂ ಎಕ್ಸ್‌ಪೋರ್ಟ್ಸ್ ಲಿಮಿಟೆಡ್,"Office No. 432, Second Floor, 4Th Cross, 2Nd Block Hrbr Layout, Kalyan Nagar, Bangalore, Karnataka","BANGALORE, OFFICE NO. 432, Karnataka, BANGALORE",0.0,0.3333333333333333,"2,4,432",432,1,0
S1-428751421,S2-437631751,Golden Impex Private Limited,गोल्डन इम्पेक्स प्राइवेट लिमिटेड,"2Nd Floor, Plot No 4, Minarch Tower, Sector-44 Haryana, Gurgaon, Haryana","2ND FLOOR, GURGAON, Haryana",0.0,0.36363636363636365,"2,4,44",2,1,0
S1-428751421,S2-355753118,Golden Impex Private Limited,गोल्डन इम्पेक्स प्राइवेट लिमिटेड,"2Nd Floor, Plot No 4, Minarch Tower, Sector-44 Haryana, Gurgaon, Haryana","#2ND FLOOR, GURGAON, Haryana",0.0,0.36363636363636365,"2,4,44",2,1,0
S1-657335272,S2-707274360,Maya Packaging Private Limited,Maya Private Limited Service,"B-6/27 Krishna Nagar, Delhi, South Delhi, Delhi","B-#6/27 KRISHNA NAGAR, DELHI, दिल्ली",0.6,0.6666666666666666,"27,6","27,6",2,0
S1-947535946,S2-60988591,Sky Constructions Private Limited,स्काई कंस्ट्रक्शंस प्राइवेट लिमिटेड,"Delhi, Property No.3 Park End, Vikas Marg, Iiird Floor, East Delhi","IIIRD FLOOR, DELHI",0.0,0.2727272727272727,3,,0,0
S1-578522304,S2-952144688,Apex Properties Private Limited,एपेक्स प्रॉपर्टीज प्राइवेट लिमिटेड,"Plot No 114, Ground Floor, Pkt-1, Sec-4, Bawana Dsidc, Near Ganga Toli Mandir, North West, Delhi, North West Delhi, Delhi","PLOT NO 114, NORTH WEST DELHI, Delhi",0.0,0.3333333333333333,"1,114,4",114,1,0
S1-205999415,S2-364956882,Magic & Sons Private Limited,Magic & Sons Private,"20, Shopping Street, Kumarapark West, Bangalore, Karnataka","PLOT 277 20, SHOPPING STREET, KUMARAPARK WEST, ಕರ್ನಾಟಕ",0.8,0.4166666666666667,20,"20,277",1,0
S1-90255941,S2-186266513,Infra Rajiv Builders Private Limited,INFRARAJIVBUILDERS.COM,"B-08, A86, Sector-4, Noida, Gautam Buddha Nagar, Uttar Pradesh","HN D/584 B-08, A86, SECTOR-4, NOIDA, Uttar Pradesh",0.0,0.5714285714285714,"08,4,86","08,4,584,86",3,0
S1-934308012,S2-855869812,Nm Chemicals Private Limited,ncprivate.c0m,"C/O Harshil O H, Olavakott House, P.O South Vazhakulam, Aluva, Ernakulam, Kerala","BLOCK G-206 C/O HARSHIL O H, ALUVA, ERNAKULAM, കേരളം",0.0,0.35294117647058826,,206,0,0
S1-576341681,S2-747520938,Classic Marketing Private Limited,ಕ್ಲಾಸಿಕ್ ಮಾರ್ಕೆಟಿಂಗ್ ಪ್ರೈವೇಟ್ ಲಿಮಿಟೆಡ್,"1590, Nandi, 2 Floor, 1 Phase, Sri Tiruchi Mahaswamiji Road, 5 Stage, Beml Layout, Rajarajeshwa, Ri Nagar, Bangalore, Karnataka","1590, BANGALORE, Karnataka",0.0,0.15789473684210525,"1,1590,2,5",1590,1,0
S1-872277671,S2-11770054,Blue Food Private Limited,ব্লু ফুড প্রাইভেট লিমিটেড,"2/A Grant Lane, Kolkata, Howrah, West Bengal","KOLKATA, HOWRAH, পশ্চিমবঙ্গ, KOLKATA, 4/A GRANT LANE",0.0,0.38461538461538464,2,4,0,0
S1-229911545,S2-355070394,Raj Impex Private Limited,ರಾಜ್ ಇಂಪೆಕ್ಸ್ ಪ್ರೈವೇಟ್ ಲಿಮಿಟೆಡ್,"No. T-2, Shiva Ganga Rose, Apprts 2Nd Cross 2Nd Main, Karnataka, Bangalore South, Bangalore","NO. T-2., Karnataka, BANGALORE, BANGALORE SOUTH",0.0,0.46153846153846156,2,2,1,0
S1-229911545,S2-544726726,Raj Impex Private Limited,ರಾಜ್ ಇಂಪೆಕ್ಸ್ ಪ್ರೈವೇಟ್ ಲಿಮಿಟೆಡ್,"No. T-2, Shiva Ganga Rose, Apprts 2Nd Cross 2Nd Main, Karnataka, Bangalore South, Bangalore","NO. T-2., BANGALORE, BANGALORE SOUTH, Karnataka",0.0,0.46153846153846156,2,2,1,0
S1-254636268,S2-255721691,Tech Global Pvt Ltd,टेक ग्लोबल प्रा. लि.,"F No-8-P No B-1, Neeraj Cghs Vasundhara Enclave Delhi, East Delhi, Delhi","#290 F NO-8-P NO B-1, MUMBAI, EAST DELHI, Delhi",0.0,0.5714285714285714,"1,8","1,290,8",2,0
S1-61127171,S2-372285958,Noida Development Co,Noida Delelopmnet Co,"F-231 Gaur Grandeur Sector-119, Noida, Gautam Buddha Nagar, Uttar Pradesh","F-00231 GAUR GRANDEUR SECTOR-119, NOIDA, Uttar Pradesh",0.5,0.6153846153846154,"119,231","00231,119",1,0
S1-640233844,S2-367021344,Bharat Healthcare Private Limited,भारत हेल्थकेयर प्राइवेट लिमिटेड,"Flat No 1503, Tower B, Jaipuria Apartment, Ghaziabad, Uttar Pradesh","DOOR NO 1503, GHAZIABAD, उत्तर प्रदेश",0.0,0.1875,1503,1503,1,0
S1-796215153,S2-934224310,Sunrise & Co,Scncirse & Co,"Aurangabad, Cts-15736-45, Aurangabad, Maharashtra, Ulkanagari Aurangabad","CTS-15736-45, ULKANAGARI AURANGABAD, CHHATRAPATI SAMBHAJI NAGAR, LADGAON, महाराष्ट्र",0.5,0.35714285714285715,"15736,45","15736,45",2,0
S1-235314296,S2-721579684,Alpha Media Limited,ALPHA MEDIA LTD,"Tower 3-1402, Gh-01/C, Sector-168, Dadri, Gautam Buddha Nagar, Uttar Pradesh","उत्तर प्रदेश, TOWER 3-1402, GH-01/C, SECTOR-168, DADRI",0.5,0.47368421052631576,"01,1402,168,3","01,1402,168,3",4,0
S1-494131733,S2-506746520,Shiv Services Pvt. Ltd.,SHIV SERVICES PVT. LIMITED,"Plot 62, Okhla Industrial Estates Phase 3, New Delhi, South Delhi, Delhi","दिल्ली, H.NO 270 PLOT 62, OKHLA INDUSTRIAL ESTATES PHASE 3, NEW DELHI",0.6,0.6,"3,62","270,3,62",2,0
S1-415675143,S2-362592392,Rowland Holdings,ROWLAND LIMITED,"Faridabad, Haryana, 3B-4, B.P., Nit-3., Faridabad","B-4, B.P., NIT-3., FARCDABAD, हरियाणा",0.3333333333333333,0.4166666666666667,"3,4","3,4",2,0
S1-189182974,S2-669217635,Kolkata Management Private Limited,KOLKATA MANAGEMENT LIMITED PARTNERS,"71D N S Rd, Kolkata, Calcutta, West Bengal","#71D N S RD, KOLKATA, West Bengal",0.6,0.875,71,71,1,0
S1-942039815,S2-915698515,Just & Co Corp,Just & Co (Corporation),"2115 G/F Khari Baoli, Delhi, North Delhi, Delhi","NO 2115 G/F KHARI BAOLI, NORTH DELHI, दिल्ली",0.6,0.7,2115,2115,1,0
S1-961924061,S2-340001520,Sky International Private Limited,স্কাই ইন্টারন্যাশনাল প্রাইভেট লিমিটেড,"C/O Rabindra Nath Dasadhikary Vill And P.O-Dhamtore, Dist-Midnapur (W), Midnapur, Midnapore, West Bengal","MEDINIPUR WEST, West Bengal, C/O RABINDRA NATH DASADHIKARY VILL AND P.O-DHAMTORE",0.0,0.6875,,,0,0
S1-391394133,S2-451605974,Great Enterprises Private Limited,ग्रेट एंटरप्राइजेज प्राइवेट लिमिटेड,"58, Pkt-E, Sector -1 Bawana Dsidc, New Delhi, Delhi","58, NEW DELHI, Delhi",0.0,0.3333333333333333,"1,58",58,1,0
S1-8797542,S2-884504693,India Alpha Energy Private Limited,India Álpha Energy Private,"D-601, Shreeji Sangh, Plot No. 15-16, Sector-7, Wing D, New Panvel (W), Panvel, Raigarh(Mh), Maharashtra",,0.5,0.0,"15,16,601,7",,0,1
S1-45279077,S2-74930825,East Infrastructure Private Limited,ईस्ट इंफ्रास्ट्रक्चर प्राइवेट लिमिटेड,"Tower-A, Spaze I -Tech Park Sohna Road, Sector-49, Gurgaon, Haryana, 7Th Floor","GURGAON, Haryana, 7TH- FLOOR",0.0,0.2857142857142857,"49,7",7,1,0
S1-235211997,S2-543264183,Real Enterprises Private Limited,रियल एंटरप्राइजेज प्राइवेट लिमिटेड,"New Delhi, Delhi, A-65, 2Nd Floor, South Extension, Part-1","PLOT 822 A-65, 2ND FLOOR, SOUTH EXTENSION, PART-1, GURGAON, NEW DELHI, Delhi",0.0,0.7692307692307693,"1,2,65","1,2,65,822",3,0
S1-235211997,S2-796257120,Real Enterprises Private Limited,रियल एंटरप्राइजेज प्राइवेट लिमिटेड,"New Delhi, Delhi, A-65, 2Nd Floor, South Extension, Part-1","PLOT 822 A-65, GURGAON, दिल्ली, NEW DELHI",0.0,0.26666666666666666,"1,2,65","65,822",1,0
S1-346259195,S2-526223286,East Impex Pvt Ltd,ஈஸ்ட் இம்பெக்ஸ் பிரைவேட் லிமிடெட்,"Old No 9 New No 18 Tatabad Street No-4, Coimbatore, Tamil Nadu","COIMBATORE, தமிழ்நாடு, NO 9 NEW NO 18 TATABAD STREET NO-4, COIMBATORE",0.0,0.5333333333333333,"18,4,9","18,4,9",3,0
S1-377842718,S2-854485826,Urban Software Private Limited,अर्बन सॉफ्टवेयर प्राइवेट लिमिटेड,"Maharashtra, Thane, Office No. 303, 3Rd Floor, Pujit Plaza Society, Belapur Station Road, Opp K Star Hotel, Cbd Belapur, Navi Mumbai, Thane","BLOCK C-118 OFFICE NO. 303, THANE, Maharashtra",0.0,0.21739130434782608,"3,303","118,303",1,0
S1-487319357,S2-463660519,YT Systems Care,YT 5YSTEMS CÁRE,"215/18 Janki Centre 29 Shah Industrial Estate Andheri (West), Mumbai, Mumbai City, Maharashtra",,0.2,0.0,"18,215,29",,0,1
S1-638436840,S2-12310464,Digital Enterprises Pvt Ltd,ડિજિટલ એન્ટરપ્રાઇઝિસ પ્રા. લિ.,"Plot No.28, Ground Floor, Unit-B, Shiv Sai Ind Est 2, Olpad, Surat, Gujarat","NO 28., OLPAD, SURAT, ગુજરાત",0.0,0.2222222222222222,"2,28",28,1,0
S1-627797621,S2-834692637,Fortune Products LLP,ఫార్చూన్ ప్రొడక్ట్స్ ఎల్‌ఎల్‌పీ,"17, Red Hills, Hyderabad, Telangana","A-17, HYDERABAD, RED HILLS, Andhra Pradesh",0.0,0.5,17,17,1,0
S1-627797621,S2-886380691,Fortune Products LLP,LLP FORTUNE PROUDCTS,"17, Red Hills, Hyderabad, Telangana","A-17, RED HILLS, HYDERABAD, Andhra Pradesh",0.5,0.5,17,17,1,0
S1-677554058,S2-865180892,Big Red Energy Private Limited,बिग रेड एनर्जी प्राइवेट लिमिटेड,"M-458, Basement, Guru Harkishan Nagar, Paschim Vihar, New Delhi, Delhi","M-458, BASEMENT, GURU HARKISHAN NAGAR, DELHI",0.0,0.7,458,458,1,0
S1-13880148,S2-979566415,Tech Construction Limited,டெக் கன்ஸ்ட்ரக்ஷன் லிமிடெட்,"21A, Sutharsan Nagar, 4Th Street Ambika Nagar Extn, Madambakkam, Chennai, Kancheepuram, Tamil Nadu","BLOCK A-0033 21A, KANCHEEPURAM, CHENNAI, Tamil Nadu",0.0,0.3333333333333333,"21,4","0033,21",1,0
S1-490023578,S2-38118631,Fortune Agro,ಫಾರ್ಚೂನ್ ಅಗ್ರೋ,"#130, Infantery Court Bulling Infantry Road, Bangalore, Karnataka","#130/7, BANGALORE, Karnataka",0.0,0.3333333333333333,130,"130,7",1,0
S1-249312071,S2-973516407,Vertical Polytechnic Private Limited,Limited Vertical Polytechnic (Partners),"Unit No 701A, 7Th Floor, Honey Gold, Plot No 44, Ashok Cooperative Housing Society Limited, Range Hills Road, Near Bhosale Nagar, Shivajinagar, Pune City, Pune, Maharashtra","H.NO #481 UNIT NO 701A, PUNE, Maharashtra",0.6,0.19230769230769232,"44,7,701","481,701",1,0
S1-207093269,S2-270687442,Transnational (India) Marvel Private Limited,Vioaria,"Lakedrive Nimbekai, Pura Hoskote Main Road, Bangalore South, Bangalore, Karnataka, No52","BANGALORE, ಕರ್ನಾಟಕ, NOD/52, BANGALORE",0.0,0.06666666666666667,52,52,1,0
S1-125485955,S2-951967769,Life Producer Limited,लाइफ प्रोड्यूसर लिमिटेड,"Delhi, New Delhi, Shop No A 27, Central Market, Madangir, South Delhi","SHOP NO A 027, NEW DELHI, SOUTH DELHI, Delhi",0.0,0.5454545454545454,27,027,0,0
S1-364935576,S2-987414389,Krishna Laxmi Agro LLP,ಕೃಷ್ಣ ಲಕ್ಷ್ಮಿ ಅಗ್ರೋ ಎಲ್ಎಲ್‌ಪಿ,"Flat No 015, Ghataprabha Block, Khb Heritage, Jakeri Honda, Hukkeri, Belagaum, Belgaum, Karnataka","FLAT NO 00015, NORTH KARNATAKA REGION, Karnataka",0.0,0.1875,015,00015,0,0
S1-517039874,S2-540152426,Blue Technology Pvt Ltd,బ్లూ టెక్నాలజీ ప్రైవేట్ లిమిటెడ్,"Flat No-21008, Janapriya-Utopia Attapur, Rajendra Nagar, Hyderabad, Telangana","Telangana, RAJENDRA NAGAR, FLAT NO",0.0,0.5,21008,,0,0
S1-182172265,S2-251949465,Indo Systems Private Limited,इंडो सिस्टम्स प्राइवेट लिमिटेड,"145 A/9, Kishangarh, Vasant Kunj, New Delhi, South West Delhi, Delhi","145 A/9, NEW DELHI, SOUTH WEST DELHI, Delhi",0.0,0.7,"145,9","145,9",2,0
S1-589160886,S2-896807729,Bhubaneswar Trades Private Limited,Bhubaneswar Private Limited (Services),"A-1, Sahid Nagar, Bhubaneswar, Khordha, Orissa","A-1, SAHID NAGAR, BHUBANESWAR, Odisha",0.6,0.625,1,1,1,0
S1-696724726,S2-888713003,Premier Food Private Limited,#PREMIERFOOD,"C-126, Phase-I Naraina Industrial Area, New Delhi, South West Delhi, Delhi","C-26, PHASE-I NARAINA INDUSTRIAL AREA, NEW DELHI, दिल्ली",0.0,0.5714285714285714,126,26,0,0
S1-976008037,S2-942865124,Rajasthan Group of Companies Limited,Rajasthan Gróup of Companies,"R6/142, Raj Nagar, Ghaziabad, Uttar Pradesh","NO. 715 R6/142, RAJ NAGAR, GHAZIABAD, उत्तर प्रदेश",0.5,0.35714285714285715,"142,6","142,6,715",2,0
S1-979133460,S2-69247808,White Tirupati Management Private Limited,વ્હાઇટ તિરુપતિ મેનેજમેન્ટ પ્રાઇવેટ લિમિટેડ,"101-B, Sukruti Enclave, Satellite, Ahmadabad City, Ahmedabad, Gujarat","SHYAMAL CROSS ROAD, 101-B, ગુજરાત, AHMADABAD CITY",0.0,0.26666666666666666,101,101,1,0
S1-285419585,S2-470418444,Shivam Business Private Limited,शिवम बिजनेस प्राइवेट लिमिटेड,"F 301, Jivdani Appartments, S No. 1/6 Moregaon Nagar, Vasai Palghar, Thane, Maharashtra","PLOT ##274 F 301, THANE, महाराष्ट्र",0.0,0.15,"1,301,6","274,301",1,0
S1-870710088,S2-881582248,JM Biosciences Private Limited,JM Private Limited Center,"Silver Business Hub, Simada Brts Road, Junction, Village Surat, Surat, Gujarat, Surat, Sh-420",,0.6,0.0,420,,0,1
S1-749710865,S2-862060195,Simon Brothers Company,Mr SIMON COMPANY PARTNERS,"Nano Homes Sec-30, Maharashtra, Panvel, Flat N.306 Plot N.182, Raigarh(Mh)","FLAT N.306 PLOT N.182, NANO HOMSE SEC-30, PANVEL, महाराष्ट्र",0.4,0.5,"182,30,306","182,30,306",3,0
S1-608990285,S2-899284176,High Care,हाई केयर,"C/O Suman Kumar, S/O Ram Ji Lal, Bojawas Road, Khasra No. 675, Village Buchawas, Mahendragarh, Haryana","C/O SUMAN KUMAR, DIVREPORTINGCIRCLE, MAHENDRAGARH, हरियाणा",0.0,0.23809523809523808,675,,0,0
S1-927704263,S2-90767874,Mumbai Hire Private Limited,Mumbai Hire Private Ltd,"1202 Royal Court Chs Ltd, 12Th Floor 190 S.V Road, Jogeshwari West, Mumbai, Bandra Suburban, Maharashtra",,0.6,0.0,"12,1202,190",,0,1
S1-84834723,S2-436390221,Unwal Mills Pvt Ltd,Unwal Pvt Ltd Services,"405, Dharmyug Apt, Radha Nagar, Surat City, Surat, Gujarat",,0.6,0.0,405,,0,1
S1-619224612,S2-15857758,Great South Foods Pvt Ltd,ग्रेट साउथ फूड्स प्रा. लि.,"A 72, Sector 35, Noida, Gautam Buddha Nagar, Uttar Pradesh","GAUTAM BUDDHA NAGAR, NOIDA, Uttar Pradesh, BOLCK D-910 A 72",0.0,0.6153846153846154,"35,72","72,910",1,0
S1-964841390,S2-64696305,First Engineering,ஃபர்ஸ்ட் இன்ஜினியரிங்,"No: 2/356 F, Siruvani Main, Kalampalayam, Perur, Coimbatore South, Coimbatore, Tamil Nadu","NO: D/2/356 F, COIMBATORE, Tamil Nadu",0.0,0.5384615384615384,"2,356","2,356",2,0
S1-270070380,S2-676139126,Al Dynamic Food Private Limited,আল ডায়নামিক ফুড প্রাইভেট লিমিটেড,"C 62, West Bengal, Howrah, Survey Park, P.S.- Patuli, Kolkata, Kolkata","C 62, KOLKATA, HOWRAH, West Bengal",0.0,0.5454545454545454,62,62,1,0
S1-754522219,S2-822376684,Hotel Solutions Pvt Ltd,ಹೋಟೆಲ್ ಸೊಲ್ಯೂಷನ್ಸ್ ಪ್ರೈವೇಟ್ ಲಿಮಿಟೆಡ್,"No. 10/12, Wework - Prestige Atlanta, 80 Feet Main Road, Koramangala 1A Block, Bangalore South, Bangalore, Karnataka","DOOR NO D/10/12, BANGALORE, BANGALORE SOUTH, Karnataka",0.0,0.3333333333333333,"1,10,12,80","10,12",2,0
S1-754522219,S2-214163419,Hotel Solutions Pvt Ltd,ಹೋಟೆಲ್ ಸೊಲ್ಯೂಷನ್ಸ್ ಪ್ರೈವೇಟ್ ಲಿಮಿಟೆಡ್,"No. 10/12, Wework - Prestige Atlanta, 80 Feet Main Road, Koramangala 1A Block, Bangalore South, Bangalore, Karnataka","NO. D/10/12, BANGALORE SOUTH, BANGALORE, Karnataka",0.0,0.35294117647058826,"1,10,12,80","10,12",2,0
S1-781969137,S2-53660691,One Constructions Private Limited,ಒನ್ ಕನ್‌ಸ್ಟ್ರಕ್ಷನ್ಸ್ ಪ್ರೈವೇಟ್ ಲಿಮಿಟೆಡ್,"No.2024, Hig, Sai Vandhana Complex. 3Rd B Cross, Near Sbi, Yelahanka New Town, Yelahanka, Bangalroe, Bangalore, Karnataka","#2024, BANGALROE, BENGALURU, Karnataka",0.0,0.16666666666666666,"2024,3",2024,1,0
S1-319363739,S2-82687370,Alpha Healthcare Private Limited,ଆଲଫା ହେଲ୍ଥକେୟାର୍ ପ୍ରାଇଭେଟ୍ ଲିମିଟେଡ୍,"C/O. Mr. Biswanath Sahoo, Plot-202 Scr, Unit-1, Bhubaneswar, Khordha, Orissa","KHORDHA, C/O. MR. BISWANATH SAHOO, Odisha",0.0,0.42857142857142855,"1,202",,0,0
S1-277444121,S2-47208889,Thane Supply Private Limited,Private Thane Supply Ltd,"320, Orion Business Park, Ghodbunder Road, Thane, Maharashtra","Maharashtra, 320, THANE",0.6,0.375,320,320,1,0
S1-973270562,S2-156403732,Jaipur & Brothers Private Limited,Private Jaipur & Bogtes Limited,"D.No.8-47, Endowments Col, Ony, Nagarjuna Hospital, Vijayawada (Rural), Krishna, Andhra Pradesh","DOOR NO 8-47, VIJAYAWADA (RURAL), Andhra Pradesh",0.6666666666666666,0.4666666666666667,"47,8","47,8",2,0
S1-725813536,S2-863032285,Perfect Investment Private Limited,परफेक्ट इन्वेस्टमेंट प्राइवेट लिमिटेड,"Shop No -Lg-72, Plot No -30, Vardhman Plaza, Road No. 44, Rani Bagh, Pitampura, New Delhi, North Delhi, Delhi","SHOP NO -LG-72, NEW DELHI, NORTH DELHI, दिल्ली",0.0,0.3888888888888889,"30,44,72",72,1,0
S1-274008457,S2-25838683,Shivam Builders Private Limited,शिवम बिल्डर्स प्राइवेट लिमिटेड,"F-203/4 Third Floor, Back Side, Shaheen Bagh, Abul Fazal Enclave-Ii Jamia Nagar, Okhla, South Delhi, Delhi","F-203/4/7 THIRD FLOOR, DELHI",0.0,0.3157894736842105,"203,4","203,4,7",2,0
S1-697966237,S2-625800465,Lotus Infra Private Limited,Lotus इंफ्रा प्राइवेट लिमिटेड,"South Delhi, First Floor, Khirki Extn Malviya Nagar, Delhi, J4/46A, Delhi","J4/46A , FIRST FLOOR, KHIRKI EXTN MALVIYA NAGAR, DELHI, दिल्ली",0.07692307692307693,0.75,"4,46","4,46",2,0
S1-740513706,S2-299303819,Shree Developers Private Limited,শ্রী ডেভেলপারস প্রাইভেট লিমিটেড,"Kolkata, Hemanta Basu Sarani, 3Rd Floor Room No.306, Kolkata, No.21, Howrah, West Bengal","NO.2-1, KOLKATA, West Bengal",0.0,0.26666666666666666,"21,3,306","1,2",0,0
S1-681654762,S2-636149708,Super Tech Private Limited,சூப்பர் டெக் பிரைவேட் லிமிடெட்,"10/297, D Ulageswara Nagar, Ganapathypalayam Road, Veerapandi Post, Coimbatore, Tamil Nadu, Tirupur","PLOT 774 10/297, COIMBATORE, TIRUPUR, Tamil Nadu",0.0,0.4,"10,297","10,297,774",2,0
S1-897673852,S2-876703091,MT Projects Private Limited,MT Projects Private Ltd,"Plot No. 861, Industrial Area-A, Ludhiana, Punjab","861 , INDUSTRIAL AREA-A, Punjab",0.6,0.625,861,861,1,0
S1-38652258,S2-763861936,North Foundation Private Limited,नॉर्थ फाउंडेशन प्राइवेट लिमिटेड,"B 45, Mahashweta Nagar, Ujjain, Madhya Pradesh","B 44, UJJAIN, Madhya Pradesh",0.0,0.5,45,44,0,0
S1-38652258,S2-715064667,North Foundation Private Limited,नॉर्थ फाउंडेशन प्राइवेट लिमिटेड,"B 45, Mahashweta Nagar, Ujjain, Madhya Pradesh","B 44, UJJAIN, Madhya Pradesh",0.0,0.5,45,44,0,0
S1-38652258,S2-557406170,North Foundation Private Limited,n0rthfoundation.com,"B 45, Mahashweta Nagar, Ujjain, Madhya Pradesh","Madhya Pradesh, UJJAIN, B 44",0.0,0.5,45,44,0,0
S1-38652258,S2-651666662,North Foundation Private Limited,PRÍVATE NORTH FOUNDATION LIMITED,"B 45, Mahashweta Nagar, Ujjain, Madhya Pradesh","B 44, UJJAIN, मध्य प्रदेश",0.6,0.15384615384615385,45,44,0,0
S1-747678832,S2-111833398,Royal Builders Private Limited,रॉयल बिल्डर्स प्राइवेट लिमिटेड,"A/701, Supernal Garden Kolshet Road, Dhokali, Thane, Maharashtra","DOOR NO 0574 A/701, THANE, Maharashtra",0.0,0.3333333333333333,701,"0574,701",1,0
S1-679967523,S2-572593113,Dhwaj & Sons Limited,Dhwaj & Sons,"Door No.13/420/5Gt3/5Ht3, Fifth Floor, Tower 3 Alfa Horizon, Goshree Road, Ernakulam, Kerala",,0.75,0.0,"13,3,420,5",,0,1
S1-233604988,S2-330306991,Global Food Private Limited,ग्लोबल फूड प्राइवेट लिमिटेड,"B-308 Cghs, Narwana Apartment Indra Prastha Extn., Delhi, East Delhi, Delhi","B-309 CGHS, DELHI, EAST DELHI, Delhi",0.0,0.36363636363636365,308,309,0,0
S1-647503742,S2-411751809,Urban Trading Private Limited,अर्बन ट्रेडिंग प्राइवेट लिमिटेड,".No. 1420/2, Hanumant Vihar (3 Yogendra Vihar), Naubasta, Kanpur Nagar, Kanpur, Uttar Pradesh","HN 670 .NO. 1420/2, Kanpur Nagar, <NULL>, Uttar Pradesh",0.0,0.4666666666666667,"1420,2,3","1420,2,670",2,0
S1-426578924,S2-878988462,Zion Ventures Private Limited,Zetaaria,"Delhi, 124, Kh No. 1497 In, G/F, Vasant Kunj Enclave, South Delhi, A-123","South Delhi, Delhi, HN 958 A-123, <NULL>",0.0,0.23529411764705882,"123,124,1497","123,958",1,0
S1-175991831,S2-589717878,Galaxy Infrastructure Private Limited,Galaxy Ignafarsftlmructure Private  Limited,"Gatt No 591 Hn 1625, Padoli, Osmanabad, Maharashtra",,0.6,0.0,"1625,591",,0,1
S1-313795579,S2-581930514,Anand Consultancy Private Limited,ஆனந்த் கன்சல்டன்சி பிரைவேட் லிமிடெட்,"Tf 3 Corddel Apts24, Pycrofts Garden Road Nungambakkam, Chennai 6, Chennai, Tamil Nadu","TF ##3 CORDDEL ATPS24, CHENNAI 6, CHENNAI, தமிழ்நாடு",0.0,0.29411764705882354,"24,3,6","24,3,6",3,0
S1-800282560,S2-989518147,United Logistics Private Limited,యునైటెడ్ లాజిస్టిక్స్ ప్రైవేట్ లిమిటెడ్,"Plot No. 16/B, Bapuji Nagar, Yapral, Tirumalagiri, Hyderabad, Telangana","PLOT NO. 16/B, TIRUMALAGIRI, HYDERABAD, తెలంగాణ",0.0,0.42857142857142855,16,16,1,0
S1-124426658,S2-88587630,Alpha Logistics Private Limited,अल्फा लॉजिस्टिक्स प्राइवेट लिमिटेड,"Hardoi, Add- Dhear Maholiya Rly.Ganj Hardoi, S/O Shiv Dayal, Hardoi, Uttar Pradesh","S/O SHIV DYAL, HARDOI, उत्तर प्रदेश",0.0,0.2222222222222222,,,0,0
S1-927266112,S2-95290353,Prime Industries Private Limited,प्राइम इंडस्ट्रीज प्राइवेट लिमिटेड,"House No 104, Block B, New Delhi, West Delhi, Delhi","HOUSE NO 104, BLOCK B, GAUTAM BUDDHA NAGAR, WEST DELHI, Delhi",0.0,0.6363636363636364,104,104,1,0
S1-436531124,S2-136338784,Blue Builders Private Limited,ബ്ലൂ ബിൽഡേഴ്സ് പ്രൈവറ്റ് ലിമിറ്റഡ്,"No.2/1149/1 94, 95, 96, Hilite Business Park, Kozhikode, Kerala","NO.A-2/1149/1 94, KOZHIKODE, കേരളം",0.0,0.4,"1,1149,2,94,95,96","1,1149,2,94",4,0
S1-807210753,S2-102439314,Sky It Private Limited,स्काई आईटी प्राइवेट लिमिटेड,"20, Sharda Nagar, Ambajogai Road, Latur, Maharashtra","20, NULL, LATUR, Maharashtra",0.0,0.375,20,20,1,0
S1-340340841,S2-753327740,North Solutions,નોર્થ સોલ્યુશન્સ,"A/28, Sagar Industrial Estate, Vasta Devdi Road, Surat, Gujarat","PLOT 19 A/28, VASTA DEVDI ROAD, SURAT, ગુજરાત",0.0,0.4,28,"19,28",1,0
S1-62525853,S2-573217146,Sfc & Brothers Private Limited,Sfc & Brothers Private,"Cst No. 8/23/B/2, Nr. Tarang Petrol Pump, Ratan Park, Borsad, Anand, Gujarat",,0.8,0.0,"2,23,8",,0,1
S1-853563506,S2-726190685,Crossland Brothers Private Limited,Crossland Bttes Private Limited,"112&113 Shed 8&9 Mini Industrial Estate, 10, Muthalamada, Govindapuram Post, Palakkad, Kerala",,0.6,0.0,"10,112,113,8,9",,0,1
S1-867389736,S2-613777166,Pur Road Fabricators Pvt Ltd,Pur Road Faacratos Pvt Ltd,"G-62, Riico Industrial Area, Pur Road, Bhilwara, Rajasthan","G-62, RIICO INDUSTRIAL AREA, PUR ROAD, राजस्थान",0.6666666666666666,0.5384615384615384,62,62,1,0
S1-885835848,S2-645971074,Trv Marketing Pvt Ltd,Dr Trv Marketing,"30, Basement, National Park, New Delhi, South Delhi, Delhi","दिल्ली, #G-999 30, BASEMENT, NATIONAL PARK, NEW DELHI",0.4,0.5454545454545454,30,"30,999",1,0
S1-638604202,S2-487968769,Creative Services,ಕ್ರಿಯೇಟಿವ್ ಸರ್ವಿಸಸ್,"Khata No, 43/2 44/4B, Balaji L/O 5, Bangalore North, Bangalore, Number 5 D, Karnataka","BANGALORE URBAN, Karnataka, BANGALORE, NUMBER 5 D",0.0,0.3125,"2,4,43,44,5",5,1,0
S1-824689274,S2-401140644,Gold Indo Software Pvt Ltd,गोल्ड इंडो सॉफ्टवेयर प्रा. लि.,"464-A, Basement, Chirag Delhi, Delhi","NO. D/287 464-A, CHIRAG DELHI, SOUTH DELHI, Delhi",0.0,0.4444444444444444,464,"287,464",1,0
S1-824689274,S2-302420496,Gold Indo Software Pvt Ltd,गोल्ड इंडो सॉफ्टवेयर प्रा. लि.,"464-A, Basement, Chirag Delhi, Delhi","NO. D/287 464-A, CHIRAG DELHI, SOUTH DELHI, Delhi",0.0,0.4444444444444444,464,"287,464",1,0
S1-66710782,S2-738170847,Supreme Services Private Limited,सुप्रीम सर्विसेज प्राइवेट लिमिटेड,"2Nd Floor, Raghuleela Mega Mall, Behind Poisar Bus Depot, Kandivali (West, ), Shop No. S157, Mumbai, Mumbai City, Maharashtra","SHOP NO. S157, MUMBAI, MUMBAI CITY, Maharashtra",0.0,0.35294117647058826,"157,2",157,1,0
S1-831086313,S2-414873773,Ibrain Software Private Limited,IBRAIN SOFTWARE PRIVATE LTD,"E3, Subbu Apartment, Gd Road, Race Course, Coimbatore, Tamil Nadu",,0.6,0.0,3,,0,1
S1-731559314,S2-778839146,Super Care Private Limited,ಸೂಪರ್ ಕೇರ್ ಪ್ರೈವೇಟ್ ಲಿಮಿಟೆಡ್,"No. 20, 3Rd Main, Raghavendra Layout, Ward No.2, Jalahalli, Yeshwanthpur, Bangalore, Karnataka","BANGALORE, NO. 20, ಕರ್ನಾಟಕ, BANGALORE",0.0,0.2,"2,20,3",20,1,0
S1-782920749,S2-758408581,Urban Management Private Limited,అర్బన్ మేనేజ్‌మెంట్ ప్రైవేట్ లిమిటెడ్,"Telangana, Navodaya Colonyroad No.2 Banjara Hills Hyderabad, 8-2-269/N/14B, A.P.","BLOCK D-674 8-2-269/N/14B, NAVODAYA COLONYROAD NO.2 BANJARA HILLS HYDERABAD, <NULL>, Andhra Pradesh",0.0,0.55,"14,2,269,8","14,2,269,674,8",4,0
S1-782920749,S2-22869690,Urban Management Private Limited,అర్బన్ మేనేజ్‌మెంట్ ప్రైవేట్ లిమిటెడ్,"Telangana, Navodaya Colonyroad No.2 Banjara Hills Hyderabad, 8-2-269/N/14B, A.P.","BLOCK D-674 8-2-269/N/14B, NAVODAYA COLONYROAD NO.2 BANJARA HILLS HYDERABAD, <NULL>, Andhra Pradesh",0.0,0.55,"14,2,269,8","14,2,269,674,8",4,0
S1-392031325,S2-778956496,Tirupati Media Limited,tirupatimedia.com,"Plot No.247, Block-B Naraina Industrial Area, Phase 1, Delhi, South West Delhi, Delhi","PLOT NO.247, BLOCK-B NARAINA INDUSTRIAL AREA, PHASE 1, DELHI, दिल्ली",0.0,0.7333333333333333,"1,247","1,247",2,0
S1-392031325,S2-126506421,Tirupati Media Limited,तिरुपति मीडिया लिमिटेड,"Plot No.247, Block-B Naraina Industrial Area, Phase 1, Delhi, South West Delhi, Delhi","PLOT NO.247, BLOCK-B NARAINA INDUSTRIAL AREA, PHASE 1, DIVREPORTINGCIRCLE, DELHI, दिल्ली",0.0,0.6875,"1,247","1,247",2,0
S1-522586622,S2-223286015,Anand Smart Enterprises Private Limited,ஆனந்த் ஸ்மார்ட் எண்டர்பிரைசஸ் பிரைவேட் லிமிடெட்,"8/19, 1St Floor, 2Nd Cross Street, Kalaimagal Nagar1St Main Road, Ekkattuth, Ekkattuthangal, Chennai, Tamil Nadu","CHENNAI, EKKATTUTHANGAL, 8/19., Tamil Nadu",0.0,0.375,"1,19,2,8","19,8",2,0
S1-275190395,S2-722050639,Anand Estate Private Limited,આનંદ એસ્ટેટ પ્રાઇવેટ લિમિટેડ,"4Th Floor(New) 6Th Floor(Old) New Sardar Traders Mkt, Puna Kumbhariya Road. Block, -33 To 34, Gujarat, Shop-4026, Surat","SURAT, HN 26 SHOP-4026, SURAT, Gujarat",0.0,0.19047619047619047,"33,34,4,4026,6","26,4026",1,0
S1-337924522,S2-799181871,XLD Life Public Limited,XLD Life  Public Ltd,"Delhi, I-185 Garhwali Mohalla Block-1 Laxmi Nagar, East Delhi, New Delhi","I-85 GARHWALI MOHALLA BLOCK-1 LAXMI NAGAR, NEW DELHI, दिल्ली",0.6,0.6428571428571429,"1,185","1,85",1,0
S1-686138427,S2-659591080,Good Management Pvt Ltd,गुड मैनेजमेंट प्रा. लि.,"Unit No-406 4Th Floor, Adani Brahma, Miracle Mile, Sector-60 Gurugram, Sadar Bazar, Gurgaon, Haryana","UNIT NO-406/6 4TH FLOOR, GURGAON, Haryana",0.0,0.4117647058823529,"4,406,60","4,406,6",2,0
S1-22008865,S2-810805214,Top Traders Private Limited,Limited Top Traders Service,"#114, 1St Floor, Pete Chennappa Industrial Estate Kamakshipalya, Bangalore, Karnataka","#114, BANGALORE, Karnataka",0.6,0.3,"1,114",114,1,0
S1-172886955,S2-614667488,Ram Exports Private Limited,*** Ram Exports Pivae [Limited],"Malayankavu Junction, Vilavancode, Kanyakumari, Tamil Nadu","MALAYANKAVU JUNCTION, SOUTHERN REGION MADURAI, VILAVANCODE, தமிழ்நாடு",0.6,0.23076923076923078,,,0,0
S1-571467031,S2-691787772,Indo Infra Private Limited,ઇન્ડો ઇન્ફ્રા પ્રાઇવેટ લિમિટેડ,"A 801, Block -A, West Gate Business Bay, Nr Makarba Cross Road, Beside Signature -1, Makarba, Ahmadabad City, Ahmedabad, Gujarat","A 301, AHMADABAD CITY, N/A, Gujarat",0.0,0.2,"1,801",301,0,0
S1-370342679,S2-820943132,Maa Projects Private Limited,মা প্রজেক্টস প্রাইভেট লিমিটেড,"56, Netaji Subhas Road 2Nd Floor, Kolkata, Kolkata, Howrah, West Bengal","56, KOLKATA, HOWRAH, West Bengal",0.0,0.5,"2,56",56,1,0
S1-370342679,S2-245321829,Maa Projects Private Limited,Maa Projects Private Ltd,"56, Netaji Subhas Road 2Nd Floor, Kolkata, Kolkata, Howrah, West Bengal",,0.6,0.0,"2,56",,0,1
S1-257245878,S2-276421003,North Consultants Pvt Ltd,नॉर्थ कंसल्टेंट्स प्रा. लि.,"130, Ist Floor, Plot No. 3 Vardhman Diamond Plaza, D.B Gupta Road, Paharganj, New Delhi, Central Delhi, Delhi","130, NEW DELHI, CENTRAL DELHI, Delhi",0.0,0.23529411764705882,"130,3",130,1,0
S1-819622291,S2-532114489,Sai Exports Limited,साई एक्सपोर्ट्स लिमिटेड,"47, Bapu Bazar, Girwa, Udaipur, Rajasthan","DOOR NO 233 47, GIRWA, Rajasthan",0.0,0.3333333333333333,47,"233,47",1,0
S1-819622291,S2-980800109,Sai Exports Limited,साईं एक्सपोर्ट्स लिमिटेड,"47, Bapu Bazar, Girwa, Udaipur, Rajasthan","DOOR NO 233 47, UDAIPUR, Rajasthan",0.0,0.3333333333333333,47,"233,47",1,0
S1-819622291,S2-801071656,Sai Exports Limited,saiexports.com,"47, Bapu Bazar, Girwa, Udaipur, Rajasthan","DOOR NO 233 47, BAPU BAZA, GIRWA, Rajasthan",0.0,0.4,47,"233,47",1,0
S1-97897835,S2-891030982,City Developers Pvt Ltd,City Developers Pvt Limited,"Shop-310, Third Floor Binali, Opp. Torrent Power Zonal Office, Naranpura, Sola Road, Ahmedabad, Gujarat",,0.6,0.0,310,,0,1
S1-97897835,S2-940120369,City Developers Pvt Ltd,સિટી ડેવલપર્સ પ્રા. લિ.,"Shop-310, Third Floor Binali, Opp. Torrent Power Zonal Office, Naranpura, Sola Road, Ahmedabad, Gujarat","SHOP-310, AHMEDABAD, Gujarat",0.0,0.26666666666666666,310,310,1,0
S1-97897835,S2-620864222,City Developers Pvt Ltd,સિટી ડેવલપર્સ પ્રા. લિ.,"Shop-310, Third Floor Binali, Opp. Torrent Power Zonal Office, Naranpura, Sola Road, Ahmedabad, Gujarat","SHOP310, AHMEDABAD, ગુજરાત",0.0,0.05263157894736842,310,310,1,0
S1-97897835,S2-834743985,City Developers Pvt Ltd,સિટી ડેવલપર્સ પ્રા. લિ.,"Shop-310, Third Floor Binali, Opp. Torrent Power Zonal Office, Naranpura, Sola Road, Ahmedabad, Gujarat","SHOP-310, AHMEDABAD, Gujarat",0.0,0.26666666666666666,310,310,1,0
S1-357152893,S2-536927806,Pranora Infra,Pranora Partners,"H- 1/3 First Floor Harkesh Nagar, Okhla Phase Ii, New Delhi, South Delhi, Delhi","H- 1/ FIRST FLOOR HARKESH NAGAR, OKHLA PHASE II, NEW DELSI, दिल्ली",0.3333333333333333,0.625,"1,3",1,1,0
S1-264828292,S2-753835607,Shiv Infotech Pvt Ltd,शिव इंफोटेक प्रा. लि.,"Plot No. 150A, Prabhat Nagar, Behind Ssvps Collage, Deopur, Dhule, Maharashtra","महाराष्ट्र, PLOT NO. 150A, DHULE",0.0,0.26666666666666666,150,150,1,0
S1-927513600,S2-414659402,Hitech Energy Private Limited,ಹೈಟೆಕ್ ಎನರ್ಜಿ ಪ್ರೈವೇಟ್ ಲಿಮಿಟೆಡ್,"298H, 5Th Block, Khb Colony, Koramangala, Bangalore South, Bangalore, Karnataka","298H, 5TH BLOCK, KHB COLONY, KORAMANGALA, BENGALURU URBAN, BANGALORE, Karnataka",0.0,0.7272727272727273,"298,5","298,5",2,0
S1-217611265,S2-581418891,Divya Infrabuild Private Limited,Shri DIVYA INFRABUILD PRIVATE,"Maharashtra, Navi Mumbai, 1301, 13Th Floor, Sector 19 Satra Plaza, Vashi, Thane",,0.6,0.0,"13,1301,19",,0,1
S1-217611265,S2-57884311,Divya Infrabuild Private Limited,Limited Divya Infrabuild Center,"Maharashtra, Navi Mumbai, 1301, 13Th Floor, Sector 19 Satra Plaza, Vashi, Thane","1301, THANE, NAVI MUMBAI, महाराष्ट्र",0.6,0.25,"13,1301,19",1301,1,0
S1-411515222,S2-538077596,Sai Impex Private Limited,Sai Impex Private Enterprises,"House No. 14/2A Sabji Mandi (Sunderpur), Varanasi, Uttar Pradesh",,0.6,0.0,"14,2",,0,1
S1-203138786,S2-334504783,High Creative Producer Private Limited,હાઇ ક્રિએટિવ પ્રોડ્યુસર પ્રાઇવેટ લિમિટેડ,"Block D 404, Ahmedabad, Gujarat, Richmond Grand, Sur No 4/2, 15, 16/7, Fp-35, Tp-84, Near Torrent Power, Makarb, A","BLOKC D 404, AHMEDABAD, Gujarat",0.0,0.16666666666666666,"15,16,2,35,4,404,7,84",404,1,0
S1-220226533,S2-914949357,Vision Solutions Limited,विजन सॉल्यूशंस लिमिटेड,"D-3/4, Delhi, South Delhi, Okhla Industrial Area, Phase-Ii, New Delhi","Delhi, PLOT 175 D-3/4, SOUTH DELHI, OKHLA",0.0,0.46153846153846156,"3,4","175,3,4",2,0
S1-588971826,S2-277423272,Raj Food Limited,राज फूड लिमिटेड,"4 B, Pawan Baug, Chincholi Pathak Road, Nr Witty International School, Malad (W), Mumbai, Mumbai City, Maharashtra","4 B, BOMBAY, MUMBAI (SUBURBAN), महाराष्ट्र",0.0,0.13636363636363635,4,4,1,0
S1-921737850,S2-526182254,Positive Innovations Private Limited,Positive Innovations Limited Services,"207 Himgiri19 Rani Jhansi Road, New Delhi, Central Delhi, Delhi","दिल्ली, 207 HIMGIRI19 RANI JHANSI ROAD, NEW DELHI",0.6,0.7,"19,207","19,207",2,0
S1-642409738,S2-473487634,Black Solutions Private Limited,ब्लैक सॉल्यूशंस प्राइवेट लिमिटेड,"Devi Nagar, New Sanganer, Sodala, Jaipur, Rajasthan, Plot No. 123","PLOT NO. #123, JAIPUR, Rajasthan, JAIPUR",0.0,0.5,123,123,1,0
S1-281170584,S2-650436897,Galaxy International Private Limited,ಗ್ಯಾಲಕ್ಸಿ ಇಂಟರ್‌ನ್ಯಾಷನಲ್ ಪ್ರೈವೇಟ್ ಲಿಮಿಟೆಡ್,"No. 45, Shri Ashtalakshmi Nilaya, Kodigehalli Village, Bangalore North, Bangalore Rural, Karnataka","BANGALORE NORTH, BANGALORE RURAL, 45, ಕರ್ನಾಟಕ",0.0,0.2857142857142857,45,45,1,0
S1-191310080,S2-597574116,FD Fintech Private Limited,FD Fintech Private Límited,"205, Bh-11 Hig, Sukhliya, Indore, Madhya Pradesh","205, BH-11 HIG, SUKHLIYA, INDORE, मध्य प्रदेश",0.6,0.46153846153846156,"11,205","11,205",2,0
S1-589489209,S2-45242240,Tnv India Private Limited,Tnv India Private,"Pvt-138 Kh.No.2/23, 2 Floor Extn. Street No. 7 Blk-A-1 Sant Nagar, Village Burari, Delhi, North Delhi, Delhi",,0.75,0.0,"1,138,2,23,7",,0,1
S1-995477728,S2-124144067,Amj Polytechnic,Amj Polytechnic Limited,"C/O Bimla Sharma, F-375, Sector-36, Noida, Gautam Buddha Nagar, Uttar Pradesh","C/O BIMLA SHARMA, F-375, SECTOR-36, NOIDA, Uttar Pradesh",0.6666666666666666,0.7857142857142857,"36,375","36,375",2,0
S1-677954057,S2-306456384,Pioneer Raj Foundation Private Limited,പയനിയർ രാജ് ഫൗണ്ടേഷൻ പ്രൈവറ്റ് ലിമിറ്റഡ്,"50/179, Kannur Central, Mg Road, Thavakkara, Kannur, Kerala","DOOR NO 180 50/179, KANNUR, കേരളം",0.0,0.23076923076923078,"179,50","179,180,50",2,0
S1-389858262,S2-961926237,Raj Super Software Private Limited,রাজ সুপার সফটওয়্যার প্রাইভেট লিমিটেড,"2 Nd Floor Room No 212 A, 4, Fairlie Place Road, Kolkata, Kolkata, Howrah, West Bengal","2 ND FLOOR ROOM NO 212 A, KOLKATA, HOWRAH, West Bengal",0.0,0.7333333333333333,"2,212,4","2,212",2,0
S1-297735898,S2-755371705,Industrial Brothers Private Limited,Industrial Brothers,"Block No - C-5A, Plot No-194 1St Floor, Janak Puri, New Delhi, Delhi","BLOCK NO - C-5A, PLOT NO-194 1ST FLOOR, JANAK PURI, दिल्ली",0.5,0.7142857142857143,"1,194,5","1,194,5",3,0
S1-297735898,S2-997180120,Industrial Brothers Private Limited,Industrial Private Limited Services,"Block No - C-5A, Plot No-194 1St Floor, Janak Puri, New Delhi, Delhi","BLOCK NO - C-5A, PLOT NO-194 1ST FLOOR, JANAK PURI, दिल्ली",0.6,0.7142857142857143,"1,194,5","1,194,5",3,0
S1-560189983,S2-466281381,Yamuam Trading Private Limited,YAMUAM TRADING PRIVATE LTD,"207, Konark Arcade Bldg, Nizampura, Bhiwandi, Bhiwandi, Thane, Maharashtra",,0.6,0.0,207,,0,1
S1-484633420,S2-530722606,Indian Developers Private Limited,Indian डेवलपर्स प्राइवेट लिमिटेड,"H No 346, Block-G, Pocket-5 Sector-16, Rohini, New Delhi, North Delhi, Delhi","दिल्ली, H.NO 346 , BLOCK-G, POCKET-5 SECTOR-16, ROHINI, NEW DELHI",0.07692307692307693,0.8,"16,346,5","16,346,5",3,0
S1-769862009,S2-778092313,Shiv Management Private Limited,Shiv ম্যানেজমেন্ট Private Limited,"1 R N Mukherjee Roadr N 39 4 Th Floor, Kolkata, Calcutta, West Bengal","1 R N MUKHERJEE ROADR N 39 4 TH FLOOR, KOLKATA, পশ্চিমবঙ্গ",0.3333333333333333,0.5882352941176471,"1,39,4","1,39,4",3,0
S1-345629468,S2-890776541,Hanuman Consultancy Private Limited,SOLCIRA,"S.F.No 18, Maruthamalai Road, V.O Nagar, Vadavally, Coimbatore, Tamil Nadu","S.F.NO 18, COIMBATORE, தமிழ்நாடு",0.0,0.29411764705882354,18,18,1,0
S1-548255862,S2-1613240,Bharat Estate Private Limited,भारत एस्टेट प्राइवेट लिमिटेड,"H.N. 4155, Sector D, Pkt, Vasant Kunj, South Delhi, Delhi","H.N. 41-55, SOUTH DELHI, Delhi",0.0,0.3333333333333333,4155,"41,55",0,0
S1-784817376,S2-747171818,As Institute Public Limited,AS INSTITUTE PUBLIC,"Wz-19A, Asalatpur Janakpuri, New Delhi, West Delhi, Delhi","WZ-19A, ASALATPUR JANAKPURI, NEW DELHI, दिल्ली",0.75,0.6666666666666666,19,19,1,0
S1-926387498,S2-593302592,Toli & Brothers Private Limited,M/s TOLI & BRÓTHERS PRIVATE LIMITED,"No 19 &20 Ii Cross Viii Mainvasanthnagar (West) Vasanthnagar (West), Bangalore, Karnataka",,0.5,0.0,"19,20",,0,1
S1-675550541,S2-553709409,Black Sai Consultancy Limited,பிளாக் சாய் கன்சல்டன்சி லிமிடெட்,"Tamil Nadu, Vettumpuli Lanae, Woraiyur, Trichy 620 003, 13-H","13-H, TIRUCHIRAPPALLI, Tamil Nadu",0.0,0.36363636363636365,"003,13,620",13,1,0
S1-675550541,S2-287011720,Black Sai Consultancy Limited,பிளாக் சாய் கன்சல்டன்சி லிமிடெட்,"Tamil Nadu, Vettumpuli Lanae, Woraiyur, Trichy 620 003, 13-H","13-H, TIRUCHIRAPPALLI, Tamil Nadu",0.0,0.36363636363636365,"003,13,620",13,1,0
S1-675550541,S2-778068036,Black Sai Consultancy Limited,பிளாக் சாய் கன்சல்டன்சி லிமிடெட்,"Tamil Nadu, Vettumpuli Lanae, Woraiyur, Trichy 620 003, 13-H","13-H, TIRUCHIRAPPALLI, Tamil Nadu",0.0,0.36363636363636365,"003,13,620",13,1,0
S1-739761234,S2-777663818,Regius Hotels Private Limited,Regius Private Limited Center,"Co Hashmukhbhai Pedhadiya, Shop No 321 Vit Bhavan, Opp Gurukul, Rajkot, Gujarat",,0.6,0.0,321,,0,1
S1-719877068,S2-494911254,Khairatabad Electrical Private Limited,Khairatabad E1ectrical Private Ltd,"2Nd Floor, 8-2-601/A/P4, Plot No. 4, Devi Sadan, Road No. 10, Khairatabad, Hyderabad, Telangana","2ND. FLOOR, 8-2-601/A/P4, PLOT NO. 4, DEVI SADAN, ROAD NO. 10, KHAIRATABAD, Andhra Pradesh",0.3333333333333333,0.7894736842105263,"10,2,4,601,8","10,2,4,601,8",5,0
S1-795222126,S2-945263637,One Services Pvt Ltd,वन सर्विसेज प्रा. लि.,"Mumbai, K K Chambers 2 Nd Floorp T Marg Fort, Mumbai, Maharashtra","K K CHAMBERS 2 ND FLOORP T MARG FORT, BOMBAY, FORT, महाराष्ट्र",0.0,0.5333333333333333,2,2,1,0
S1-445795826,S2-576821683,Future Infotech,ಫ್ಯೂಚರ್ ಇನ್‌ಫೋಟೆಕ್,"No966 8Th Cross 27Th Mnrd, 1St Sector Hsr Layout, Bangalore South, Bangalore, Karnataka","NO6-966 8TH CROSS 27TH MNRD, Bangalore South, N/A, Karnataka",0.0,0.4375,"1,27,8,966","27,6,8,966",3,0
S1-427132802,S2-459114500,Eastern Estate Limited,Eastern Estate,"House No. 43 Sector - 16, Vasundhara, Ghaziabad, Uttar Pradesh","HOUSE NO. 43  SECTOR - 16, VASUNDHARA, उत्तर प्रदेश",0.6666666666666666,0.42857142857142855,"16,43","16,43",2,0
S1-924361574,S2-246395185,Shree Consultants Private Limited,Limited Shree Consultants Services,"Gt Road, Ghaziabad, Uttar Pradesh, C 61 Gagan Enclave","C #61 GAGAN ENCLAVE, GHAZIABAD, उत्तर प्रदेश",0.6,0.35714285714285715,61,61,1,0
S1-561118340,S2-980284676,Good It Private Limited,ഗുഡ് ഐടി പ്രൈവറ്റ് ലിമിറ്റഡ്,"7/330 D, Vkc Tower P.O. Kolathara, Calicut, Kozhikode, Kerala","NO 7/33 D, KOZHIKODE, Keralam",0.0,0.21428571428571427,"330,7","33,7",1,0
S1-557285206,S2-486149972,Universal Energy Private Limited,ಯುನಿವರ್ಸಲ್ ಎನರ್ಜಿ ಪ್ರೈವೇಟ್ ಲಿಮಿಟೆಡ್,"No.10, Park Road, Bangalore North, Bangalore, Karnataka","#10, PARK ROAD, BANGALORE NORTH, BANGLORE, Karnataka",0.0,0.75,10,10,1,0
S1-810205552,S2-234132975,Laxmi Exports Private Limited,Prriblvtae Laxmi Exports Limited,"10, Aditraj Bunglows Nr. Prernatirth Derasar, Satellite, Ahmedabad, Gujarat","H.NO 901 10, AHMEDABAD, Gujarat",0.6,0.25,10,"10,901",1,0
S1-810205552,S2-178111924,Laxmi Exports Private Limited,લક્ષ્મી એક્સપોર્ટ્સ પ્રાઇવેટ લિમિટેડ,"10, Aditraj Bunglows Nr. Prernatirth Derasar, Satellite, Ahmedabad, Gujarat","Gujarat, AHMEDABAD, #901 10, AHMEDABAD",0.0,0.3,10,"10,901",1,0
S1-810205552,S2-702054747,Laxmi Exports Private Limited,exp0rtsprivatelaxmi.com,"10, Aditraj Bunglows Nr. Prernatirth Derasar, Satellite, Ahmedabad, Gujarat","901 10, AHMEDABAD, Gujarat",0.0,0.3,10,"10,901",1,0
S1-283199360,S2-767504378,Smart Estates (India) Private Limited,smartestatesindia.com,"105, Dg-6 Dda Market First Floor, Paschim Vihar, New Delhi, Delhi","105, DG-6 DDA MARKET FIRST FLOOR, PASCHIM VIHAR, दिल्ली",0.0,0.6923076923076923,"105,6","105,6",2,0
S1-461275615,S2-967777573,Tirupati Care Private Limited,तिरुपति केयर प्राइवेट लिमिटेड,"Rz F-16, G/F Kh No.74, Main Road, Mahavir Enclave, Palam, New Delhi, Tek Chand, West Delhi, Delhi","TEK CHAND, NEW DELHI, WEST DELHI, Delhi",0.0,0.29411764705882354,"16,74",,0,0
S1-461275615,S2-413579811,Tirupati Care Private Limited,तिरुपति केयर प्राइवेट लिमिटेड,"Rz F-16, G/F Kh No.74, Main Road, Mahavir Enclave, Palam, New Delhi, Tek Chand, West Delhi, Delhi","TEK CHAND, NEW DELHI, WEST DELHI, Delhi",0.0,0.29411764705882354,"16,74",,0,0
S1-996273329,S2-339104699,Perfect Business Private Limited,பர்ஃபெக்ட் பிசினஸ் பிரைவேட் லிமிடெட்,"New No: 28, Old No: 35/17 Kodambakkam, Chennai, Tamil Nadu","NEW NO: G-28, CHENNAI, Tamil Nadu",0.0,0.5454545454545454,"17,28,35",28,1,0
S1-996273329,S2-349325300,Perfect Business Private Limited,பர்ஃபெக்ட் பிசினஸ் பிரைவேட் லிமிடெட்,"New No: 28, Old No: 35/17 Kodambakkam, Chennai, Tamil Nadu","NEW NO: G-28, CHENNAI, Tamil Nadu",0.0,0.5454545454545454,"17,28,35",28,1,0
S1-809741051,S2-580701351,Raj Technology Private Limited,RAJ-TECHNOLOGY PRIVATE,"C-194 F.F Anand Vihar Near Post Office, Delhi, East Delhi, Delhi","Delhi, NO. 420 C-194 F.F ANAND VIHAR NEAR POST OFFICE, DEHI",0.75,0.6923076923076923,194,"194,420",1,0
S1-62306614,S2-421523420,Shree Power Private Limited,శ్రీ పవర్ ప్రైవేట్ లిమిటెడ్,"Plot No 7, Sy No 171, Pochamma Colony Manikonda, Hyderabad, Rangareddy, Telangana","4-7, HYDERABAD, RANGAREDDY, Andhra Pradesh",0.0,0.21428571428571427,"171,7","4,7",1,0
S1-414057395,S2-598656723,Hari Systems Private Limited,HARI SYSTEMS  PRIVATE,"No.635, Bangalore, First Floor22Nd Main 4Th T Block Jayanagar, Karnataka","NO.635, FIRST FLOOR22ND MAIN 4TH T BLOCK JAYANAGAR, ಕರ್ನಾಟಕ",0.75,0.6428571428571429,"22,4,635","22,4,635",3,0
S1-959886249,S2-311933301,Tejaya Solutions Pvt Ltd,Tejaya Pvt Ltd Sérvices,"43/2, East Patel Nagar, New Delhi, Delhi","43/2, EAST PATEL NAGAR, Delhi",0.6,0.8571428571428571,"2,43","2,43",2,0
S1-822447875,S2-622993195,Indo Products,इंडो प्रोडक्ट्स,"Haryana, Gurgaon, H.No-1400 Sector-17C","H.NO-#1400 SECTOR-17C, GURGAON, हरियाणा",0.0,0.6,"1400,17","1400,17",2,0
S1-241797652,S2-579845174,Aditya Foods Private Limited,आदित्य फूड्स प्राइवेट लिमिटेड,"Mumbai City, Maharashtra, Bunglow No-86, Svp Nagar, Mahada 4 Bunglow Adr West., Bunglow No 86 Grd, Mumbai","BUNGLOW NO 86 GRD, MUMBAI, VEERA DESAI ROAD ANDHERI, Maharashtra",0.0,0.35294117647058826,"4,86",86,1,0
S1-241797652,S2-64064698,Aditya Foods Private Limited,आदित्य फूड्स प्राइवेट लिमिटेड,"Mumbai City, Maharashtra, Bunglow No-86, Svp Nagar, Mahada 4 Bunglow Adr West., Bunglow No 86 Grd, Mumbai","BUNGLOW NO 86 GRD, MUMBAI, VEERA DESAI ROAD ANDHERI, Maharashtra",0.0,0.35294117647058826,"4,86",86,1,0
S1-292266527,S2-488044593,North Power Private Limited,నార్త్ పవర్ ప్రైవేట్ లిమిటెడ్,"Plot 61/B, 12-5-147/R/403, Rohit Avenue, Vijayapuri, Secunderabad, Hyderabad, Telangana","PLOT 61/B, N/A, SECUNDERABAD, Telangana",0.0,0.3125,"12,147,403,5,61",61,1,0
S1-737768086,S2-510826083,Bharat Exports Private Limited,భారత్ ఎక్స్‌పోర్ట్స్ ప్రైవేట్ లిమిటెడ్,"Flat No.W-109, Svss Nivas, Opp.Gokul Thea Czech Colony, Street No.1, Sanath Nagar, Hyderabad, Telangana","FLAT NO.W-1-09, HYDERABAD, Andhra Pradesh",0.0,0.25,"1,109","09,1",1,0
S1-737768086,S2-594151889,Bharat Exports Private Limited,భారత్ ఎక్స్‌పోర్ట్స్ ప్రైవేట్ లిమిటెడ్,"Flat No.W-109, Svss Nivas, Opp.Gokul Thea Czech Colony, Street No.1, Sanath Nagar, Hyderabad, Telangana","FLAT NO.W-1-09, HYDERABAD, Andhra Pradesh",0.0,0.25,"1,109","09,1",1,0
S1-737768086,S2-411162298,Bharat Exports Private Limited,భారత్ ఎక్స్‌పోర్ట్స్ ప్రైవేట్ లిమిటెడ్,"Flat No.W-109, Svss Nivas, Opp.Gokul Thea Czech Colony, Street No.1, Sanath Nagar, Hyderabad, Telangana","HYDERABAD, Andhra Pradesh, HYDERABAD, FLAT NO.W-1-09",0.0,0.25,"1,109","09,1",1,0
S1-441230656,S2-304407541,RZ Hospitality Private Limited,#rzhospitality,"D.No 32-8-5A, Tenali, Alapati Nagar, Sultanabad Tenali, Guntur, Andhra Pradesh","DOOR NO 32-8-5A, TENALI, ఆంధ్రప్రదేశ్",0.0,0.2777777777777778,"32,5,8","32,5,8",3,0
S1-263586678,S2-735252841,Sk Memorial Trust,Mr Sk Trust Partners,"Office No. 120, Ground Floor, Block-D, Pocket 11, Near Sai Baba Mandir, Sector-7, Rohini, Delhi, Delhi, North West Delhi, Delhi",,0.4,0.0,"11,120,7",,0,1
S1-202478300,S2-915817576,Lotus Constructions Private Limited,लोटस कंस्ट्रक्शंस प्राइवेट लिमिटेड,"F-2, Shree Ganesham - 2, Shopping Centre, 15, Indraprastha Colony, Amrapali Marg V, Aishali Na, Jaipur, Rajsamand, Rajasthan","F-2, JAIPUR, Rajasthan",0.0,0.23529411764705882,"15,2",2,1,0
S1-446092176,S2-622708119,Eastern Producer Private Limited,ইস্টার্ন প্রডিউসার প্রাইভেট লিমিটেড,"Bc-18, Anurupa Pally Prafulla Kanan, Kestopur, Kolkata, Kolkata, Howrah, West Bengal","BC-018, HOWRAH, KOLKATA, West Bengal",0.0,0.4166666666666667,18,018,0,0
S1-143184374,S2-530170793,Ellenbarrie Educational Society,Educational Ellenbarrie Services,"93/A, Industrial Layout, Kormangala, Bangalore, Karnataka","INDUSTRIAL LAYOUT, KORMANGALA, BENGALURU, 93/A., BENGALURU, Karnataka",0.5,0.75,93,93,1,0
S1-161972408,S2-874469151,Baba Infrastructure Private Limited,बाबा इंफ्रास्ट्रक्चर प्राइवेट लिमिटेड,"207, Jhalawar Bldg, Patanwala Compd, Mumbai, Maharashtra","MUMBAI, 07, महाराष्ट्र",0.0,0.08333333333333333,207,07,0,0
S1-679340480,S2-95939264,Pioneer Investments Private Limited,Pioneer Investments Private Enterprises,"Pp/14-767, 768, 1222 Near, Kochupalam, Attingal Road, Chirayinkeezhu, Thiruvananthapuram, Trivandrum, Kerala",,0.6,0.0,"1222,14,767,768",,0,1
S1-379955120,S2-939058943,Future Marketing Private Limited,Future Marketing  Private Ltd,"A-101 6 Aurangzeb Road Delhi, New Delhi, Central Delhi, Delhi","A-101 6 AURANGZEB ROAD DELHI, NEW DELHI, दिल्ली",0.6,0.7,"101,6","101,6",2,0
S1-379955120,S2-87897643,Future Marketing Private Limited,FUTUREMARKETINGPRIVATE.COM,"A-101 6 Aurangzeb Road Delhi, New Delhi, Central Delhi, Delhi","A-101 6 AURANGZEB ROAD DELHI, NEW DELHI, दिल्ली",0.0,0.7,"101,6","101,6",2,0
S1-375243223,S2-973926769,Creative Power,ക്രിയേറ്റീവ് പവർ,"5/429, 2Nd Floor, Vazhappully Building Valapadu Po, Thrissur, Kerala","5/429, THRISSUR, Kerala",0.0,0.4,"2,429,5","429,5",2,0
S1-105996942,S2-731610171,Eastern Energy Private Limited,ईस्टर्न एनर्जी प्राइवेट लिमिटेड,"Ground Floor, 32, Kamani Chambers, Ramji Kamani Marg, Ballard Estate, Mumbai, Mumbai City, Maharashtra","GROUND FLOOR, GREATER BOMBAY, MUMBAI, Maharashtra",0.0,0.2857142857142857,32,,0,0
S1-615407096,S2-449849763,Seven Consultancy Private Limited,Seven Consultancy Private,"Room No - 1, Sarswati Niwas, Chakala, Shara Road, Nr Air Port Colony, Behind Bombay Cambridge School, Andheri East, Mumbai, Maharashtra",,0.75,0.0,1,,0,1
S1-615407096,S2-433015587,Seven Consultancy Private Limited,सेवन कंसल्टेंसी प्राइवेट लिमिटेड,"Room No - 1, Sarswati Niwas, Chakala, Shara Road, Nr Air Port Colony, Behind Bombay Cambridge School, Andheri East, Mumbai, Maharashtra","ROOM NO - 1, GREATER MUMBAI, महाराष्ट्र",0.0,0.16,1,1,1,0
S1-159434599,S2-233751482,International Engineering Private Limited,ಇಂಟರ್‌ನ್ಯಾಷನಲ್ ಇಂಜಿನಿಯರಿಂಗ್ ಪ್ರೈವೇಟ್ ಲಿಮಿಟೆಡ್,"Villa No 09, Prestige Dorchester Jakkur, Behind Jakkur Flying Club, Bangaluru, Bangalore, Karnataka","BLOCK D-800 VILLA NO 09, BANGALURU, BANGALORE, Karnataka",0.0,0.4,09,"09,800",1,0
S1-344681029,S2-309587298,Universal Properties Limited,यूनिवर्सल प्रॉपर्टीज लिमिटेड,"C 33 & 34, Midc Tasavade A/P-Tasawade, Karad, Satara, Maharashtra","C 33 & 34, SARATA, SATARA, Maharashtra",0.0,0.46153846153846156,"33,34","33,34",2,0
S1-147452998,S2-490656068,Rian Traders Private Limited,Rian Traders Private,"20 - A, Ring Road, Lajpat Nagar - Iv, New Delhi, Haryana","20 - A, RING ROAD, LAJPAT NAGAR - IV, हरियाणा",0.75,0.5384615384615384,20,20,1,0
S1-147452998,S2-621850866,Rian Traders Private Limited,Rian Traders Pnivae Limited,"20 - A, Ring Road, Lajpat Nagar - Iv, New Delhi, Haryana","#20 - A, RING ROAD, LAJPAT NAGAR - IV, हरियाणा",0.6,0.5384615384615384,20,20,1,0
S1-775066030,S2-749430917,Icl Metal Limited,Icl Metal,"Ms-59 60 Blk, M.S Mohan Garden, New Delhi, West Delhi, Delhi","BLOCK B-151 MS-59 60 BLK, M.S MOHAN GARDEN, NEW DELHI, N/A, Delhi",0.6666666666666666,0.625,"59,60","151,59,60",2,0
S1-912921079,S2-186941099,Indian Infotech,इंडियन इंफोटेक,"M-129, Gangapur, Aurangabad, Maharashtra","M-129, GANGAPUR, AURANGABAD, महाराष्ट्र",0.0,0.4444444444444444,129,129,1,0
S1-719834134,S2-532704755,Golden Services Private Limited,ಗೋಲ್ಡನ್ ಸರ್ವಿಸಸ್ ಪ್ರೈವೇಟ್ ಲಿಮಿಟೆಡ್,"A102, Suraksha Golden Palms, Bangalore South, Bangalore, Karnataka","A102, BANGALORE SOUTH, Karnataka",0.0,0.5714285714285714,102,102,1,0
S1-461612021,S2-905333339,Shakti Life Services Private Limited,சக்தி லைஃப் சர்வீசஸ் பிரைவேட் லிமிடெட்,"10/5F, R.S Mathurroad, Neivanam, Sendurai, Perambalur, Tamil Nadu","HN 634  10/5F, SENDURAI, ARIYALUR, Tamil Nadu",0.0,0.38461538461538464,"10,5","10,5,634",2,0
S1-794497849,S2-308331051,Hotel Seven Finance,হোটেল সেভেন ফাইন্যান্স,"Cabin No. 16 Of 7 Grant Lane 3Rd Floor, Ganpati Chambers, Room No. 310, Kolkata, Kolkata, Howrah, West Bengal","H.NO 651 CABIN NO. 16 OF 7 GRANT LANE 3RD FLOOR, HOWRAH, West Bengal",0.0,0.631578947368421,"16,3,310,7","16,3,651,7",3,0
S1-427808056,S2-271612021,WV Technologies Pvt. Ltd.,WV Téchnologies Pvt. Ltd.,"B-1/63 Sector-11, Dlf, Faridabad, Haryana","B-1/63 SECTORF11, DLF, Haryana",0.6,0.5555555555555556,"1,11,63","1,11,63",3,0
S1-428324014,S2-947243436,Dream Trading Private Limited,டிரீம் டிரேடிங் பிரைவேட் லிமிடெட்,"Krishnagiri, Dharmapuri, Krishnagiri, Tamil Nadu, 70 Sidco Industrial Estate","DHARMAPURI, தமிழ்நாடு, #1/3 SIDCO INDUSTRIAL ESTATE",0.0,0.2857142857142857,70,"1,3",0,0
S1-491260503,S2-797323156,Shakti Infrastructure Private Limited,Shakti Infrastructure Private Ltd,"East Patel Nagar, Delhi, 11/25, New Delhi","11/25/4, EAST PATEL NAGAR, दिल्ली",0.6,0.5,"11,25","11,25,4",2,0
S1-491260503,S2-624456476,Shakti Infrastructure Private Limited,SHAKTI  INFRASTRUCTURE PRIVATE,"East Patel Nagar, Delhi, 11/25, New Delhi","11/25/4, EAST PATEL NAGAR, Delhi",0.75,0.75,"11,25","11,25,4",2,0
S1-935495224,S2-982035613,Guru Multi Private Limited,GURU MTI PRIVATE LIMITED,"Shahdara, E-15, Shahdara, Delhi, Ug/F, Mansarovar Park, Near Shiv Mandir, Shahdara",,0.6,0.0,15,,0,1
S1-12554179,S2-283034401,Poppy Public School,Poppy School Service,"Cmc-4-1804, Gh-01/A, Supertech Capetown, Sec-74, Noida, Gautam Buddha Nagar, Uttar Pradesh","H.NO 188 CMC-4-1804, GH-01/A, SUPERTECH CAPETOWN, SEC-74, NOIDA, उत्तर प्रदेश",0.5,0.4583333333333333,"01,1804,4,74","01,1804,188,4,74",4,0
S1-12554179,S2-398016982,Poppy Public School,KORCIRAVIO,"Cmc-4-1804, Gh-01/A, Supertech Capetown, Sec-74, Noida, Gautam Buddha Nagar, Uttar Pradesh","H.NO 188 CMC-4-1804, GAUTAM BUDDHA NAGAR, GHAZIABD, उत्तर प्रदेश",0.0,0.24,"01,1804,4,74","1804,188,4",2,0
S1-895182505,S2-859153255,Om Services Private Limited,ওম সার্ভিসেস প্রাইভেট লিমিটেড,"2C, Mangalam 35, Ahiripukur Road, Kolkata, Howrah, West Bengal","HN 627 2C, KOLKATA, HOWRAH, West Bengal",0.0,0.45454545454545453,"2,35","2,627",1,0
S1-934246513,S2-971724589,Pvg Brothers Pvt Ltd,Jaxfluxkelo,"204, Third Floor, Vaibhav Apartments Gen Ak. V Marg, Nnp, Goregaon East, Mumbai, Mumbai City, Maharashtra","204, MUMBAI, MUMBAI CITY, महाराष्ट्र",0.0,0.15789473684210525,204,204,1,0
S1-763108068,S2-474188740,Hm Equipmentsprivate Ltd,HM EQUINPMENTSPRIVAOTE LTD,"711-A Kirti Shikhardistt Centre Janak Puri, New Delhi, West Delhi, Delhi","H.NO #711-A KIRTI SHIKHARDISTT CENRTE JANAK PURI, NEW DELHI, दिल्ली",0.5,0.5333333333333333,711,711,1,0
S1-371275122,S2-134458829,Lakshmi Trading Private Limited,লক্ষ্মী ট্রেডিং প্রাইভেট লিমিটেড,"Kolkata, Howrah, West Bengal, Dimple Court, 2Nd Floor 26, Shakespeare Sarani, Kolkata, 2C","2C, KOLKATA, পশ্চিমবঙ্গ",0.0,0.125,"2,26",2,1,0
S1-100079377,S2-97636392,Tech It Limited,टेक It Limited,"Office No.207, Konark, Arkade Bldg, Nizampura, Bhiwandi, Thane, Maharashtra","OFFICE NO.207, KALHER, Maharashtra",0.4,0.36363636363636365,207,207,1,0
S1-100079377,S2-900191234,Tech It Limited,टेक आईटी लिमिटेड,"Office No.207, Konark, Arkade Bldg, Nizampura, Bhiwandi, Thane, Maharashtra","महाराष्ट्र, KALHER, OFFICE NO.207",0.0,0.2,207,207,1,0
S1-707377083,S2-858566992,Frisco Trading Pvt Ltd,ECTOPYRA,"A 401-402, 4Th Floor, Prince Apartment, Plot No.54, I P Extn, Patparganj, Delhi, East Delhi, Delhi","A 401-402, DELHI, EAST DELHI, Delhi",0.0,0.3125,"4,401,402,54","401,402",2,0
S1-303967052,S2-251681931,Star Marketing Private Limited,Star Private Limited Services,"Plot No 153/12, 2Nd Floor Vivekananda Nagar Colony, Kukatpally, Hyderabad, Telangana","153/12 , 2ND FLOOR VIVEKANANDA NAGAR COLONY, KUATPALLY, Telangana",0.6,0.6153846153846154,"12,153,2","12,153,2",3,0
S1-303967052,S2-911634082,Star Marketing Private Limited,స్టార్ మార్కెటింగ్ ప్రైవేట్ లిమిటెడ్,"Plot No 153/12, 2Nd Floor Vivekananda Nagar Colony, Kukatpally, Hyderabad, Telangana","153/12, KUKATPALLY, Telangana",0.0,0.3333333333333333,"12,153,2","12,153",2,0
S1-303967052,S2-860110447,Star Marketing Private Limited,స్టార్ మార్కెటింగ్ ప్రైవేట్ లిమిటెడ్,"Plot No 153/12, 2Nd Floor Vivekananda Nagar Colony, Kukatpally, Hyderabad, Telangana","H.NO 153/12, KUKATPALLY, Telangana",0.0,0.38461538461538464,"12,153,2","12,153",2,0
S1-680488852,S2-352532325,Vijetha Trading Private Limited,Shri vtprivate.com,"Maharashtra, Kurla Kamgar Chs Ltd, S. G. Brave Marg Kamgar Nagar Kurla East, Mumbai City, 37-A, Mumbai","HN 924 37-A, MUMBAI CITY, Maharashtra",0.0,0.29411764705882354,37,"37,924",1,0
S1-394023783,S2-120615225,Fortune Logistics Private Limited,FORTUNELOGISTICS.COM,"277, B.B. Ganguly Street, 3Rd Floor, Flat No. 304, Kolkata, Kolkata, Howrah, West Bengal","C-277, B.B. GANGULY STREET, 3RD FLOOR, FLAT NO. 304, KOLKATA, KOLATA, পশ্চিমবঙ্গ",0.0,0.5263157894736842,"277,3,304","277,3,304",3,0
S1-561127494,S2-455328363,Daskroi Infotech Private Limited,LIMITED DASKROI PRIVATE CENTER,"F-202, Sobo Center, South Bopal, Bopal, Daskroi, Ahmedabad, Gujarat","F-2-02, DASKROI, Gujarat",0.6,0.2727272727272727,202,"02,2",0,0
S1-518866882,S2-7919945,Casting Brothers Private Limited,CASTING BDOTMHSE PRIVATE LIMITED,"C/O Om Prakash Kumar, Chakalhdad, Vaishali, Bihar",,0.6,0.0,,,0,1
S1-904642359,S2-143126360,South Technology Private Limited,साउथ टेक्नोलॉजी प्राइवेट लिमिटेड,"Plot No - 81, G.F Sec Â 10A, Vasundhara, Ghaziabad, Uttar Pradesh","PLOT NO - 81, G.F SEC Â 10A, VASUNDHARA, GHAZIABAD, उत्तर प्रदेश",0.0,0.5882352941176471,"10,81","10,81",2,0
S1-628396120,S2-764754979,RK Insurance Limited,RK Insurance Ltd,"Plot No.317, H.No.2-23-320, Hmt Hills Pragathi Nagar Road, Hyderabad, Rangareddy, Telangana","#B3/317 , H.NO.2-23-320, HMT HILLS PRAGATHI NAGAR ROAD, HYDERABAD, Andhra Pradesh",0.5,0.6666666666666666,"2,23,317,320","2,23,3,317,320",4,0
S1-424974930,S2-356091574,New Farmers Ltd,New Farmers  Limited,"214, 2Nd Floor, Powai Plaza, Hiranandani Gardens, Powai, Mumbai, Maharashtra","214, 2ND FLOOR, POWAI PLAZA, HIRANANDANI GARDENS, POWAI, महाराष्ट्र",0.5,0.5384615384615384,"2,214","2,214",2,0
S1-588592282,S2-757893295,Creative Hospitality Private Limited,క్రియేటివ్ హాస్పిటాలిటీ ప్రైవేట్ లిమిటెడ్,"C24, 3Rd Floor, Maheswari Towers, Banjara Hills, Hyderabad, Khairatabad, Telangana, Khairatabad, Hyderabad, Telangana","C24, HYDERABAD, KHAIRATABAD, తెలంగాణ",0.0,0.21428571428571427,"24,3",24,1,0
S1-136956907,S2-757013394,Four Brothers Pvt. Ltd.,Four Brothers-Pvt. Limited,"205, 2Nd Floor, Embassy Centre, Nariman Point, Mumbai, Mumbai City, Maharashtra",,0.6,0.0,"2,205",,0,1
S1-19184531,S2-610368678,Prime Healthcare Private Limited,प्राइम हेल्थकेयर प्राइवेट लिमिटेड,"13, Bhairav Nagar, Ajmer Road Bhankrota, Tehsil Sanganer, Jaipur, Rajasthan","राजस्थान, JAIPUR, 13, JAIPUR",0.0,0.14285714285714285,13,13,1,0
S1-19184531,S2-724723506,Prime Healthcare Private Limited,प्राइम हेल्थकेयर प्राइवेट लिमिटेड,"13, Bhairav Nagar, Ajmer Road Bhankrota, Tehsil Sanganer, Jaipur, Rajasthan","13, JAIPUR, Rajasthan",0.0,0.3,13,13,1,0
S1-19184531,S2-770142396,Prime Healthcare Private Limited,प्राइम हेल्थकेयर प्राइवेट लिमिटेड,"13, Bhairav Nagar, Ajmer Road Bhankrota, Tehsil Sanganer, Jaipur, Rajasthan","13, JAIPUR, Rajasthan",0.0,0.3,13,13,1,0
S1-19184531,S2-138363651,Prime Healthcare Private Limited,प्राइम हेल्थकेयर प्राइवेट लिमिटेड,"13, Bhairav Nagar, Ajmer Road Bhankrota, Tehsil Sanganer, Jaipur, Rajasthan","Rajasthan, JAIPUR, 13, JAIPUR",0.0,0.3,13,13,1,0
S1-813381433,S2-392457192,Big Ventures Pvt Ltd,বিগ ভেঞ্চারস প্রাইভেট লিমিটেড,"Holding No-134, Mehedibagan, G.T Road, Po-Burdwan, Burdwan - I, Bardhaman, West Bengal","BARDHAMAN, HOLIDNG NO-134, West Bengal",0.0,0.35714285714285715,134,134,1,0
S1-813381433,S2-536013321,Big Ventures Pvt Ltd,বিগ ভেঞ্চারস প্রাইভেট লিমিটেড,"Holding No-134, Mehedibagan, G.T Road, Po-Burdwan, Burdwan - I, Bardhaman, West Bengal","HOLDING NO-134, BARDHAMAN, পশ্চিমবঙ্গ",0.0,0.23529411764705882,134,134,1,0
S1-98763652,S2-683841855,Black Solutions Private Limited,Black Solutions Private,"C/O Abdur Rahim, Musalmanpara Ninur, Kirtipur, Kirtipur, Murshidabad, West Bengal",,0.75,0.0,,,0,1
S1-795951186,S2-476836046,Baba Technology Private Limited,बाबा टेक्नोलॉजी प्राइवेट लिमिटेड,"Plot No. 13, N 8 Shriganesh Housing Society, Cidco, Aurangabad, Maharashtra","DOOR NO 13, AURANGABAD, Maharashtra",0.0,0.3333333333333333,"13,8",13,1,0
S1-910938004,S2-222124463,Yamuavi Facility,Yamuavi Center,"8/276, Trilokpuri, Delhi, East Delhi, Delhi",,0.3333333333333333,0.0,"276,8",,0,1
S1-809847923,S2-104509408,Alpha Care Limited,ఆల్ఫా కేర్ లిమిటెడ్,"Plot No 385, Road No 82, Film Nagar, Shaikpet, Hyderabad, Telangana","PLOT NO 385, HYDERABAD, తెలంగాణ",0.0,0.2857142857142857,"385,82",385,1,0
S1-978267303,S2-656531323,Noida Shores Private Limited,Noida Shores Private  Ltd,"Kno 515 & 516 G/F, Keshri, Plaza Hazipur Sector-104, Noida, Gautam Buddha Nagar, Uttar Pradesh","उत्तर प्रदेश, KNO 515 & 516 G/F, KESHRI, PLAZA HAZIPUR SECTOR-104, NOIDA",0.6,0.5454545454545454,"104,515,516","104,515,516",3,0
S1-56342478,S2-271239641,Surya Tech Private Limited,సూర్య టెక్ ప్రైవేట్ లిమిటెడ్,"Door No 51, Shiva Ganga Colony, Hyderabad, Telangana","#51, null, HYDERABAD, Andhra Pradesh",0.0,0.18181818181818182,51,51,1,0
S1-56342478,S2-370339098,Surya Tech Private Limited,SURYA TECH PMRIAVFE LIMITED,"Door No 51, Shiva Ganga Colony, Hyderabad, Telangana","null, DOOR NO 51, SHIVA GANGA COLONY, HYDERABAD, Andhra Pradesh",0.6,0.6363636363636364,51,51,1,0
S1-427179120,S2-212654433,Unicon Trading Private Limited,Smt Jaxdova,"83, Southern Avenue, Ground Floor, Kolkata, Howrah, West Bengal","83/2, KOLKATA, HOWRAH, West Bengal",0.0,0.5,83,"2,83",1,0
S1-427179120,S2-8182023,Unicon Trading Private Limited,Unicon Trading Private Ltd,"83, Southern Avenue, Ground Floor, Kolkata, Howrah, West Bengal","83/2, SOUTHERN AVENUE, GROUND FOLOR, KOLKATA, পশ্চিমবঙ্গ",0.6,0.3333333333333333,83,"2,83",1,0
S1-554684334,S2-225767199,Urban Ventures Limited,আরবান ভেঞ্চারস লিমিটেড,"80A Shakespeare Sarani, Kolkata, Calcutta, West Bengal","NO 80A SHAKESPEARE SARANI, KOLKATA, CALCUTTA, পশ্চিমবঙ্গ",0.0,0.4166666666666667,80,80,1,0
S1-193709592,S2-705268594,Majestic Medical Centre,Mr Majestic Meccil Centre,"L 127, Sector 11, Noida, Uttar Pradesh","L 27, SECTOR 11, Uttar Pradesh",0.4,0.625,"11,127","11,27",1,0
S1-315327372,S2-739340967,Kumkum Hammer Private Limited,Mr Kumkum Hámmer Private Ltd,"Shop No. 1/2, First Floor, Village Deendarpur Shyam Vihar, Najafgarh, New Delhi, South West Delhi, Delhi",,0.2857142857142857,0.0,"1,2",,0,1
S1-70728787,S2-632551703,Gujarat Infotech,குஜராத் இன்ஃபோடெக்,"3/1, Iyervilai, Thoothukkudi, Tuticorin, Tamil Nadu","3/1, TUTICORIN, THOOTHUKKUDI, தமிழ்நாடு",0.0,0.36363636363636365,"1,3","1,3",2,0
S1-153404897,S2-175634644,Astro Care Private Limited,TAVOUMBRAFAYE,"4/18, 2Nd Floor, Asaf Ali Road New Delhi, New Delhi, Central Delhi, Delhi","4/18, दिल्ली, CENTRAL DELHI, NEW DELHI",0.0,0.4166666666666667,"18,2,4","18,4",2,0
S1-455563195,S2-42538509,Urban Consultancy Private Limited,Urban Consultancy Pafvte (Limited),"F-196 Kh.No 98 Gali No.11 Khajoori Khas, Delhi, New Delhi, Delhi","F-196 KHNO 98 GALI NO.11 KHAJOORI KHAS, DELHI, दिल्ली",0.6,0.6428571428571429,"11,196,98","11,196,98",3,0
S1-882026015,S2-811658423,Dsk India Private Limited,DSK INDIA PRIVATE LTD,"Flat No-173-C Dg-2 Vikashpuri, Delhi, New Delhi, North Delhi","दिल्ली, FLAT NO-173-C DG-2 VIKASHPURI, NEW DELHI",0.6,0.75,"173,2","173,2",2,0
S1-695933266,S2-997296250,Prime North Producer Private Limited,प्राइम नॉर्थ प्रोड्यूसर प्राइवेट लिमिटेड,"Block No. 7, Nagpur, Nmc Complex, Sadar, Mangalwari Nagpur, Maharashtra, Nagpur","BLOCK NO. 7, NAGPUR, null, महाराष्ट्र",0.0,0.2857142857142857,7,7,1,0
S1-408364435,S2-220121830,Maa Media Private Limited,ಮಾ ಮೀಡಿಯಾ ಪ್ರೈವೇಟ್ ಲಿಮಿಟೆಡ್,"No. 205, 9Th H Main, Hrbr Layout 1St Block, Bangalore, Karnataka","NO 205., BANGALORE, BANGLORE, ಕರ್ನಾಟಕ",0.0,0.2,"1,205,9",205,1,0
S1-118785843,S2-69376911,Bright Consultancy Limited,Bright Bright Consultancy Ltd,"No.3639/A, 4Th Main Road, Bangalore North, Bangalore, Karnataka","NO.3639/A , 4TH MIAN ROAD, BANGALORE NORTH, Karnataka",0.5,0.8,"3639,4","3639,4",2,0
S1-747689605,S2-10737772,Great Consulting Private Limited,ग्रेट कंसल्टिंग प्राइवेट लिमिटेड,"House No-76, Ward No-4, First Floor, Kh No- 1151/3, Mehrauli, Delhi, South Delhi, Delhi","HOUSE NO-76, DELHI, SOUTH DELHI, दिल्ली",0.0,0.3333333333333333,"1151,3,4,76",76,1,0
S1-562059984,S2-247087141,Tech Red Infotech LLP,டெக் ரெட் இன்ஃபோடெக் எல்எல்பி,"No.7/27C, Ambai Main Road, Melamunnerpallam, Tirunelveli, Tamil Nadu","NO.1-7/27C, TIRUNELVELI, தமிழ்நாடு",0.0,0.26666666666666666,"27,7","1,27,7",2,0
S1-195268531,S2-11040372,Sustainable International School Company,Sustainable  School Company Center,"A 70, Phase I Aya Nagar Exnt, New Delhi, South Delhi, Delhi",,0.6,0.0,70,,0,1
S1-741890576,S2-942211007,Marut Consultants Private Limited,MARUT CONSULTANTS PRÍVATE LIMITED,"84, Gomati Nagar, Dewas, Madhya Pradesh","84, GOMATI NAGAR, DEWAS, मध्य प्रदेश",0.6,0.36363636363636365,84,84,1,0
S1-403611578,S2-221009740,Aditya Infotech Private Limited,આદિત્ય ઇન્ફોટેક પ્રાઇવેટ લિમિટેડ,"Plot 140, Bhd Alex Cable, Santej Vadsar Road, Kalol, Gandhi Nagar, Gujarat","PLOT D/140, AHMEDABAD HQ REGION, GANDHI NAGAR, Gujarat",0.0,0.3125,140,140,1,0
S1-339131124,S2-109562321,Aditya Investments Private Limited,आदित्य इन्वेस्टमेंट्स प्राइवेट लिमिटेड,"Netley Niwas, 201, Air India Above Lukcy Hotel, Kalina, Santacruz (E), Mumbai, Mumbai City, Maharashtra","NETLEY NIWAS, NULL, MUMBAI, Maharashtra",0.0,0.26666666666666666,201,,0,0
S1-820449414,S2-891086001,Indian International Limited,इंडियन इंटरनेशनल लिमिटेड,"B Wing, Ground Flr, Office 002, Silver Utopia Bldg, Chakala Road, Opp P And G, Mumbai, Maharashtra","B WNG, MUMBAISUBURBAN, MUMBAI, Maharashtra",0.0,0.15789473684210525,002,,0,0
S1-917694700,S2-519529702,Shiva Impex Pvt Ltd,शिवा इम्पेक्स प्रा. लि.,"Amar Business Zone, Office No. B-1203, Survey No. 87/1A, Pune City, Pune, Maharashtra","AMAR BUSNIESS ZONE, PUNE CITY, PUNE, Maharashtra",0.0,0.35714285714285715,"1,1203,87",,0,0
S1-794432036,S2-48908136,Pgs & Partners,@pgs,"G-246, 3Rd Floor, Sector-63, G B Nagar, Noida, Gautam Buddha Nagar, Uttar Pradesh","G-246, 3RD FLOOR, SECTOR-63, G B NAGAR, NOIDA, Uttar Pradesh",0.3333333333333333,0.8461538461538461,"246,3,63","246,3,63",3,0
S1-794432036,S2-893027810,Pgs & Partners,PGS  &,"G-246, 3Rd Floor, Sector-63, G B Nagar, Noida, Gautam Buddha Nagar, Uttar Pradesh","G-246, 3RD FLOOR, SECTOR-63, G B NAGAR, NOIDA, Uttar Pradesh",0.6666666666666666,0.8461538461538461,"246,3,63","246,3,63",3,0
S1-353748986,S2-46694169,Os Estate Private Limited,Os Estate Prvtte Limited,"244, Kalyan Vihar, Delhi, West Delhi, Delhi","244/6, KALYAN VIHAR, DELHI, दिल्ली",0.6,0.5,244,"244,6",1,0
S1-266523361,S2-817162533,Indian Consultancy LLP,इंडियन कंसल्टेंसी एलएलपी,"801, Aggarwal Millennium Tower-1, Netaji Subhash Place, Pitampura, Delhi, North West Delhi, Delhi","DELHI, 801, NORTH WEST DELHI, Delhi",0.0,0.3333333333333333,"1,801",801,1,0
S1-266523361,S2-292737759,Indian Consultancy LLP,इंडियन कंसल्टेंसी LLP,"801, Aggarwal Millennium Tower-1, Netaji Subhash Place, Pitampura, Delhi, North West Delhi, Delhi","801, DELHI, NORTH WEST DELHI, Delhi",0.1,0.3333333333333333,"1,801",801,1,0
S1-887684227,S2-564410700,Dyaus Welfare Private Limited,Dyaus Welfare Private Ltd,"Building No.Xxxii/162 Thottungal House, Varikkad, Kuttapuzha, Thiruvalla, Pathanamthitta, Kerala",,0.6,0.0,162,,0,1
S1-402613473,S2-590066354,Fair Enterprises Limited,Fair Enerprries Limited,"3/89, Fairlands, Salem, Salem, Tamil Nadu","PLOT 168 3/89, FAIRLANDS, SALEM, SALEM, தமிழ்நாடு",0.5,0.3333333333333333,"3,89","168,3,89",2,0
S1-102609562,S2-217000041,Shakthi Brothers,M/s Shakthi  Partners,"Prarthana Complex Fateh Bahadur Shiwala Road, Gaya, Bihar",,0.2,0.0,,,0,1
S1-73334774,S2-415597129,Eastern Unique Healthcare Limited,ईस्टर्न यूनिक हेल्थकेयर लिमिटेड,"G-694, Lal Kothi, Jaipur, Rajasthan","DOOR NO 124 G-694, JAIPUR, राजस्थान",0.0,0.23076923076923078,694,"124,694",1,0
S1-550500538,S2-151467262,Red Food Limited,Red  Food Ltd,"C/O Mahesh R2 No - 573, Ujjain, Madhya Pradesh","C/O MAHESH R2 NO - 573, UJJAIN, मध्य प्रदेश",0.5,0.5,"2,573","2,573",2,0
S1-80327748,S2-541894240,Prime Al Business Private Limited,প্রাইম আল বিজনেস প্রাইভেট লিমিটেড,"6, Burtolla Street, Kolkata, Howrah, West Bengal","##6, KOLKATA, HOWRAH, West Bengal",0.0,0.7142857142857143,6,6,1,0
S1-430879220,S2-152659014,Skill (India) Hospitals Private Limited,SIHOSPITALS.COM,"D-808 Third Floor, New Friends Colony, New Delhi, Delhi","B3/691 D-808 THIRD FLOOR, SOUTH, NEW DELHI, दिल्ली",0.0,0.46153846153846156,808,"3,691,808",1,0
S1-191961799,S2-556941505,Hitech Foods,हाईटेक फूड्स,"Flat No C-27 Plot-39, Ashishwong Cghs Indra Prastha Extn, East Delhi, Delhi","FLAT NO C-2-7 PLOT-39, EAST DELHI, Delhi",0.0,0.4666666666666667,"27,39","2,39,7",1,0
S1-146386139,S2-125647439,Seven Consultancy Private Limited,ಸೆವೆನ್ ಕನ್ಸಲ್ಟೆನ್ಸಿ ಪ್ರೈವೇಟ್ ಲಿಮಿಟೆಡ್,"Bangalore, Karnataka, 18Th Main, 4Th Cross, 6Th Block, Koramangala, No. 198, Bangalore","19, BANGALORE, ಕರ್ನಾಟಕ",0.0,0.06666666666666667,"18,198,4,6",19,0,0
S1-83218805,S2-975904557,Fortune Technologies Limited,फॉर्च्यून टेक्नोलॉजीज लिमिटेड,"301 Indira Icon, Plot No 13, S.No. 98, Right Bhusari Colony, Kothrud, Pune, Maharashtra","306 INDIRA ICON, PUNE, Maharashtra",0.0,0.26666666666666666,"13,301,98",306,0,0
S1-566028861,S2-663081192,Balaji Infra,बालाजी इंफ्रा,"Flat No. 1/A, Occean Delite, 1St Floor, Carter Road, Bandra (West), Mumbai, Mumbai City, Maharashtra","FLAT NO. 1/A, MUMBAI, MUMBAI CITY, महाराष्ट्र",0.0,0.3157894736842105,1,1,1,0
S1-633669066,S2-122814051,Om Investment Pvt Ltd,ఓం ఇన్వెస్ట్‌మెంట్ ప్రైవేట్ లిమిటెడ్,"Ameerpet, Fathe Nagar, I.G. Puram, Balanagar, Telangana, D.No 10-9-16, Hyderabad","D.NO 10-9-16, AMEERPET, HYDERABAD, Telangana",0.0,0.5714285714285714,"10,16,9","10,16,9",3,0
S1-127935965,S2-531226567,Tirupati Infrastructure Private Limited,तिरुपति इंफ्रास्ट्रक्चर प्राइवेट लिमिटेड,"Khata No. 33, Gata No. 520 K Bindaula, Mohanlalganj, Lucknow, Uttar Pradesh","KHATA NO. 33, RAE BARELI, LUCKNOW, Uttar Pradesh",0.0,0.46153846153846156,"33,520",33,1,0
S1-93342587,S2-634279230,Premier Infotech,പ്രീമിയർ ഇൻഫോടെക്,"No.107, 4Th Floor, D D Corner Stone S.A.Road, Kadavanthara, Kochi, Ernakulam, Kerala","NO.07, KOCHI, ERNAKULAM, Kerala",0.0,0.26666666666666666,"107,4",07,0,0
S1-771393336,S2-535069044,MW Logistics Co,[CENTER] MW CO,"Rzf-905/20, Delhi, New Delhi, Raj Nagar-Ii, Near Sbi Bank, Lal Bahadur Shastri Marg, Palam Colony, South West Delhi","RZF-05/20, NEW DELHI, SOUTH WEST DELHI, Delhi",0.5,0.3,"20,905","05,20",1,0
S1-612722272,S2-88655636,Krishna Industries Limited,కృష్ణా ఇండస్ట్రీస్ లిమిటెడ్,"No.201, 2-17-23/5, Shanthanadha Residency, Ranisubhadrayamma Peta, Ward No.4, Tuni, East Godavari, Andhra Pradesh","#201, TUNI, EAST GODAVARI, ఆంధ్రప్రదేశ్",0.0,0.18181818181818182,"17,2,201,23,4,5",201,1,0
S1-599560631,S2-829711000,Green Technology Pvt Ltd,గ్రీన్ టెక్నాలజీ ప్రైవేట్ లిమిటెడ్,"3Rd Floor, H No: 1-98/90/24/1/1, Ksr Towers, Madhapur, Hyderabad, Telangana","3RD FLOOR, HYDERABAD, Telangana",0.0,0.3076923076923077,"1,24,3,90,98",3,1,0
S1-599560631,S2-484114155,Green Technology Pvt Ltd,గ్రీన్ టెక్నాలజీ ప్రైవేట్ లిమిటెడ్,"3Rd Floor, H No: 1-98/90/24/1/1, Ksr Towers, Madhapur, Hyderabad, Telangana","3RD FLOOR, HYDERABAD, Telangana",0.0,0.3076923076923077,"1,24,3,90,98",3,1,0
S1-494979010,S2-664720951,Services Synthesis Guru Private Limited,SERVICES SYRSHSIS GURU PRIVATE LIMITED,"Ground Floor, Number 4, Q-5/2, Batla House, Jamia Nagar, Okhla, South Delhi, Delhi","GROUND FLOOR, NUMBER 4, Q-5/2, BATLA HOUSE, JAMIA NAGAR, OKHLA, दिल्ली",0.6666666666666666,0.75,"2,4,5","2,4,5",3,0
S1-958275934,S2-906499083,United Tirupati Consulting Private Limited,યુનાઇટેડ તિરુપતિ કન્સલ્ટિંગ પ્રાઇવેટ લિમિટેડ,"B - 505, Soham Sanidhya Near Soham Sanidhya Raghav Complex, Ramol, Ahmedabad, Gujarat","B - 505, AHMEDABAD HQ REGION, AHMEDABAD, Gujarat",0.0,0.3333333333333333,505,505,1,0
S1-858897420,S2-544733282,Vision Healthcare,विजन हेल्थकेयर,"145, Tribhuvan Complex Ishwar Nagar, Mathura Road, New Delhi, Delhi","C-145, NEW DELHI, MATHURA ROAD, Delhi",0.0,0.5,145,145,1,0
S1-748006701,S2-885058717,All Products Private Limited,ఆల్ ప్రొడక్ట్స్ ప్రైవేట్ లిమిటెడ్,"Hyderabad, Telangana, Pt No.13, Madhapur Vill, Jubilee Hills, Shaikpet, 1-89/A/25","6-1-89/A/25, SHAIKPET, HYDERABAD, Telangana",0.0,0.4666666666666667,"1,13,25,89","1,25,6,89",3,0
S1-103202172,S2-623424926,Om International Private Limited,ওম ইন্টারন্যাশনাল প্রাইভেট লিমিটেড,"Chandrani, Plot Nos.11 & 12, S.D. Park, Narendrapur, Kolkata, Kolkata, Howrah, West Bengal","CHANDRANI, KOLKATA, HOWRAH, পশ্চিমবঙ্গ",0.0,0.16666666666666666,"11,12",,0,0
S1-952351867,S2-676550485,Guru Consultancy Private Limited,गुरु कंसल्टेंसी प्राइवेट लिमिटेड,"105/106 Provogue, Ground Floor, Off New Link Road, Andheri West, Mumbai, Mumbai City, Maharashtra","0105/106 PROVOGUE, MUMBAI, MUMBAI CITY, महाराष्ट्र",0.0,0.21052631578947367,"105,106","0105,106",1,0
S1-382599467,S2-160825776,Super Business Private Limited,சூப்பர் பிசினஸ் பிரைவேட் லிமிடெட்,"No.87, F - 3, Gyanpark, Tm Maistry Street Thiruvanmiyur, Chennai, Tamil Nadu","NO.0087, CHENNAI, Tamil Nadu",0.0,0.3076923076923077,"3,87",0087,0,0
S1-990934367,S2-994986401,Bharat Blue Tech Private Limited,भारत ब्लू टेक प्राइवेट लिमिटेड,"H-701, Jewels Of India Opp. Gaurav Tower, Jln Marg, Malviya Nagar, Jaipur, Rajasthan","H-B3/701, JAIPUR, N/A, Rajasthan",0.0,0.23529411764705882,701,"3,701",1,0
S1-552184260,S2-880747341,Digital Power Private Limited,டிஜிட்டல் பவர் பிரைவேட் லிமிடெட்,"171F, Thoddarayankoil Street, Kattoor, Coimbatore, Tamil Nadu","171F., KATTOOR, COIMBATORE, தமிழ்நாடு",0.0,0.2727272727272727,171,171,1,0
S1-818437253,S2-12759816,Big Impex Pvt Ltd,Smt Big Ixpa Pvt Ltd,"Maharashtra, Plot No 122-Cd Govtindustrial Estate Kandivali West, Mumbai",,0.5,0.0,122,,0,1
S1-840994883,S2-956041209,Red Exports Private Limited,ரெட் எக்ஸ்போர்ட்ஸ் பிரைவேட் லிமிடெட்,"No. 10 & No. 13, Srinivasan Street Anna Nagar, Tollgate, Little Kanchipuram, Kanchipuram, Kancheepuram, Tamil Nadu","Tamil Nadu, N/A, NO 30 & NO. 13, KANCHIPURAM",0.0,0.35294117647058826,"10,13","13,30",1,0
S1-250564075,S2-853147583,Black All Construction Private Limited,ಬ್ಲ್ಯಾಕ್ ಆಲ್ ಕನ್‌ಸ್ಟ್ರಕ್ಷನ್ ಪ್ರೈವೇಟ್ ಲಿಮಿಟೆಡ್,"No.23, 2Nd Main Road Nanjamba Agrahara, Chamarajpet, Bangalore, Karnataka","Karnataka, BANGALORE, NO.23, MUMBAI",0.0,0.36363636363636365,"2,23",23,1,0
S1-250564075,S2-97154210,Black All Construction Private Limited,ಬ್ಲ್ಯಾಕ್ ಆಲ್ ಕನ್‌ಸ್ಟ್ರಕ್ಷನ್ ಪ್ರೈವೇಟ್ ಲಿಮಿಟೆಡ್,"No.23, 2Nd Main Road Nanjamba Agrahara, Chamarajpet, Bangalore, Karnataka","#23, MUMBAI, BANGALORE, Karnataka",0.0,0.2727272727272727,"2,23",23,1,0
S1-250564075,S2-98386409,Black All Construction Private Limited,Black All Construction,"No.23, 2Nd Main Road Nanjamba Agrahara, Chamarajpet, Bangalore, Karnataka",,0.6,0.0,"2,23",,0,1
S1-873373487,S2-23944452,Renovision Brothers Private Limited,Dr Renovision-Brothers,"39/Apmc Market, Alampur, Gandhinagar, Gandhinagar, Gandhi Nagar, Gujarat",,0.4,0.0,39,,0,1
S1-147310634,S2-891865927,Maa Energy Private Limited,माँ एनर्जी प्राइवेट लिमिटेड,"Motiram Park, Off Kothrud Bus Stand Kothrud Pune In Haveli, Maharashtra, A-71, Pune","PUNE, Maharashtra, A-71, N/A",0.0,0.3076923076923077,71,71,1,0
S1-762669317,S2-981062298,Jaipur Enterprises Pvt Ltd,... Ny1acalo,"54, Padmawati, B Colony, Kings Road, Nirman Nagar, Jaipur, Rajasthan","DOOR NO #949 54, JAIPUR, MANSAROVAR, राजस्थान",0.0,0.1111111111111111,54,"54,949",1,0
S1-360146999,S2-816986871,Apex City Global Private Limited,ఏపెక్స్ సిటీ గ్లోబల్ ప్రైవేట్ లిమిటెడ్,"Mohan'S Plaza, 3Rd Floor, Plot No.733, Road No.36, Jubilee Hills, Hyderabad, Telangana","MOHAN'S PLAZA, HYDERABAD, Andhra Pradesh",0.0,0.25,"3,36,733",,0,0
S1-115772120,S2-889328686,Novel Services Private Limited,Novel Services,"Naharakanta, Bhubaneswar, Khordha, Orissa","NAHARAKANTA, BHUBANESWAR, ଓଡ଼ିଶା",0.5,0.3333333333333333,,,0,0
S1-643445658,S2-614976834,Dynamic Trading Private Limited,डायनामिक ट्रेडिंग प्राइवेट लिमिटेड,"67-A, Shiv Puri, Delhi, East Delhi, Delhi","EAST DELHI, 67-A, DELHI, दिल्ली",0.0,0.5,67,67,1,0
S1-643445658,S2-789939264,Dynamic Trading Private Limited,DYNAMIC  TRADING PRIVATE LTD,"67-A, Shiv Puri, Delhi, East Delhi, Delhi","Delhi, 67-A, SIHV PURI, DELHI",0.6,0.5714285714285714,67,67,1,0
S1-704170887,S2-409007095,Apex Management Private Limited,Apex Management Private,"Flat No. 46, Bldg N 1/B, Vrindavankunj Chs Mittal, Vasai, Thane, Maharashtra",,0.75,0.0,"1,46",,0,1
S1-287166646,S2-673111344,Haldia & Co,SERVICES CO HALDIA,"Sr No.50 Paiki, Plot No., 6 7/1, Malegaon (M Corp.), Malegaon, Nashik, Maharashtra","SR NO.50 PAIKI, MALEGAON, NASHIK, महाराष्ट्र",0.5,0.35294117647058826,"1,50,6,7",50,1,0
S1-754602404,S2-725937106,Classic International,क्लासिक इंटरनेशनल,"Plot No 197 Sector 6, Hsiidc Imt Manesar, Manesar, Gurgaon, Haryana","DOOR NO 197/6 SECTOR 6, HSIIDC IMT MANESAR, GURUGRAM, GURGAON, Haryana",0.0,0.75,"197,6","197,6",2,0
S1-293921961,S2-845180826,Royal Services Private Limited,રોયલ સર્વિસીસ પ્રાઇવેટ લિમિટેડ,"T-5, 3Rd Floor, Ishan Ceramic Zone, Morvi, Rajkot, Gujarat","DOOR NO B3/836 T-5, NULL, RAJKOT, MORVI, Gujarat",0.0,0.3333333333333333,"3,5","3,5,836",2,0
S1-293921961,S2-13524824,Royal Services Private Limited,રોયલ સર્વિસીસ પ્રાઇવેટ લિમિટેડ,"T-5, 3Rd Floor, Ishan Ceramic Zone, Morvi, Rajkot, Gujarat","NO B3/836 T-5, NULL, MORVI, RAJKOT, Gujarat",0.0,0.35714285714285715,"3,5","3,5,836",2,0
S1-293921961,S2-923563790,Royal Services Private Limited,રોયલ સર્વિસીસ પ્રાઇવેટ લિમિટેડ,"T-5, 3Rd Floor, Ishan Ceramic Zone, Morvi, Rajkot, Gujarat","H.NO B3/836 T-5, NULL, MORVI, RAJKOT, Gujarat",0.0,0.3333333333333333,"3,5","3,5,836",2,0
S1-293921961,S2-402352306,Royal Services Private Limited,રોયલ સર્વિસીસ પ્રાઇવેટ લિમિટેડ,"T-5, 3Rd Floor, Ishan Ceramic Zone, Morvi, Rajkot, Gujarat","NO. B3/836 T-5, ગુજરાત, MORVI, RAJKOT, NULL",0.0,0.23529411764705882,"3,5","3,5,836",2,0
S1-705638322,S2-210772202,Rescue Power Private Limited,Sri Rescue Pwgoer Private Limited,"New Delhi, Delhi, C-458, C. R. Park","C-D/458, C. R. PARK, Delhi",0.5,0.7142857142857143,458,458,1,0
S1-507528138,S2-150062381,Indian Agro,Indian Service,"85 - Golf Links, New Delhi, Central Delhi, Delhi",,0.3333333333333333,0.0,85,,0,1
S1-780121301,S2-614846007,Maa Exports Pvt Ltd,मां एक्सपोर्ट्स प्रा. लि.,"C-224, Akurli Industrial Premises Co-Op Soc Ltd Akurli Road, Kandivali (East), Mumbai, Mumbai City, Maharashtra","##484 C-224, MUMBAI CITY, BOMBAY, महाराष्ट्र",0.0,0.19047619047619047,224,"224,484",1,0
S1-767653344,S2-89485509,Red Energy Private Limited,రెడ్ ఎనర్జీ ప్రైవేట్ లిమిటెడ్,"5-3-203/1, Zehra, Ranigunj, Secunderabad, Hyderabad, Telangana","6-3-203/1, SECUNDERABAD, HYDERABAD, తెలంగాణ",0.0,0.35714285714285715,"1,203,3,5","1,203,3,6",3,0
S1-29744004,S2-324531406,Big Trading Private Limited,বিগ ট্রেডিং প্রাইভেট লিমিটেড,"C/O N.K. Traders, 167, Old China Bazar Street, Kolkata, Kolkata, Howrah, West Bengal","পশ্চিমবঙ্গ, HOWRAH, C/O N.K. TRADERS, CALCUTTA",0.0,0.3157894736842105,167,,0,0
S1-401554493,S2-747296161,Dream Consultants Private Limited,டிரீம் கன்சல்டன்ட்ஸ் பிரைவேட் லிமிடெட்,"97, New Market St, Chennai, Tamil Nadu","Tamil Nadu, CHENNAI, 97, CHENNAI",0.0,0.5714285714285714,97,97,1,0
S1-876118886,S2-648695224,North Arihant Consultants Pvt Ltd,નોર્થ અરિહંત કન્સલ્ટન્ટ્સ પ્રા. લિ.,"7, Shantrunjay Tenament, Opp. Munishruvrat Flat, Nr. Prajapati Vadi, Mehsana, Mahesana, Gujarat","7, MEHSANA, MAHESANA, ગુજરાત",0.0,0.2,7,7,1,0
S1-876118886,S2-315325089,North Arihant Consultants Pvt Ltd,નોર્થ અરિહંત કન્સલ્ટન્ટ્સ પ્રા. લિ.,"7, Shantrunjay Tenament, Opp. Munishruvrat Flat, Nr. Prajapati Vadi, Mehsana, Mahesana, Gujarat","7, MEHSANA, Gujarat",0.0,0.25,7,7,1,0
S1-300188222,S2-822675710,Raj Food Private Limited,ରାଜ ଫୁଡ୍ ପ୍ରାଇଭେଟ୍ ଲିମିଟେଡ୍,"D-62 Maruti Residency, Raghunathpur, Jali, Plot No-482, Orissa, Khordha, Bhubaneswar","KHORDHA, Odisha, BHUBANESWAR, PLOT NO-482",0.0,0.38461538461538464,"482,62",482,1,0
S1-443838515,S2-229557994,Finanza Software Private Limited,FINANZA SOFTWARE PRIVATE LTD,"Plot No. D-7 First Floor, Nishat Park, New Delhi, South West Delhi, Delhi","PLOT NO. D-7 FIRST FLOOR, NISHAT PARK, NEW DELHI, दिल्ली",0.6,0.7142857142857143,7,7,1,0
S1-363391853,S2-595173417,Sadar Bazar Developers Center,Zetaquo,"E 203, Ireo Uptown, Sector 66, Sadar Bazar, Gurgaon, Haryana","E 203, SADAR BAZAR, GURGAON, हरियाणा",0.0,0.38461538461538464,"203,66",203,1,0
S1-494274460,S2-944381514,Symphony Brahma Private Limited,Orbihalo,"No.3/362, East Cost Road, Uthandy, Saidapet, Kanchipuram, Tamil Nadu","NO.3/362, SAIDAPET, KANCHIPURAM, தமிழ்நாடு",0.0,0.3333333333333333,"3,362","3,362",2,0
S1-664118593,S2-672016190,Shyam It Private Limited,श्याम आईटी प्राइवेट लिमिटेड,"Office No-301A Sr No-622, Mico Circle, Nashik, Maharashtra","OFFICE NO-301A SR NO-622, NASHIK, महाराष्ट्र",0.0,0.46153846153846156,"301,622","301,622",2,0
S1-481180187,S2-951678379,New Traders Pvt. Ltd.,PVT NEW TRADERS LIMITED,"D/351, Prem Nagar-Ii, Kirari, Suleman Nagar, New Delhi, North West, Delhi","D/351, NORTH DELHI, NORTH WEST, दिल्ली",0.6,0.38461538461538464,351,351,1,0
S1-456328221,S2-409178250,Live Trading LLP,LIVE TRÁDING LLP,"S - 402, Greater Kailash, Part - Ii, New Delhi, Delhi","S - 402, GREATER KAILASH, PART - II, Delhi",0.5,0.875,402,402,1,0
S1-665542997,S2-186049163,Sln (India) Solar Private Limited,slnindiasolar.com,"Bhubaneswar, Orissa, Plot No-K-7/13, Khordha, Kalinga Nagar, Ghatikia","BLOCK E-G-42 PLOT NO-K-7/13, KALINGA NAGAR, GHATIKIA, BHUBANESWAR, Odisha",0.0,0.5625,"13,7","13,42,7",2,0
S1-799970924,S2-5876330,Indo Constructions Private Limited,इंडो कंस्ट्रक्शंस प्राइवेट लिमिटेड,"717, 7F, Ild Trade Centre, Sohana Road, Sector 47, Gurgaon, Haryana","717, GURGAON, SOHNA ROAD, हरियाणा",0.0,0.2,"47,7,717",717,1,0
S1-703176041,S2-424490123,All Energy Private Limited,Dr All Enegy Private Limited,"50/6 Vinodpark Chsl Nr Sharma Hospital, Jashodanagar Char Rasta, Daskroi, Ahmedabad, Gujarat",,0.5,0.0,"50,6",,0,1
S1-463394809,S2-558898264,Home Services Private Limited,Home  Services,"1026, Mettupalayam Road R.S.Puram, Coimbatore, Tamil Nadu",,0.5,0.0,1026,,0,1
S1-658391325,S2-409762953,Big Infrastructure Private Limited,बिग इंफ्रास्ट्रक्चर प्राइवेट लिमिटेड,"Unit No. 1 To 4, Rectangle -1, Plot No. D-4, Saket District Centre, New Delhi, South Delhi, Delhi","H.NO 474 UNIT NO. 1 TO 4, SOUTH DELHI, SAKET, Delhi",0.0,0.5,"1,4","1,4,474",2,0
S1-658391325,S2-889573407,Big Infrastructure Private Limited,बिग इंफ्रास्ट्रक्चर प्राइवेट लिमिटेड,"Unit No. 1 To 4, Rectangle -1, Plot No. D-4, Saket District Centre, New Delhi, South Delhi, Delhi","H.NO 474 UNIT NO. 1 TO 4, NEW DELHI, SAKET, Delhi",0.0,0.5,"1,4","1,4,474",2,0
S1-821993950,S2-259159314,Sky Consultancy Private Limited,ಸ್ಕೈ ಕನ್ಸಲ್ಟೆನ್ಸಿ ಪ್ರೈವೇಟ್ ಲಿಮಿಟೆಡ್,"Bangalore South, Bangalore, Karnataka, No 10 16Th Main, 5Th C Cross Btm Layout 2N","BANGALORE, BANGALORE SOUTH, DOOR NO 10 16TH MAIN, ಕರ್ನಾಟಕ",0.0,0.35294117647058826,"10,16,2,5","10,16",2,0
S1-821993950,S2-484929360,Sky Consultancy Private Limited,ಸ್ಕೈ ಕನ್ಸಲ್ಟೆನ್ಸಿ ಪ್ರೈವೇಟ್ ಲಿಮಿಟೆಡ್,"Bangalore South, Bangalore, Karnataka, No 10 16Th Main, 5Th C Cross Btm Layout 2N","BANGALORE, Karnataka, 16TH MIAN",0.0,0.21428571428571427,"10,16,2,5",16,1,0
S1-675695982,S2-440857708,Life Investment Limited,लाइफ इन्वेस्टमेंट लिमिटेड,"A-601, Green Hedges, Royal Complex Eksar Road, Borivali (West), Mumbai, Mumbai City, Maharashtra","A-601, MUMBAI, MUMBAI CITY, Maharashtra",0.0,0.38461538461538464,601,601,1,0
S1-970651806,S2-379572573,Khanpur Services Private Limited,Khanpur Services Private Ltd,"105, Gujarat, Golden Tower, 1St Floor, Dinbai Tower Road, Khanpur, Ahmedabad",,0.6,0.0,"1,105",,0,1
S1-866257673,S2-959384034,Kolkata Jewellery Private Limited,KOLKATA JEWELLERY LIMITED [PARTNERS],"3 Synagogue St 2Nd Fl R No 17, Kolkata, Calcutta, West Bengal","H.NO #3 SYNAGOUE ST 2ND FL R NO 17, KOLKATA, পশ্চিমবঙ্গ",0.6,0.4444444444444444,"17,2,3","17,2,3",3,0
S1-742429408,S2-356437569,Raj Marketing (India) Pvt. Ltd.,Raj Marketing (nIia) Pvt. Ltd.,"Embassy Centre, 11Th Floor, Nariman Point, Mumbai, Maharashtra","BLOCK D-509 EMBASSY CENTRE, 11TH FLOOR, NARIMAN POINT, Maharashtra",0.6666666666666666,0.6363636363636364,11,"11,509",1,0
S1-123719431,S2-979211526,Veekay Exim Private Limited,Private Veekay Exim Ltd,"Flat 05, Plot 25, Ward 3/B, Adipur, Kachchh, Gujarat","FLAT 05, RAJKOT REGION, Gujarat",0.6,0.25,"05,25,3",05,1,0
S1-647989419,S2-727293854,Modern Foods Private Limited,મોડર્ન ફૂડ્સ પ્રાઇવેટ લિમિટેડ,"Ls No. 102, Opp. Zydus, Chachar Wadi, Vasna Chacharwadi, Sanand, Ahmedabad, Gujarat","LS NO. 2-102, SANAND, AHMEDABAD, Gujarat",0.0,0.46153846153846156,102,"102,2",1,0
S1-171309991,S2-422066703,All Management Private Limited,ऑल मैनेजमेंट प्राइवेट लिमिटेड,"Ef-58-5, N-12 Cidco, Aurangabad, Maharashtra","EF-58-5, AURANGABAD, W MAHA, Maharashtra",0.0,0.5,"12,5,58","5,58",2,0
S1-872505581,S2-599195475,Shiv Consultants Private Limited,SHIV COLSEULTAMGNTS PRIVATE LIMITED,"3, Renuka Nagar, Mapar Wadi Road, Sinner, Nashik, Maharashtra",,0.6,0.0,3,,0,1
S1-720692503,S2-883694739,Anand Consultants Limited,আনন্দ কনসালট্যান্টস লিমিটেড,"B-57, Sreenagar Pachimpara Garia, Kolkata, Howrah, West Bengal","CALCUTTA, B-0057, West Bengal",0.0,0.2727272727272727,57,0057,0,0
S1-3810084,S2-146391747,Life Construction Private Limited,लाइफ कंस्ट्रक्शन प्राइवेट लिमिटेड,"Mangal Nagar, Wakad Road, Pune, Survey No. 17/4A/2, Pune City, Maharashtra","SURVEY NO. 17/4A/2, WASHIM, PUNE, Maharashtra",0.0,0.5384615384615384,"17,2,4","17,2,4",3,0
S1-771995692,S2-98212025,Mohali Pharmaceuticals Pvt. Ltd.,Wexkel0vio,"Punjab, B-201, Mohali, Ivory Towers Sector 70, Mohali","B-199, MOHALI, Punjab",0.0,0.3333333333333333,"201,70",199,0,0
S1-16743114,S2-796279101,Reet Memorial Trust,Reet Trust Mémorial,"A-49, Basement/Floor, Dda Shed Okhla, Phase-Ii, New Delhi, South Delhi, Delhi","दिल्ली, A-49, BASEMENT/FLOOR, DDA SHED OKHLA, PHASE-II, NEW DELHI",0.5,0.7857142857142857,49,49,1,0
S1-428248492,S2-391396549,Niks Technologies Care,Dr NIKS TCHNOLGOIES CARE,"14 A.D No.4, Gayathri St, Moorthy Nagar, Plot No, Kanchipuram, Saidapet, Tamil Nadu",,0.4,0.0,"14,4",,0,1
S1-128454460,S2-999662378,Indo Technologies Limited,Limited Indo Tectnologeis,"Udaipur, Rajasthan, Nr. Saint Marys School, 3 B Polo Ground, Girwa","#1 B POLO GROUND, GIRWA, TEETARDI, राजस्थान",0.5,0.23529411764705882,3,1,0,0
S1-707726084,S2-953792080,Baba Construction Private Limited,बाबा कंस्ट्रक्शन प्राइवेट लिमिटेड,"9/A 9/B, Manoramaganj, 604 Vibrent Business Tower, Indore, Madhya Pradesh","A 9/B, INDORE, Madhya Pradesh",0.0,0.5454545454545454,"604,9",9,1,0
S1-297925415,S2-797160702,Megha Traders Private Limited,MEGHA TRADERS [PRIVATE],"Banjara Hills, Hyderabad, 8-2-609/B/5/1 Road 11, Telangana, Hyderabad","NO 8-2-609/B/5/1- ROAD 11, BANJARA HILLS, HYDERABAD, Andhra Pradesh",0.75,0.7333333333333333,"1,11,2,5,609,8","1,11,2,5,609,8",6,0
S1-297925415,S2-88869309,Megha Traders Private Limited,Sri Megha Tsranes Private Limited,"Banjara Hills, Hyderabad, 8-2-609/B/5/1 Road 11, Telangana, Hyderabad","#8-2-609/B/5/1- ROAD 11, BANJARA HILLS, HYDERABAD, Andhra Pradesh",0.5,0.7857142857142857,"1,11,2,5,609,8","1,11,2,5,609,8",6,0
S1-922218422,S2-517853971,Rk Academy,Rk Acdemy,"Andheri West, Mumbai, Maharashtra","ANDHERI WEST, MUMBAI, NULL, Maharashtra",0.3333333333333333,0.8,,,0,0
S1-73435754,S2-928225134,Tech Projects Private Limited,टेक प्रोजेक्ट्स प्राइवेट लिमिटेड,"101, Sf, A2 Block Janak Puri, New Delhi, South West Delhi, Delhi","101, NEW DELHI, WEST DELHI, Delhi",0.0,0.4,"101,2",101,1,0
S1-345981173,S2-178192138,Life Business Private Limited,लाइफ बिजनेस प्राइवेट लिमिटेड,"Wz-275C, Plot No. 9, Kh N, 41/17, Add Floor 1St, Delhi, North West Delhi, Delhi","WZ-275, NORTH WEST, DELHI",0.0,0.25,"1,17,275,41,9",275,1,0
S1-345981173,S2-411813811,Life Business Private Limited,लाइफ बिजनेस प्राइवेट लिमिटेड,"Wz-275C, Plot No. 9, Kh N, 41/17, Add Floor 1St, Delhi, North West Delhi, Delhi","NORTH WEST, NORTH WEST DELHI, दिल्ली, WZ-275",0.0,0.2222222222222222,"1,17,275,41,9",275,1,0
S1-58012645,S2-742118005,IY House Private Limited,PRIVATE IY HOUTLSE LÍMITED,"C/O Saw Shantabai Ramdas, Mukhed Dist- Nanded, Mukhed, Nanded, Maharashtra","C/O SAW SHANTABAI RAMDAS, NANDED, महाराष्ट्र",0.3333333333333333,0.46153846153846156,,,0,0
S1-528855952,S2-372352138,Rajlaxmi Group of Companies,Rajlaxmi Group of Clapanis,"13-B Iiird Floorns Marg Darya Ganj, New Delhi, Central Delhi, Delhi","DOOR NO C-13-B IIIRD FLOORNS MRAG DARYA GANJ, NEW DELHI, दिल्ली",0.6,0.5,13,13,1,0
S1-249678246,S2-849170728,Al Infrastructure Private Limited,ಅಲ್ ಇನ್‌ಫ್ರಾಸ್ಟ್ರಕ್ಚರ್ ಪ್ರೈವೇಟ್ ಲಿಮಿಟೆಡ್,"18/A, Rainbow Enclave, Doddabasavanapura, Bangalore North, Bangalore, Karnataka","PLOT #597 18/A, BANGALORE, BANGALORE NORTH, Karnataka",0.0,0.5,18,"18,597",1,0
S1-457553316,S2-884040368,South Hospitality Private Limited,South Hospitality Private Ltd,"E-36, Lower Ground Floor East Of Kailash, New Delhi, Delhi",,0.6,0.0,36,,0,1
S1-662791179,S2-27787733,Bharat Services Private Limited,BHARATSERVICESCOM,"63 Sarat Banerjee Rd, Kolkata, Howrah, West Bengal","63 SARAT BANERJEE RD, KOLKATA, KOLKTA, পশ্চিমবঙ্গ",0.0,0.38461538461538464,63,63,1,0
S1-233173553,S2-430570647,Future Star Media Private Limited,फ्यूचर स्टार मीडिया प्राइवेट लिमिटेड,"23, Dr. Ambedkar Nagar, Indore, Madhya Pradesh","#23, INDORE, Madhya Pradesh",0.0,0.5714285714285714,23,23,1,0
S1-17582744,S2-192665864,Sky Galaxy Software Private Limited,ಸ್ಕೈ ಗ್ಯಾಲಕ್ಸಿ ಸಾಫ್ಟ್‌ವೇರ್ ಪ್ರೈವೇಟ್ ಲಿಮಿಟೆಡ್,"Aasare Nilaya, Near Ayyappaswamy Temple, Samethanahalli Village, Kadugodi Post, Bangalore, Karnataka","AASARE NILAYA, BANGALORE, ಕರ್ನಾಟಕ, BANGALORE",0.0,0.21428571428571427,,,0,0
S1-161965217,S2-218244482,Blue Media Private Limited,ब्लू मीडिया प्राइवेट लिमिटेड,"Jaipur, Rajasthan, Jaipur, P No. 359-A, Gali No. 2, Raja Park, Jawahar Nagar","P NO. 359-A, JAIPUR, Rajasthan",0.0,0.5,"2,359",359,1,0
S1-819173260,S2-815715032,Alpha Dynamic Consulting Private Limited,अल्फा डायनामिक कंसल्टिंग प्राइवेट लिमिटेड,"0602, 8Th Floor Triveni, Crown Kalyan, Kalyan, Thane, Maharashtra","0602/9, THANE, महाराष्ट्र",0.0,0.15384615384615385,"0602,8","0602,9",1,0
S1-39294724,S2-91408921,Shyam Bright Infrastructure Limited,श्याम ब्राइट इंफ्रास्ट्रक्चर लिमिटेड,"Pk-1, Sector-71, Near New Police Station Sector-71, Noida, Gautam Buddha Nagar, Uttar Pradesh","#998 PK-1, NOIDA, GAUTAM BUDDHA NAGAR, Uttar Pradesh",0.0,0.5333333333333333,"1,71","1,998",1,0
S1-53921396,S2-528001244,Seven Life Investments Private Limited,সেভেন লাইফ ইনভেস্টমেন্টস প্রাইভেট লিমিটেড,"Flat No 1A, Jutika Appratment 11/1 Sunny Park, Kolkata, Howrah, West Bengal","H.NO 1A, KOLKATA, HOWRAH, West Bengal",0.0,0.42857142857142855,"1,11",1,1,0
S1-495195934,S2-412723629,Premier Infotech Private Limited,Premier ইনফোটেক প্রাইভেট লিমিটেড,"C/O Sudhir Sarkar, 29 Tarakeshwar Pally, Singur, Hooghly, West Bengal",,0.07692307692307693,0.0,29,,0,1
S1-316498144,S2-609080923,Lotus Infrastructure Private Limited,লোটাস ইনফ্রাস্ট্রাকচার প্রাইভেট লিমিটেড,"85, Prince Anwar Shah Road, City High, Tower - 3, Flat No - 14J, Kolkata, Howrah, West Bengal","85, HOWRAH, CALCUTTA, West Bengal",0.0,0.23529411764705882,"14,3,85",85,1,0
S1-907747710,S2-818661472,Sara Global Private Limited,Mr SARA GLOBAL PRVABT LIMITED,"C/O. Manoj Kr Shrivastava, Shanti Path Saristabad Ps, Phulwari, Patna, Bihar",,0.5,0.0,,,0,1
S1-776840964,S2-502763653,Sky Marketing Private Limited,स्काई मार्केटिंग प्राइवेट लिमिटेड,"506, Vikram Tower, Rajendra Palace, Delhi, Central Delhi, Delhi","#51 506, DELHI, CENTRAL DELHI, Delhi",0.0,0.375,506,"506,51",1,0
S1-305411318,S2-311952047,ADM Studio Pvt Ltd,ADM  STLO PVT LTD,"Lg-Cs-10 Ansal Plaza Mall, Sector-1 Vaishali, Ghaziabad, Uttar Pradesh","BLOCK G-A-632 LG-CS-10 ANSAL PLAZA MALL, SECTOR-1 VAISHALI, GHAZIABAD, उत्तर प्रदेश",0.6,0.47619047619047616,"1,10","1,10,632",2,0
S1-305411318,S2-831314301,ADM Studio Pvt Ltd,PVT ADM STUDIO (LIMITED),"Lg-Cs-10 Ansal Plaza Mall, Sector-1 Vaishali, Ghaziabad, Uttar Pradesh","BLOCK G-A-632 LG-CS-10 ANSAL PLAZA MALL, Uttar Pradesh, GHAZIABAD",0.6,0.5625,"1,10","10,632",1,0
S1-899188456,S2-476182529,Ram Systems Private Limited,Ram Systems പ്രൈവറ്റ് ലിമിറ്റഡ്,"C/O Narayan Ponnappan, Iruthumkuziyil 10Th Mile Adimaly, Devikulam, Idukki, Kerala",,0.18181818181818182,0.0,10,,0,1
S1-180532712,S2-496406897,Grs Hospital Private Limited,Grs Private Limited Services,"C-10/5 Vasant Vihar, New Delhi, South West, Delhi","#902 C-10/5 VASANT VIHAR, NEW DELHI, दिल्ली",0.6,0.5833333333333334,"10,5","10,5,902",2,0
S1-180532712,S2-683644411,Grs Hospital Private Limited,Grs Hospital  Private,"C-10/5 Vasant Vihar, New Delhi, South West, Delhi","#902 C-10/5 VASANT VIHAR, NEW DELHI, Delhi",0.75,0.7,"10,5","10,5,902",2,0
S1-180532712,S2-461123954,Grs Hospital Private Limited,Grs Hospital Private Ltd,"C-10/5 Vasant Vihar, New Delhi, South West, Delhi","DOOR NO 902 C-10/5 VASANT VIHAR, NEW DELHI, Delhi",0.6,0.5833333333333334,"10,5","10,5,902",2,0
S1-859493052,S2-380814510,SE Professionals Limited,SE PRORFSSIONALS LIMITED,"8-106, Court Road, Anathapur, Andhra Pradesh","8-106, COURT ROAD, ఆంధ్రప్రదేశ్",0.5,0.3333333333333333,"106,8","106,8",2,0
S1-439569335,S2-263119973,Supreme Technology Private Limited,சுப்ரீம் டெக்னாலஜி பிரைவேட் லிமிடெட்,"6/200, Kovai Road, Kariyampalayam Post, Annur, Coimbatore, Tamil Nadu","200, ANNUR, COIMBATORE, தமிழ்நாடு",0.0,0.21428571428571427,"200,6",200,1,0
S1-304580660,S2-124653648,First Logistics Private Limited,फर्स्ट लॉजिस्टिक्स प्राइवेट लिमिटेड,"3Rd Floor, Piramal Tower, Peninsula Corporate Park Ganpatrao Kadam Marg, Lower Parel, Mumbai, Mumbai City, Maharashtra","3RD FLOOR, MUMBAI, MUMBAI CITY, Maharashtra",0.0,0.3333333333333333,3,3,1,0
S1-118525189,S2-393548207,Al Trading Limited,আল ট্রেডিং লিমিটেড,"21/1, Radhanath Chowdhuri Road, Kolkata, Kolkata, Howrah, West Bengal","21/1, KOLKATA, West Bengal",0.0,0.5555555555555556,"1,21","1,21",2,0
S1-118525189,S2-291912532,Al Trading Limited,আল ট্রেডিং লিমিটেড,"21/1, Radhanath Chowdhuri Road, Kolkata, Kolkata, Howrah, West Bengal","21/1, KOLKATA, West Bengal",0.0,0.5555555555555556,"1,21","1,21",2,0
S1-529379682,S2-620819271,Silver United Exports Private Limited,सिल्वर यूनाइटेड एक्सपोर्ट्स प्राइवेट लिमिटेड,"(21L3) 800 K Block, Kidwai Nagar, Kanpur Nagar, Uttar Pradesh","(C-21L3) 800 K BLOCK, KIDWAI NAGAR, KANPUR KIDWAI NAGAR, उत्तर प्रदेश",0.0,0.4666666666666667,"21,3,800","21,3,800",3,0
S1-536869035,S2-106880631,Laxmi Finance Private Limited,லக்ஷ்மி ஃபைனான்ஸ் பிரைவேட் லிமிடெட்,"Tamil Nadu, Egmore Nungambakkam, Chennai, Block, 18Th Street, 4Th Main Road, No.75.S","Tamil Nadu, NO.75.S, CHENNAI, EGMORE NUNGAMBAKKAM",0.0,0.5714285714285714,"18,4,75",75,1,0
S1-536869035,S2-596025342,Laxmi Finance Private Limited,லக்ஷ்மி ஃபைனான்ஸ் பிரைவேட் லிமிடெட்,"Tamil Nadu, Egmore Nungambakkam, Chennai, Block, 18Th Street, 4Th Main Road, No.75.S","NO.75.S, CHENNAI, EGMORE NUNGAMBAKKAM, Tamil Nadu",0.0,0.5714285714285714,"18,4,75",75,1,0
S1-21723126,S2-995225465,Royal International,रॉयल इंटरनेशनल,"3Rd Floor, Orchid Centre, Near Iilm Institute, Sector 53, Gurgaon, Haryana","3RD FLOOR, GURUGRAM, GURGAON, Haryana",0.0,0.3333333333333333,"3,53",3,1,0
S1-847809177,S2-688317647,Sun Software Private Limited,సన్ సాఫ్ట్‌వేర్ ప్రైవేట్ లిమిటెడ్,"1St Floor, B-Block, 6-3-1090 Tsr Towers, Rajbhavan Road, Somajiguda, Hyderabad, Telangana","1ST FLOOR, HYDERABAD URBAN, null, తెలంగాణ",0.0,0.15,"1,1090,3,6",1,1,0
S1-351577743,S2-489459552,Green Hospitality Private Limited,ഗ്രീൻ ഹോസ്പിറ്റാലിറ്റി പ്രൈവറ്റ് ലിമിറ്റഡ്,"No. 6/858-M, 2Nd Floor, Suite No.937 Valamkottil Towers, Judgemukku, Kakkanad, Kochi, Ernakulam, Kerala","COCHIN, Kerala, ERNAKULAM, NO A-6/858-M",0.0,0.35294117647058826,"2,6,858,937","6,858",2,0
S1-238991751,S2-246523490,Best Infotech,பெஸ்ட் இன்ஃபோடெக்,"54/2 Paul Wells Road, Sripuram Colony, St.Thomas Mount, Chennai-16, St.Thomas Mount, Chennai-16, Chennai, Tamil Nadu","H.NO 54/2- PAUL WELLS ROAD, CHENNAI-16, CHENNAI, Tamil Nadu",0.0,0.5625,"16,2,54","16,2,54",3,0
S1-901766150,S2-321881032,Shree Systems Limited,श्री सिस्टम्स लिमिटेड,"Siddharth Towers, S. No. 12/3B, Sangam Press Road, Office No. 813, Pune, Kothrud, Maharashtra","KOTHRUD, PUNE, Maharashtra, #56 OFFICE NO. 813",0.0,0.4,"12,3,813","56,813",1,0
S1-973738638,S2-456436815,Indo Projects Private Limited,इंडो प्रोजेक्ट्स प्राइवेट लिमिटेड,"P.N, C-1/S.N- 5, Na, Krishna Enclave Road, Jhotwara, Jaipur, Rajasthan","BLOCK D-299 P.N, JAIPUR, Rajasthan",0.0,0.25,"1,5",299,0,0
S1-415585420,S2-697454746,Producer Om Education LLP,poeducation.com,"9Th Floor, Plot No. A-8 A, Sector-62, Noida, Gautam Buddha Nagar, Uttar Pradesh","PLOT NO. A-8 A, SECTOR-62, NOIDA, Uttar Pradesh, DOOR NO 9TH FLOOR",0.0,0.7333333333333333,"62,8,9","62,8,9",3,0
S1-394660272,S2-888801981,Southern Sky Infrastructure Private Limited,సదర్న్ స్కై ఇన్‌ఫ్రాస్ట్రక్చర్ ప్రైవేట్ లిమిటెడ్,"Plot No. 78A, S V Co Op Industrial Estate, Balanagar, Hyderabad, Telangana","98A, BALANAGAR, Telangana",0.0,0.15384615384615385,78,98,0,0
S1-274085682,S2-337946663,Great Foundation Private Limited,ग्रेट फाउंडेशन प्राइवेट लिमिटेड,"37, 3Rd Floor Shreshtha Vihar, Delhi, East Delhi, Delhi","37, DELHI, EAST DELHI, Delhi",0.0,0.42857142857142855,"3,37",37,1,0
S1-430697586,S2-643016745,Life Developers Private Limited,PRIVATE LIFE DEVELOPERS LTD,"27-F-110, Sanjay Place, Agra, Uttar Pradesh","7-F-110, SANJAY PLACE, AGRA, उत्तर प्रदेश",0.6,0.35714285714285715,"110,27","110,7",1,0
S1-430697586,S2-379289118,Life Developers Private Limited,लाइफ डेवलपर्स प्राइवेट लिमिटेड,"27-F-110, Sanjay Place, Agra, Uttar Pradesh","7-F-110, AGRA, Uttar Pradesh",0.0,0.5555555555555556,"110,27","110,7",1,0
S1-979618928,S2-26044328,Lotus It Pvt Ltd,लोटस आईटी प्रा. लि.,"H No-1, Kuldeep Vihar, Asadpur Kayam, Aligarh, Uttar Pradesh","H NO-1, ALIGARH, उत्तर प्रदेश",0.0,0.26666666666666666,1,1,1,0
S1-854842884,S2-568713336,Best Energy Pvt Ltd,बेस्ट एनर्जी प्रा. लि.,"Plot No: 93, Road No: 12 Sri Krish Nagar, Patna, Bihar","Bihar, PATNA, #463 PLOT NO: 93",0.0,0.45454545454545453,"12,93","463,93",1,0
S1-927335779,S2-180577097,Modern Black It Pvt Ltd,ಮಾಡರ್ನ್ ಬ್ಲ್ಯಾಕ್ ಐಟಿ ಪ್ರೈವೇಟ್ ಲಿಮಿಟೆಡ್,"No. 1, Madarsab Lane, Bangalore-53., Bangalore, Karnataka","Karnataka, NO. 1, MADARSAB LANE, HOSKOTE",0.0,0.625,"1,53",1,1,0
S1-874450204,S2-522280712,Star It Private Limited,स्टार आईटी प्राइवेट लिमिटेड,"Jardin C - Flat No. 302, Sr. No. 15 Pune Mahalunge, Pune City, Pune, Maharashtra","JARDIN C - FLAT NO. 302, PUNE CITY, PUNE, महाराष्ट्र",0.0,0.4666666666666667,"15,302",302,1,0
S1-274290647,S2-59244192,Bharat Wheels Private Limited,Bharat  Private Limited Service,"C/O Sandeep Singh, Shashtri Nagar, Spn Road, Powayan, Shahjahanpur, Uttar Pradesh",,0.6,0.0,,,0,1
S1-43664897,S2-264356200,Perfect Technology Limited,ಪರ್ಫೆಕ್ಟ್ ಟೆಕ್ನಾಲಜಿ ಲಿಮಿಟೆಡ್,"Varanashi, No.35/A31Stacross, 7Thblock, Jayanagar, Bangalore, Flatno.401, Karnataka, Bangalore","H.NO 401, BANGALORE, Karnataka",0.0,0.36363636363636365,"31,35,401,7",401,1,0
S1-251527767,S2-215839374,Indo Solutions Private Limited,ઇન્ડો સોલ્યુશન્સ પ્રાઇવેટ લિમિટેડ,"Sub Plot No. 21, Ozone Industrial Park, Nr. Kerala Gidc, Ahmedabad Bagodara Highway, Bavla, Ahmedabad, Gujarat","SUB PLOT NO. 21/8, BAVLA, Gujarat",0.0,0.375,21,"21,8",1,0
S1-460377196,S2-572396439,Akshita Energy Corp,eakshita.com,"Lucknow, Vikash Khand Gomti Nagar, B2/244, Uttar Pradesh, Lucknow","DOOR NO 71 B2/244, LUCKNOW, उत्तर प्रदेश",0.0,0.17647058823529413,"2,244","2,244,71",2,0
S1-63590917,S2-229460618,Four & Brothers Public Limited,Four & Brothers Limited Services,"House No 25, Block-A Pkt 11 Sec 18 Rohini, Delhi, North West Delhi, Delhi","H.NO 399 HOUSE NO 25, BLOCK-A PKT 11 SEC 18 ROHINI, DELHI, Delhi",0.6666666666666666,0.7333333333333333,"11,18,25","11,18,25,399",3,0
S1-63590917,S2-941329044,Four & Brothers Public Limited,Puambic Four & Brothers Limited,"House No 25, Block-A Pkt 11 Sec 18 Rohini, Delhi, North West Delhi, Delhi","NO 399 HOUSE NO 25, NORTH WEST DELHI, RITHALA, Delhi",0.6666666666666666,0.4,"11,18,25","25,399",1,0
S1-659196396,S2-940605676,Eastern Construction Private Limited,ಈಸ್ಟರ್ನ್ ಕನ್‌ಸ್ಟ್ರಕ್ಷನ್ ಪ್ರೈವೇಟ್ ಲಿಮಿಟೆಡ್,"No 30, 1St Floor, Opp Byaraveshwara Temple Gantiganahalli, Yelahanka, Bangalore, Bangalore, Karnataka","#30, BENGALURU NORTH, Karnataka",0.0,0.15384615384615385,"1,30",30,1,0
S1-659196396,S2-433311050,Eastern Construction Private Limited,ಈಸ್ಟರ್ನ್ ಕನ್‌ಸ್ಟ್ರಕ್ಷನ್ ಪ್ರೈವೇಟ್ ಲಿಮಿಟೆಡ್,"No 30, 1St Floor, Opp Byaraveshwara Temple Gantiganahalli, Yelahanka, Bangalore, Bangalore, Karnataka","30, BENGALURU NORTH, Karnataka",0.0,0.15384615384615385,"1,30",30,1,0
S1-641328974,S2-601504645,Four Bikes Private Limited,bikesprivate.com,"C/O Ramanashree Arcade, Mg Road, Ulsoor, Bangalore North, Bangalore, Karnataka","C/O RAMANLSHREE ARCADE, MG ROAD, ULSOOR, BENGALURU, BANGALORE, Karnataka",0.0,0.6666666666666666,,,0,0
S1-472044493,S2-35049086,One Global Estate Private Limited,oneglobalestate.com,"Plot No-132/C Sector-9, Cda, Cuttack, Orissa","PLOT NO-232/C SECTOR-9, CDA, CUTTACK, Odisha",0.0,0.6363636363636364,"132,9","232,9",1,0
S1-392613519,S2-320182633,New Delhi Creations Private Limited,New Delhi-Creations Delhi-Creations Private,"Plot No 22, Gf Block 2-E Jhandewalan Extension, New Delhi, Central Delhi, Delhi",,0.8,0.0,"2,22",,0,1
S1-327737143,S2-240750697,Good Power Pvt Ltd,গুড পাওয়ার প্রাইভেট লিমিটেড,"C1/1 Nrs Hsg Coop Nayabad, Lp-207/65/2/B/5/1, Kolkata, Kolkata, Howrah, West Bengal","CC-1/1 NRS HSG COOP NAYABAD, LP-207/65/2/B/5/1, KOLKATA, SOUTH 24 PARGANAS, HOWRAH, পশ্চিমবঙ্গ",0.0,0.5416666666666666,"1,2,207,5,65","1,2,207,24,5,65",5,0
S1-621121657,S2-108264938,Anand Logistics Private Limited,आनंद लॉजिस्टिक्स प्राइवेट लिमिटेड,"F-2, Vishwadeep Appartment, Nagala Park, Near Vivekanad College, Kolhapur, Maharashtra","F-2, KOLHAPUR, Maharashtra",0.0,0.36363636363636365,2,2,1,0
S1-132539370,S2-916525509,City Consultancy Limited,సిటీ కన్సల్టెన్సీ లిమిటెడ్,"Plot.No.1361, Road. No.45 Jubilee Hills, Hyderabad, Telangana","PLOT.NO.1361, ROAD. NO.45 JUBILEE HILLS, RANGA REDDY, HYDERABAD, తెలంగాణ",0.0,0.5333333333333333,"1361,45","1361,45",2,0
S1-894008647,S2-654676059,Bk Future LLP,Bk Fúture LLP,"D-33 Lajpat Nagar Part Ii, New Delhi, South Delhi, Delhi","Delhi, N/A, D-33 LAJPAT NAGAR PART II, NEW DELHI",0.5,0.7272727272727273,33,33,1,0
S1-370123264,S2-311343998,Gird Enterprises Private Limited,Gird Enterprises Limited Services,"Manish Sales, Jayendra Ganj, Infront Of Surya Hotel, Gird, Gwalior, Madhya Pradesh",,0.6,0.0,,,0,1
S1-804955270,S2-218721637,Aditya Enterprises Pvt Ltd,आदित्य एंटरप्राइजेज प्रा. लि.,"Shirin Appt Tardeo Road, Mumbai City, Mumbai, Maharashtra, 2 Fl Rm B-11","H.NO 2 FL RM B-11, MUMBAI CITY, MUMBAI, महाराष्ट्र",0.0,0.3888888888888889,"11,2","11,2",2,0
S1-992523387,S2-758455598,Ncs Engineers Pvt Ltd,Ncs Engineers,"Floor 3-Cheryl Hill Park, Vallathol Junction, Seaport-Airport Road, Kakkanad, Ernakulam, Kerala",,0.5,0.0,3,,0,1
S1-624098532,S2-835878565,Lynx Fields Private Limited,Smt LYNX PRIVATE LIMITED CENTER,"C-30, Banglow Road, Adarsh Nagar, Delhi, Delhi, North Delhi, Delhi","H.NO A-981 C-30, BANGLOW ROAD, ADARSH NAGAR, DELHI, DELHI, NULL, दिल्ली",0.5,0.4666666666666667,30,"30,981",1,0
S1-827759213,S2-419688907,Gangaksh Group,Umbraevoyuma,"Block A, H. No. 604A Sushant Lok 1, Haryana, Gurugram, Gurgaon","DOOR NO 604A SUSHANT LOK 1, GURUGRAM, GURGAON, हरियाणा",0.0,0.4666666666666667,"1,604","1,604",2,0
S1-720784848,S2-109785044,Aditya Consultants Private Limited,ఆదిత్య కన్సల్టెంట్స్ ప్రైవేట్ లిమిటెడ్,"2Nd Floor, Plot No 5 Survey No 62 Durgam Chervu Road Madhapur, Hyderabad, Telangana","2ND  FLOOR, HYDERABAD, Telangana",0.0,0.3076923076923077,"2,5,62",2,1,0
S1-617456656,S2-716566685,High Projects Pvt Ltd,హై ప్రాజెక్ట్స్ ప్రైవేట్ లిమిటెడ్,"6-3-248/H/1, Telangana, 3Rd Floor, Prasanthi Mansion, Road No.1, Banjara Hills, Hyderabad, Hyderabad","HYDERABAD, తెలంగాణ, #234 6-3-248/H/1, HYDERABAD",0.0,0.3,"1,248,3,6","1,234,248,3,6",4,0
S1-732364691,S2-982647192,Tee Group,tee.com,"54 Burtolla Street Ps Burra Bazar, Kolkata, Calcutta, West Bengal",,0.3333333333333333,0.0,54,,0,1
S1-340092395,S2-956703346,Baba It Private Limited,বাবা আইটি প্রাইভেট লিমিটেড,"9/12, Lalbazar Streete Block4Th Floor, Kolkata, Howrah, West Bengal","HOWRAH, PLOT 181 9/12, পশ্চিমবঙ্গ",0.0,0.1875,"12,4,9","12,181,9",2,0
S1-340092395,S2-391221088,Baba It Private Limited,বাবা আইটি প্রাইভেট লিমিটেড,"9/12, Lalbazar Streete Block4Th Floor, Kolkata, Howrah, West Bengal","PLOT 181 9/12, পশ্চিমবঙ্গ, HOWRAH, KOLKATA",0.0,0.25,"12,4,9","12,181,9",2,0
S1-548342416,S2-158448389,Mind Vidyalaya Private Limited,MlND VIDYALAYA PRIVATE,"No.17/B, Ground Floor, 1St Main Road, 1St C Cross, Manuvana, Vijayanagar, Bengaluru, Bangalore, Karnataka","BENGALURU, NO 0017/B, ಕರ್ನಾಟಕ",0.4,0.15789473684210525,"1,17",0017,0,0
S1-548342416,S2-88134768,Mind Vidyalaya Private Limited,Private Mind Vidyalaya Ltd,"No.17/B, Ground Floor, 1St Main Road, 1St C Cross, Manuvana, Vijayanagar, Bengaluru, Bangalore, Karnataka","0017/B, BENGALURU, ಕರ್ನಾಟಕ",0.6,0.10526315789473684,"1,17",0017,0,0
S1-808432774,S2-597217962,United Industries Private Limited,Mr UNITED PRIVATE LIMITED SERVICES,"F No-6133-C-6/7, Vasant Kunj, Delhi, New Delhi, Delhi","F NO-6133-C-6/7, VASANT KUNJ, DELHI, दिल्ली",0.5,0.75,"6,6133,7","6,6133,7",3,0
S1-303555919,S2-904718605,Krishna Investments,కృష్ణా ఇన్వెస్ట్‌మెంట్స్,"8-2-1/4, Panjagutta, Hyderabad Hyderabad, Hyderabad, Telangana","HYDERABAD URBAN, PANJAGUTTA, Telangana, 6-8-2-1/4",0.0,0.7777777777777778,"1,2,4,8","1,2,4,6,8",4,0
S1-867577957,S2-297411538,Gold Builders Limited,గోల్డ్ బిల్డర్స్ లిమిటెడ్,"8-3-224/8/10-1, Plot No. E-69, 3Rd Floor, Madhura Nagar, Sr Nagar, Hyderabad, Telangana","8-3-224/8/10-1, HYDERABAD, HYDERABAD SR NAGAR, తెలంగాణ",0.0,0.4,"1,10,224,3,69,8","1,10,224,3,8",5,0
S1-867577957,S2-887445055,Gold Builders Limited,Limited Gold Buieirs,"8-3-224/8/10-1, Plot No. E-69, 3Rd Floor, Madhura Nagar, Sr Nagar, Hyderabad, Telangana","HYDERABAD SR NAGAR, 8-3-224/8/10-1, Telangana, HYDERABAD",0.5,0.5625,"1,10,224,3,69,8","1,10,224,3,8",5,0
S1-703732266,S2-503272542,Carry Brothers Private Limited,Carry Brothers Private,"7 Bhaskar Smruti Roadfreire Bridge Low Level (South) Nana Chowk, Mumbai, Mumbai City, Maharashtra",,0.75,0.0,7,,0,1
S1-140249467,S2-532835304,Future Logistics Private Limited,Future Logistics,"Office No.1158, Gaur City Mall, Gautam Buddha Nagar, Uttar Pradesh","H.NO 385 OFFICE NO.1158, GAUR CITY MALL, GAUTAM BUDDHA NAAR, उत्तर प्रदेश",0.5,0.42105263157894735,1158,"1158,385",1,0
S1-96422283,S2-793867220,South Shyam Infotech Private Limited,साउथ श्याम इंफोटेक प्राइवेट लिमिटेड,"F/1004, Neptune Enterpris, Horizon, L..B.S. Raad, Mumbai, Maharashtra","Maharashtra, MUMBAI, F/1004, BHANDUP",0.0,0.3333333333333333,1004,1004,1,0
S1-737133072,S2-463845934,Bubble Consultants Pvt Ltd,Pvt Bubble Ctnsultaarns Ltd,"318, First Floor Kureshipur, Faridabad, Haryana","318, FARIDABAD, Haryana",0.6,0.5,318,318,1,0
S1-431144926,S2-363272167,Dream Producer Limited,டிரீம் புரொட்யூசர் லிமிடெட்,"22, 5Th Street, Madurai South, Madurai, Tamil Nadu","Tamil Nadu, EAST MASI STREET, 22, 5TH STREET, MADURAI SOUTH",0.0,0.7777777777777778,"22,5","22,5",2,0
S1-431144926,S2-240130879,Dream Producer Limited,டிரீம் Producer Limited,"22, 5Th Street, Madurai South, Madurai, Tamil Nadu","22, MADURAI SOUTH, EAST MASI STREET, Tamil Nadu, 5TH STREET",0.3333333333333333,0.7777777777777778,"22,5","22,5",2,0
S1-431144926,S2-825773938,Dream Producer Limited,டிரீம் புரொட்யூசர் லிமிடெட்,"22, 5Th Street, Madurai South, Madurai, Tamil Nadu","22, 5TH STREET, MADURAI SOUTH, EAST MASI STREET, Tamil Nadu",0.0,0.7777777777777778,"22,5","22,5",2,0
S1-422949079,S2-353785547,Jeevan Solutions Private Limited,Jeevan Solutions Private Ltd,"C/O Ganesh Shankar Jha, Keshari Nagar Patliputra, Patna, Bihar",,0.6,0.0,,,0,1
S1-882053683,S2-850988201,Innovative Products Private Limited,इनोवेटिव प्रोडक्ट्स प्राइवेट लिमिटेड,"245/30, S/F, Pvt No-204, Masjid Road, Mandawali, East Delhi, Delhi","G-245/30, EAST DELHI, Delhi, EAST DELHI",0.0,0.3076923076923077,"204,245,30","245,30",2,0
S1-882053683,S2-941150645,Innovative Products Private Limited,इनोवेटिव प्रोडक्ट्स प्राइवेट लिमिटेड,"245/30, S/F, Pvt No-204, Masjid Road, Mandawali, East Delhi, Delhi","G-245/30, EAST DELHI, दिल्ली",0.0,0.26666666666666666,"204,245,30","245,30",2,0
S1-702207495,S2-638569166,Creative Enterprises Private Limited,क्रिएटिव एंटरप्राइजेज प्राइवेट लिमिटेड,"801, Prathmesh Heights, Lbs Marg Behind Dena Bank, Bhandup West, Mumbai, Mumbai City, Maharashtra","HN 903 801, MUMBAI, null, Maharashtra",0.0,0.1875,801,"801,903",1,0
S1-822980873,S2-802587120,Harlequin Trading Limited,Harlequin Limited Center,"A-10/1-D, Jhilmil Industrial Area Shahdara, Delhi, North East, Delhi","A-10/1-D, JHILMRL INDUSTRIAL AREA SHAHDARA, DELHI, दिल्ली",0.5,0.5714285714285714,"1,10","1,10",2,0
S1-471963658,S2-704039134,Dazzle College Corp,Partners Dazzle Corp,"Plot No.-895 Ground Floor, Sector-5, I.E. Sahibabad, Ghaziabad, Uttar Pradesh","PLOT NO.-7-895 GROUND FLOOR, GHAZIABAD, उत्तर प्रदेश",0.5,0.3157894736842105,"5,895","7,895",1,0
S1-577674375,S2-497334088,Jain Investment Private Limited,जैन इन्वेस्टमेंट प्राइवेट लिमिटेड,"5Th Floor, City Centre Dwarka Sector - 12, Delhi, South West Delhi, New Delhi, 524","524, NEW DELHI, SOUTH WEST DELHI, Delhi",0.0,0.4166666666666667,"12,5,524",524,1,0
S1-197388414,S2-443726246,Arihant Global Private Limited,अरिहंत ग्लोबल प्राइवेट लिमिटेड,"Dhule, Vijayraj Residency, Dhule, Maharashtra, Flat No.8","H.NO 8, SHINDAD, DHULE, Maharashtra",0.0,0.4444444444444444,8,8,1,0
S1-633878043,S2-918779352,Hotel Software Private Limited,होटल सॉफ्टवेयर प्राइवेट लिमिटेड,"E-3/35, Vishesh Khand Gomti Nagar, Lucknow, Uttar Pradesh","DOOR NO 865 E-3/35, LUCKNOW, Uttar Pradesh",0.0,0.46153846153846156,"3,35","3,35,865",2,0
S1-711862671,S2-456207990,Black Constructions Private Limited,બ્લેક કન્સ્ટ્રક્શન્સ પ્રાઇવેટ લિમિટેડ,"407, Gala Empire, 407, Nilmani Society, Gurukul, Ahmadabad City, Ahmedabad, Gujarat","AHMADABAD CITY, AHMEDABAD, 407, ગુજરાત",0.0,0.3076923076923077,407,407,1,0
S1-937848619,S2-945149218,Jnp Consulting Private Limited,JNP CONSULTING PRIVATE,"Uttar Pradesh, Pratapgarh, Khanapatti, Lalganj, 187",,0.75,0.0,187,,0,1
S1-995614548,S2-939002577,Hari Global Private Limited,Hari Global Private Límited,"14, 34Th, B Cross Road, 4Th T Block, Bangalore South, Bangalore, Karnataka","14, 34TH, B CROSS ROAD, 4TH T BLOCK, BANGALORE SOUTH, ಕರ್ನಾಟಕ",0.6,0.7142857142857143,"14,34,4","14,34,4",3,0
S1-985162139,S2-644131139,Lex Services Private Limited,Lex Sesnrice Private Limited,"Flat No. 20 Block-2, Mohali Employees Co-Operative House Building Society, Sector 68, Mohali, Punjab",,0.6,0.0,"2,20,68",,0,1
S1-511902078,S2-939759648,Swastik Systems Pvt Ltd,ஸ்வஸ்திக் சிஸ்டம்ஸ் பிரைவேட் லிமிடெட்,"No. 408, Manchester Towers, Avinashi Road, Coimbatore, Tamil Nadu","NO. 408, COIMBATORE, Tamil Nadu",0.0,0.5555555555555556,408,408,1,0
S1-743759469,S2-874131737,Khemi (India) Consultants Private Limited,Khemi (India) Consultants Private Ltd,"Room No 04 Vittal Vadi Sopan Sakharam Kute, Near Seeta Rec. Akurdi, Pune, Maharashtra",,0.6666666666666666,0.0,04,,0,1
S1-88654138,S2-908843289,Future Technology Pvt Ltd,ഫ്യൂച്ചർ ടെക്നോളജി പ്രൈവറ്റ് ലിമിറ്റഡ്,"4/461, 11Nd Floor, Valamkottil Towers, Judgemukku, Kakkanad, Ernakulam, Kerala","4/461, ERNAKULAM, കേരളം",0.0,0.25,"11,4,461","4,461",2,0
S1-28606536,S2-683851529,Isha Landmark Pvt Ltd,Isha Laidmak Pvt Ltd,"Plot No. 67, 3Rd/F, Pocket- 1, Jasola, New Delhi, South Delhi, Delhi","PGOT NO. 67, 3RD/F, POCKET- 1, JASOLA, NEW DELHI, <NULL>, दिल्ली",0.6,0.6,"1,3,67","1,3,67",3,0
S1-539004310,S2-627998131,Kala & Co,KLR + CO,"E 189, Lgf Sushant Lok 2, Gurgaon, Haryana","E 189, GURGAON, Haryana",0.25,0.5,"189,2",189,1,0
S1-393532379,S2-680360767,Nd Industries,indnd.com,"Mumbai, A/701-702, Maharashtra, Crystal Avenue Thakur Village, Dattani Park, Kandivali, (East)","A/701-702, MUMBAI, (EAST), महाराष्ट्र",0.0,0.29411764705882354,"701,702","701,702",2,0
S1-623174507,S2-748058594,Kakinada Industries Ltd,>> Kakinada Induomtrfies (Ltd),"D.No. 32-8-28, Nelli Appana Centre, Kakinada, East Godavari, Andhra Pradesh","32-8-28, KAKINADA, EAST GODAVARI, ఆంధ్రప్రదేశ్",0.5,0.3333333333333333,"28,32,8","28,32,8",3,0
S1-95544194,S2-938404884,PFY Plantations Private Limited,PFY PLANTATIONS PRIVATE LTD,"16/3, Dariya Building, 375, D.N.Road., Mumbai, Mumbai City, Maharashtra","16/, DARIYA BUILDING, 375, D.N.ROAD., MUMBAI, महाराष्ट्र",0.6,0.5333333333333333,"16,3,375","16,375",2,0
S1-192813395,S2-681739811,Yamuesh Commodities,Orbionyx,"H.No - 16-31-518, Plot.No, 261, Kphb Colony, Phase Vi, Tirumalagiri, Hyderabad, Telangana","H.NO - 16-31-518, MEDCHAL MALKAJGIRI, తెలంగాణ",0.0,0.25,"16,261,31,518","16,31,518",3,0
S1-737772311,S2-379488976,Life Enterprises Private Limited,લાઇફ એન્ટરપ્રાઇઝિસ પ્રાઇવેટ લિમિટેડ,"603-605, Phonix Complex, Near Suraj Plaza, Sayajigunj, Vadodara, Gujarat","603-605, VADODARA, ગુજરાત",0.0,0.23076923076923078,"603,605","603,605",2,0
S1-737772311,S2-363583473,Life Enterprises Private Limited,લાઇફ એન્ટરપ્રાઇઝિસ પ્રાઇવેટ લિમિટેડ,"603-605, Phonix Complex, Near Suraj Plaza, Sayajigunj, Vadodara, Gujarat","603-605, VADODARA, Gujarat",0.0,0.4,"603,605","603,605",2,0
S1-116153177,S2-317989939,Sreeven & Co,SAEEVN & (CO),"Flat No- 2 & 3 Park Palace, (Ground Floor) 1, Suhra Wardy Avenue, Kolkata, Howrah, West Bengal","BLOCK A-A-32 FLAT NO- 2 & 3 PARK PALACE, KOLKATA, West Bengal",0.5,0.5,"1,2,3","2,3,32",2,0
S1-675482054,S2-109461287,Alankar India Corp,Alankar Corp Services,"House No 84 Nathu Ram Masterji, House Bus Stand Vpo Mandola, Mandola, Mahendragarh, Haryana",,0.5,0.0,84,,0,1
S1-863589887,S2-710126340,Eastern Food Private Limited,ईस्टर्न फूड प्राइवेट लिमिटेड,"E 21, Jawahar Park, Laxmi Nagar, East Delhi, Delhi","E ##21, EAST DELHI, दिल्ली",0.0,0.4,21,21,1,0
S1-192600492,S2-318712965,White Technologies Limited,White Tehnologiees Limited,"Rangareddy, P.No.21 Guttala Begumpet, Hyderabad, Telangana, 1-68/3/27","PLOT 0839 1-68/3/27, P.NO.21 GUTTALA BEGUMPET, HYDERABAD, తెలంగాణ",0.5,0.5555555555555556,"1,21,27,3,68","0839,1,21,27,3,68",5,0
S1-964943183,S2-255854643,Victory Publication Private Limited,Shri Victory Publication Private Ltd,"T-2315 & T-2315A Ashok Nagar, Faiz Road, Karol Bagh, New Delhi, North Delhi, Delhi",,0.5,0.0,2315,,0,1
S1-813141833,S2-930552117,Tech Trading Private Limited,டெக் டிரேடிங் பிரைவேட் லிமிடெட்,"284, 9Th Street, Ashtalaxmi Nagar, Alapakkam, Chennai, Tamil Nadu","#904 284, CHENNAI, Tamil Nadu",0.0,0.4,"284,9","284,904",1,0
S1-813141833,S2-698219646,Tech Trading Private Limited,டெக் டிரேடிங் பிரைவேட் லிமிடெட்,"284, 9Th Street, Ashtalaxmi Nagar, Alapakkam, Chennai, Tamil Nadu","DOOR NO #904 284, CHENNAI, Tamil Nadu",0.0,0.3333333333333333,"284,9","284,904",1,0
S1-813141833,S2-523549442,Tech Trading Private Limited,டெக் டிரேடிங் பிரைவேட் லிமிடெட்,"284, 9Th Street, Ashtalaxmi Nagar, Alapakkam, Chennai, Tamil Nadu","CHENNAI, DOOR NO #904 284, CHENNAI, Tamil Nadu",0.0,0.3333333333333333,"284,9","284,904",1,0
S1-963199608,S2-471703868,Sky Services Private Limited,स्काई सर्विसेज प्राइवेट लिमिटेड,"433, East Delhi, Functional Industrial Estate, Patparganj, Delhi","H.NO 129 433, EAST DELHI, DELHI",0.0,0.3,433,"129,433",1,0
S1-763567832,S2-539479607,Big Exports LLP,বিগ এক্সপোর্টস এলএলপি,"19 R N Mukherjee Road 1St Fl Hare Street, Kolkata, Calcutta, West Bengal","#19 R N MUKHERJEE ROAD 1ST FL HARE STREET, LUCKNOW, CALCUTTA, পশ্চিমবঙ্গ",0.0,0.5555555555555556,"1,19","1,19",2,0
S1-680620158,S2-535740484,North Media Private Limited,નોર્થ મીડિયા પ્રાઇવેટ લિમિટેડ,"Fl-632, Nandgav Apartment, Nr. Patidar Chowk, B/H. Palmcity, Sadhu Vasvani Road, Rajkot, Gujarat","FL-632, RAJKOT, Gujarat",0.0,0.26666666666666666,632,632,1,0
S1-447331557,S2-20167229,MSD Technologies Limited,msdtechnologies.com,"4 B.B.D. Bag (East) Room No 5A, First Floor, Kolkata, Howrah, West Bengal","4 B.B.D. BAG (EAST) ROOM NO 5A, FIRST FLOOR, KOLKATA, পশ্চিমবঙ্গ",0.0,0.6111111111111112,"4,5","4,5",2,0
S1-447331557,S2-835059264,MSD Technologies Limited,msdtech.com,"4 B.B.D. Bag (East) Room No 5A, First Floor, Kolkata, Howrah, West Bengal","#4 B.B.D. BAG (EAST) ROOM NO 5A, FIRST FLOOR, KOLKATA, পশ্চিমবঙ্গ",0.0,0.6111111111111112,"4,5","4,5",2,0
S1-404490415,S2-508885862,Jain Polytechnic Private Limited,Jain Polytechnic Private Ltd,"2249/67, Basement, Naiwala, Karol Bagh, New Delhi, Central Delhi, Delhi",,0.6,0.0,"2249,67",,0,1
S1-199783929,S2-348273075,Noor & Brothers Associates,Sri @noor,"Cabin No. 03, 511, Prime Tower Okhla Industrial Area Phase - 1, New Delhi, South Delhi, Delhi","PLOT 991 CABIN NO. 03, 511, PRIME TOWER OKHLA INDUSTRIAL AREA PHASE - 1, NEW DELHI, दिल्ली",0.2,0.7222222222222222,"03,1,511","03,1,511,991",3,0
S1-199783929,S2-308950156,Noor & Brothers Associates,Noor & Brothers Services,"Cabin No. 03, 511, Prime Tower Okhla Industrial Area Phase - 1, New Delhi, South Delhi, Delhi",,0.6,0.0,"03,1,511",,0,1
S1-467183749,S2-988746780,Tria Services Private Limited,Tria Services,"Hissar, Haryana, H No.332 Sector 15, Hisar","H NO.A-332 SECOR 15, HISAR, Haryana",0.5,0.6,"15,332","15,332",2,0
S1-631106406,S2-293679230,Friction & Co,Shri Fgrictcn + [Co],"No 2831 1St Flr 15Th Main, 2Nd Cross E Block, Bangalore North, Bangalore, Karnataka","H.NO G-2831 1ST FLR 15TH MAIN, 2ND CROSS E BLOCK, ಕರ್ನಾಟಕ, BANGALORE, BENGALURU",0.2,0.5789473684210527,"1,15,2,2831","1,15,2,2831",4,0
S1-725419706,S2-749611715,Grip Charitable Trust,GRIP CHARITABLE  TFRNNST,"Dda Flat No. 53-A, Ground Floor Sfs Block No. H Saket, New Delhi, South Delhi, Delhi","दिल्ली, DDA FLAT NO. 53-A, GROUND FLOOR SFS BLOCK NO. H SAKET, NEW DELHI",0.5,0.8125,53,53,1,0
S1-204053,S2-732108786,Apex International Private Limited,ఏపెక్స్ ఇంటర్నేషనల్ ప్రైవేట్ లిమిటెడ్,"10-3-870/34, P S Nagar, Royal Residency, Asifnagar, Hyderabad, Telangana","BLOCK D-455 10-3-870/34, NULL, HYDERABAD, ASIFNAGAR, తెలంగాణ",0.0,0.3,"10,3,34,870","10,3,34,455,870",4,0
S1-218548064,S2-163808959,Surya Fortune Foods Private Limited,సూర్య ఫార్చూన్ ఫుడ్స్ ప్రైవేట్ లిమిటెడ్,"1-1/1, Diamond Tools Fathenagar, Hyderabad, Telangana","1-1/1, HYDERABAD, తెలంగాణ",0.0,0.2,1,1,1,0
S1-330089790,S2-825741511,Sun Food Private Limited,Miracalo,"H.No.-7/9, W.No.-9, Gf Shop Near Gaushala Mandir, Kishan Garh, Delhi, South West Delhi, Delhi","H.NO.-7/9, DELHI",0.0,0.3333333333333333,"7,9","7,9",2,0
S1-464974088,S2-110700130,Sai Impex Private Limited,साईं इम्पेक्स प्राइवेट लिमिटेड,"D-3, Commerce Centre, Tardeo Road, Tardeo, Mumbai, Maharashtra","D-3, Tardeo, <NULL>, Maharashtra",0.0,0.4444444444444444,3,3,1,0
S1-464974088,S2-358105047,Sai Impex Private Limited,साईं इम्पेक्स प्राइवेट लिमिटेड,"D-3, Commerce Centre, Tardeo Road, Tardeo, Mumbai, Maharashtra","D-3, Tardeo, <NULL>, Maharashtra",0.0,0.4444444444444444,3,3,1,0
S1-91468801,S2-75663652,EFS Fruits LLP,EFS LLP CENTER,"A - 631, Lucknow, Uttar Pradesh, Indira Nagar","A - 631, INDIRA NAGAR, Uttar Pradesh",0.5,0.8571428571428571,631,631,1,0
S1-686019837,S2-662849895,Royal Silver Consultants Private Limited,রয়্যাল সিলভার কনসালট্যান্টস প্রাইভেট লিমিটেড,"P/13/B, C.I.T. Road, Scheme Vi-M(S) Beliaghata, Kolkata, Howrah, West Bengal","P/13/B, C.I.T. ROAD, SCHEME VI-M(S) BELIAGHATA, KOLKATA, BIDHANNAGAR, পশ্চিমবঙ্গ",0.0,0.6190476190476191,13,13,1,0
S1-396884597,S2-20079564,Laxmi Finance Private Limited,लक्ष्मी फाइनेंस प्राइवेट लिमिटेड,"4, Chandramohini Apartment, Lane 4 Subhash Nagar, 1227 Shukrawar Pet, H, Pune, Maharashtra","BLOCK A-950 4, H, PUNE, Maharashtra",0.0,0.26666666666666666,"1227,4","4,950",1,0
S1-562284920,S2-197640169,One Partners Private Limited,One Partners Prívate,"111, Hans Bhawan 1 Bahadur Shah Zafar Marg, New Delhi, North Delhi, Delhi","DOOR NO 357 111, HANS BHAWAN 1 BAHADUR SHAH ZAFAR MARG, NEW DELHI, <NULL>, Delhi",0.4,0.6666666666666666,"1,111","1,111,357",2,0
S1-494377319,S2-423199118,International Tech Private Limited,ઇન્ટરનેશનલ ટેક પ્રાઇવેટ લિમિટેડ,"70, Gopinath Estate, Co-Op. Inindl. Society, Nh No. 8, Nr. Shyam Commercial, Odhav, Ahmedabad, Gujarat, Ahmedabad","PLOT 2-92 70, AHMEDABAD, Gujarat",0.0,0.15789473684210525,"70,8","2,70,92",1,0
S1-42896406,S2-373699143,Shiva Impex Private Limited,शिवा इम्पेक्स प्राइवेट लिमिटेड,"A39/12-A-X-M Saraiya, Varanasi, Uttar Pradesh","A39/12-A-X-M SARAIYA, VARANASI, उत्तर प्रदेश",0.0,0.5,"12,39","12,39",2,0
S1-365873072,S2-457106884,Mumbai India,Mumbai Ionsra,"Cts-796-A, Fleet Building, Opp.Marol Fire Station, Marol, Andheri (East), Mumbai, Maharashtra",,0.3333333333333333,0.0,796,,0,1
S1-531012885,S2-382802071,Life Foods,लाइफ फूड्स,"B-177 Block-B, Okhla Industrial Area, Phase-I, New Delhi, South Delhi, Delhi","दिल्ली, NEW DELHI, B-77 BLOCK-B, SOUTH DELHI",0.0,0.35714285714285715,177,77,0,0
S1-144221741,S2-550836752,Surya Logistics Private Limited,சூர்யா லாஜிஸ்டிக்ஸ் பிரைவேட் லிமிடெட்,"Plot No. 9/A15, Sipcot It Park, Padur Post, Siruseri, Chennai, Tamil Nadu","DOOR NO 9/A15/9, CHENNAI, SIRUSERI BR, தமிழ்நாடு",0.0,0.2631578947368421,"15,9","15,9",2,0
S1-144221741,S2-855751234,Surya Logistics Private Limited,சூர்யா லாஜிஸ்டிக்ஸ் பிரைவேட் லிமிடெட்,"Plot No. 9/A15, Sipcot It Park, Padur Post, Siruseri, Chennai, Tamil Nadu","#9/A15/9, SIRUSERI, SIRUSERI BR, Tamil Nadu",0.0,0.35714285714285715,"15,9","15,9",2,0
S1-404923438,S2-672000908,Jain Marketing Pvt Ltd,-- Jain Marketing,"No.8028, Tower-8, 1St Floor, Prestige Court Yards Model School Road, Sholinganallur, Chennai, Tamil Nadu","தமிழ்நாடு, CHENNAI, NO.8028",0.5,0.15,"1,8,8028",8028,1,0
S1-872904973,S2-797176952,Shree (India) Industries Corporation,Shree (lndia) (Industries),"Plot No. 27, Brij Nikunj, Hawa Sarak, Brij Colony, Civil Lines, Jaipur, Rajasthan",,0.4,0.0,27,,0,1
S1-551377976,S2-692764655,Aastik Vidyalaya Private Limited,Aastik Vidyalaya Private Ltd,"B-137, Mount Kailash East Of Kailash, New Delhi, South Delhi, Delhi","दिल्ली, B-137, MOUNT KAILASH EAST OF KAILASH, NEW DELHI",0.6,0.7272727272727273,137,137,1,0
S1-612077111,S2-117006956,My Products Pvt Ltd,মাই প্রোডাক্টস প্রাইভেট লিমিটেড,"6/1/A, G. T. Road Ballykhal, Bally, Howrah, West Bengal","HN 385 6/1/A, BALLY, HOWRAH, পশ্চিমবঙ্গ",0.0,0.29411764705882354,"1,6","1,385,6",2,0
S1-532729238,S2-229679139,North Media Limited,নর্থ মিডিয়া লিমিটেড,"Room No.-405, 4Th Floor, 83/02/1, Topsia Road (South), A. C Lane, Kolkata, Howrah, West Bengal","NO. 295 ROOM NO.-405, KOLKATA, West Bengal",0.0,0.3157894736842105,"02,1,4,405,83","295,405",1,0
S1-441147945,S2-229791592,Delhi India Corporation,DELHI INDIA,"A-1, Gujranwala Town, Par-I, Delhi, North East, Delhi",,0.6666666666666666,0.0,1,,0,1
S1-548188406,S2-760631162,Tirupati Foods Private Limited,TIRUPATI FOODS,"107 Desh Bandhu Road, Kolkata, Parganas North, West Bengal","07 DESH BANDHU ROD, KOLKATA, West Bengal",0.5,0.45454545454545453,107,07,0,0
S1-618630673,S2-219688901,Universal Hospitality Private Limited,Universal Hospitality Private Private Ltd,"87 First Floor, Sant Nagar, New Delhi, South Delhi, Delhi","#87 FIRST FLOOR, SANT NAGAR, NEW DELHI, दिल्ली",0.6,0.7,87,87,1,0
S1-254035990,S2-730376885,Sun Finance Pvt Ltd,सन फाइनेंस प्रा. लि.,"H-121 B, Sec 11, Pratap Vihar, Ghaziabad, Uttar Pradesh","H-121- B, HARDOI, GHAZIABAD, Uttar Pradesh",0.0,0.5454545454545454,"11,121",121,1,0
S1-225093894,S2-277694376,Smart Engineering Private Limited,स्मार्ट इंजीनियरिंग प्राइवेट लिमिटेड,"Wa-86, First Floor Shakarpur Near Atta Chakki, New Delhi, East Delhi, Delhi","WA-86, NEW DELHI, EAST DELHI, Delhi",0.0,0.45454545454545453,86,86,1,0
S1-769976040,S2-416650639,Ngr Memorial Trust,Ngr Mémorial Trust,"#34 (43), 36Th G Block, Bangalore South, Bangalore, Karnataka","34 (43), 36TH G BLOCK, BANGALORE SOUTH, ಕರ್ನಾಟಕ",0.5,0.6363636363636364,"34,36,43","34,36,43",3,0
S1-149434293,S2-835258379,Pune Td,Piumne Td,"Maharashtra, Flat No 202, S No 126, Dsk Vishwa, Dhayari, Pune, Pawan Bldg D","PAWAN BLDG D, PUNE, महाराष्ट्र",0.3333333333333333,0.23529411764705882,"126,202",,0,0
S1-874709733,S2-926236950,Shiva Products Private Limited,शिवा प्रोडक्ट्स प्राइवेट लिमिटेड,"Mumbai, Maharashtra, Goregaon East, Raag Chs Ltd, Megh Malhar Cmplex, A.K. Vaidya Marg, Off Film City Road, 191","191, MUMBAI, Maharashtra",0.0,0.15789473684210525,191,191,1,0
S1-315668781,S2-449490925,Al Infotech Pvt Ltd,अल इंफोटेक प्रा. लि.,"10 Floor-2 Plot-320, 33A, Jagat Bhuvan Shree Bhairamdev Mandir Rd Behind Wadala Marke, T Wadala-W, Mumbai, Mumbai City, Maharashtra","H.NO #10 FLOOR-2 PLOT-320, MUMBAI, Maharashtra",0.0,0.3181818181818182,"10,2,320,33","10,2,320",3,0
S1-315668781,S2-328183855,Al Infotech Pvt Ltd,Ltd Al Pvt Center,"10 Floor-2 Plot-320, 33A, Jagat Bhuvan Shree Bhairamdev Mandir Rd Behind Wadala Marke, T Wadala-W, Mumbai, Mumbai City, Maharashtra","Maharashtra, MUMBAI, H.NO #10 FLOOR-2 PLOT-320",0.6,0.3181818181818182,"10,2,320,33","10,2,320",3,0
S1-825501513,S2-771327801,Jai Software Private Limited,ஜெய் சாஃப்ட்வேர் பிரைவேட் லிமிடெட்,"1977-A, Trichy Road Singanallur, Coimbatore, Tamil Nadu","1977-A, COIMBATORE, Tamil Nadu",0.0,0.625,1977,1977,1,0
S1-864158386,S2-498104792,Gold Marketing Pvt Ltd,गोल्ड मार्केटिंग प्रा. लि.,"174, K No. 618, Surya City, Amrai Gaoun Chinhat, Lucknow, Uttar Pradesh","LUCKNOW, 174, LUCKNOW, Uttar Pradesh",0.0,0.3333333333333333,"174,618",174,1,0
S1-937645375,S2-180957693,Kolkata Sponge Private Limited,kólkataspongecom,"2A Jadulal Mullick Road, Kolkata, Howrah, West Bengal","H.NO 2A JADULAL MULLICK ROAD, KOLKATA, KOLKATA, পশ্চিমবঙ্গ",0.0,0.35714285714285715,2,2,1,0
S1-216869977,S2-308030369,Garvi (India) Foods Limited,Garvi (India) Limited Services,"H No.8-9A, Ground Floor Bareja Sadan, Badarpur, New Delhi, South Delhi, Delhi","दिल्ली, DOOR NO 8-9A , GROUND FLOOR BAREJA SADAN, BADARPUR, NEW DELHI",0.6,0.6666666666666666,"8,9","8,9",2,0
S1-310938186,S2-89138628,New Delhi Technology Private Limited,NEW  DELHI TECHNOLOGY PRIVATE,"H.N.172 V & P.O. Kushakhiranki, New Delhi, North Delhi, Delhi","H.N.##172 V & P.O. KUSHAKHIRANKI, NEW DEHLI, Delhi",0.8,0.8333333333333334,172,172,1,0
S1-544334039,S2-474979074,East Ss Services,ਈਸਟ ਐੱਸਐੱਸ ਸਰਵਿਸਿਜ਼,"Kothi No. 563, Urban Estate Phase-2, Jalandhar, Punjab","KOTHI NO. 561, JALANDHAR, Punjab",0.0,0.4,"2,563",561,0,0
S1-419837181,S2-368484460,Walter (india) Private Limited,Walter (india)-Private Ltd,"63/4213, Rehgar Pura Karol Bagh, New Delhi, Delhi","63/4213, REHGAR PURA KAROL BAGH, दिल्ली",0.6,0.6,"4213,63","4213,63",2,0
S1-652808119,S2-227189852,Alpha Creative Consultancy Private Limited,ಆಲ್ಫಾ ಕ್ರಿಯೇಟಿವ್ ಕನ್ಸಲ್ಟೆನ್ಸಿ ಪ್ರೈವೇಟ್ ಲಿಮಿಟೆಡ್,"289, Arogyamma, Layout, Venkateshpuram, Bangalore, Karnataka","#13 289, BENGALURU, <NULL>, Karnataka",0.0,0.2222222222222222,289,"13,289",1,0
S1-772982193,S2-407326328,ZJ Trading Private Limited,ZJ Trading Private,"1 Fl Tower C, Building 10 Dlf Cyber City Phase-Ii, Dlf Qe, Gurgaon, Haryana","1- FL TOWER C, BUILDING 10 DLF CYBER CITY PHASE-II, DLF QE, हरियाणा",0.75,0.7058823529411765,"1,10","1,10",2,0
S1-41574380,S2-512645037,Attri Service Pvt. Ltd.,PVT. ATTRI SETIE LTD.,"F2, Amritakripa Appartments, St James Road, Pallikavala, Ernakulam, Kerala","FB3/2, ERNAKULAM, കേരളം",0.6,0.07692307692307693,2,"2,3",1,0
S1-931613509,S2-547442598,Jai Technology Private Limited,जय टेक्नोलॉजी प्राइवेट लिमिटेड,"C-28, May Fair, Garden Hauz Khas, New Delhi, Delhi","C-28, MAY FAIR, NEW DELHI, MEHRAULI INSTITUTIONAL AREA, Delhi",0.0,0.5,28,28,1,0
S1-347630756,S2-645973770,Urban Software Private Limited,अर्बन सॉफ्टवेयर प्राइवेट लिमिटेड,"Plot E-517, Fourth Floor, Palam Extension, Sector-7, Dwarka, Near Ramphal Chowk, New Delhi, South West Delhi, Delhi","PLOT E-517, NEW DELHI, SOUTH WEST DELHI, Delhi",0.0,0.4117647058823529,"517,7",517,1,0
S1-347630756,S2-268085950,Urban Software Private Limited,अर्बन सॉफ्टवेयर प्राइवेट लिमिटेड,"Plot E-517, Fourth Floor, Palam Extension, Sector-7, Dwarka, Near Ramphal Chowk, New Delhi, South West Delhi, Delhi","PLOT E-517, NEW DELHI, SOUTH WEST DELHI, Delhi",0.0,0.4117647058823529,"517,7",517,1,0
S1-877092785,S2-97947920,Bombay Projects Limited,projectsbombay.com,"10, Malpani Mansion Film Colony, Chaura Rasta, Jaipur, Rajasthan","10, JAIPUR, Rajasthan",0.0,0.3333333333333333,10,10,1,0
S1-877092785,S2-363069587,Bombay Projects Limited,बॉम्बे प्रोजेक्ट्स लिमिटेड,"10, Malpani Mansion Film Colony, Chaura Rasta, Jaipur, Rajasthan","Rajasthan, 10, JAIPUR",0.0,0.3333333333333333,10,10,1,0
S1-842644609,S2-619174228,Universal Consultancy Private Limited,ইউনিভার্সাল কনসালটেন্সি প্রাইভেট লিমিটেড,"86 A, Topsia Road (South), 2Nd Floor, Room No.209, Kolkata, Kolkata, Howrah, West Bengal","86 A, KOLKATA, HOWRAH, পশ্চিমবঙ্গ",0.0,0.2222222222222222,"2,209,86",86,1,0
S1-180214239,S2-206023437,Jay Services Private Limited,जय सर्विसेज प्राइवेट लिमिटेड,"A-111 Sector-55, Noida, Uttar Pradesh","NOIDA, A-#111 SECTOR-55, उत्तर प्रदेश",0.0,0.4166666666666667,"111,55","111,55",2,0
S1-189329841,S2-439214710,SM Buildwell Private Limited,SM BUILDWELL PRIVATE (LTD),"521/Ka/92, Chhapartalla, Lucknow, Uttar Pradesh","521/KA/92, CHHAPARTALLA, उत्तर प्रदेश",0.6,0.3333333333333333,"521,92","521,92",2,0
S1-541070507,S2-576843469,High Innovative Solutions Private Limited,हाई इनोवेटिव सॉल्यूशंस प्राइवेट लिमिटेड,"N 1/17 S.F Dlf Phase Ii, Gurgaon, Haryana","N 1/17. S.F DLF PHASE II, GURGAON, हरियाणा",0.0,0.6923076923076923,"1,17","1,17",2,0
S1-841159149,S2-180076372,North One Power Private Limited,नॉर्थ वन पावर प्राइवेट लिमिटेड,"C/O Chandan Kumar, Balesh, War Prasad, Gautam Nagar, Bodhgaya, Gaya, Bihar","C/O CHANDAN KUMAR, DIVREPORTINGCIRCLE, Bihar",0.0,0.38461538461538464,,,0,0
S1-148686723,S2-577562993,City Super Builders Limited,सिटी सुपर बिल्डर्स लिमिटेड,"C 46 Kh No 216 S/F, Chattarpur Enclave Ph-2, South West Delhi, Delhi","C 46 KH NO 216 S/F, SOUTH WEST DELHI, Delhi",0.0,0.7142857142857143,"2,216,46","216,46",2,0
S1-178550934,S2-79023372,Krishna Investment Private Limited,krishnainvestment.com,"28, Eladams Roadteynampet Chennai 18, Tamilnadu, Tamil Nadu","28, ELADAMS ROADTEYNAMPET CHENNAI 18, தமிழ்நாடு",0.0,0.4166666666666667,"18,28","18,28",2,0
S1-719007935,S2-461592271,All Food Limited,অল ফুড লিমিটেড,"Simplex House, Ground Floor 27, Shakespeare Sarani, Kolkata, Howrah, West Bengal","PLOT 582 SIMPLEX HOUSE, HOWRAH, KOLKATA, West Bengal",0.0,0.46153846153846156,27,582,0,0
S1-719007935,S2-494292672,All Food Limited,অল ফুড লিমিটেড,"Simplex House, Ground Floor 27, Shakespeare Sarani, Kolkata, Howrah, West Bengal","PLOT 582 SIMPLEX HOUSE, KOLKATA, HOWRAH, West Bengal",0.0,0.46153846153846156,27,582,0,0
S1-211591556,S2-50175092,Classic Logistics Private Limited,क्लासिक लॉजिस्टिक्स प्राइवेट लिमिटेड,"Mumbai, Maharashtra, Mohan Villa, Bajaj Road Next To Amrut Baug, 3B, Vile Parle West","VILE PARLE WEST, MUMBAI, महाराष्ट्र, 3B",0.0,0.2777777777777778,3,3,1,0
S1-884310934,S2-957540909,Bombay Food Pvt Ltd,बॉम्बे फूड प्रा. लि.,"Office No H-220, 2Nd Floor, Railway Station Complex, Vashi, Thane, Maharashtra","महाराष्ट्र, THANE, OFFICE NO H-220",0.0,0.3125,"2,220",220,1,0
S1-884310934,S2-279884223,Bombay Food Pvt Ltd,बॉम्बे फूड प्रा. लि.,"Office No H-220, 2Nd Floor, Railway Station Complex, Vashi, Thane, Maharashtra","OFFICE NO H-220, THANE, Maharashtra",0.0,0.5,"2,220",220,1,0
S1-674584658,S2-262840238,Ekam Capital Private Limited,ecprivatecom,"Flr-2, Skcl Tech Square 14, Sidcot V.K., Guindy Park, Chennai City Corporation, Chennai, Tamil Nadu","Tamil Nadu, CHENNAI, CHENNAI CITY CORPORATION, FLR-2",0.0,0.4375,"14,2",2,1,0
S1-872678125,S2-830261741,Eastern Consultancy Limited,ઈસ્ટર્ન કન્સલ્ટન્સી લિમિટેડ,"Anand, Gujarat, Anand, Satyanarayan Park, Kant Colony Behind Grid, 8","#200 8, ANAND, Gujarat",0.0,0.3,8,"200,8",1,0
S1-500807391,S2-174937509,Varshansh Investment Partners,vipartners.com,"Plot No 24, Dwaraka Homes, Mallapur.Sultanpurvillage, Asifnagar, Hyderabad, Telangana","PLOT NO 24, HYDERABAD, Andhra Pradesh",0.0,0.3333333333333333,24,24,1,0
S1-586769170,S2-633839834,Star Marketing Limited,स्टार मार्केटिंग लिमिटेड,"E-075, Kulesra, Greater Noida, Dadri, Gautam Buddha Nagar, Uttar Pradesh","E-075, DADRI, GAUTAM BUDDHA NAGAR, Uttar Pradesh",0.0,0.7272727272727273,075,075,1,0
S1-506353556,S2-500380846,Aditya Power Private Limited,আদিত্য পাওয়ার প্রাইভেট লিমিটেড,"West Bengal, N.S. Road 444, Marshal House, Kolkata, Howrah, 33/1","33/1, HOWRAH, KOLKATA, West Bengal",0.0,0.5,"1,33,444","1,33",2,0
S1-506353556,S2-788840711,Aditya Power Private Limited,আদিত্য পাওয়ার প্রাইভেট লিমিটেড,"West Bengal, N.S. Road 444, Marshal House, Kolkata, Howrah, 33/1","পশ্চিমবঙ্গ, KOLKATA, 33/1, HOWRAH",0.0,0.25,"1,33,444","1,33",2,0
S1-532845506,S2-264598498,Good Investment Private Limited,ગુડ ઇન્વેસ્ટમેન્ટ પ્રાઇવેટ લિમિટેડ,"Survey No. 391/1, Tp No-37, Final Plot No 64/1, Aveda, Vadvala Farm, Nr. Badshah Villa Bunglows, Shiv Dhara Char Rasta, Thaltej Shilaj Road, Daskroi, Ahmedabad, Gujarat","SURVEY NO. #391/1, DASKROI, AHMEDABAD, ગુજરાત",0.0,0.20689655172413793,"1,37,391,64","1,391",2,0
S1-702639832,S2-849355529,Unique Software Private Limited,यूनिक सॉफ्टवेयर प्राइवेट लिमिटेड,"A-253Mall Road Sarita Vihar, New Delhi, South Delhi, Delhi","A-252MALL ROAD SARITA VIHAR, NEW DELHI, MATHURA, दिल्ली",0.0,0.5,253,252,0,0
S1-702639832,S2-823050277,Unique Software Private Limited,Unique Software Private,"A-253Mall Road Sarita Vihar, New Delhi, South Delhi, Delhi","A-252MALL ROAD SARITA VIHAR, NEW DELHI, दिल्ली",0.75,0.5454545454545454,253,252,0,0
S1-760130053,S2-913058057,Universal Energy Private Limited,Universal Energy Limited Services,"Karjat, House No. 3186 Rashin, Ahmednagar, Maharashtra","HOUSE NO. 3186 RASHIN, KARJAT, महाराष्ट्र",0.6,0.45454545454545453,3186,3186,1,0
S1-8731937,S2-879782497,One Finance Private Limited,వన్ ఫైనాన్స్ ప్రైవేట్ లిమిటెడ్,"9-1-164/A, 165 & 166, Sd Road, Secunderabad, Hyderabad, Telangana","9-1-164/A, HYDERABAD, Telangana",0.0,0.5,"1,164,165,166,9","1,164,9",3,0
S1-534902259,S2-42883138,Sky It Private Limited,स्काई आईटी प्राइवेट लिमिटेड,"Varanasi, Uttar Pradesh, Block No. 1 Krishna Bag Apartment, Lanka, Plot No. 1, Varanasi","1, VARANASI, Uttar Pradesh",0.0,0.36363636363636365,1,1,1,0
S1-550158819,S2-433419784,Aditora Vision Pvt Ltd,LTD ADITORA PVT SERVICES,"No. 1/165, Karadivavipudur, Palladam, Coimbatore, Tamil Nadu","NO. 1/165, COIMBATORE, TIRUPUR, Tamil Nadu",0.6,0.6666666666666666,"1,165","1,165",2,0
S1-221703156,S2-815805163,Bon (India) Investments Partners,BON (INDIA) INVESTMENTS SERVICES,"Fatehpur, Didarganj, High School Road Patna Rural, Patna, Bihar",,0.6,0.0,,,0,1
S1-178910053,S2-567482757,Apex Big Builders Pvt Ltd,एपेक्स Big बिल्डर्स प्रा. लि.,"B-104, Pnb Apartment, Plot No 11, Sector 4 Dwarka, New Delhi, West Delhi, Delhi","B-104, NEW DELHI, WEST DELHI, Delhi",0.07692307692307693,0.38461538461538464,"104,11,4",104,1,0
S1-261549694,S2-728686367,Future Solutions Private Limited,Future Solutions Private,"E-52, Riico Industrial Area, Chittorgarh, Rajasthan","PLOT 415 E-52, RIICO INDUSTRIAL AREA, Rajasthan",0.75,0.6666666666666666,52,"415,52",1,0
S1-370472033,S2-972452418,Fountain Services (India) Center,Avizetaorbi,"Delhi, House No.-46, West Delhi, Delhi, 3Rd Floor, Blk-L, Kirti Nagar","3RD FLOOR, BLK-L, KIRTI NAGAR, WEST DELHI, DOOR NO 837- HOUSE NO.-46, Delhi, GHAZIABAD",0.0,0.7857142857142857,"3,46","3,46,837",2,0
S1-382810312,S2-767498377,Rainbow Realtech Limited,Rainbow Rhalrbhc Limited,"No.2, Rangasri, Gkvk Main Road, Canara Bank Layout Rajivgandhinagar, Oppvivekananda School, K, Odigehalli, Bengaluru, Bangalore, Karnataka",,0.5,0.0,2,,0,1
S1-109440771,S2-841694346,Gnh Life Private Limited,Dr Gnh Life Life Private,"48 Monmohan Banerjee Road, Kolkata, Howrah, West Bengal","###48 MONMOHAN BANERJEE ROAD, KOLKATA, KOLKATA, পশ্চিমবঙ্গ",0.6,0.4166666666666667,48,48,1,0
S1-675029932,S2-665364686,WQS Services Private Limited,Miragild,"B-21/Ug-3, Smg - Ii Ghaziabad, Ghaziabad, Uttar Pradesh","567 B-21/UG-3, GHAZIABAD, SAHIBABAD, उत्तर प्रदेश",0.0,0.3125,"21,3","21,3,567",2,0
S1-216883708,S2-119165022,Life Impex Private Limited,लाइफ इम्पेक्स प्राइवेट लिमिटेड,"A 397 Sector 47, Ground Floor, Noida, Gautam Buddha Nagar, Uttar Pradesh","A 397 SECTOR 47, LUCKNOW  HQ REGION, GAUTAM BUDDHA NAGAR, Uttar Pradesh",0.0,0.6,"397,47","397,47",2,0
S1-187972610,S2-617751549,Bansal System Limited,Shri sbansal.com,"New Delhi, 68, New Delhi, Palika Gram Laxmi Bai Nagar, Delhi","68, NEW DELHI, N/A, Delhi",0.0,0.3,68,68,1,0
S1-482298129,S2-573098903,Bombay Traders Private Limited,Shri btprivate.com,"21, Saffron Indstrl Park I, Indore Ahmedabad Highway, Dascroi, Ahmedabad, Gujarat","21, DASCROI, BAKROL, Gujarat",0.0,0.2727272727272727,21,21,1,0
S1-482298129,S2-708308217,Bombay Traders Private Limited,Bombay Traders Private Ltd,"21, Saffron Indstrl Park I, Indore Ahmedabad Highway, Dascroi, Ahmedabad, Gujarat",,0.6,0.0,21,,0,1
S1-501739787,S2-386691244,Global Tirupati Industries Pvt Ltd,Global Tbpafoti Industries Pvt Ltd,"S-210 F/F Greater Kailash, Ii New Delhi, New Delhi, South Delhi, Delhi","Delhi, DOOR NO 159 S-210 F/F GREATER KAILASH, II NEW DELHI, NEW DELHI",0.6666666666666666,0.6666666666666666,210,"159,210",1,0
S1-6732296,S2-974947361,Ss Logistics Pvt Ltd,एसएस Logistics Pvt Ltd,"C-530, First Floor, Kh.No.-963 Chattarpur Extn., New Delhi, South West Delhi, Delhi","C-530, SOUTH WEST DELHI, NEW DELHI, Delhi",0.6,0.46153846153846156,"530,963",530,1,0
S1-379442635,S2-853981413,Silver Properties Private Limited,સિલ્વર પ્રોપર્ટીઝ પ્રાઇવેટ લિમિટેડ,"610, 6Th Floor, Vanijya Bhavan, D.B. Road, Kankaria, Ahmedabad, Gujarat","DOOR NO 16 610, AHMEDABAD, ગુજરાત",0.0,0.11764705882352941,"6,610","16,610",1,0
S1-818846477,S2-403662481,Pmg & Co,Mr PMG CO  CENTER,"Flat No. 5, Ground Floor, Plot No. 54/55, Sector - 21, Nerul, Navi Mumbai, Thane, Maharashtra",,0.4,0.0,"21,5,54,55",,0,1
S1-701475615,S2-941082111,Laxmi Builders Pvt Ltd,லக்ஷ்மி பில்டர்ஸ் பிரைவேட் லிமிடெட்,"No.63, Balaji Nagar, Mehta Avenue Padikuppam Road, Anna Nagar West, Chennai, Tamil Nadu","H.NO #63, CHENNAI, Tamil Nadu",0.0,0.35714285714285715,63,63,1,0
S1-605465565,S2-620107716,Black Business Private Limited,Black Business Preiavote Limited,"Uttar Pradesh, A-7/98, Ghaziabad, G.T. Road, Industrial Area, South Side, Roza Yakubpur",,0.6,0.0,"7,98",,0,1
S1-463952256,S2-325151267,Indo Enterprises Private Limited,इंडो एंटरप्राइजेज प्राइवेट लिमिटेड,"394-Ab, Industrial Area, Sector-3, Pithampur, Dhar, Madhya Pradesh","394-AB, DHAR, Madhya Pradesh",0.0,0.5,"3,394",394,1,0
S1-463952256,S2-838402121,Indo Enterprises Private Limited,इंडो एंटरप्राइजेज प्राइवेट लिमिटेड,"394-Ab, Industrial Area, Sector-3, Pithampur, Dhar, Madhya Pradesh","394-AB, DHAR, मध्य प्रदेश",0.0,0.2,"3,394",394,1,0
S1-14798639,S2-754514394,Rangoli Securities Ltd,Ltd Rangoli Secimitse,"Shop No. 4, Ground Floor, Neelkanth Appartment, Opp. Railway Club, Gurdwara Road, Manina, Gar, Ahmedabad, Gujarat","Gujarat, AHMEDABAD, C-4, AHMEDABAD",0.5,0.17647058823529413,4,4,1,0
S1-405899356,S2-810341606,Arihant Business Private Limited,ಅರಿಹಂತ್ ಬಿಸಿನೆಸ್ ಪ್ರೈವೇಟ್ ಲಿಮಿಟೆಡ್,"No. D1, 703, Shriram White House Apartment, 15Th Cross, 6Th Main, Bangalore North, Bangalore, Karnataka","NO. D1, BANGALORE, Karnataka",0.0,0.2857142857142857,"1,15,6,703",1,1,0
S1-58605058,S2-474568215,Abhyuday Ventures Pvt. Ltd.,Ltd. Abhyuday Pvt. Center,"H No-59, F No- F-2, 1St Floor Modi Chamber, B Secter Kasturba, Bhopal, Madhya Pradesh","H NO-57, BHOPAL, Madhya Pradesh",0.6,0.3125,"1,2,59",57,0,0
S1-401934702,S2-511365203,Anand Infotech Pvt Ltd,ஆனந்த் இன்ஃபோடெக் பிரைவேட் லிமிடெட்,"No 37/4, Potters Street Saidapet, Chennai, Tamil Nadu","DOOR NO 37/4, MADRAS, CHENNAI, Tamil Nadu",0.0,0.5454545454545454,"37,4","37,4",2,0
S1-401934702,S2-615004294,Anand Infotech Pvt Ltd,ஆனந்த் இன்ஃபோடெக் பிரைவேட் லிமிடெட்,"No 37/4, Potters Street Saidapet, Chennai, Tamil Nadu","37/4, MADRAS, CHENNAI, Tamil Nadu",0.0,0.5,"37,4","37,4",2,0
S1-401934702,S2-234364798,Anand Infotech Pvt Ltd,ஆனந்த் இன்ஃபோடெக் பிரைவேட் லிமிடெட்,"No 37/4, Potters Street Saidapet, Chennai, Tamil Nadu","MADRAS, DOOR NO 37/4, CHENNAI, Tamil Nadu",0.0,0.5454545454545454,"37,4","37,4",2,0
S1-351281024,S2-938909737,Sonakshi Traders Private Limited,Sonakshi Traders Priavset Limited,"M-19, Trade Centre, 18 South Tukoganj, Indore, Madhya Pradesh","BLOCK G-707. M-19, TRAOE CENTRE, 18 SOUTH TUKOGANJ, INDORE, Madhya Pradesh",0.6,0.6428571428571429,"18,19","18,19,707",2,0
S1-661167372,S2-636751396,Baba It Private Limited,ಬಾಬಾ ಐಟಿ ಪ್ರೈವೇಟ್ ಲಿಮಿಟೆಡ್,"Pr 1204, Golden Blossom, Opp Sai Baba Ashram Kadugodi, Bengaluru, Bangalore, Karnataka","PR A-1204, BENGALURU, Karnataka",0.0,0.3076923076923077,1204,1204,1,0
S1-652048931,S2-475565518,Shree Infotech Private Limited,ಶ್ರೀ ಇನ್‌ಫೋಟೆಕ್ ಪ್ರೈವೇಟ್ ಲಿಮಿಟೆಡ್,"Bangalore, Karnataka, No. 162, 32 'E' Cross, 4Th T Block, Jayanagar, Bangalore","NO. 162, 32 'E' CROSS, 4TH T BLOCK, JAYANAGAR, BANGALORE, ಕರ್ನಾಟಕ",0.0,0.7142857142857143,"162,32,4","162,32,4",3,0
S1-26209273,S2-371903586,Panchkula Industries Private Limited,#panchkulaindustries,"H.No 265, Sector 12, Panchkula, Panchkula, Haryana","H.NO 265, SECTOR 12, PANCHKULA, PANCHKULA, हरियाणा",0.0,0.6,"12,265","12,265",2,0
S1-248452630,S2-856544115,Vs Brothers Pvt. Ltd.,Pvt. Vs 8trhes Ltd.,"Plot No 59 Floor Ground, Block-Cw Landmark Near Desi Sharab Ka Theka Sanjay Gandhi, Delhi, North West Delhi, Delhi","PLOT NO 59 FLOOR GROUND, DELHI",0.6,0.3333333333333333,59,59,1,0
S1-904065886,S2-955715583,Galaxy Consultancy Private Limited,గెలాక్సీ కన్సల్టెన్సీ ప్రైవేట్ లిమిటెడ్,"H No. 5-4/6, Balaji Towers, Chanda Nagar, Sherlingampally, Hyderabad, Rangareddy, Telangana","H NO. 5-4/6, RANGAREDDY, Telangana",0.0,0.5384615384615384,"4,5,6","4,5,6",3,0
S1-904065886,S2-266486958,Galaxy Consultancy Private Limited,గెలాక్సీ కన్సల్టెన్సీ ప్రైవేట్ లిమిటెడ్,"H No. 5-4/6, Balaji Towers, Chanda Nagar, Sherlingampally, Hyderabad, Rangareddy, Telangana","5-4/6, RANGAREDDY, Telangana",0.0,0.38461538461538464,"4,5,6","4,5,6",3,0
S1-632568392,S2-327511231,Elite & Associates Private Limited,Private Elite & Associates Ltd,"201, Aggarwal Mayur Plaza, Plot No-7 Lsc-1, Kondli Gharoli, Mixed Housing Sec, Tor, Delhi, East Delhi, Delhi","DELHI, EAST DELHI, B3/201",0.6666666666666666,0.16666666666666666,"1,201,7","201,3",1,0
S1-745585346,S2-188410991,Neelam Marketingprivate Corporation,Neelam Corporation Center,"D No.5-37-112/A, Ganesh Bhavan 4Th Lane, 17Th Cross Road, Brodipet, Guntur, Andhra Pradesh",,0.5,0.0,"112,17,37,4,5",,0,1
S1-960303615,S2-284626164,Supreme Infrastructure Private Limited,సుప్రీమ్ ఇన్‌ఫ్రాస్ట్రక్చర్ ప్రైవేట్ లిమిటెడ్,"H.No. 7-35, Madhurapuri Colony, Road No.2, Dilsukhnagar, Hyderabad, Telangana","H.NO. 7-35, HYDERABAD, Telangana",0.0,0.5454545454545454,"2,35,7","35,7",2,0
S1-37287148,S2-345291814,Silver Products LLP,സിൽവർ പ്രൊഡക്ട്സ് എൽഎൽപി,"9/437, Paruthikkad, Tirurangadi, Tirurangadi, Malappuram, Malapuram, Kerala","#81 9/437, MALAPPURAM, MALAPURAM, Kerala",0.0,0.625,"437,9","437,81,9",2,0
S1-909263352,S2-211919907,Royal Jai Products,रॉयल जय प्रोडक्ट्स,"Flat No 204, 2Nd Floor, B1, Vishaldeep Residency, Pune, Maharashtra","H.NO D/204, POONA, PUNE, महाराष्ट्र",0.0,0.17647058823529413,"1,2,204",204,1,0
S1-236752484,S2-866838646,Hitech Marketing LLP,హైటెక్ మార్కెటింగ్ ఎల్‌ఎల్‌పీ,"Plot No 12, Bharath Nagar, Mallikarjun Colony Kowkoor, Tirumalagiri, Hyderabad, Telangana","PLOT NO ##12, HYDERABAD, తెలంగాణ",0.0,0.26666666666666666,12,12,1,0
S1-236752484,S2-115686722,Hitech Marketing LLP,హైటెక్ మార్కెటింగ్ ఎల్‌ఎల్‌పీ,"Plot No 12, Bharath Nagar, Mallikarjun Colony Kowkoor, Tirumalagiri, Hyderabad, Telangana","HYDERABAD, NO ##12, Telangana",0.0,0.36363636363636365,12,12,1,0
S1-236752484,S2-734508968,Hitech Marketing LLP,LLP Hitech Mraktgg,"Plot No 12, Bharath Nagar, Mallikarjun Colony Kowkoor, Tirumalagiri, Hyderabad, Telangana","PLOT NO ##12, HYDERABAD, తెలంగాణ",0.5,0.26666666666666666,12,12,1,0
S1-164824825,S2-122549683,Merit Consultantsprivate Private Limited,MERIT CONSULTANTSPRIVATE LIMITED SERVICES,"West Bengal, Calcutta, 1A Silpi Neta Pal Lane, Kolkata","NO 1A SILPI NETA PAL LANE, KOLKATA, পশ্চিমবঙ্গ",0.6,0.42857142857142855,1,1,1,0
S1-619894697,S2-903477993,Perfect Graph Private Limited,M/s Perfect Private Limited Service,"No: 3, Chennai, Tamil Nadu, Chennai, Raja Gopal Street, 30Th Cross Street Village High Road, Sholinganallur",,0.42857142857142855,0.0,"3,30",,0,1
S1-177953830,S2-712735090,Star Global,Star ग्लोबल,"Santoshi Mata Road Sagunamata Nagar, Phaltan, Satara, Maharashtra",,0.2,0.0,,,0,1
S1-284473762,S2-252878312,Hanumant Institute of Technology,M/s HANUMANT INSTITUTE,"3-60-255/2, Kottapeta Chittivalasa, Bheemunipatnam, Visakhapatnam, Vishakhapatnam, Andhra Pradesh",,0.3333333333333333,0.0,"2,255,3,60",,0,1
S1-242288479,S2-111776381,AL Construction Ltd,AL CAAONSDFRUCTOIN LTD,"Uttar Pradesh, Office No. 1 Ground Floor, Aligarh, Kk Market Jail Road, Aligarh",,0.5,0.0,1,,0,1
S1-464781719,S2-426020452,My Tech Private Limited,माय टेक प्राइवेट लिमिटेड,"Shop No.13, Mulund Sai Ram Chs Ltd., Mhada Clony, Mulund (East), Mumbai, Mumbai City, Maharashtra","1, MUMBAI, MUMBAI CITY, महाराष्ट्र",0.0,0.10526315789473684,13,1,0,0
S1-894682905,S2-784490271,Tech Care Private Limited,టెక్ కేర్ ప్రైవేట్ లిమిటెడ్,"Hyderabad, 12-2-709/C/16, Padmanabha Nagar Colony Humayun Nagar, Telangana","13-2-709/C/16, తెలంగాణ, SERI-LINGAMPALLY, PADMANABHA NAGAR COLONY HUMAYUN NAGAR",0.0,0.4444444444444444,"12,16,2,709","13,16,2,709",3,0
S1-93968887,S2-868930355,City Ventures Private Limited,సిటీ వెంచర్స్ ప్రైవేట్ లిమిటెడ్,"D No.3-74, Kosuru Post, Movva Mandal, Krishna Dist, Kosuru, Andhra Pradesh","#3-74, KRISHNA DIST, NULL, ఆంధ్రప్రదేశ్",0.0,0.2222222222222222,"3,74","3,74",2,0
S1-888945769,S2-171909489,East Exports Private Limited,ईस्ट एक्सपोर्ट्स प्राइवेट लिमिटेड,"1/134, Tonk, Rajasthan, Housing Board Colony, Near Bus Stand, Tonk","2-1/134, TONK, राजस्थान",0.0,0.2,"1,134","1,134,2",2,0
S1-871793224,S2-104850361,Gujarat Software Private Limited,Gujarat Software,"No 14 Ezhil Nagar Main Rd, Saidapet, Kanchipuram, Tamil Nadu",,0.5,0.0,14,,0,1
S1-574555795,S2-142230445,Sai Software Private Limited,ಸಾಯಿ ಸಾಫ್ಟ್‌ವೇರ್ ಪ್ರೈವೇಟ್ ಲಿಮಿಟೆಡ್,"#44, 3Rd Cross, Devappa Layout, Ramchandrapuram, Jalahalli Po, Bangalore, Karnataka","#44, BANGALORE, Karnataka",0.0,0.3,"3,44",44,1,0
S1-238239996,S2-660182034,Life Finance,લાઇફ ફાઇનાન્સ,"Vadodara, Nr. Panchratna, Building, Subhanpura, Vadodara, Gujarat, Plot No.04","ગુજરાત, VADODARA, NO 04",0.0,0.25,04,04,1,0
S1-828192655,S2-578115949,Ace Investment,@ACEINVESTMENT,"138/24 Pradhikarannigdi, Pune, Maharashtra","NO 238/24 PRADHIKARANNIGDI, PUNE, महाराष्ट्र",0.0,0.2727272727272727,"138,24","238,24",1,0
S1-111197996,S2-925270108,Sai Southern Business Pvt Ltd,ಸಾಯಿ ಸದರ್ನ್ ಬಿಸಿನೆಸ್ ಪ್ರೈವೇಟ್ ಲಿಮಿಟೆಡ್,"6Th Cross Road, Laxmi Road, Shanthinagar, Bangalore South, Karnataka, Bangalore, 12/3","12/3, BANGALORE, BANGALORE SOUTH, Karnataka",0.0,0.5,"12,3,6","12,3",2,0
S1-643269974,S2-847209488,Future Energy Private Limited,फ्यूचर एनर्जी प्राइवेट लिमिटेड,"E-18, 2Nd Floor, Model Town, New Delhi, North West, Delhi","BLOCK G-740 E-18, NORTH WEST, NEW DELHI, Delhi",0.0,0.46153846153846156,"18,2","18,740",1,0
S1-904402625,S2-418829205,East Consultancy Private Limited,ईस्ट कंसल्टेंसी प्राइवेट लिमिटेड,"Haryana, Gurgaon, Fourth Floor, Time Tower, Mehrauli Gurgaon Road, 402, Gurgaon","#399 402, GURGAON, Haryana",0.0,0.3,402,"399,402",1,0
S1-386091575,S2-164269184,FGP Mushroom Private Limited,FGP Private-Limited Center,"4/34, First Floor, New Delhi, West Delhi, Delhi","226 4/34, FIRST FLOOR, NEW DELHI, Delhi",0.6,0.75,"34,4","226,34,4",2,0
S1-386091575,S2-991601060,FGP Mushroom Private Limited,FGP Mushr0om Privgbte Limited,"4/34, First Floor, New Delhi, West Delhi, Delhi","H.NO 226 4/34, FIRST FLOOR, NEW DELHI, Delhi",0.3333333333333333,0.6,"34,4","226,34,4",2,0
S1-22382440,S2-938854286,Shakti Healthcare Private Limited,शक्ति हेल्थकेयर प्राइवेट लिमिटेड,"West Delhi, New Delhi, Delhi, Rama Road Industrial Area, Najafgarh Road, 71/2 - A6","RAMA ROAD INDUSTRIAL AREA, NAJAFGARH ROAD, NEW DELHI, दिल्ली, 71/2 - A6, KHARKHODA",0.0,0.7142857142857143,"2,6,71","2,6,71",3,0
S1-753908329,S2-554379479,Chakra Brothers Private Limited,Ectonovi,"C-502, Gokul Divine, S. V.Road, Irla - Vile Parle (West), Mumbai, Mumbai City, Maharashtra","C-502, MUMBAI, MUMBAI CITY, Maharashtra",0.0,0.35714285714285715,502,502,1,0
S1-983943535,S2-986017885,Anand Infotech Private Limited,Anand Infotech Private,"Shantikunj Soc., Nr. Keracan Quaters, Anand, Gujarat",,0.75,0.0,,,0,1
S1-632454257,S2-539552715,Indore Solutions Pvt Ltd,TAVOKORONYX,"Plot No 23, Omaxe City Ex, Omaxe City 1, Indore, Madhya Pradesh","NO 23, null, INDORE, Madhya Pradesh",0.0,0.45454545454545453,"1,23",23,1,0
S1-690329089,S2-211906018,Unique Services Pvt Ltd,ইউনিক সার্ভিসেস প্রাইভেট লিমিটেড,"Room No. 1, 14/A, Kabi Nabin Sen Road, Kolkata, Kolkata, Howrah, West Bengal","ROM NO. 1, HOWRAH, CALCUTTA, West Bengal",0.0,0.3333333333333333,"1,14",1,1,0
S1-641200384,S2-881362032,Jhansi Leathers Private Limited,Jhansi Leathers,"House No. 580/1, Dariya Pura Anna Purna Colony, Jhansi, Uttar Pradesh",,0.5,0.0,"1,580",,0,1
S1-955451241,S2-337664123,Premier Foundation Private Limited,प्रीमियर फाउंडेशन प्राइवेट लिमिटेड,"Mumbai City, Maharashtra, Mumbai, S/6 To 8, Khira Industrial Estate B.M. Bhargava Road, Santacruz W","MUMBAI, MUMBAI CITY, महाराष्ट्र, S/6 TO 8",0.0,0.3,"6,8","6,8",2,0
S1-1904407,S2-260629292,Royal & Co,Ectoumbra,"630A, Kerala, Ernakulam, Karthika Green Gardens Karippai Road, Kalamassery","630A, ERNAKULAM, Kerala",0.0,0.3333333333333333,630,630,1,0
S1-112162313,S2-342754577,Young & Brothers Private Limited,Young Brothers Private Limited Center,"C/O Rakesh Kumar Ravidass Nagar, Sailayee, Firozabad, Uttar Pradesh",,0.6666666666666666,0.0,,,0,1
S1-169862141,S2-379645325,Theta & Brothers Private Limited,Theta & Brothers-Private,"New Delhi, B-97, Lajpat Nagar-1, Delhi","B-097, LAJPAT NAGAR-1, दिल्ली",0.8,0.4,"1,97","097,1",1,0
S1-169862141,S2-785061190,Theta & Brothers Private Limited,THETA and PRIVATE LIMITED SERVICES,"New Delhi, B-97, Lajpat Nagar-1, Delhi","B-097, LAJPAT NAGAR-1, Delhi",0.6666666666666666,0.625,"1,97","097,1",1,0
S1-169862141,S2-662811112,Theta & Brothers Private Limited,Theta & Brothtms Private Limited,"New Delhi, B-97, Lajpat Nagar-1, Delhi",,0.6666666666666666,0.0,"1,97",,0,1
S1-685282083,S2-216046654,South Media Private Limited,சவுத் மீடியா பிரைவேட் லிமிடெட்,"Plot No 10, Sai Baba Nagar, Tambaram, Kanchipuram, Tamil Nadu","Tamil Nadu, TAMBARAM, KANCHIPURAM, DOOR NO 10.",0.0,0.5454545454545454,10,10,1,0
S1-951236867,S2-193411606,Baba Developers Private Limited,বাবা ডেভেলপারস প্রাইভেট লিমিটেড,"52/9A, B.B.Ganguly Street Kolkata, West Bengal, Howrah, Kolkata","52/9A, KOLKATA, HOWRAH, West Bengal",0.0,0.6666666666666666,"52,9","52,9",2,0
S1-951236867,S2-412372281,Baba Developers Private Limited,বাবা ডেভেলপারস প্রাইভেট লিমিটেড,"52/9A, B.B.Ganguly Street Kolkata, West Bengal, Howrah, Kolkata","52/9A, KOLKATA, HOWRAH, West Bengal",0.0,0.6666666666666666,"52,9","52,9",2,0
S1-960707630,S2-320823290,Vision Services Private Limited,વિઝન સર્વિસીસ પ્રાઇવેટ લિમિટેડ,"Unit No. 31, Panchratna Industrial Est, Dascroi, Ahmedabad, Gujarat","AHMEDABAD, BLOCK C-731  UNIT NO. 31, ગુજરાત, DASCROI",0.0,0.3333333333333333,31,"31,731",1,0
S1-401054599,S2-260457960,House Charitable Trust,Trust House Services,"H.No:12-29-1, Reddy Palem, Pernamitta Post, Santha Nuthala Padu, Ongole, Prakasam, Andhra Pradesh","H.NO:12-29-1, ONGOLE, Andhra Pradesh",0.5,0.5,"1,12,29","1,12,29",3,0
S1-811203579,S2-439480616,Silk Tools Pvt Ltd,Silk-T0ols Pvt,"E-4, 3Rd Floor, Amar Colony, Lajpat Nagar-Iv, New Delhi, Delhi, South Delhi, Delhi","E-4., 3RD FLOOR, AMAR COLONY, LAJPAT NAGAR-IV, NEW DELHI, DELHI, दिल्ली",0.4,0.7857142857142857,"3,4","3,4",2,0
S1-608696402,S2-444892538,Jai Constructions Private Limited,জয় কনস্ট্রাকশনস প্রাইভেট লিমিটেড,"West Bengal, Sector-3, 1St Floor, Between Gate No. 1 And 2, Parganas, Kolkata, Salt Lake Stadium, Howrah","SALT LAKE STADIUM, KOLKATA, HOWRAH, পশ্চিমবঙ্গ",0.0,0.22727272727272727,"1,2,3",,0,0
S1-396753330,S2-36941807,Tam Enterprises Private Limited,Sri Tam Tam [Énterprises],"3Rd Floor, Front Wing North Block, Manipal Centre, Bangalore, Karnataka",,0.16666666666666666,0.0,3,,0,1
S1-715024699,S2-990863713,Reasonable Traders Private Limited,Reasonable Traders Prcivtae Limited,"1815, Wazir Singh Street Chunna Mandi, Paharganj, New Delhi, Delhi",,0.6,0.0,1815,,0,1
S1-906871591,S2-181980581,Chennai 17 India Co,CHENNAI 17 IEHRCCIA CO,"Park View No.6, 4Th Floor, No85, G.N.Chetty Road T.Nagar, Chennai 17, Tamil Nadu",,0.6,0.0,"17,4,6,85",,0,1
S1-553751190,S2-601745007,Future Dream Industries Private Limited,ఫ్యూచర్ డ్రీమ్ ఇండస్ట్రీస్ ప్రైవేట్ లిమిటెడ్,"Serilingampally, Innov8, Hyderabad, Telangana, 7Th Floor, Pranava Business Park, M/S Boorugu Infra Projects Private Limited, Serilingampally, Kothaguda","INNOV8, HYDERABAD, SERILINGAMPALLY, Telangana",0.0,0.23529411764705882,"7,8",8,1,0
S1-694333245,S2-985605409,Super Ss Estate Private Limited,சூப்பர் எஸ்எஸ் எஸ்டேட் பிரைவேட் லிமிடெட்,"1I, First Floor, Prince Arcade 29, Cathedral Road, Chennai, Tamil Nadu","CHENNAI, ##1I, Tamil Nadu",0.0,0.36363636363636365,"1,29",1,1,0
S1-619539330,S2-536376544,Shiva Energy Pvt Ltd,शिवा एनर्जी प्रा. लि.,"Mumbai City, Bandnan, 15Th Road, Bandra (West), Mumbai, Maharashtra, 384/1","HN 400 384/1, BANDNAN, 15TH ROAD, BANDRA (WEST), MUMBAI, महाराष्ट्र",0.0,0.5,"1,15,384","1,15,384,400",3,0
S1-494405987,S2-40631837,Lakshmi Exports Private Limited,লক্ষ্মী এক্সপোর্টস প্রাইভেট লিমিটেড,"1 D Canal Road, 3Rd Floor Mahavirtalla, Kolkata, Kolkata, Howrah, West Bengal","H.NO 1 D CANAL RODA, KOLKATA, HOWRAH, West Bengal",0.0,0.5,"1,3",1,1,0
S1-446128651,S2-852236417,JNG Exim Ltd,JNG Eai Ltd,"Laxmi Niwas, Room No.3, Pipe Line, Saffaid Pool, Nr. St. Judes High School, Mumbai, Mumbai City, Maharashtra",,0.5,0.0,3,,0,1
S1-86526147,S2-493820959,Good Consultancy Pvt Ltd,Good Consultancy Pvt Limited,"28 Chottabalun, Burdwan, Bardhaman, West Bengal","পশ্চিমবঙ্গ, NO 28 CHOTTABALUN, BURDWAN",0.6,0.2727272727272727,28,28,1,0
S1-391995593,S2-782877873,Shivam Global Private Limited,ಶಿವಂ ಗ್ಲೋಬಲ್ ಪ್ರೈವೇಟ್ ಲಿಮಿಟೆಡ್,"No 15, 3Rd Main, Industrial Town Rajajinagar, Bangalore, Karnataka","NO 15, BANGALORE, Karnataka",0.0,0.4444444444444444,"15,3",15,1,0
S1-692572333,S2-978094846,Ace Golden Ventures Private Limited,venturesgoldenace.com,"442/Ii, Pavaratty Gramapanchayath Bismillah Complex, Pavaratty, Thrissur, Kerala","G-442/II, THRISSUR, Kerala",0.0,0.4444444444444444,442,442,1,0
S1-526052605,S2-597483966,Delhi Bharat Private Limited,Delhi Bharat Bharat Private Ltd,"2228 Behind Kali Masjidsita Ram Bazar, Delhi, Central Delhi, Delhi",,0.6,0.0,2228,,0,1
S1-629877047,S2-807140801,City Technologies Pvt Ltd,સિટી ટેક્નોલોજીસ પ્રા. લિ.,"101, Samit-2, Near Shaligram-2, Opp Reliance Petrol Pump, Vastrapur, Ahmedabad, Gujarat","101, AHMEDABAD, ગુજરાત",0.0,0.13333333333333333,"101,2",101,1,0
S1-422045328,S2-419714943,Aditya Vision Ventures Private Limited,ಆದಿತ್ಯ ವಿಷನ್ ವೆಂಚರ್ಸ್ ಪ್ರೈವೇಟ್ ಲಿಮಿಟೆಡ್,"#106/28, Shree Nilayam 2Nd Cross, Samrat Layout, Bannergatta Roa, D, Arakere, Bangalore, Karnataka","#106/28/2, BANGALORE, ಕರ್ನಾಟಕ",0.0,0.16666666666666666,"106,2,28","106,2,28",3,0
S1-489098055,S2-859647001,Ace It Private Limited,Ace Private Limited Center Trading,"Plot 5B, 553/11, Second Floor, Adarsh Nagar, Near Tehri Pulia, Alam Bagh, Lucknow, Uttar Pradesh",,0.5,0.0,"11,5,553",,0,1
S1-858312518,S2-718685599,Sumo Traders Limited,Sumo Traders,"B-51-A Joshi Colony Mandawali Fazalpur, Delhi, New Delhi, Delhi",,0.6666666666666666,0.0,51,,0,1
S1-602284355,S2-101042043,Laxmi South Healthcare Limited,लक्ष्मी साउथ हेल्थकेयर लिमिटेड,"C/4, Ganesh Prasad Chsl, L.M.Road Dahisar (West), Mumbai, Mumbai City, Maharashtra","MUMBAI, THANE, C/04, Maharashtra",0.0,0.2,4,04,0,0
S1-602284355,S2-180958835,Laxmi South Healthcare Limited,लक्ष्मी साउथ हेल्थकेयर लिमिटेड,"C/4, Ganesh Prasad Chsl, L.M.Road Dahisar (West), Mumbai, Mumbai City, Maharashtra","C/04, MUMBAI, Maharashtra",0.0,0.21428571428571427,4,04,0,0
S1-340099220,S2-956054608,Star Shivam Food Private Limited,స్టార్ శివం ఫుడ్ ప్రైవేట్ లిమిటెడ్,"New P No 75, Apple Avenue Colony, Injapur, Telangana, Rangareddy, Hyderabad, Old P No 70","OLD P NO ##70, HYDERABAD, IBRAHIMPATNAM, తెలంగాణ",0.0,0.2777777777777778,"70,75",70,1,0
S1-340099220,S2-362063283,Star Shivam Food Private Limited,స్టార్ శివం ఫుడ్ ప్రైవేట్ లిమిటెడ్,"New P No 75, Apple Avenue Colony, Injapur, Telangana, Rangareddy, Hyderabad, Old P No 70","OLD P NO ##70, HYDERABAD, IBRAHIMPATNAM, తెలంగాణ",0.0,0.2777777777777778,"70,75",70,1,0
S1-831316878,S2-237755832,Hope & Brothers Ltd,hopebros.com,"134/1, M.G.Road, 3Rd Floor, Kolkata, Kolkata, Howrah, West Bengal","134/1, M.G.ROAD, 3RD FLOOR, KOLKATA, KOLKATA, পশ্চিমবঙ্গ",0.0,0.5333333333333333,"1,134,3","1,134,3",3,0
S1-540631359,S2-912212657,Sai Ace Consultants LLP,சாய் ஏஸ் கன்சல்டன்ட்ஸ் எல்எல்பி,"2/110, Goundampalayam, Peruntholuvu, Tiruppur, Coimbatore, Tamil Nadu","COIMBATORE, 002/110, தமிழ்நாடு, TIRUPPUR",0.0,0.23076923076923078,"110,2","002,110",1,0
S1-938860308,S2-759007121,Tirupati Energy Limited,तिरुपति एनर्जी लिमिटेड,"Mandi, Delhi, Post Office Building, Main Bazar, Subzi, 91, Delhi","91, DELHI, CENTRAL, दिल्ली",0.0,0.16666666666666666,91,91,1,0
S1-880576017,S2-431900856,Star Engineering Private Limited,Private Star Engineering Ltd,"8-3-191/147/11/1/3 B-7, Malla Reddy Heights, Vengal Rao Nagar Khairatabad, Khairatabad, Hyderabad, Telangana","8-3-191/147/11/1/3 B-7, HYDERABAD, తెలంగాణ",0.6,0.42857142857142855,"1,11,147,191,3,7,8","1,11,147,191,3,7,8",7,0
S1-479222041,S2-198521651,Argo Software Private Limited,Prívate Argo Software Limited,"172/1, 4Th Cross, Bk, Abbaiah Layout, Md Pura, Bangalore North, Bangalore, Karnataka","#411 172/1, BANGALORE NORTH, BANGALORE, Karnataka",0.6,0.38461538461538464,"1,172,4","1,172,411",2,0
S1-685337304,S2-766506374,Hari Products Private Limited,हरि प्रोडक्ट्स प्राइवेट लिमिटेड,"G-10, Saraswati Enclacve Pataudi Road, Gurgaon, Haryana","DOOR NO 138 G-10, GURGAON, हरियाणा",0.0,0.21428571428571427,10,"10,138",1,0
S1-685337304,S2-821472349,Hari Products Private Limited,Hari Products Praivfte Limited,"G-10, Saraswati Enclacve Pataudi Road, Gurgaon, Haryana",,0.6,0.0,10,,0,1
S1-685337304,S2-582676580,Hari Products Private Limited,हरि प्रोडक्ट्स प्राइवेट लिमिटेड,"G-10, Saraswati Enclacve Pataudi Road, Gurgaon, Haryana","H.NO 138 G-10, GURGAON, Haryana",0.0,0.36363636363636365,10,"10,138",1,0
S1-755106209,S2-530950949,Services Reha Industries,Services Reha Industries Corporation,"Building L-231, Adinath Society, Pune Satara Road, Pune, Pune, Maharashtra",,0.75,0.0,231,,0,1
S1-928154931,S2-92626233,Vijay Tech Limited,विजय टेक लिमिटेड,"Flat No. 1002, 10Th Floor, Prabhat Bageshree, Goregaon East, Mumbai, Maharashtra","MUMBAI, ##1002, महाराष्ट्र",0.0,0.13333333333333333,"10,1002",1002,1,0
S1-271598426,S2-563673513,Vijay Producer Limited,વિજય પ્રોડ્યુસર લિમિટેડ,"10, Rudravan Bunglows, Opp. Someshwar Part 3, Thaltej, Ahmedabad, Gujarat","0010, AHMEDABAD, ગુજરાત",0.0,0.07142857142857142,"10,3",0010,0,0
S1-39102851,S2-869475052,UY Metro Private Limited,UY PRIVATE LIMITED SERVICES,"Plot No 35 Basement Floor, Blk-Bt Shalimar Bagh, Delhi, North West Delhi, Delhi",,0.6,0.0,35,,0,1
S1-427318174,S2-599499860,Jain Investment Private Limited,Jain  Investment Private,"Navkar Commercial Complex, Sir M.V. Road, Opp. Andheri Court, Mumbai, Maharashtra, Mumbai, 501",,0.75,0.0,501,,0,1
S1-893209460,S2-194843981,Gujarat Management Private Limited,गुजरात मैनेजमेंट प्राइवेट लिमिटेड,"304, Rainbow Chambers S.V.Road, Near Poisar Depot, Kandivali(W, ), Mumbai, Mumbai City, Maharashtra","304, MUMBAI CITY, MUMBAI, Maharashtra",0.0,0.2857142857142857,304,304,1,0
S1-809208774,S2-304955281,Al Trading Private Limited,अल ट्रेडिंग प्राइवेट लिमिटेड,"Delhi, D-218A Vivek Vihar Phase-I, East Delhi","D-218A- VIVEK VIHAR PHASE-I, EAST DELHI, VIVEK VIHAR, दिल्ली",0.0,0.8,218,218,1,0
S1-44056158,S2-882172379,Om Producer Pvt Ltd,ओम प्रोड्यूसर प्रा. लि.,"210/2Nd Floor Sun Industrial Estate, Sun Mill Compound Block Sector, Lower Parel S J M, Arg, Mumbai, Mumbai City, Maharashtra","PALGHAR DT THANE MAHARASHTRA, 210/2ND FLOOR SUN INDUSTRIAL ESTATE, Maharashtra, MUMBAI CITY",0.0,0.4090909090909091,"2,210","2,210",2,0
S1-197460830,S2-247042006,Tft Traders Limited,Tft Tatrebrs Limited,"Janki Niwas Pirmohoni, Lane, No. 2.Kadam Kuan Patna. P.S.Kadam Kuan.Patna., Patna, Bihar",,0.5,0.0,2,,0,1
S1-83510505,S2-213998247,Indo Dream Technology Limited,इंडो ड्रीम टेक्नोलॉजी लिमिटेड,"Ghar No 241, Near Government School At Post Bisur, Tal Miraj, Dist Sangli, Bisur, Sangli, Maharashtra","GHAR NO 241, SANGLI, महाराष्ट्र",0.0,0.2222222222222222,241,241,1,0
S1-358892795,S2-50924293,Konark Business Private Limited,Konark Business Pgove Limited,"E2/306, Vbhc Hill View, Nr Jindal Guest House Rd, Shahapur, Thane, Maharashtra",,0.6,0.0,"2,306",,0,1
S1-775859484,S2-215908535,Hdl & Co,hdl.com,"33A Tara Chand Dutt Street, Kolkata, Calcutta, West Bengal",,0.25,0.0,33,,0,1
S1-941055102,S2-363844799,Foundation Darwin Engineer Private Limited,F0undation Darwin Engineer,"259-A, Pupala Sadan, 1St Floor, Dr. A. B. Road, Maharashtra, Mumbai, Worli","259-A, WORLI, MUMBAI, महाराष्ट्र",0.3333333333333333,0.25,"1,259",259,1,0
S1-476506949,S2-73597234,Vijay Logistics Private Limited,વિજય લોજિસ્ટિક્સ પ્રાઇવેટ લિમિટેડ,"Office No 11, Second Floor, Plot No 15, Rajdeep Complex, Ward 9A, Gandhidham, Kachchh, Gujarat","OFFICE NO 11, GANDHIDHAM, null, Gujarat",0.0,0.3333333333333333,"11,15,9",11,1,0
S1-609409673,S2-846217678,Jain Infotech Private Limited,जैन इंफोटेक प्राइवेट लिमिटेड,"105, Picasso Plaza, S. No. 1A/1/2 Plot 45-46, Kondhawa Khurd, Pune, Maharashtra","#105, PUNE, Maharashtra",0.0,0.2,"1,105,2,45,46",105,1,0
S1-161374362,S2-880568966,My International Private Limited,மை இன்டர்நேஷனல் பிரைவேட் லிமிடெட்,"Kanchipuram, Saidapet, Royala Nagar Main Road, Ramapuram, No 53B, Tamil Nadu","DOOR NO 53B, SAIDAPET, KANCHIPURAM, Tamil Nadu",0.0,0.5,53,53,1,0
S1-794262134,S2-499124969,Hotel Estate Private Limited,హోటల్ ఎస్టేట్ ప్రైవేట్ లిమిటెడ్,"2-36, Thigul Narsapur, Siddipet, Telangana","2-36, SIDDIPET, Andhra Pradesh",0.0,0.375,"2,36","2,36",2,0
S1-16410495,S2-615419618,Hari Consultants Private Limited,हरि कंसल्टेंट्स प्राइवेट लिमिटेड,"House No-92, Anandpuri, Near Manorama Apartment West Boring Canal Road, Patna, Bihar","HOUSE NO-92, PATNA, Bihar",0.0,0.38461538461538464,92,92,1,0
S1-99186296,S2-34045958,Fortune Educational Society,Halonyla,"Plot No- A-56, F/F, Mohan Garden, Uttam Nagar, New Delhi, West Delhi, Delhi","PLOT NO- A-56, दिल्ली, NAJAFGARH",0.0,0.26666666666666666,56,56,1,0
S1-954805429,S2-322304757,Ss Healthcare Private Limited,Mr sshealthcare.com,"Flat No.4001, 4Th Floor, Spr Osian One, Old No.28 New No.53, Evk Sampath Road, Perambur Purasawalkam, Chennai, Tamil Nadu","DOOR NO A-4001, PERAMBUR PURASAWALKAM, Tamil Nadu",0.0,0.2727272727272727,"28,4,4001,53",4001,1,0
S1-237951262,S2-136123321,Vision International Private Limited,विजन इंटरनेशनल प्राइवेट लिमिटेड,"Wework 247 Park, 13 Fl, Vikhroli Corp Park, Mumbai, Maharashtra","909 WEWORK 247 PARK, MUMBAI, Maharashtra, MUMBAI",0.0,0.5,"13,247","247,909",1,0
S1-423563212,S2-526456268,Om It Private Limited,ಓಂ ಐಟಿ ಪ್ರೈವೇಟ್ ಲಿಮಿಟೆಡ್,"Old No. 83, New No.1418, 23Rd Cross, 12Th Main, 3Rd Block Jayanagar, Bangalore, Karnataka","BANGALORE, DOOR NO 083, Karnataka, BANGALORE",0.0,0.1875,"12,1418,23,3,83",083,0,0
S1-423563212,S2-784734286,Om It Private Limited,ಓಂ ಐಟಿ ಪ್ರೈವೇಟ್ ಲಿಮಿಟೆಡ್,"Old No. 83, New No.1418, 23Rd Cross, 12Th Main, 3Rd Block Jayanagar, Bangalore, Karnataka","OLD NO. 083, BANGALORE, ಕರ್ನಾಟಕ",0.0,0.16666666666666666,"12,1418,23,3,83",083,0,0
S1-658531186,S2-159510446,Silver Services,सिल्वर सर्विसेज,"West Delhi, Delhi, New Delhi, Parampuri, Uttam Nagar, S-140","S-140, NEW DELHI, WEST DELHI, दिल्ली",0.0,0.5,140,140,1,0
S1-658531186,S2-628635775,Silver Services,सिल्वर सर्विसेज,"West Delhi, Delhi, New Delhi, Parampuri, Uttam Nagar, S-140","S-140, NEW DELHI, WEST DELHI, दिल्ली",0.0,0.5,140,140,1,0
S1-411565561,S2-798914594,Raj International Private Limited,રાજ ઇન્ટરનેશનલ પ્રાઇવેટ લિમિટેડ,"Surat City, Gujarat, Rs No 14, Fp No. 10, 106/107, Laxminarayan Soc, Surat","RS NO 14, SURAT CITY, SURAT, ગુજરાત",0.0,0.3333333333333333,"10,106,107,14",14,1,0
S1-267313841,S2-890226900,Great Business Private Limited,GREAT BRTSNNESS PRIVATE LIMITED,"1/8East Patel Nagar, New Delhi, Central Delhi, Delhi","NO 001/8EAST PATEL NAGAR, NEW DELHI, Delhi",0.6,0.5555555555555556,"1,8","001,8",1,0
S1-330119278,S2-489614520,Thermo Tradecom Pvt Ltd,Smt THERMO PVT LTD CENTER,"B-8/99, Sector-3, Rohini, Delhi, North Delhi, Delhi","B-8/99, SECTOR-3, ROHINI, DELHI, दिल्ली",0.5,0.7,"3,8,99","3,8,99",3,0
S1-299603100,S2-808552233,RQE Rai Private Limited,RQE RAI PRIVATE [LTD],"Ahmedabad, 401, Ahmedabad, Hilltown Impressa, Opp Nikol Police Station, Gujarat",,0.6,0.0,401,,0,1
S1-355050067,S2-271477775,Swastik Shiva Management Private Limited,ಸ್ವಸ್ತಿಕ್ ಶಿವ ಮ್ಯಾನೇಜ್‌ಮೆಂಟ್ ಪ್ರೈವೇಟ್ ಲಿಮಿಟೆಡ್,"The Touchstone, 'B' Block, 3Rd Floor, No 2/3, Main Guard Cross Road, Shivajinagar, Bangalore North, Bangalore, Karnataka","PLOT 369/4 THE TOUCHSTONE, Karnataka, BANGALORE",0.0,0.2,"2,3","369,4",0,0
S1-747077231,S2-237213477,Model Broking (India) Pvt Ltd,Mode1 Bbrhklisg (India) Pvt Ltd,"1 98/85/10, Plot No 10 Vitthal Rao Nagar, Madhapur, Hyderabad, Telangana","DOOR NO 1 98/85/10, PLOT NO 10 VITTHAL RAO NAGAR, MADHAPUR, HYDERABAD, Andhra Pradesh",0.42857142857142855,0.7333333333333333,"1,10,85,98","1,10,85,98",4,0
S1-114568547,S2-924820922,New Real Private Limited,New Real Private Ltd,"Shop No. Ug-23, Grand Plaza, Ghaziabad, Uttar Pradesh",,0.6,0.0,23,,0,1
S1-224578126,S2-471017700,Techno Trading Pvt Ltd,Techno Trading Pvt Limited,"Plot No-C- 11- Patrakar Puram Colony Sikaraul, Varanasi, Uttar Pradesh",,0.6,0.0,11,,0,1
S1-944413426,S2-144154807,Pooja Engineers Private Limited,Pooja Engineers Private Ltd,"Part 2 Of 3 Of The 4Th Floor At Apex Tower Plot No 3, New Delhi, Delhi, Sec-A, Pocket Ii Near Car Market Vasant Kunj, New Delhi",,0.6,0.0,"2,3,4",,0,1
S1-363538821,S2-280467668,Share Commercial Private Limited,SHARE-COMMERCIAL PRIVATE,"Kasibugga, D No. 11-18-Ef K T Road, Srikakulam, Andhra Pradesh",,0.75,0.0,"11,18",,0,1
S1-363538821,S2-891506242,Share Commercial Private Limited,Limited Share Private Partners,"Kasibugga, D No. 11-18-Ef K T Road, Srikakulam, Andhra Pradesh","#0011-18-EF K T RAOD, KASIBUGGA, NANDIGAMA, Andhra Pradesh",0.6,0.4666666666666667,"11,18","0011,18",1,0
S1-14553018,S2-900226505,SA Communication Private Limited,SA Private Limited (Center),"30, Annexe Building Nizamuddin ( East), New Delhi, Delhi","#30, ANNEXE BUILDING NIZAMUDDIN ( EAST), दिल्ली",0.6,0.5555555555555556,30,30,1,0
S1-316507272,S2-983141404,Balaji Engineering Private Limited,बालाजी इंजीनियरिंग प्राइवेट लिमिटेड,"C-24, Sector-62, Noida, Gautam Buddha Nagar, Uttar Pradesh","SECTOR-62, Uttar Pradesh, DAYANTPUR, DOOR NO 75 C-24, GAUTAM BUDDHA NAGAR",0.0,0.6428571428571429,"24,62","24,62,75",2,0
S1-316507272,S2-875989578,Balaji Engineering Private Limited,बालाजी इंजीनियरिंग प्राइवेट लिमिटेड,"C-24, Sector-62, Noida, Gautam Buddha Nagar, Uttar Pradesh","DOOR NO 75 C-24, GAUTAM BUDDHA NAGAR, DAYANTPUR, Uttar Pradesh",0.0,0.5,"24,62","24,75",1,0
S1-462380633,S2-223864510,Supreme Shree Properties Private Limited,సుప్రీమ్ శ్రీ ప్రాపర్టీస్ ప్రైవేట్ లిమిటెడ్,"Telangana, Tirumalagiri, Plot No.48, Apparel Park, Gundlapochampaly Medchal, Hyderabad","NULL, HYDERABAD, తెలంగాణ, MEDCHAL MALKAJGIRI, NO 48",0.0,0.25,48,48,1,0
S1-462380633,S2-499934661,Supreme Shree Properties Private Limited,సుప్రీమ్ శ్రీ ప్రాపర్టీస్ ప్రైవేట్ లిమిటెడ్,"Telangana, Tirumalagiri, Plot No.48, Apparel Park, Gundlapochampaly Medchal, Hyderabad","PLOT NO.48, NULL, MEDCHAL MALKAJGIRI, HYDERABAD, తెలంగాణ",0.0,0.3125,48,48,1,0
S1-462380633,S2-113694656,Supreme Shree Properties Private Limited,సుప్రీమ్ శ్రీ ప్రాపర్టీస్ ప్రైవేట్ లిమిటెడ్,"Telangana, Tirumalagiri, Plot No.48, Apparel Park, Gundlapochampaly Medchal, Hyderabad","POLT NO.48, NULL, MEDCHAL MALKAJGIRI, HYDERABAD, Telangana",0.0,0.38461538461538464,48,48,1,0
S1-108427354,S2-803482675,Sky Hospitality Limited,സ്കൈ ഹോസ്പിറ്റാലിറ്റി ലിമിറ്റഡ്,"No 39/2475-B1, Suite 487, Lr Towers, Sjrra 104, South Janatha Road, Palarivattom, Ernakulam, Kerala","ERNAKULAM, Keralam, NO 39/2475-B1",0.0,0.29411764705882354,"1,104,2475,39,487","1,2475,39",3,0
S1-710618935,S2-237898196,East Public School,School East Center,"Goyal Shopping Centre, S.V. Road, Opp. Borivali Railway Station, Borivali, Maharashtra, Mumbai, - West, 118","118, - WEST, BORIVALI, Maharashtra",0.5,0.2857142857142857,118,118,1,0
S1-637849751,S2-478750514,Consultants Hyma Business Private Limited,Consultants Hyma Business Business,"C-29, Gali No.13, Shashi Garden, Mayur Vihar, Phase-I, Delhi, East Delhi, Delhi",,0.6,0.0,"13,29",,0,1
S1-205845252,S2-212077868,Future Builders Private Limited,ಫ್ಯೂಚರ್ ಬಿಲ್ಡರ್ಸ್ ಪ್ರೈವೇಟ್ ಲಿಮಿಟೆಡ್,"No 4, N.S.Lyengar Street, 1St Main Road Sheshadripuram, Bangalore, Karnataka","DOOR NO 4, BANGALORE, Karnataka",0.0,0.3076923076923077,"1,4",4,1,0
S1-640352727,S2-132747694,Best Products Private Limited,BEST-PRODUCTS PRIVATE,"3 Patel Chowkopp Patiala Carrier Near Old Truck Union, Jalandhar, Punjab",,0.75,0.0,3,,0,1
S1-996392491,S2-881939662,Jai It Limited,Jai It Ltd,"Panna Lalbuilding Ram Ghat Road Aligarh, Uttar Pradesh, Aligarh, Uttar Pradesh",,0.5,0.0,,,0,1
S1-214988230,S2-626769011,Arihant Brothers Private Limited,Arihant Brothers Limited Service,"H.No. 36 Chatela, Muzaffarnagar, Uttar Pradesh",,0.6,0.0,36,,0,1
S1-398379060,S2-346780929,Red Systems Private Limited,ரெட் சிஸ்டம்ஸ் பிரைவேட் லிமிடெட்,"F/41-A, Anna Nagar East, Chennai, Tamil Nadu","F/41-A, MADRAS, CHENNAI, Tamil Nadu",0.0,0.6,41,41,1,0
S1-673449863,S2-904667833,Jai International Private Limited,Jai International Limited Center,"239, Mota Singh Nagar, Jalandhar, Punjab",,0.6,0.0,239,,0,1
S1-321820310,S2-601870651,Pearl Cement Private Limited,Private Pearl Cnmt Limited,"H.No-3725, Raja Park, Shakur Basti, New Delhi, North West, Delhi","NORTH WEST, H.NO B3/300 H.NO-3725, NEW DELHI, दिल्ली",0.6,0.4666666666666667,3725,"3,300,3725",1,0
S1-82927205,S2-787018435,Laxmi Infra Limited,லக்ஷ்மி இன்ஃப்ரா லிமிடெட்,"6/1, East Street, Paramathi Velur Taluk Namakkal District, Velur, Namakkal, Tamil Nadu","PLOT 844 6/1, VELUR, PARAMATHI VELUR, Tamil Nadu",0.0,0.46153846153846156,"1,6","1,6,844",2,0
S1-119486272,S2-577463370,Classic Red Business Private Limited,क्लासिक रेड बिजनेस प्राइवेट लिमिटेड,"Shop No. 2, Building A, Kumar Classic, S No. 155, Near Parihar Chowk, Aundh., Pune, Maharashtra","SHOP NO. 2, null, PUNE, Maharashtra",0.0,0.3125,"155,2",2,1,0
S1-949669772,S2-801725134,Premier Technologies Private Limited,ಪ್ರೀಮಿಯರ್ ಟೆಕ್ನಾಲಜೀಸ್ ಪ್ರೈವೇಟ್ ಲಿಮಿಟೆಡ್,"Janapriyahanumareddycoplx, Sy5, Hoodi, Kr Puram, Hob, Bangalore North, Bangalore, Karnataka","JANAPRIYAHANUMAREDDYCOPLX, SY5, HOODI, KR PURAM, HOB, YELAHANKA, Karnataka",0.0,0.7,5,5,1,0
S1-380209180,S2-594657707,Bharat Baba Systems Private Limited,भारत बाबा सिस्टम्स प्राइवेट लिमिटेड,"House No. 128/34 H-Block, Kidwai Nagar, Kanpur, Uttar Pradesh","HOUSE NO. 128/34 H-BLOCK, KANPUR, उत्तर प्रदेश",0.0,0.4375,"128,34","128,34",2,0
S1-380209180,S2-178110027,Bharat Baba Systems Private Limited,BHARAT BABA SYSTEMS PRIVATE LTD,"House No. 128/34 H-Block, Kidwai Nagar, Kanpur, Uttar Pradesh","HOUE NO. 128/34 H-BLOCK, KIDWAI NAGAR, KANPUR, उत्तर प्रदेश",0.6666666666666666,0.47058823529411764,"128,34","128,34",2,0
S1-329920973,S2-557219489,Shyam Properties Pvt Ltd,श्याम प्रॉपर्टीज प्रा. लि.,"D-62, Parkheights Dlf Park Place, Phase-V, Gurgaon, Haryana","Haryana, GURGAON, BLOCK G-57 D-62",0.0,0.3076923076923077,62,"57,62",1,0
S1-529867294,S2-594825163,Diamond & Sons Private Limited,M/s Diamond & Sons Limited (Services),"Plot No-550, Swamy Ayyappa Society Khanamet, Madhapur, Hyderabad, Telangana",,0.5,0.0,550,,0,1
S1-931893659,S2-384589088,Black Impex Private Limited,బ్లాక్ ఇంపెక్స్ ప్రైవేట్ లిమిటెడ్,"Plot No.95A, Kavuri Hills, Guttala Begumpet, Shaikpet, Hyderabad, Telangana","PLOT NO.95A, SHAIKPET, HYDERABAD, Telangana",0.0,0.6,95,95,1,0
S1-249703465,S2-343087624,Dream Care Private Limited,ड्रीम केयर प्राइवेट लिमिटेड,"E-32-A, Lgf, Vishwakarma Colony M.B Road, New Delhi, South Delhi, Delhi","E-32-A, NEW DELHI, SOUTH, Delhi",0.0,0.5,32,32,1,0
S1-381450287,S2-833661659,Indian Infotech Private Limited,Indian Ibnfootfrehc Private Limited,"D-30, Nizamuddin East, New Delhi, Delhi","Delhi, D-30, NIZAMUDDIN EAST",0.6,0.8333333333333334,30,30,1,0
S1-602157202,S2-827453804,Supreme Oak Pvt Ltd,Sdureame Oak Pvt Ltd,"Office No. 231, 2Nd Floor, Swastik Plaza, Subhash Nagar, Pokhran Road No. 2, Thane, Maharashtra","OFFICE NO. 231, GREATER MUMBAI, Maharashtra",0.6,0.25,"2,231",231,1,0
S1-404198347,S2-841673251,Royal Infra Private Limited,रॉयल इंफ्रा प्राइवेट लिमिटेड,"S2, Plot No 411, Sector-03, Ghaziabad, Uttar Pradesh","PLOT NO 411, SECTOR-03, SC-2, उत्तर प्रदेश, GHAZIABAD",0.0,0.375,"03,2,411","03,2,411",3,0
S1-141247279,S2-681749037,All Property Private Limited,LIMITED ALL PROPERTY SERVICES,"No.13, Old No.370, 16Th Main Road, Jayanagar 4Th T Block, Bangalore South, Bangalore, Karnataka","#14, BANGALORE, BANGALORE SOUTH, Karnataka",0.6,0.2,"13,16,370,4",14,0,0
S1-777194257,S2-110225157,AT Accountants LLP,AT Acocutrtnts LLP,"B-17, Sanjay Nagar-B, Jhotwara 60Ft Road Near Samudayak Bhavn, Kalwad, Jaipur, Rajasthan",,0.5,0.0,"17,60",,0,1
S1-916891338,S2-5050704,Kaverin (gokak) Private Limited,Kaverin (gokak) Limited Center,"Mumbai City, Mumbai, Janaki Niketan, Ground Floor, Dr.R.P. Road, Near Andheri Bus Stop, Mul, Und (West), 4, Maharashtra",,0.6,0.0,4,,0,1
S1-237507119,S2-670914754,Golden Agro Private Limited,Agro Golden Golden Private,"B-01, Natasha Residency-1 Opp. Swaminarayan Nagar, Nizampura, Vadodara, Gujarat","B-01, TARSALI, ગુજરાત",0.75,0.13333333333333333,"01,1",01,1,0
S1-237507119,S2-363310510,Golden Agro Private Limited,ગોલ્ડન એગ્રો પ્રાઇવેટ લિમિટેડ,"B-01, Natasha Residency-1 Opp. Swaminarayan Nagar, Nizampura, Vadodara, Gujarat","TARSALI, Gujarat, B-01",0.0,0.25,"01,1",01,1,0
S1-912926296,S2-886287706,One Silver Systems Private Limited,One Silver Systems Limited Partners,"Bangalore, Bangalore North, Cheemasandra Village, Karnataka, Site No 19",,0.6666666666666666,0.0,19,,0,1
S1-912926296,S2-795469584,One Silver Systems Private Limited,onesilversystems.com,"Bangalore, Bangalore North, Cheemasandra Village, Karnataka, Site No 19","SITE NO 19-, CHEEMASANDRA VILLAGE, BANGALORE NORRH, ಕರ್ನಾಟಕ",0.0,0.5,19,19,1,0
S1-912926296,S2-773805872,One Silver Systems Private Limited,ಒನ್ ಸಿಲ್ವರ್ ಸಿಸ್ಟಮ್ಸ್ ಪ್ರೈವೇಟ್ ಲಿಮಿಟೆಡ್,"Bangalore, Bangalore North, Cheemasandra Village, Karnataka, Site No 19","SITE NO 19, BANGALORE, BANGALORE NORTH, ಕರ್ನಾಟಕ",0.0,0.45454545454545453,19,19,1,0
S1-156261313,S2-605040707,Tech Care Private Limited,टेक केयर प्राइवेट लिमिटेड,"Plot No. J-1, Block B-1, Mohan Co-Operative Industrial Area, Math, Ura Road, New Delhi, South Delhi, Delhi","PLOT NO. J-1, NEW DELHI, SOUTH DELHI, Delhi",0.0,0.4117647058823529,1,1,1,0
S1-916762930,S2-302683355,Shivam Developers,Shivam Delopesr,"2Nd Floor 340/48Narsinatha Street Katha Bazar, Mumbai, Maharashtra",,0.3333333333333333,0.0,"2,340,48",,0,1
S1-535925531,S2-479652552,Enterprises Smile Engineers Pvt Ltd,#enterprisessmile,"B-137 Bgh-A Site-C, Opp-Sector Zeta Surajpur, Greater Noida Up, Dadri, Gautam Buddha Nagar, Uttar Pradesh","DOOR NO 631 B-137 BGH-A SITE-C, OPP-SECTOR ZETA SURAJPUR, GREATER NOIDA UP, DADRI, उत्तर प्रदेश",0.0,0.5185185185185185,137,"137,631",1,0
S1-29676244,S2-213034513,Eminence Services Private Limited,Sri Eminence Services Private Ltd,"D-39, Ground Floor, East Of Kailash, Delhi, South Delhi, Delhi","D-39, GROUND FLOOR, EAST OF KAILASH, DELHI, दिल्ली",0.5,0.7272727272727273,39,39,1,0
S1-819721651,S2-673767172,Hotel It Private Limited,होटल आईटी प्राइवेट लिमिटेड,"F4/13 Dlf City Phase 1, Gurgaon, Haryana","F4/13  DLF CITY PHASE 1, GURGAON, हरियाणा",0.0,0.6363636363636364,"1,13,4","1,13,4",3,0
S1-819721651,S2-44586524,Hotel It Private Limited,Hotel-It Private,"F4/13 Dlf City Phase 1, Gurgaon, Haryana","F4/13  DLF CITY PHASE 1, GURGAON, हरियाणा",0.75,0.6363636363636364,"1,13,4","1,13,4",3,0
S1-288786162,S2-244746627,Lotus Global Limited,লোটাস গ্লোবাল লিমিটেড,"7/13, Narkel Danga Main Road, Kolkata, Howrah, West Bengal","007/13, KOLKATA, West Bengal",0.0,0.36363636363636365,"13,7","007,13",1,0
S1-239333949,S2-275885928,Shiva Anand Systems Private Limited,शिवा आनंद सिस्टम्स प्राइवेट लिमिटेड,"6Th Flr, 601 Shree Shakambhari Corporate Park Chakravarty Ashok Society, Jbnagar, Andhe, Ri (East), Mumbai, Mumbai City, Maharashtra","ANDHERI WEH, H.NO 006TH FLR, Maharashtra, MUMBAI CITY",0.0,0.18181818181818182,"6,601",006,0,0
S1-826564848,S2-903218597,Urban Exports LLP,അർബൻ എക്സ്പോർട്സ് എൽഎൽപി,"C/O Joseph Ta, Thattakath, Poyya, Site At Opp. Ksrtc, Mukundapuram, Thrissur, Kerala","C/O JOSEPH TA, THRISSUR, Keralam",0.0,0.35714285714285715,,,0,0
S1-844751404,S2-509797579,Red Properties Private Limited,ರೆಡ್ ಪ್ರಾಪರ್ಟೀಸ್ ಪ್ರೈವೇಟ್ ಲಿಮಿಟೆಡ್,"No.336, 12Th Cross, 4Th Mn 2Nd Block, R.T.Nagar, Bangalore North, Bangalore, Karnataka","NO.336, BANGALORE, BANGALORE NORTH, Karnataka",0.0,0.35714285714285715,"12,2,336,4",336,1,0
S1-844751404,S2-404199092,Red Properties Private Limited,ರೆಡ್ ಪ್ರಾಪರ್ಟೀಸ್ ಪ್ರೈವೇಟ್ ಲಿಮಿಟೆಡ್,"No.336, 12Th Cross, 4Th Mn 2Nd Block, R.T.Nagar, Bangalore North, Bangalore, Karnataka","NO.336, BANGALORE NORTH, BANGALORE, Karnataka",0.0,0.35714285714285715,"12,2,336,4",336,1,0
S1-725400558,S2-98111992,International Consultancy Private Limited,इंटरनेशनल कंसल्टेंसी Private Limited,"A/4 Garden View, Chs Ltd, 1St Floor, Borivali West Chandawarkar Cross Rd, Opp Rajmahal Hotel, Borivali, Mumbai, Mumbai City, Maharashtra","महाराष्ट्र, MUMBAI, MUMBAI CITY, HN 849 A/4 GARDEN VIEW",0.18181818181818182,0.24,"1,4","4,849",1,0
S1-725400558,S2-613629262,International Consultancy Private Limited,इंटरनेशनल कंसल्टेंसी प्राइवेट लिमिटेड,"A/4 Garden View, Chs Ltd, 1St Floor, Borivali West Chandawarkar Cross Rd, Opp Rajmahal Hotel, Borivali, Mumbai, Mumbai City, Maharashtra","HN 849 A/4 GARDEN VIEW, MUMBAI, MUMBAI CITY, Maharashtra",0.0,0.3333333333333333,"1,4","4,849",1,0
S1-285962091,S2-615710560,Om Centre Private Limited,Sri Om Center Private Limited,"1 B1 /A -5 First Floor, Mohan Co-Operative Indust, New Delhi, South Delhi, Delhi","दिल्ली, H.NO 1 B1 /A -5 FIRST FLOOR, MOHAN CO-OPERATIVE INDUST, NEW DELHI",0.5,0.7058823529411765,"1,5","1,5",2,0
S1-748810102,S2-165577429,Black Indian Power Pvt Ltd,ब्लैक इंडियन पावर प्रा. लि.,"Rajasthan, Bhaskar Marg, Bani Park, Jaipur, Jaipur, D-218A, Jaipur","D-218A, JAIPUR, Rajasthan",0.0,0.5,218,218,1,0
S1-467509653,S2-560747289,Ram Consulting Private Limited,राम कंसल्टिंग प्राइवेट लिमिटेड,"Room No. 204/72, Nawaz Chs (Pro), Pali Village, Opp. Punjab Sweets, Bandra West, Mumbai, Mumbai City, Maharashtra","ROOM NO. 204/72, MUMBAI II, MUMBAI, Maharashtra",0.0,0.3333333333333333,"204,72","204,72",2,0
S1-710194142,S2-803324364,Arihant Green Care Private Limited,అరిహంత్ గ్రీన్ కేర్ ప్రైవేట్ లిమిటెడ్,"Ist Floor, Velama House, 3-6-432/1, Above Maruthi Mitra True Value, Cars, Himayathnagar, Hyd., Telangana","IST FLOOR, HIMAYATHNAGAR, HYD., Andhra Pradesh",0.0,0.21052631578947367,"1,3,432,6",,0,0
S1-620494135,S2-88725833,Sun Hari Agro Limited,ಸನ್ ಹರಿ ಅಗ್ರೋ ಲಿಮಿಟೆಡ್,"No 10, 3Rd A Cross, Opp Bda Park, Anjaneya Nagar, Bsk, 3Rd Stage, Bangalore, Karnataka","NO 10, BANGALORE, Karnataka",0.0,0.2857142857142857,"10,3",10,1,0
S1-474131003,S2-503885498,White Construction Private Limited,વ્હાઇટ કન્સ્ટ્રક્શન પ્રાઇવેટ લિમિટેડ,"Plot 13, Gujarat Industrial Estates Behind Roses Garden Nursery, Old Chhani, Road, Vadodara, Gujarat","#177- PLOT 13, VADODARA, Gujarat",0.0,0.2857142857142857,13,"13,177",1,0
S1-159896503,S2-394901232,Biotech Trading Private Limited,8iotech Trading (Private),"West Bengal, Zakaria Street Kolkata, Kolkata, 52, Howrah, Kolkata","52, KOLKATA, HOWRAH, West Bengal",0.4,0.7142857142857143,52,52,1,0
S1-951216153,S2-234586590,Om Solutions Private Limited,ओम सॉल्यूशंस प्राइवेट लिमिटेड,"Plot No-191-B, Kh No-22/14, Pole No-51, Blk-C, Qutub Vihar, Ph-Ii, N, Ajafgarh, Delhi, South West Delhi, Delhi","HN 346 PLOT NO-191-B, DELHI, SOUTH WEST DELHI, Delhi",0.0,0.3181818181818182,"14,191,22,51","191,346",1,0
S1-853412927,S2-668840399,Supreme Power Pvt Ltd,सुप्रीम Power Pvt Ltd,"Uttar Pradesh, Ubi Bank Uphrauli, Madhuban, Maunathbhanjan, C/O Harindra Nath Pandey, Mau","C/O HARINDRA NATH PANDEY, AZAMGARH, उत्तर प्रदेश",0.375,0.2631578947368421,,,0,0
S1-455642807,S2-435313346,Pioneer Food Private Limited,पायोनियर फूड प्राइवेट लिमिटेड,"Row No 6, Plot No 1 To 9, Mohini Nagar, Kedgaon, Ahmednagar, Ahmed Nagar, Maharashtra","H.NO 352 ROW NO 6, PLOT NO 1 TO 9, MOHINI NAGAR, KEDGAON, AHILYANAGAR, Maharashtra",0.0,0.6875,"1,6,9","1,352,6,9",3,0
S1-455642807,S2-12265788,Pioneer Food Private Limited,पायोनियर फूड प्राइवेट लिमिटेड,"Row No 6, Plot No 1 To 9, Mohini Nagar, Kedgaon, Ahmednagar, Ahmed Nagar, Maharashtra","NO 352 ROW NO 6, PLOT NO 1 TO 9, MOHINI NAGAR, KEDGAON, AHILYANAGAR, Maharashtra",0.0,0.7333333333333333,"1,6,9","1,352,6,9",3,0
S1-455642807,S2-470113957,Pioneer Food Private Limited,पायोनियर फूड प्राइवेट लिमिटेड,"Row No 6, Plot No 1 To 9, Mohini Nagar, Kedgaon, Ahmednagar, Ahmed Nagar, Maharashtra","AHILYANAGAR, Maharashtra, AHMED NAGAR, H.NO 352 ROW NO 6",0.0,0.375,"1,6,9","352,6",1,0
S1-343455678,S2-143072792,Global Consultancy Private Limited,ग्लोबल कंसल्टेंसी प्राइवेट लिमिटेड,"Flat No.305, Maharashtra, Thane, Vijay Galaxy, Bldg No - 1, Vijay Nagari, Ghodbunder Road, Thane","THANE, H.NO 305, THANE, Maharashtra",0.0,0.3076923076923077,"1,305",305,1,0
S1-945690075,S2-558713347,Star Power Private Limited,স্টার পাওয়ার প্রাইভেট লিমিটেড,"425, Jodhpur Park, Kolkata, Howrah, West Bengal","BLOCK A-853 425, KOLKATA REGION, HOWRAH, West Bengal",0.0,0.45454545454545453,425,"425,853",1,0
S1-945690075,S2-365490390,Star Power Private Limited,স্টার পাওয়ার প্রাইভেট লিমিটেড,"425, Jodhpur Park, Kolkata, Howrah, West Bengal","BLOCK A-853 425, KOLKATA REGION, KOLKATA, West Bengal",0.0,0.36363636363636365,425,"425,853",1,0
S1-945690075,S2-94044700,Star Power Private Limited,Smt STAR POWER PRIVATE LTD,"425, Jodhpur Park, Kolkata, Howrah, West Bengal","BLOCK A-853 425, JODHPUR PARK, KOLKATA, West Bengal",0.5,0.6,425,"425,853",1,0
S1-185772357,S2-755656999,XP Housing Limited,XP Housing,"G-219 Sector 63 Noida, Noida, Gautam Buddha Nagar, Uttar Pradesh","Uttar Pradesh, G-219 SECTOR 63 NOIDA, NOIDA",0.6666666666666666,0.7,"219,63","219,63",2,0
S1-185772357,S2-589010700,XP Housing Limited,XP Huogng  Limited,"G-219 Sector 63 Noida, Noida, Gautam Buddha Nagar, Uttar Pradesh","G-219 SECTOR 63 NOIDA, NOIDA, Uttar Pradesh",0.5,0.7,"219,63","219,63",2,0
S1-680490226,S2-179801073,Sunrise Impex Limited,सनराइज इम्पेक्स लिमिटेड,"Iia-18 Shop No. 04, Vaishali, Ghaziabad, Uttar Pradesh","IIA-18 SHOP NO. 04, GHAZIABAD, उत्तर प्रदेश",0.0,0.42857142857142855,"04,18","04,18",2,0
S1-433656380,S2-383772680,Bk Seva Samiti,Smt Bk Seva Samiti Company,"Plot No.1, 2 Flat A-502, Sector-18 Sanpada, Thane, Maharashtra","PLOT NO.001 , 2 FLAT A-502, SECTOR-18 SANPADA, THANE, महाराष्ट्र",0.6,0.5882352941176471,"1,18,2,502","001,18,2,502",3,0
S1-433656380,S2-711163584,Bk Seva Samiti,Mr Bk Seva Samiti Limited,"Plot No.1, 2 Flat A-502, Sector-18 Sanpada, Thane, Maharashtra","PLOT NO.001 , 2 FAT A-502, SECTOR-18 SANPADA, THANE, महाराष्ट्र",0.6,0.5,"1,18,2,502","001,18,2,502",3,0
S1-159111446,S2-902588634,Jai Industries Private Limited,जय इंडस्ट्रीज प्राइवेट लिमिटेड,"Flat No-C-1001 Arvind Apt Plot No-9, Sec-19-B Dwarka, New Delhi, South West Delhi, Delhi","FLAT NO-C-1001 AVIND APT PLOT NO-9, NEW DELHI, Delhi",0.0,0.5294117647058824,"1001,19,9","1001,9",2,0
S1-987760841,S2-436892741,City Exports Private Limited,सिटी एक्सपोर्ट्स प्राइवेट लिमिटेड,"Flat No 100 Frist Floor 4A4/278 B Vishnupuri Kanpur, Uttar Pradesh, Kanpur, Uttar Pradesh","NO 100 FRIST FLORO 4A4/278 B VISHNUPURI KANPUR, BARABANKI, UTTAR PRADESH",0.0,0.7142857142857143,"100,278,4","100,278,4",3,0
S1-855369830,S2-394822599,New Global Private Limited,ನ್ಯೂ ಗ್ಲೋಬಲ್ ಪ್ರೈವೇಟ್ ಲಿಮಿಟೆಡ್,"No 38, 5Th C Cross, 1 St Main Road, Opposit Kabir Matt, Kengeri Setellite Town, Bangalore South, Bangalore Rural, Karnataka","NO B3/38, BANGALORE SOUTH, BANGALORE RURAL, ಕರ್ನಾಟಕ",0.0,0.21739130434782608,"1,38,5","3,38",1,0
S1-761538505,S2-731698060,Life Consultants Pvt Ltd,Life Consultants Pvt [Limited],"1-8-303/69/3, S.P.Road, Secunderabad-500 003. Secunderabad-500 003., Andhra Pradesh, Telangana",,0.6,0.0,"003,1,3,303,500,69,8",,0,1
S1-680882411,S2-921193697,Om Engineering Limited,ఓం ఇంజనీరింగ్ లిమిటెడ్,"B2, Sri Venkata Ramarao Flora, Lakshmipuram, Nellore, Nellore, Andhra Pradesh","B2, KAVALI, ఆంధ్రప్రదేశ్, NELLORE",0.0,0.13333333333333333,2,2,1,0
S1-718814862,S2-115120705,Future Systems Private Limited,फ्यूचर सिस्टम्स प्राइवेट लिमिटेड,"C-5, Bhagirath Colony, Chomu House, Jaipur, Rajasthan","C-5, JAIPUR, Rajasthan",0.0,0.5,5,5,1,0
S1-322683002,S2-304990008,Nandkishor (India) Foundation Private Limited,Private Nandkishor (India) Fonnadtien Limited,"40, B.L Saha Road, Ground Floor, Kolkata, Kolkata, Howrah, West Bengal","40, KOLKATA, HOWRAH, West Bengal",0.6666666666666666,0.45454545454545453,40,40,1,0
S1-417844786,S2-359586425,Garuda Housing Private Limited,Garuda Housing Prbaet Limited,"Sector-4 Urban Estate, Haryana, #1 Samrat Bhawan, Thanesar, Kurukshetra",,0.6,0.0,"1,4",,0,1
S1-417844786,S2-761027618,Garuda Housing Private Limited,PRIVATE GARUDA HOUSING LTD,"Sector-4 Urban Estate, Haryana, #1 Samrat Bhawan, Thanesar, Kurukshetra","KURUKSHETRA, Haryana, SAMRAT BHAWAN",0.6,0.4,"1,4",,0,0
S1-99587101,S2-358249255,Premier Finance LLP,प्रीमियर फाइनेंस एलएलपी,"New Delhi, Delhi, Office No.304 Laxmi Nagar, H 30A 2Nd Floor, New Delhi","H 30A 2ND FLOR, NEW DELHI, Delhi",0.0,0.4166666666666667,"2,30,304","2,30",2,0
S1-437599943,S2-537227953,Tdr Traders Pvt. Ltd.,Tdr Trfadoesr Pvt. Ltd.,"Ground Floor Flat 17, Bipin Ganguly Road, Kolkata, Kolkata, Howrah, West Bengal",,0.6,0.0,17,,0,1
S1-162630920,S2-555287913,Pune Producer,Pune Service Enterprises,"C 607 & 608, Mega Center Magarpatta, Hadapsar, Pune, Maharashtra",,0.25,0.0,"607,608",,0,1
S1-403107572,S2-175818796,Akal Software Private Limited,Akal Software Private Ltd,"Midc, Solapur, Plot No. C-219, Maharashtra, Solapur North","Maharashtra, PLOT NO. C-2-19, MIDC, SOLSPUR NORTH",0.6,0.5454545454545454,219,"19,2",0,0
S1-932649214,S2-453861250,Vision Developers Limited,विजन डेवलपर्स लिमिटेड,"H. No. 42, Ff Khasra No. 299 D Block Village Chattarpur, New Delhi, South Delhi, Delhi","DOOR NO #42, NEW DELHI, SOUTH DELHI, Delhi",0.0,0.35714285714285715,"299,42",42,1,0
S1-58250130,S2-29696860,Confederation Vidyalaya,BELOEVOYUMA,"Haryana, 609, Gurgaon, 6Th Floor Dlf Galleria Complex, Dlf Phase 4, Galleria Dlf-Iv","609, GALLERIA DLF-IV, GURGAON, हरियाणा",0.0,0.35714285714285715,"4,6,609",609,1,0
S1-623425267,S2-108982737,Marvelous Traders,ECT0CIRAIRI,"E-323, Shastri Nagar, Ajmer, Rajasthan","AJMER, राजस्थान, SHASTRI NAGAR, AJMER, E-323",0.0,0.5,323,323,1,0
S1-277039314,S2-692751517,Grama Minerals Private Limited,GRAMA MMINERLS PRIVATE LIMITED,"219/3 Govindpuri, Kalkaji, South Delhi, Delhi","DOOR NO 219/3 GOVINDPURI, KALKAJI, Delhi",0.6,0.625,"219,3","219,3",2,0
S1-277039314,S2-844771173,Grama Minerals Private Limited,Grama Private Limited  Services,"219/3 Govindpuri, Kalkaji, South Delhi, Delhi","219/3 GOVINDPURI, KALKAJI, दिल्ली",0.6,0.5,"219,3","219,3",2,0
S1-379335970,S2-777986698,Vision Properties Private Limited,विजन प्रॉपर्टीज प्राइवेट लिमिटेड,"Unit611, 6Th Floor, Reliables Pride, Aanand Nagar Opp Heera Panna, Jogeshwari (W), Mumbai, Mumbai City, Maharashtra","UNIT611, BOMBAY, MUMBAI CITY, Maharashtra",0.0,0.25,"6,611",611,1,0
S1-98835800,S2-660368284,Good Consultancy Pvt Ltd,குட் கன்சல்டன்சி பிரைவேட் லிமிடெட்,"Tamil Nadu, Sriperumbudur, No.2, Kanchipuram, Sathyavani Muthu Street","NO.#2, SRIPERUMBUDUR, Tamil Nadu",0.0,0.5555555555555556,2,2,1,0
S1-943686669,S2-996650864,My Finance Private Limited,माय फाइनेंस प्राइवेट लिमिटेड,"135, 2A Ostwal Ornate Chs Ltd, Jain Mandir, Jesal Park, Bhayander East, Thane, Maharashtra","135, NAVI MUMBAI REGION, THANE, महाराष्ट्र",0.0,0.09523809523809523,"135,2",135,1,0
S1-551505312,S2-31517835,Sree Products Private Limited,SREE PRODUCTS,"63/4, L-1, Harbansh Mohal, Kanpur, Kanpur Dehat, Uttar Pradesh","NO. 33 63/4, L-1, HARBANSH MOHAL, KADPUR, Uttar Pradesh",0.5,0.6153846153846154,"1,4,63","1,33,4,63",3,0
S1-553719509,S2-642648505,Universal Trading Private Limited,यूनिवर्सल ट्रेडिंग प्राइवेट लिमिटेड,"Agra, Fourth Floor, Raman Tower Near Icici Bank, Sanjay Place, 402, Uttar Pradesh, Agra","402, AGRA, उत्तर प्रदेश",0.0,0.1111111111111111,402,402,1,0
S1-917021070,S2-273264778,Sai Technologies Private Limited,Sai Tecfnologies Private Limited,"D.No.64-3-7, Sri Ramalayam Patamata Lanka, Vijayawada, Krishna, Andhra Pradesh",,0.6,0.0,"3,64,7",,0,1
S1-118016153,S2-742662725,Shakti Developers Private Limited,Shakti Developers Private,"Shop No - 12, Ground Floor Shree Ram Trade Center, Sector-58, Noida, Gautam Buddha Nagar, Uttar Pradesh","SHOP NO - ##12, GROUND FLOOR SHREE RAM TRADE CENTER, SECTOR-58, NOIDA, उत्तर प्रदेश",0.75,0.5454545454545454,"12,58","12,58",2,0
S1-450678737,S2-689904673,Shiv Business Private Limited,शिव बिजनेस प्राइवेट लिमिटेड,"Zo-43, Basantpark Zopadpatti, Near Basant Park Police Station, Chembur, Mumbai, Mumbai City, Maharashtra","HN 72 ZO-43, <NULL>, MUMBAI, MUMBAI CITY, Maharashtra",0.0,0.3125,43,"43,72",1,0
S1-712547610,S2-124492119,Ram Good Tech Private Limited,రామ్ గుడ్ టెక్ ప్రైవేట్ లిమిటెడ్,"Nampally, Telangana, Plot No 57, Nagarjuna Hills, Punjagutta, Hyderabad","HYDERABAD, PLOT NO 57/5, Andhra Pradesh, NAGARJUNA HILLS, PUNJAGUTTA, NAMPALLY",0.0,0.6666666666666666,57,"5,57",1,0
S1-718193849,S2-915110498,Green Trading Limited,Green Trading Limited Enterprises,"A/104 Gokul Arcadenear Garware House Sahar Road Vile Parle East, Mumbai, Maharashtra",,0.75,0.0,104,,0,1
S1-468670437,S2-49698031,All Energy Private Limited,ऑल एनर्जी प्राइवेट लिमिटेड,"Plot No.234, L. K. Complex, Jagannathpuri, Jhotwara, Jaipur, Jaipur, Rajasthan","DOOR NO 234, JAIPUR, राजस्थान",0.0,0.2,234,234,1,0
S1-214742918,S2-214848065,Modern Healthcare Limited,मॉडर्न हेल्थकेयर लिमिटेड,"7, Pratap Nagar, 200Ftbypass, Harnathpura, Jaipur, Rajasthan","7, JAIPUR, Rajasthan",0.0,0.42857142857142855,"200,7",7,1,0
S1-217247959,S2-68482725,Cosmopolitan Producer Private Limited,COSMOPOLITAN PRIVATE LIMITED SERVICES,"43Community Centre New Friends Colony, New Delhi, South Delhi, Delhi","DOOR NO #43COMMUNITY CENTRE NEW FRGENDS COLONY, NEW DELHI, Delhi",0.6,0.5,43,43,1,0
S1-431923701,S2-319398504,High Business Private Limited,ஹை பிசினஸ் பிரைவேட் லிமிடெட்,"Old No.9 New No.21 Block D, 2Nd Floor, F2, Venus Colony, 2Nd Street, Alwarpet, Chennai, Tamil Nadu","OLD NO.B3/9 NEW NO.21 BLOCK D, CHENNAI, Tamil Nadu",0.0,0.5555555555555556,"2,21,9","21,3,9",2,0
S1-902584706,S2-205500305,Unique Investments,യുണീക്ക് ഇൻവെസ്റ്റ്മെന്റ്സ്,"T.C- 14/587, First Floor S J Tower, Paris Road, Bakery Junction, Thiruvananthapuram, Thiruvananthapuram, Trivandrum, Kerala","T.C- 14/587, TRIVANDRUM, Keralam",0.0,0.29411764705882354,"14,587","14,587",2,0
S1-279812909,S2-415639163,Shiv Global Limited,शिव ग्लोबल लिमिटेड,"259, 322, A To Z Industrial Estate, Ganpatrao Kadam Marg, Unit No.229, Maharashtra, Lower Parel, Mumbai","UNIT NO.229, LOWER PAREL, MUMBAI, Maharashtra",0.0,0.4117647058823529,"229,259,322",229,1,0
S1-44915782,S2-82284847,Rajeev Agritech,Rajeev  Services,"Unit 1055/109, Gokul Chs Ltd, Adarsh Nagar, Oshiwara, Opp. Honda City, Jogeshwari (W, Est), Mumbai, Mumbai City, Maharashtra",,0.3333333333333333,0.0,"1055,109",,0,1
S1-10837647,S2-874585977,Super Engineering Private Limited,சூப்பர் இன்ஜினியரிங் பிரைவேட் லிமிடெட்,"1/1, Appulupalaiyam, Narasimhanaicken Palayam, Coimbatore North, Coimbatore, Tamil Nadu","Tamil Nadu, DOOR NO 952 1/1, COIMBATORE, COIMBATORE NORTH",0.0,0.45454545454545453,1,"1,952",1,0
S1-973333196,S2-956109275,Sree Consulting (India) Private Limited,SREE CONSULTING (INDIA)  PRIVATE,"B-11 G F Sector-44, Noida, Gautam Buddha Nagar, Uttar Pradesh","B-D/11 G F SECTOR-44, NOIDA, Uttar Pradesh",0.8,0.6923076923076923,"11,44","11,44",2,0
S1-973333196,S2-550186681,Sree Consulting (India) Private Limited,Sree Consulting (Ibdnai) Private Limited,"B-11 G F Sector-44, Noida, Gautam Buddha Nagar, Uttar Pradesh","B-D/11 G F SECTOR-44, NOIDA, Uttar Pradesh",0.6666666666666666,0.6923076923076923,"11,44","11,44",2,0
S1-737612164,S2-940047471,Dynamic Healthcare,डायनामिक हेल्थकेयर,"C/O Shirji Dubey, Vill-Rasulpur Tola Rasalpur, Panch-Asahmi, Block-Ekma, Saran, Bihar","C/O SHIRIJ DUBEY, SARAN, Bihar",0.0,0.3333333333333333,,,0,0
S1-562248453,S2-369328893,Unique Solutions Pvt Ltd,यूनिक Solutions प्रा. लि.,"E-7, Madhya Pradesh, Bhopal, Extn-Ii, Mig 570, Shahpura, Arera Colony, Bhopal","PLOT 99 E-7, DIVREPORTINGCIRCLE, BHOPAL, मध्य प्रदेश",0.1,0.15,"570,7","7,99",1,0
S1-468588650,S2-391466809,One Investment Private Limited,वन इन्वेस्टमेंट प्राइवेट लिमिटेड,"Delhi, Plot No 9, Kh No 60/21, Bl P, 1St Floor, Hastsal, West Delhi, New Delhi","#9, NEW DELHI, WEST DELHI, Delhi",0.0,0.2857142857142857,"1,21,60,9",9,1,0
S1-907527603,S2-968021365,Via Brothers Private Limited,Via Brothers Private,"A-19, Basement, Jangpura Extension, New Delhi, Central Delhi, Delhi",,0.75,0.0,19,,0,1
S1-490820199,S2-969738048,City Universal Power LLP,సిటీ యూనివర్సల్ పవర్ ఎల్‌ఎల్‌పీ,"Plot No 106 Survey No 688, Brundavan Colony, Rangareddy, K.V.Rangareddy, Telangana","SHAMSHABAD, 106 SUREVY NO 688, తెలంగాణ, BRUNDAVAN COLONY, RANGAREDDY",0.0,0.35294117647058826,"106,688","106,688",2,0
S1-228556788,S2-986152667,Livein & Brothers Co,Livein &,"10, Top Floor, Jangpura Road Bhogal, Jangpura, New Delhi, Delhi","010, TOP FLOOR, JANGPURA ROAD BHOGAL, JANGPURA, दिल्ली",0.5,0.45454545454545453,10,010,0,0
S1-818203202,S2-80880508,Alchemy & Co,JAXZEPH,"Plot No. 24 And 25, Phase Ii, Rajas Garden, 2Nd Street, Poonamallee, Tiruvallur, Tamil Nadu","NO 2-4 AND 25, POONAMALLEE, TIRUVALLUR, தமிழ்நாடு",0.0,0.23809523809523808,"2,24,25","2,25,4",2,0
S1-982730318,S2-711358822,Royal Agro Private Limited,रॉयल एग्रो प्राइवेट लिमिटेड,"Flat No 501, Palm Hills, Upper Govind Nagar, Malad (E), Mumbai, Mumbai City, Maharashtra","FLAT NO 501, PALM HILLS, UPPER GOVIND NAGAR, MALAD (E), GREATER BOMBAY, MUMBAI, महाराष्ट्र",0.0,0.5789473684210527,501,501,1,0
S1-119693886,S2-52928194,Lotus Media Private Limited,लोटस मीडिया प्राइवेट लिमिटेड,"Plot No.14, Kh.No. 25/22, 2Nd Floor, Vill. Jharoda Majra Burari No 10, Sangam Vihar, Delhi, North Delhi, Delhi","PLOT NO.14., NORTH DELHI, दिल्ली",0.0,0.2631578947368421,"10,14,2,22,25",14,1,0
S1-657064332,S2-468330946,East Infotech Private Limited,ఈస్ట్ ఇన్ఫోటెక్ ప్రైవేట్ లిమిటెడ్,"H No. 3-2-63/2/78, 1 St Floor, Street No. 14, Bhavani Nagar, Mallapur, Hyderabad, Telangana","3-2-63/2/78, HYDERABAD, Telangana",0.0,0.375,"1,14,2,3,63,78","2,3,63,78",4,0
S1-657064332,S2-117802955,East Infotech Private Limited,ఈస్ట్ ఇన్ఫోటెక్ ప్రైవేట్ లిమిటెడ్,"H No. 3-2-63/2/78, 1 St Floor, Street No. 14, Bhavani Nagar, Mallapur, Hyderabad, Telangana","H NO. 3-2-63/2/78, HYDERABAD, Telangana",0.0,0.5,"1,14,2,3,63,78","2,3,63,78",4,0
S1-35928423,S2-717377391,Shiv Infrastructure Pvt Ltd,शिव इंफ्रास्ट्रक्चर प्रा. लि.,"Office No. 403 Sr No. 105, H No. 3, Plot No. 1, Aundh, Maharashtra, Amar Business Park, Pune","AMAR BUSINESS PARK, PUNE, Maharashtra",0.0,0.3333333333333333,"1,105,3,403",,0,0
S1-322851781,S2-551064405,Surya All Tech,ਸੂਰਿਆ ਆਲ ਟੈਕ,"E-31, New Focal Point, Dabwali Road, Bathinda, Punjab","E-31., BATHINDA, ਪੰਜਾਬ",0.0,0.25,31,31,1,0
S1-291360728,S2-633413950,Eastern Finance,ఈస్టర్న్ ఫైనాన్స్,"2-63, Kachivani Singaram, Uppal, Hyderabad, Telangana","2-63, UPPAL, HYDERABAD, తెలంగాణ",0.0,0.36363636363636365,"2,63","2,63",2,0
S1-222230733,S2-21352368,Bharat Builders Private Limited,Bharat Builders Prívate Ltd,"136, Begum Pur Panchsheel Park, Malviya Nagar, New Delhi, Delhi",,0.3333333333333333,0.0,136,,0,1
S1-780134833,S2-959911627,Alpha Infrastructure Private Limited,ആൽഫ ഇൻഫ്രാസ്ട്രക്ചർ പ്രൈവറ്റ് ലിമിറ്റഡ്,"Tc: 52/948, 05Th Floor, Haya Tower Opp: Municipal Building, Guruvayoor Road, Thrissur, Kerala","BLOCK F-987 TC: 52/948, THRISSUR, Kerala",0.0,0.29411764705882354,"05,52,948","52,948,987",2,0
S1-240570275,S2-899533988,Fruits Infrastructures Pvt Ltd,fruitsinfrastructures.com,"619 Feelkhana, Pilibhit, Uttar Pradesh, Pilibhit","DOOR NO 6-19 FEELKHANA, PILIBHIT, उत्तर प्रदेश",0.0,0.14285714285714285,619,"19,6",0,0
S1-860189811,S2-368214149,Sigma Trading Limited,M/s SIGMA TRÁDING LTD,"Delhi, West Delhi, Second Floor, Guru Harkishan Nagar Gali No. 15, Matiala, Uttam Nagar, Rz 71B & 72, Delhi",,0.14285714285714285,0.0,"15,71,72",,0,1
S1-242363926,S2-342399833,East Ventures LLP,ईस्ट वेंचर्स एलएलपी,"S. No. 1066, Plot No 414 / C, Shop No 7, Charu Chandra Apartment, Shivaji Nagar, Pune, Maharashtra","DOOR NO 41 S. NO. 1066, PUNE, महाराष्ट्र",0.0,0.19047619047619047,"1066,414,7","1066,41",1,0
S1-242363926,S2-999289927,East Ventures LLP,Services East LLP,"S. No. 1066, Plot No 414 / C, Shop No 7, Charu Chandra Apartment, Shivaji Nagar, Pune, Maharashtra","NO 41 S. NO. 1066, PUNE, Maharashtra",0.5,0.3125,"1066,414,7","1066,41",1,0
S1-470421815,S2-771465351,Lotus Consultants Private Limited,లోటస్ కన్సల్టెంట్స్ ప్రైవేట్ లిమిటెడ్,"5-9-30/1/7, Ground Floorpalace Colony Basheerbagh Hyderabad - 29, Hyderabad - 29, Telangana","5-9-30/1/7, HYDERABAD, HYDERABAD - 29, Andhra Pradesh",0.0,0.5,"1,29,30,5,7,9","1,29,30,5,7,9",6,0
S1-486329233,S2-95156273,Maa Global Limited,माँ ग्लोबल लिमिटेड,"B-215, Mangalam Tarang, Muhana Mandi Road, Muhana, Sanganer, Jaipur, Rajasthan","B-#215, SANGANER, JAIPUR, Rajasthan",0.0,0.5,215,215,1,0
S1-144664912,S2-464940837,Dynamic Foods Limited,డైనమిక్ ఫుడ్స్ లిమిటెడ్,"Plot No.-63, Omkar Enclave, Hyd, Hyderabad, Telangana","PLOT NO.-63, OMKAR ENCLAVE, HYD, CHOWDARYGUDA, Telangana",0.0,0.7777777777777778,63,63,1,0
S1-144664912,S2-909770086,Dynamic Foods Limited,డైనమిక్ ఫుడ్స్ లిమిటెడ్,"Plot No.-63, Omkar Enclave, Hyd, Hyderabad, Telangana","తెలంగాణ, PLOT NO.-63, CHOWDARYGUDA, HYD, OMKAR ENCLAVE",0.0,0.46153846153846156,63,63,1,0
S1-676418807,S2-310637259,Sunrise Consultants Private Limited,सनराइज कंसल्टेंट्स प्राइवेट लिमिटेड,"Shop No 2D 94 C, Noida, Uttar Pradesh, Sector 55, Gautam Buddha Nagar","H.NO 2D- 94 C, SECTOR 55, NOIDA, GAUTAM BUDDHA NAGAR, उत्तर प्रदेश",0.0,0.5263157894736842,"2,55,94","2,55,94",3,0
S1-937646149,S2-416625964,Shree Vijay Infotech Private Limited,ஸ்ரீ விஜய் இன்ஃபோடெக் பிரைவேட் லிமிடெட்,"No. Nh-7, A.K.Samuthiram Pachal Po., Namakkal, Tamil Nadu","தமிழ்நாடு, NAMAKKAL, NO. NH-A-7",0.0,0.3333333333333333,7,7,1,0
S1-937646149,S2-657939189,Shree Vijay Infotech Private Limited,ஸ்ரீ விஜய் இன்ஃபோடெக் பிரைவேட் லிமிடெட்,"No. Nh-7, A.K.Samuthiram Pachal Po., Namakkal, Tamil Nadu","NO. NH-A-7, NAMAKKAL, தமிழ்நாடு",0.0,0.3333333333333333,7,7,1,0
S1-244540289,S2-57411230,Baba Law Chambers Private Limited,Baba Law Ciambes Private Limited,"Maharashtra, Mumbai, C/3 Nandlal Savji 42Kazi Syed Street, Mumbai",,0.6666666666666666,0.0,"3,42",,0,1
S1-244540289,S2-214023190,Baba Law Chambers Private Limited,Smt Baba Law Chambers Phrvaet Phrvaet Limited,"Maharashtra, Mumbai, C/3 Nandlal Savji 42Kazi Syed Street, Mumbai",,0.5714285714285714,0.0,"3,42",,0,1
S1-522470638,S2-758541369,Big Technologies LLP,பிக் டெக்னாலஜீஸ் எல்எல்பி,"No 426, Shanmuga Nagar, 2Nd Street, Samundipuram, Tirupur, Coimbatore, Tamil Nadu","426, தமிழ்நாடு, TIRUPUR, COIMBATORE",0.0,0.2,"2,426",426,1,0
S1-746759170,S2-58870357,Tech Services Limited,Tech  Services,"Jabalpur, D 8 Rajul Paradise Tilhari Mandla Road, Madhya Pradesh, Jabalpur",,0.6666666666666666,0.0,8,,0,1
S1-31744717,S2-597263246,Sai Services Private Limited,साई सर्विसेज प्राइवेट लिमिटेड,"Shop No. 10, Raj Niketan Building, Sanyukta Nagar, Opp. Saidutta Mandir, Nalasopara (East), Thane, Maharashtra","SHOP NO. 010, THANE, Maharashtra",0.0,0.25,10,010,0,0
S1-20212899,S2-467189600,Alaska Hotel Private Limited,Mr Brixjax,"Kolkata, West Bengal, 92C/1, Howrah, Sahapur Colony Block-J, New Alipore, Kolkata","পশ্চিমবঙ্গ, 92C/1., KOLKATA, HOWRAH",0.0,0.25,"1,92","1,92",2,0
S1-667833853,S2-884544651,Royal Consultancy Pvt Ltd,రాయల్ కన్సల్టెన్సీ ప్రైవేట్ లిమిటెడ్,"4-113/6/4/1, Bhavani Nagar, Kodad, Telangana","4-113/6/4/1, KODAD, Andhra Pradesh",0.0,0.5,"1,113,4,6","1,113,4,6",4,0
S1-259423001,S2-42571072,Gujarat Constructions Private Limited,गुजरात कंस्ट्रक्शंस प्राइवेट लिमिटेड,"1502, Kedarnath Bldg, Madhav Sankalp Complex, Near Madhav Sansar Complex, Khadakpada, Kalyan (W), Kalyan, Maharashtra","1502., KALYAN (W), KALYAN, Maharashtra",0.0,0.3333333333333333,1502,1502,1,0
S1-651113008,S2-292127779,Apex Logistics Private Limited,એપેક્સ લોજિસ્ટિક્સ પ્રાઇવેટ લિમિટેડ,"Rajkot, Gujarat, Ranchhodnagar, Nr. Om Shanti Kendra, St. No. 17","ST. NO. 0017, RAJKOT, ગુજરાત",0.0,0.21428571428571427,17,0017,0,0
S1-453003774,S2-292704977,Alpha Products Private Limited,अल्फा प्रोडक्ट्स प्राइवेट लिमिटेड,"212, A Wing, Kpct Commercial Complex Fatimanagar, Wanwadi Road, Hadpsar, Pune, Maharashtra","HN 889 212, TALEGAON DABHADE MH, Maharashtra",0.0,0.11764705882352941,212,"212,889",1,0
S1-782198214,S2-260832468,Sriperumbudur Hotels Limited,5riperumbudur Limited Services,"No 2C, No 113A/113B, Devdoss Street, Nandagopal Raja Salai, Gurusamy Nagar, Madhanandhapuram, Chennai, Sriperumbudur, Kanchipuram, Tamil Nadu","2C, SRIPERUMBUDUR, Tamil Nadu",0.2,0.23529411764705882,"113,2",2,1,0
S1-201569653,S2-119009131,City Foundation Private Limited,सिटी फाउंडेशन प्राइवेट लिमिटेड,"Plot No. 10 Vishwakarma Nagar, Bhadwasiya Link Road, Jodhpur, Rajasthan","DOOR NO G-10 VISHWAKARMA NAGAR, SIKAR, Rajasthan",0.0,0.38461538461538464,10,10,1,0
S1-569627124,S2-599693768,Aditya Infra Private Limited,आदित्य इंफ्रा प्राइवेट लिमिटेड,"Flat No A-401, Plot No 3, Ashapura Sector16 Sanpada, Thane, Maharashtra","FLAT NO A-701, THANE, <NULL>, महाराष्ट्र",0.0,0.23529411764705882,"16,3,401",701,0,0
S1-220618598,S2-31034051,North Products Private Limited,नॉर्थ प्रोडक्ट्स प्राइवेट लिमिटेड,"Delhi, Buddh Vihar Phase-1, R-1/68, Delhi, North West","R-C-1/68, DELHI, NORTH WEST, Delhi",0.0,0.6,"1,68","1,68",2,0
S1-220618598,S2-79090770,North Products Private Limited,नॉर्थ प्रोडक्ट्स प्राइवेट लिमिटेड,"Delhi, Buddh Vihar Phase-1, R-1/68, Delhi, North West","R-C-1/68, DELHI, NORTH WEST, Delhi",0.0,0.6,"1,68","1,68",2,0
S1-145897532,S2-639313215,Southern Estate Private Limited,സതേൺ എസ്റ്റേറ്റ് പ്രൈവറ്റ് ലിമിറ്റഡ്,"Ground Floor, Tc 73/2065-4, Adams Park Manacaud Junction, Manacaud Po, Thiruvananthapuram, Thiruvananthapuram, Trivandrum, Kerala","GROUND FLOOR, TRIVANDRUM, THIRUVANANTHAPURAM, കേരളം",0.0,0.25,"2065,4,73",,0,0
S1-6866059,S2-407862354,East Jain Products Private Limited,East Jain Products Prívate Ltd,"4-182, Padmavathipuram Main Road Tirupati, Chittoor, Tirupati, Chittoor, Andhra Pradesh",,0.42857142857142855,0.0,"182,4",,0,1
S1-974755262,S2-462351727,Innovative Hospitality Private Limited,Innovative हॉस्पिटैलिटी प्राइवेट लिमिटेड,"57 Fie Patparganj, New Delhi, East Delhi, Delhi","57 FIE PATPARGANJ, NEW DBLHI, दिल्ली",0.07692307692307693,0.4444444444444444,57,57,1,0
S1-922582026,S2-755530935,Modern Enterprises Private Limited,মডার্ন এন্টারপ্রাইজেস প্রাইভেট লিমিটেড,"Park Street, C/O Kolkata M.A. Business Centre Private Limited, Poddar Point, Suite No. 308, Kolkata, Howrah, Kolkata, 113, West Bengal","পশ্চিমবঙ্গ, HOWRAH, #918 113, KOLKATA",0.0,0.12,"113,308","113,918",1,0
S1-206847123,S2-507201992,Hotel Software Limited,होटल सॉफ्टवेयर लिमिटेड,"A-3/404, Saraf Choudhari Nagar, Thakur Complex, Kandivali (East), Mumbai, Mumbai City, Maharashtra","A-#3/404, KANDIVALI EAST, Maharashtra",0.0,0.46153846153846156,"3,404","3,404",2,0
S1-975101795,S2-142675191,Fortune Infrastructure Private Limited,ఫార్చూన్ ఇన్‌ఫ్రాస్ట్రక్చర్ ప్రైవేట్ లిమిటెడ్,"Hyderabad, Singapore Township, Pocharam, Hyderabad, A-15/204, Telangana","A-15/204, HYDERABAD, Andhra Pradesh",0.0,0.4,"15,204","15,204",2,0
S1-975101795,S2-470408085,Fortune Infrastructure Private Limited,ఫార్చూన్ ఇన్‌ఫ్రాస్ట్రక్చర్ ప్రైవేట్ లిమిటెడ్,"Hyderabad, Singapore Township, Pocharam, Hyderabad, A-15/204, Telangana","A-15/204, SINGAPORE TOWNSHIP, POCHARAM, HYDERABAD, Andhra Pradesh",0.0,0.7,"15,204","15,204",2,0
S1-975101795,S2-189032736,Fortune Infrastructure Private Limited,ఫార్చూన్ ఇన్‌ఫ్రాస్ట్రక్చర్ ప్రైవేట్ లిమిటెడ్,"Hyderabad, Singapore Township, Pocharam, Hyderabad, A-15/204, Telangana","A-15/204, HYDERABAD, Andhra Pradesh",0.0,0.4,"15,204","15,204",2,0
S1-975101795,S2-456939850,Fortune Infrastructure Private Limited,FORTUNE  PRIVATE LIMITED PARTNERS,"Hyderabad, Singapore Township, Pocharam, Hyderabad, A-15/204, Telangana","A-15/204, SINGAPORE TOWNSHIP, POCHARAM, HYDERABAD, Andhra Pradesh",0.6,0.7,"15,204","15,204",2,0
S1-4725663,S2-170980311,Senthil Nidhi Private Limited,Senthil Nidhi Private Ltd,"N 4 F 60, Cidco, Aurangabad, Maharashtra","PLOT B3/820 N 4 F 60, CIDCO, AURANGABAD, Maharashtra",0.6,0.7,"4,60","3,4,60,820",2,0
S1-921904377,S2-417841340,Lakshmi Services,लक्ष्मी सर्विसेज,"C/O Thagubai R Shevale, 513 Shivaji Nagar Kalwan, Kalwan, Nashik, Maharashtra","C/O THAGUBAI R SHEVALE, NASHIK, NASIK, महाराष्ट्र",0.0,0.375,513,,0,0
S1-457131380,S2-743248246,Gujarat Digital Technology Limited,गुजरात डिजिटल टेक्नोलॉजी लिमिटेड,"Pl No K-52 Midc Waluj, Aurangabad, Maharashtra","PL NO K-52 MHDC WALUJ, AURANGABAD, W MAHA, AURANGABAD, Maharashtra",0.0,0.6363636363636364,52,52,1,0
S1-569063270,S2-310560633,Signum Marketing Private Limited,SIGNUMMARKETING.COM,"602 Block A Naurang House 21 K.G. Marg, Connaught Place, New Delhi, Delhi","602 BLOCK A NAURANG HOUSE 21 K.G. MARG, CONNAUGHT PLACE, दिल्ली",0.0,0.7333333333333333,"21,602","21,602",2,0
S1-950154345,S2-684143326,Green Life Infra Limited,ગ્રીન લાઇફ ઇન્ફ્રા લિમિટેડ,"Survey No. 133/6, Pipaliya Mahendaragadh Road, Nr. Pipaliya Cross Road, At : Pipaliya, Dahisara, Rajkot, Gujarat","DOOR NO 133, RAJKOT, Gujarat, DAHISARA",0.0,0.35714285714285715,"133,6",133,1,0
S1-652543420,S2-456442177,YRY Plastic Private Limited,YRY PLASTIC,"Tamil Nadu, Madurai, 175, Vilachery Main Road Muniyandipuram Andalpuram",,0.5,0.0,175,,0,1
S1-707349471,S2-77625048,My Projects Private Limited,माय प्रोजेक्ट्स प्राइवेट लिमिटेड,"Uttar Pradesh, Kanpur, 127/536, Kanpur, Juhi Kala, Damodar Nagar","H.NO 787 127/536, KANPUR, उत्तर प्रदेश",0.0,0.17647058823529413,"127,536","127,536,787",2,0
S1-219408616,S2-28884451,Zen Investment Private Limited,@zeninvestment,"H-107-Pkt A-2, Kondli Gharoli, East Delhi, Delhi","H-107-PKT A-2, KLNDLI GHAROLI, EAST DELHI, दिल्ली",0.0,0.6666666666666666,"107,2","107,2",2,0
S1-987099874,S2-519646793,NQ Constructions Private Limited,NQ CONSTRUCTIONS PRETE LÍMITED,"Patnab, Flat No. 501, Bihar, Block -B, Manju Shree Complex, Bank Road, Patna",,0.3333333333333333,0.0,501,,0,1
S1-187018357,S2-983270917,Shivam Baba Infra Private Limited,শিবম বাবা ইনফ্রা প্রাইভেট লিমিটেড,"Bc 30, Flat No. 1, Saltlake, Kolkata, Kolkata, Howrah, West Bengal","BC 30, N/A, NORTH 24 PARGANAS, West Bengal",0.0,0.26666666666666666,"1,30","24,30",1,0
S1-187018357,S2-800564045,Shivam Baba Infra Private Limited,শিবম বাবা ইনফ্রা প্রাইভেট লিমিটেড,"Bc 30, Flat No. 1, Saltlake, Kolkata, Kolkata, Howrah, West Bengal","BC 30, N/A, NORTH 24 PARGANAS, West Bengal",0.0,0.26666666666666666,"1,30","24,30",1,0
S1-187018357,S2-605660914,Shivam Baba Infra Private Limited,শিবম বাবা ইনফ্রা প্রাইভেট লিমিটেড,"Bc 30, Flat No. 1, Saltlake, Kolkata, Kolkata, Howrah, West Bengal","BC 30, N/A, NORTH 24 PARGANAS, West Bengal",0.0,0.26666666666666666,"1,30","24,30",1,0
S1-509150584,S2-931190751,Singh Communications Pvt Ltd,Singh Pvt Ltd Services,"A-15, First Floor, New Delhi, South Delhi, Delhi","#0741 A-15, FIRST FLOOR, NEW DELHI, Delhi",0.6,0.75,15,"0741,15",1,0
S1-399214770,S2-97824088,Al Finance,ಅಲ್ ಫೈನಾನ್ಸ್,"119/120, I St Floor, Old Madras Road, Bangalore, Karnataka","119/120, BANGALORE, Karnataka",0.0,0.4,"119,120","119,120",2,0
S1-804507495,S2-569223518,New Delhi Castings Private Limited,NEW DELHI CASTINGS,"Ii I-96 G/F F/P, New Delhi, South Delhi, Delhi","II I-96 G/F F/P, NEW DELHI, Delhi",0.6,0.8888888888888888,96,96,1,0
S1-593309335,S2-904799226,Radison Traders Pvt Ltd,Pvt Radison Trdabrs Ltd,"F-23, 1St Floor, Additional Ambernath Midc, Anand Nagar, Ambernath (East), Ambarnath, Thane, Maharashtra","#910 F-23, AMBARNATH, THANE, Maharashtra",0.6,0.35714285714285715,"1,23","23,910",1,0
S1-926874607,S2-697185720,Vijay Software,विजय सॉफ्टवेयर,"Plot 678B, Mahavir, Chs Nm Marg, Byculla West, Maharashtra, Mumbai, 15/0","15/0, MUMBAI, महाराष्ट्र",0.0,0.1875,"0,15,678","0,15",2,0
S1-129851765,S2-583709710,Maa Agro LLP,Maa Agro L.L.P.,"Coimbatore, No.1D1, Tirupur, Tamil Nadu, K.S.Building, Panapalayam Tirupur Road, Palladam",,0.4,0.0,1,,0,1
S1-623263273,S2-731838171,Mukesh Polytechnic Co,Mukesh Po1ytechnic,"C/O Shri Ram Dhyan Chaurasia, S/O Brij Chaurasia, Sonbhadra, Kashi More, Anpara, Sonbhadra, Uttar Pradesh",,0.25,0.0,,,0,1
S1-279293621,S2-143207657,Sovereign (India) Retail Corporation,sovereignindiaretail.com,"Shop At No G-13, Block E Market, New Delhi, West Delhi, Delhi","DOOR NO 190 SHOP AT NO G-13, BLOCK E MARKET, NEW DELHI, दिल्ली",0.0,0.6666666666666666,13,"13,190",1,0
S1-402213641,S2-46951077,Shyam Food LLP,श्याम फूड एलएलपी,"Flat No.403, Sunflower, Highland Residency Chsl, Dhokali, Kolshet Road, Thane, Maharashtra","DOOR NO 403, THANE, महाराष्ट्र",0.0,0.17647058823529413,403,403,1,0
S1-632641500,S2-955782478,Ace Investment Private Limited,এইস ইনভেস্টমেন্ট প্রাইভেট লিমিটেড,"Lp-15/2/1, Fl 3E, 3Rd Floor 145 Lwarence Street, Uttarpara, Hooghly, West Bengal","LP-15/2/1, HOOGHLY, UTTARPARA, পশ্চিমবঙ্গ",0.0,0.3157894736842105,"1,145,15,2,3","1,15,2",3,0
S1-189103200,S2-874455975,Great International Private Limited,ગ્રેટ ઇન્ટરનેશનલ પ્રાઇવેટ લિમિટેડ,"Gujarat, Ahmedabad, Madhav Bunglows-2, Opp. Mohini Guest House Motera Road, 22","22, MOTERA, ગુજરાત, AHMEDABAD",0.0,0.2,"2,22",22,1,0
S1-248950142,S2-896819190,Agarwal Tech Private Limited,agarwaltech.com,"D-108, Panchsheel Enclave, New Delhi, Delhi","D-0108, PANCHSHEEL ENCLAVE, Delhi",0.0,0.5714285714285714,108,0108,0,0
S1-248950142,S2-83091641,Agarwal Tech Private Limited,Agarwal Private Limited  Service,"D-108, Panchsheel Enclave, New Delhi, Delhi","D-0108, PANCHSHEEL ENCLAVE, Delhi",0.6,0.5714285714285714,108,0108,0,0
S1-248950142,S2-685820043,Agarwal Tech Private Limited,Dr Agarwal Tech  Private,"D-108, Panchsheel Enclave, New Delhi, Delhi","D-0108, PANCHSHEEL ENCLAVE, दिल्ली",0.6,0.3333333333333333,108,0108,0,0
S1-23635612,S2-753450475,Life Trading Limited,லைஃப் டிரேடிங் லிமிடெட்,"Poonamallee, 8Th Mgr Street, Saraswathy Nagar, Tamil Nadu, No: 392, Tiruvallur","POONAMALLEE, DOOR NO 879 NO: 392, Tamil Nadu, TIRUVALLUR",0.0,0.46153846153846156,"392,8","392,879",1,0
S1-831784662,S2-919404557,Ss Global Private Limited,ಎಸ್ಎಸ್ ಗ್ಲೋಬಲ್ ಪ್ರೈವೇಟ್ ಲಿಮಿಟೆಡ್,"First Floor No 4341, 12Th Main, 4-H.B.C.S. Ideal Home Layout, Raja Rajeshwari Nagar, Bangalore, Karnataka","FIRST FLOOR NO 4341, BANGALORE, BANGLORE, Karnataka",0.0,0.3,"12,4,4341",4341,1,0
S1-831784662,S2-367722340,Ss Global Private Limited,Ss Global Private Ltd,"First Floor No 4341, 12Th Main, 4-H.B.C.S. Ideal Home Layout, Raja Rajeshwari Nagar, Bangalore, Karnataka",,0.6,0.0,"12,4,4341",,0,1
S1-499173091,S2-229474989,Lotus Enterprises Private Limited,लोटस एंटरप्राइजेज प्राइवेट लिमिटेड,"New Delhi, 4Th Floor Palam Extension Part-1, Sec-7, Dwarka, New Delhi, A-866/4, Delhi","A-866/4, null, NEW DELHI, दिल्ली",0.0,0.29411764705882354,"1,4,7,866","4,866",2,0
S1-232986841,S2-510720308,Big Producer Private Limited,बिग प्रोड्यूसर प्राइवेट लिमिटेड,"Flat No D/604, Om Gokul Nagari (Cdef) Chsl, Off 90 Ft Road, Near 'V' Mall, Kandivali, (E), Mumbai, Maharashtra","PLOT 127. FLAT NO D/604, (E), MUMBAI, Maharashtra",0.0,0.3181818181818182,"604,90","127,604",1,0
S1-480445125,S2-669554959,Dynamic Brothers Private Limited,Dynamic Brothers,"No126, Arts College Road, Coimbatore-641 018., Tamil Nadu","NO12 , ARTS COLLEGE ROAD, Tamil Nadu",0.5,0.5,"018,126,641",12,0,0
S1-480445125,S2-85889283,Dynamic Brothers Private Limited,Dynamic Brothers Private Ltd,"No126, Arts College Road, Coimbatore-641 018., Tamil Nadu","12 , ARTS COLLEGE ROAD, Tamil Nadu",0.6,0.5,"018,126,641",12,0,0
S1-341293735,S2-851208722,Maa Consultants Pvt. Ltd.,Maa Consultants Pvt. Limited,"Ck-165, Sector- Ii, Salt Lake City, Kolkata, Parganas North, West Bengal","CK-165, SECTOR- II, SALT LAKE CITY, KOLKATA, পশ্চিমবঙ্গ",0.6,0.5,165,165,1,0
S1-714180151,S2-777473720,Arihant International Pvt Ltd,અરિહંત ઇન્ટરનેશનલ પ્રા. લિ.,"Gujarat, Plot No-17, T-01, Kachchh, W/12-B, Gandhidham","W/12-B, GANDHIDHAM, Gujarat",0.0,0.45454545454545453,"01,12,17",12,1,0
S1-600701124,S2-642104276,Yarn Vidyalaya Partners,vpyarn.com,"8 2 283/82/86/A Mla Colony, B Hills, Hyderabad, Telangana","HYDERABAD CITY REGION, తెలంగాణ, HYDERABAD, 8 2 283/82/86/A MLA COLNOY",0.0,0.42105263157894735,"2,283,8,82,86","2,283,8,82,86",5,0
S1-725109771,S2-823281410,Innovative Foundation Private Limited,ഇന്നൊവേറ്റീവ് ഫൗണ്ടേഷൻ പ്രൈവറ്റ് ലിമിറ്റഡ്,"13/323E, Dental Lab Road, Arichol, Puthur P.O Kottakkal, Tirurangadi, Malappuram, Malapuram, Kerala","13/323E, MALAPPURAM, Keralam",0.0,0.2,"13,323","13,323",2,0
S1-507689266,S2-280112040,Lotus Power Private Limited,लोटस पावर प्राइवेट लिमिटेड,"Bareilly, 431, Indra Nagar Izzatnagar, Uttar Pradesh, C/O Rajeev Saxena, Bareilly","C/O RAJEEV SAAENA, BAREILLY, Uttar Pradesh",0.0,0.5,431,,0,0
S1-270026564,S2-687739033,Al Consultants Limited,ಅಲ್ ಕನ್ಸಲ್ಟೆಂಟ್ಸ್ ಲಿಮಿಟೆಡ್,"No.339, 4Th Main Road Upper Palace Orchard, Sadashivanagar, Bangalor, Bangalore, Karnataka","#339, ಕರ್ನಾಟಕ, BANGALORE URBAN",0.0,0.125,"339,4",339,1,0
S1-885988565,S2-42745275,Smart Logistics Private Limited,સ્માર્ટ લોજિસ્ટિક્સ પ્રાઇવેટ લિમિટેડ,"Gujarat, Surat, Plot No.82, Surat, 1St Flr, Shop-1034-35, 1051 To 53 Anmol Textile Market, Anjana Road, Nr Silk, Plaza Mkt","Gujarat, SURAT, 82/6",0.0,0.13043478260869565,"1,1034,1051,35,53,82","6,82",1,0
S1-782997399,S2-291129345,Unique Builders Private Limited,યુનિક બિલ્ડર્સ પ્રાઇવેટ લિમિટેડ,"Manhar Plot, Vidyanagar Main Road, Rajkot, Gujarat, 14/12","RAJKOT, 14/12, RAJKOT, ગુજરાત",0.0,0.25,"12,14","12,14",2,0
S1-387868809,S2-422264627,Uplift Caterers Private Limited,Sri Uplift-Private Limited Services,"No. 42, Old Madivala, Banglore, Bangalore, Karnataka","NO. 42, OLD MADIVALA, BANGLORE, ಕರ್ನಾಟಕ",0.5,0.5,42,42,1,0
S1-381252368,S2-420745505,Delhi Infratech,... Delhi Infratech Corporation,"West Delhi, Csc Market, Block - D, Pushpanjali Enclave, Pitam Pura, Delhi, Shop No 17","H.NO 17, DELHI, WEST DELHI, Delhi",0.6666666666666666,0.2857142857142857,17,17,1,0
S1-384032125,S2-561395128,Engineering For Private Limited,ENGINEERING FOR PRESVSETAE LIMITED,"6Th Sector Hsr, Bangalore South, Bangalore, Karnataka, L 372/783","L 372/783, 6TH SECTOR HSR, BANGALORE SOUTH, ಕರ್ನಾಟಕ",0.6,0.6666666666666666,"372,6,783","372,6,783",3,0
S1-135552536,S2-608474103,Green Builders Private Limited,গ্রীন বিল্ডার্স প্রাইভেট লিমিটেড,"Howrah, Kolkata, 7/B, Crematorium St, Kolkata, West Bengal","KOLKATA, West Bengal, ##7/B, DUM DUM",0.0,0.5555555555555556,7,7,1,0
S1-384887721,S2-907883239,South Power Private Limited,साउथ पावर प्राइवेट लिमिटेड,"Shop No.201, C Wing, Shreeji Center, Near Ghorpade Chowk, Badlapur (East), Badlapur, Thane, Maharashtra","THANE, H.NO #201, Maharashtra, THANE",0.0,0.26666666666666666,201,201,1,0
S1-537862197,S2-286281541,Shree Technologies Private Limited,श्री टेक्नोलॉजीज प्राइवेट लिमिटेड,"Navnit Nagar, Above Gandhi Market, M. G. Road Ghatkopar East, Mumbai, Mumbai City, 5/A, Maharashtra","MUMBAI, MUMBAI CITY, 5/A, Maharashtra",0.0,0.3333333333333333,5,5,1,0
S1-901788232,S2-569236983,Shree Infra Private Limited,श्री इंफ्रा प्राइवेट लिमिटेड,"Delhi, South Delhi, New Delhi, A-111 F/F, Defence Colony","A-111 F/F, NEW DELHI, SONIPAT, Delhi",0.0,0.5555555555555556,111,111,1,0
S1-901788232,S2-829379055,Shree Infra Private Limited,Shree Isat Private Limited,"Delhi, South Delhi, New Delhi, A-111 F/F, Defence Colony","A-111 F/F, DEFENCE COLONY, NEW DELHI, Delhi",0.6,0.875,111,111,1,0
S1-901788232,S2-465795043,Shree Infra Private Limited,श्री इंफ्रा प्राइवेट लिमिटेड,"Delhi, South Delhi, New Delhi, A-111 F/F, Defence Colony","SONIPAT, A-111 F/F, NEW DELHI, दिल्ली, DEFENCE COLONY",0.0,0.6363636363636364,111,111,1,0
S1-5575298,S2-385232026,Vision Power Private Limited,విజన్ పవర్ ప్రైవేట్ లిమిటెడ్,"Telangana, Tirumalagiri, Hyderabad, F No306 Manjeera Majestic, Commercial Complex","F NO306 MANJEERA MAJESTIC, HYDERABAD, TIRUMALAGIRI, Andhra Pradesh",0.0,0.5454545454545454,306,306,1,0
S1-966779845,S2-858506188,Jai Impex Pvt Ltd,जय इम्पेक्स प्रा. लि.,"Kh. No. 97, Rasulpur Nawada Village Rasulpur Nawada, Noida, Gautam Buddha Nagar, Uttar Pradesh","DOOR NO 18 KH. NO. 97, GAUTAM BUDDHA NAGAR, NOIDA, Uttar Pradesh",0.0,0.6428571428571429,97,"18,97",1,0
S1-707843586,S2-425807937,Bright Services Private Limited,ব্রাইট সার্ভিসেস প্রাইভেট লিমিটেড,"60 Nalini Seth Road, Kol, Calcutta, West Bengal","KOL, পশ্চিমবঙ্গ, 60 NALINI SOTH ROAD, CALCUTTA",0.0,0.38461538461538464,60,60,1,0
S1-723346956,S2-125366496,Universal It Private Limited,UNIVERSALIT.COM,"59, G.T. Road, Bally, Howrah, West Bengal","990 59, G.T. ROAD, BALLY, পশ্চিমবঙ্গ",0.0,0.38461538461538464,59,"59,990",1,0
S1-723346956,S2-475587069,Universal It Private Limited,ইউনিভার্সাল আইটি প্রাইভেট লিমিটেড,"59, G.T. Road, Bally, Howrah, West Bengal","West Bengal, BALLY, HOWRAH, DOOR NO 990 59",0.0,0.45454545454545453,59,"59,990",1,0
S1-551948243,S2-693550449,Nj Services Private Limited,Calovera,"205 B Akshay Apartment, R V Desai Rd, Vadodara, Vadodara, Gujarat","NO 205 B AKSHAY APARTMENT, NULL, VADODARA, ગુજરાત",0.0,0.3333333333333333,205,205,1,0
S1-537968331,S2-140416032,Kg Products Ltd,M/s KG PRODUCTS LIMITED,"Ist Floor, Plot No, 502, Street No.6, Avenue-1, (Old Road-12), Banjara Hills, Hyderabad, Telangana",,0.3333333333333333,0.0,"1,12,502,6",,0,1
S1-207166103,S2-629135677,Regen Wealth Pvt. Ltd.,Regen Pvt. Ltd. Center,"Lucknow, Uttar Pradesh, 394, Lucknow, Malak Road, Hariharpur, Near Railway Crossing",,0.6,0.0,394,,0,1
S1-618462593,S2-75781092,Madan Brothers Private Limited,Néxviodova,"D-408, Life Montage, Sus-Nande Road, Sus Gaon, Opp Sunnys World Sus, Pune, Maharashtra","BLOCK A-236 D-408, PUNE, Maharashtra",0.0,0.25,408,"236,408",1,0
S1-96058680,S2-972282127,Gold Projects Private Limited,गोल्ड प्रोजेक्ट्स प्राइवेट लिमिटेड,"Jabalpur, Madhya Pradesh, Jabalpur, New Ram Nagar, R1-81, Adhartal, A/2","BLOCK D-397 A/2, JABALPUR, JABALPUR ADHARTAL, मध्य प्रदेश",0.0,0.21052631578947367,"1,2,81","2,397",1,0
S1-825447960,S2-76609564,Hari It Limited,हरि आईटी लिमिटेड,"Khasra No.903, Near Sr. Sec. School Wazirabad, Sector-52, Gurgaon, Haryana","403, GURGAON, Haryana",0.0,0.15384615384615385,"52,903",403,0,0
S1-574293449,S2-862152817,Super Products Private Limited,சூப்பர் புராடக்ட்ஸ் பிரைவேட் லிமிடெட்,"Tuticorin, Thoothukkudi, Tamil Nadu, 60/2, Andal Street","60/2, THOOTHUKKUDI, TUTICORIN, தமிழ்நாடு",0.0,0.3333333333333333,"2,60","2,60",2,0
S1-538228607,S2-477176149,White It,হোয়াইট আইটি,"22 Haramohan Ghosh Lane K, Kolkata, Howrah, West Bengal","NO 22 HARAMOHAN GHOSH LANE K, KOLKATA, পশ্চিমবঙ্গ",0.0,0.42857142857142855,22,22,1,0
S1-538228607,S2-754344707,White It,White It Corporation,"22 Haramohan Ghosh Lane K, Kolkata, Howrah, West Bengal","NO 22 HARAMOHAN GHOSH LANE K, KOLKATA, KOLKATA, পশ্চিমবঙ্গ",0.6666666666666666,0.42857142857142855,22,22,1,0
S1-192174161,S2-442115139,Indian & Sons Private Limited,indiansons.com,"A-475 Sector 19, Noida, Uttar Pradesh, Gautam Buddha Nagar","H.NO ##97 A-475 SECTOR 19, NOIDA, उत्तर प्रदेश",0.0,0.2777777777777778,"19,475","19,475,97",2,0
S1-185494665,S2-436109715,Tirupati Tech Power,TIRUPATI TECH SERVICES,"425/11, Jharkhandi Road Bhola Nath Nagar, Shahdara, East Delhi, Delhi",,0.5,0.0,"11,425",,0,1
S1-573358988,S2-90004111,Uttar Pradesh Poles Private Limited,uttarpradeshpoles.com,"13/329Indira Nagar Lucknow, Lucknow, Uttar Pradesh","DOOR NO 13/329INDIRA- NAGAR LUCKNOW, UTTAR PRADESH, Uttar Pradesh",0.0,0.75,"13,329","13,329",2,0
S1-837059692,S2-744710764,Shiv Industries Private Limited,शिव इंडस्ट्रीज प्राइवेट लिमिटेड,"Bihar, Phulwari, H/O Rk Sharan, The Coattg, E, Bangali Tola, Postal P, Patna","PHULWARI, H/O RK SHARFN, बिहार, PATNA",0.0,0.2777777777777778,,,0,0
S1-545357842,S2-435793821,International Trading Private Limited,Private International Trading Ltd,"No.80, Ii Floor Godown Street, Chennai, Tamil Nadu","NO.C-80, MADRAS, CHENNAI, Tamil Nadu",0.6,0.45454545454545453,80,80,1,0
S1-545357842,S2-313428533,International Trading Private Limited,இன்டர்நேஷனல் டிரேடிங் பிரைவேட் லிமிடெட்,"No.80, Ii Floor Godown Street, Chennai, Tamil Nadu","DOOR NO C-80, CHENNAI, MADRAS, Tamil Nadu",0.0,0.4166666666666667,80,80,1,0
S1-799514686,S2-771961694,Supreme Jai Energy Private Limited,सुप्रीम जय एनर्जी प्राइवेट लिमिटेड,"Araji No. 960, 961, Biliya, Near Ajoliya Ka Kheda, Nagari, Chittorgarh, Rajasthan","ARJI NO. 960, CHITTORGARH, राजस्थान",0.0,0.17647058823529413,"960,961",960,1,0
S1-309324139,S2-736199888,Black Infra Limited,பிளாக் இன்ஃப்ரா லிமிடெட்,"Tamil Nadu, Chennai, B-3, 161, Luz Church Road, Chennai","B-3, 161, LUZ CHURCH ROAD, CHENNAI, MADRAS, தமிழ்நாடு",0.0,0.5,"161,3","161,3",2,0
S1-957656420,S2-592447304,Perfect Logistics Private Limited,परफेक्ट लॉजिस्टिक्स प्राइवेट लिमिटेड,"239, Sunny Palace, Zone-1 M.P.Nagar, Bhopal, Madhya Pradesh","SUNNY PALACE, BANGALORE, मध्य प्रदेश, ZONE-1 M.P.NAGAR, 241",0.0,0.3888888888888889,"1,239","1,241",1,0
S1-274643464,S2-257690582,Devi Vidyalaya Private Limited,DEVI VIDYALAYA PRIVATE LTD,"S.No.12/1/1, Jaykamal, Morya Park, Lane No-1, Pimple Gurav, Pune, Maharashtra",,0.6,0.0,"1,12",,0,1
S1-380402801,S2-988571659,One Management Pvt Ltd,वन मैनेजमेंट प्रा. लि.,"P No 26 - 28, A No 504, Sajari, Sanigawan, Kanpur Nagar, Uttar Pradesh","P NO 26 - 28, SANIGAWAN, KANPUR NAGAR, उत्तर प्रदेश",0.0,0.4117647058823529,"26,28,504","26,28",2,0
S1-653445420,S2-253524498,Shalom Brothers Private Limited,5HALOM BROTHERS PRIVATE,"No.4, Alayam Space, 4Th Floor, Part Ii, Ananda Road, Alwarpet, Chennai, Tamil Nadu","NO.4, MADRAS, CHENNAI, Tamil Nadu",0.4,0.3333333333333333,4,4,1,0
S1-509553895,S2-363934458,Shakti Estate,ശക്തി എസ്റ്റേറ്റ്,"Kerala, Building No.26/1333B, Sonnet, Docters Colony, Thazhe Kottooly, Kottooly P O, Kozhikode, Kozhikode","PLOT 52/3 BUILDING NO.26/1333B, KOZHIKODE, NOOLPUZHA, Kerala",0.0,0.35294117647058826,"1333,26","1333,26,3,52",2,0
S1-112377656,S2-737978075,Ss Products Private Limited,এসএস প্রোডাক্টস প্রাইভেট লিমিটেড,"408, Rabindra Sarani Beadon Street, Kolkata, Kolkata, Howrah, West Bengal","00408, KOLKATA, HOWRAH, পশ্চিমবঙ্গ",0.0,0.14285714285714285,408,00408,0,0
S1-112377656,S2-147717237,Ss Products Private Limited,এসএস প্রোডাক্টস প্রাইভেট লিমিটেড,"408, Rabindra Sarani Beadon Street, Kolkata, Kolkata, Howrah, West Bengal","00408, KOLKATA, HOWRAH, West Bengal",0.0,0.4,408,00408,0,0
S1-182825150,S2-417669283,Shivam Infrastructure Private Limited,SHIVAM IFNFABTUCTURE PRIVATE (LIMITED),"Naivedhya Pride, Shop-02, Ground Floor, Plot No.4, Sector-16, Ghansoli, Navi Mumbai, Thane, Maharashtra",,0.6,0.0,"02,16,4",,0,1
S1-160361130,S2-150709877,Fortune Global Pvt Ltd,ஃபார்ச்சூன் குளோபல் பிரைவேட் லிமிடெட்,"G-4, Gems Court, No.25/14, Khader Nawaz Khan Road, Nungambakkam, Chennai, Tamil Nadu","G-4, CHENNAI, Tamil Nadu",0.0,0.3333333333333333,"14,25,4",4,1,0
S1-453326400,S2-805436160,Seven Agro Private Limited,SEVEN  AGRO PRIVATE | www.sevenagr.com,"F6/5, Sector 3E - B, Kalamboli, Panvel, Raigarh(Mh), Maharashtra","H.NO 33 F6/5, SECTOR 3E - B, KALAMBOLI, PANVEL, महाराष्ट्र",0.42857142857142855,0.4117647058823529,"3,5,6","3,33,5,6",3,0
S1-700110906,S2-921431032,Innovative Tech Limited,Innovative Tech Ltd,"158, First Floor, Gali No 11A, Block Mahipalpur, New Delhi, South West Delhi, Delhi","15, FIRST FLOOR, GALI NO 11A, BLOCK MAHIPALPUR, NEW DELHI, दिल्ली",0.5,0.6,"11,158","11,15",1,0
S1-329096345,S2-725889620,Consulting Vishal Paper Private Limited,CONSULTING VISHAL PÁPER PRIVATE LTD,"P No 36, Sy No 45, Vinayak, Nagar Road, Medchal, Rangareddy, K.V.Rangareddy, Telangana",,0.42857142857142855,0.0,"36,45",,0,1
S1-565807522,S2-23986660,Eastern Infotech Private Limited,ईस्टर्न इंफोटेक प्राइवेट लिमिटेड,"Unit No.102, Trapezoid It Park, Noida Sector-62, Noida, Gautam Buddha Nagar, Uttar Pradesh","UNIT NO.1-02, LUCKNOW  HQ REGION, GAUTAM BUDDHA NAGAR, Uttar Pradesh",0.0,0.3684210526315789,"102,62","02,1",0,0
S1-928448988,S2-859643882,Shyam Solutions Pvt Ltd,Ltd 5hyam Pvt Sérvices,"Plot No 26, Bansilal Pet Secunderabad, Hyderabad, Telangana","PLOT NO 26, HYDERABAD, Telangana",0.3333333333333333,0.625,26,26,1,0
S1-624518661,S2-460716063,Shree Holdings,Shree (Ho1dings),"P No 67, Survey Of India, Shaikpet, Hyderabad, Telangana","P NO 67, SURVEY OF INDAI, SHAIKPET, Andhra Pradesh",0.3333333333333333,0.5,67,67,1,0
S1-740386477,S2-988417665,South Software Private Limited,সাউথ সফটওয়্যার প্রাইভেট লিমিটেড,"Rawdon Street Shubham''10Th Floor, Roomno.-1004, Kolkata, West Bengal, Howrah, Kolkata, 1","PLOT B3/164 1, HOWRAH, West Bengal",0.0,0.26666666666666666,"1,10,1004","1,164,3",1,0
S1-740386477,S2-108898330,South Software Private Limited,সাউথ সফটওয়্যার প্রাইভেট লিমিটেড,"Rawdon Street Shubham''10Th Floor, Roomno.-1004, Kolkata, West Bengal, Howrah, Kolkata, 1","CALCUTTA, West Bengal, PLOT B3/164 1, HOWRAH",0.0,0.25,"1,10,1004","1,164,3",1,0
S1-740386477,S2-138421814,South Software Private Limited,সাউথ সফটওয়্যার প্রাইভেট লিমিটেড,"Rawdon Street Shubham''10Th Floor, Roomno.-1004, Kolkata, West Bengal, Howrah, Kolkata, 1","PLOT B3/164 1, HOWRAH, West Bengal",0.0,0.26666666666666666,"1,10,1004","1,164,3",1,0
S1-959659769,S2-515951281,Galaxy Best Infotech Private Limited,ಗ್ಯಾಲಕ್ಸಿ ಬೆಸ್ಟ್ ಇನ್‌ಫೋಟೆಕ್ ಪ್ರೈವೇಟ್ ಲಿಮಿಟೆಡ್,"H-611, Karnataka, Bangalore, Ittina Mahavira, Neeladri Road, Electronic City Phase 1","H-5-611, BANGALORE, ಕರ್ನಾಟಕ",0.0,0.1875,"1,611","5,611",1,0
S1-819409069,S2-620030802,Premier It Limited,प्रीमियर आईटी लिमिटेड,"Plot No. B/52, Veera Industrial Estate New Link Rd, Opp. Monginis, Andheri (W), Mumbai, Mumbai City, Maharashtra","MUMBAI CITY, Maharashtra, MUMBAI, PLOT NO. B/052",0.0,0.3333333333333333,52,052,0,0
S1-422465591,S2-414702436,Digital (india) Private Limited,digitalindia.com,"Flat No. 2140 D-2 Block, Vasant Kunj, New Delhi, Delhi","FLAT NO. 2140 D-2 BDOCK, VASANT KUNJ, Delhi",0.0,0.7272727272727273,"2,2140","2,2140",2,0
S1-341425760,S2-182501854,Big International Pvt Ltd,ബിഗ് ഇന്റർനാഷണൽ പ്രൈവറ്റ് ലിമിറ്റഡ്,"Tc 27/400-6 Kollamkottil Building, Trivandrum, Thiruvananthapuram, Near Akg Centre, Kerala","TC 27/400-6 KOLLAMKOTTIL BUILDING, TRIVANDRUM, കേരളം",0.0,0.5,"27,400,6","27,400,6",3,0
S1-28610207,S2-486630314,Gujarat Solutions Private Limited,-- GUJARAT  SOLUTIONS PRIVATE LTD,"Delhi, K - Block, Phase - Ii Gopal Nagar, Najafgarh, R-226, West Delhi","R-226, DELHI, WEST DELHI, Delhi",0.6,0.36363636363636365,226,226,1,0
S1-637006089,S2-504901193,North International LLP,நார்த் இன்டர்நேஷனல் எல்எல்பி,"Ranjanipriya Nagar, Kondur, Velisemmandalam, Cuddalore, Tamil Nadu, No.53","H.NO 53, CUDDALORE, தமிழ்நாடு",0.0,0.21428571428571427,53,53,1,0
S1-506604178,S2-891748787,Lotus Software Limited,लोटस सॉफ्टवेयर लिमिटेड,"230, Somdutt Chamber-Ii 9, Bhikaji Cama Place, New Delhi, Delhi","230, NEW DELHI, Delhi",0.0,0.3,"230,9",230,1,0
S1-472507956,S2-389453187,Akshaya & Brothers Private Limited,Akshaya + Biotohse Private Limited,"209-211, S.M. Lodha Complex, Shastri Circle, Udaipur, Rajasthan",,0.5,0.0,"209,211",,0,1
S1-224816671,S2-838380148,Shiva It Private Limited,శివా ఐటీ ప్రైవేట్ లిమిటెడ్,"Ni9-D/01/02, 1St Floor, Block Vista Nicobar 9, Kukatpally, Raintree Park, Tirumalagiri, Hyderabad, Telangana","NI9-D/01/02, HYDERABAD, TIRUMALAGIRI, తెలంగాణ",0.0,0.3,"01,02,1,9","01,02,9",3,0
S1-234475916,S2-500155585,Omshaktidev (india) (India) Clinic,Dovalyra,"H. No. 154 - A, Veer Savarkar Nagar, Mini Bypass Road, P/O Izzatnagar, Bareilly, Uttar Pradesh","BAREILLY, VEER SAVARKAR NAGAR, MINI BYPASS ROAD, P/O IZZATNAGAR, BAREILLY, Uttar Pradesh, NO 154 - A",0.0,0.9375,154,154,1,0
S1-38165276,S2-689934045,Aditya Logistics Private Limited,Smt Yumacalo,"D.No.48-2-5/5, Plot No.73, K.S.R Plaza 4Th Floor, Srinagar, Rama Talkies, Vishakhapatnam, Visakhapatnam, Andhra Pradesh","D.NO.A-48-2D5/5, VIZAG, VISHAKHAPATNAM, Andhra Pradesh",0.0,0.30434782608695654,"2,4,48,5,73","2,48,5",3,0
S1-47214843,S2-641056956,Swastik Fortune Solutions Private Limited,स्वस्तिक फॉर्च्यून सॉल्यूशंस प्राइवेट लिमिटेड,"B -126, Floor -12Th, Plot, 210, ?B? Wing Mittal Tower, Mumbai, Maharashtra","B -126., BOMBAY, MUMBAI, Maharashtra",0.0,0.3333333333333333,"12,126,210",126,1,0
S1-47214843,S2-975385568,Swastik Fortune Solutions Private Limited,स्वस्तिक फॉर्च्यून सॉल्यूशंस प्राइवेट लिमिटेड,"B -126, Floor -12Th, Plot, 210, ?B? Wing Mittal Tower, Mumbai, Maharashtra","Maharashtra, MUMBAI, BOMBAY, B -126.",0.0,0.3333333333333333,"12,126,210",126,1,0
S1-18608154,S2-489551016,India Perfect Ai Private Limited,INDIA PERFECT AI PRIVATE LTD,"Flat No 103 Hno 3-6-590 Anasuya Apartments, Himayathnagar, Hyderabad, Telangana",,0.6666666666666666,0.0,"103,3,590,6",,0,1
S1-327514537,S2-105848166,Bharat Developers Private Limited,ভারত ডেভেলপারস প্রাইভেট লিমিটেড,"G.T. Road, M. Das Supar Market Bandel, Hooghly, West Bengal","HOOGHLY, G.T. ROAD, পশ্চিমবঙ্গ, HOOGHLY",0.0,0.26666666666666666,,,0,0
S1-576478895,S2-281460527,Big Exports Pvt Ltd,बिग एक्सपोर्ट्स प्रा. लि.,"A-527, Gharoli Dairy Farm, Mayur Vihar, Phase-3, Delhi, East Delhi, Delhi","A-527, null, DELHI, EAST DELHI, Delhi",0.0,0.3333333333333333,"3,527",527,1,0
S1-13564935,S2-989482283,Laxmi Digital Systems,लक्ष्मी डिजिटल सिस्टम्स,"A-5-O Phase-2, Sector-80, Noida, Gautam Buddha Nagar, Uttar Pradesh","PLOT 196 A-5-O PHASE-2, NOIDA, GAUTAM BUDDHA NAGAR, Uttar Pradesh",0.0,0.7333333333333333,"2,5,80","196,2,5",2,0
S1-476737545,S2-111858753,Eastern Services,ईस्टर्न सर्विसेज,"Plot No 86, Kh No 34/1, Ground Floor, Blk D, Village Nangli Poona, Delhi, New Delhi, Delhi","PLOT NO #86, NEW DELHI, DELHI, दिल्ली",0.0,0.29411764705882354,"1,34,86",86,1,0
S1-532412767,S2-820360037,Foods Daiwik Galaxy Private Limited,FOODS FOODS DAIWIK GALAXY LIMITED CENTER,"Landcraft- Golf Links Nh-24, Near Columbia Asia Hospital, Ghaziabad, Uttar Pradesh, Shop No. Ff 31, Ghaziabad",,0.6666666666666666,0.0,"24,31",,0,1
S1-513937466,S2-957713150,Live Mills Limited,LIVE LIMITED SERVICES,"Cts No. 22, 22/1 To 20, Village Chandivali, Sangarsh Nagar, Sakivihar Road, Kurla (W, ), Mumbai, Maharashtra",,0.5,0.0,"1,20,22",,0,1
S1-56264199,S2-770105582,Vd Agro of New Delhi,Mr VD OF NEW DELHI PARTNERS,"4B/38 Second Floor, Old Rajinder Nagar, New Delhi, Central Delhi, Delhi","NO 4B/38 SECOND FLOOR, OLD RAJINDER NAGAR, NEW DELHI, दिल्ली",0.5714285714285714,0.6923076923076923,"38,4","38,4",2,0
S1-671286845,S2-268351481,Cosmic Realty Private Limited,Sri COSMlC REALTY PRIVATE LIMITED,"C/O Kempamma, No. 225/233G, Nagawara, Bangalore North, Bangalore, Karnataka","C/O KEMPAMMA, NO. 225/233, NAGAWARA, BANGALORE NORTH, ಕರ್ನಾಟಕ",0.5,0.5714285714285714,"225,233","225,233",2,0
S1-496244938,S2-673116194,Thirty Educational Society,THÍRTYEDUCATIONALSOCIETY.COM,"No.19, 15Th Main, 15Th Cross, Sector - 4, Hsr Layout, Bangalore, Karnataka","DOOR NO 19  , 15TH MAIN, 15TH CROSS, SECTOR - 4, HSR LAYOUT, BANGALORE, ಕರ್ನಾಟಕ",0.0,0.6666666666666666,"15,19,4","15,19,4",3,0
S1-438010327,S2-727129012,Premier Projects Private Limited,प्रीमियर प्रोजेक्ट्स प्राइवेट लिमिटेड,"Bihar, Patna, Chandeshwar Singh Bhawan Alpana Market, New Patliputra Colony, H. No. - 4, Patna","Bihar, H. NO. - 4, PATNA",0.0,0.38461538461538464,4,4,1,0
S1-996963096,S2-783226307,Indian Foods Private Limited,ઇન્ડિયન ફૂડ્સ પ્રાઇવેટ લિમિટેડ,"Gujarat, Manmohannagar Society, Nr. Sharda Petrol Pump, Gandhinagar, 52, Ahmedabad","52, AHMEDABAD, GANDHINAGAR, ગુજરાત",0.0,0.23076923076923078,52,52,1,0
S1-453917927,S2-65285295,Sree Technology Private Limited,ஸ்ரீ டெக்னாலஜி பிரைவேட் லிமிடெட்,"131/1B, Rajarajan Nagar Vanagaram, Mettukuppam, Chennai, Tamil Nadu","131/1B, CHENNAI, தமிழ்நாடு",0.0,0.23076923076923078,"1,131","1,131",2,0
S1-583664503,S2-329067014,Dream Consulting Limited,DREAM CONSULTING,"P.R.N House 177, Mahatma Gandhi Road, Kolkata, Howrah, West Bengal","P.R.N HOUSE 177, MAHATMA GANDHI ROAD, KOLKATA, পশ্চিমবঙ্গ",0.6666666666666666,0.5625,177,177,1,0
S1-583664503,S2-294739966,Dream Consulting Limited,ড্রিম কনসাল্টিং লিমিটেড,"P.R.N House 177, Mahatma Gandhi Road, Kolkata, Howrah, West Bengal","P.R.N HOUSE 177, West Bengal, HOWRAH, KOLKATA",0.0,0.75,177,177,1,0
S1-416326893,S2-539902261,Gyan Educational Private Limited,Gyan Edtfctainoal Private Limited,"3-T-10, (3/373) Jawahar Nagar, Jaipur, Rajasthan","3-T-10, (3/373) JAWAHAR NAGAR, JAIPUR, राजस्थान",0.6,0.5833333333333334,"10,3,373","10,3,373",3,0
S1-416326893,S2-118524676,Gyan Educational Private Limited,6yan Private Limited Partners,"3-T-10, (3/373) Jawahar Nagar, Jaipur, Rajasthan","3-T-10, JAGATPURA, Rajasthan",0.3333333333333333,0.4444444444444444,"10,3,373","10,3",2,0
S1-196879091,S2-264698114,Hitech Food Private Limited,హైటెక్ ఫుడ్ ప్రైవేట్ లిమిటెడ్,"Plot No.293, Road No. 7, Telecom Nagar, Gachibowli, Hyderabad, Telangana","PLOT NO.293, HYDERABAD, Telangana",0.0,0.5,"293,7",293,1,0
S1-196879091,S2-139826803,Hitech Food Private Limited,హైటెక్ ఫుడ్ ప్రైవేట్ లిమిటెడ్,"Plot No.293, Road No. 7, Telecom Nagar, Gachibowli, Hyderabad, Telangana","HYDERABAD, DOOR NO 293, Telangana",0.0,0.36363636363636365,"293,7",293,1,0
S1-272131061,S2-409330435,Good Enterprises Private Limited,গুড এন্টারপ্রাইজেস প্রাইভেট লিমিটেড,"Room No 23, Model House, 40, Strand Road, Kolkata, Kolkata, Howrah, West Bengal","ROSM NO 23, KOLKATA, HOWRAH, পশ্চিমবঙ্গ",0.0,0.23529411764705882,"23,40",23,1,0
S1-642313047,S2-737708206,Chartered Marketing Pvt Ltd,Chartered Márketing,"Wz-131, Naraina Village New Delhi, New Delhi, Delhi","WZ-131., NARAINA VILLAGE NEW DELHI, <NULL>, दिल्ली",0.2,0.6666666666666666,131,131,1,0
S1-571547220,S2-780137637,Ergo Funds Private Limited,... Ergo Funds  Limited Service,"H B 47Panampilly Nagar, Ernakulam, Kerala","PLOT 558 H B 47PANAMPILLY NAAR, KOCHI, ERNAKULAM, Kerala",0.6,0.5,47,"47,558",1,0
S1-571547220,S2-702181328,Ergo Funds Private Limited,fundsprivatecom,"H B 47Panampilly Nagar, Ernakulam, Kerala","PLOT 558 H B 47PANAMPILLY NAGAR, KOCHI, ERNAKULAM, കേരളം",0.0,0.45454545454545453,47,"47,558",1,0
S1-192860169,S2-484007518,Supreme Investments,सुप्रीम इन्वेस्टमेंट्स,"1/6644 Ground Floor, Kh.No-589/379-380 East Rohtash Nagar, Shahdara . Delhi, Shahdara, Delhi","SHAHDARA, #1/6644 GROUND FLOOR, दिल्ली",0.0,0.3125,"1,379,380,589,6644","1,6644",2,0
S1-812857732,S2-195861099,Mysore Producer Private Limited,Private Mysore Prducor Limited,"No 2818 1K, Ground Floor, 1St Cross, Chamundipuram, Mysore, Karnataka","MYSURU, 281 1K, MYSORE, Karnataka",0.6,0.25,"1,2818","1,281",1,0
S1-301330683,S2-492940715,Lakshmi Sunrise Marketing Private Limited,लक्ष्मी सनराइज मार्केटिंग प्राइवेट लिमिटेड,"Flat No 5, Uttam Towers 2Nd Floor, 3 Nagar Road, Pune, Pune City, Pune, Maharashtra","FLAT NO 5, PUNE CITY, PUNE, महाराष्ट्र",0.0,0.29411764705882354,"2,3,5",5,1,0
S1-850270436,S2-879141942,Raj Exports Private Limited,राज एक्सपोर्ट्स प्राइवेट लिमिटेड,"A-197, Shri Ram Nagar Kalwar Road, Jhotwara, Jaipur, Rajasthan","A-197, JAIPUR, Rajasthan",0.0,0.4,197,197,1,0
S1-179846151,S2-163339823,Tech Foods Private Limited,टेक फूड्स प्राइवेट लिमिटेड,"A-21 Kirti Nagar, New Delhi, Delhi","A-21 KIRTI NAGAR, दिल्ली, NEW DELHI",0.0,0.75,21,21,1,0
S1-729978778,S2-447775405,All Estate Private Limited,ऑल एस्टेट प्राइवेट लिमिटेड,"Office 702, 7Th Floor, B/68 Moreshwar Chsl Shanti Nagar, Sector 1, Mira Road, Thane, Maharashtra","OFFICE 702, THANE, Maharashtra",0.0,0.25,"1,68,7,702",702,1,0
S1-717514376,S2-321259543,Anand Bombay Investment Private Limited,PRIVATE ANAND BOBHY INVESTMENT LIMITED,"01, Modal Town Ship, Guna, Madhya Pradesh, Guna, Madhya Pradesh","01, GUNA, मध्य प्रदेश",0.6666666666666666,0.16666666666666666,01,01,1,0
S1-583234049,S2-636119594,Sky Consulting LLP,स्काई कंसल्टिंग एलएलपी,"P. No. 136, Flat No. 402, Ganesh Nagar, Mansarovar, Jaipur, Rajasthan","JAIPUR, P. NO. 136, Rajasthan",0.0,0.5,"136,402",136,1,0
S1-869379436,S2-337731311,Hitech Care Private Limited,હાઇટેક કેર પ્રાઇવેટ લિમિટેડ,"2Dd7, Balaji Agora, Gandhinagar, Gandhi Nagar, Gujarat","GANDHI NAGAR, 2DD7, ગુજરાત, GANDHINAGAR",0.0,0.4,"2,7","2,7",2,0
S1-922764773,S2-548723531,BGR Aqua,BGR Aeaq,"48 Dilkhusha Street, Kolkata, Calcutta, West Bengal","H.NO 48 DILKHUSHA STREET, KOLKATA, পশ্চিমবঙ্গ",0.3333333333333333,0.3076923076923077,48,48,1,0
S1-776979381,S2-63132247,Jay Finance Private Limited,जय फाइनेंस प्राइवेट लिमिटेड,"Central Delhi, Sf, Gali No. 2 East Patel Nagar, Delhi, 12/22, Delhi","H.NO 356/8 12/22, DELHI, CENTRAL DELHI, दिल्ली",0.0,0.3125,"12,2,22","12,22,356,8",2,0
S1-776979381,S2-88054027,Jay Finance Private Limited,जय फाइनेंस प्राइवेट लिमिटेड,"Central Delhi, Sf, Gali No. 2 East Patel Nagar, Delhi, 12/22, Delhi","DOOR NO 356/8 12/22, DELHI, CENTRAL DELHI, Delhi",0.0,0.35714285714285715,"12,2,22","12,22,356,8",2,0
S1-856548997,S2-847457923,Amritsar Projects Public Limited,Amritsar Projects,"Sco113-B, Darbara Complex, 1St Floor District Shopping Centre, Ranj, It Avenue, Amritsar, Punjab",,0.5,0.0,"1,113",,0,1
S1-295939771,S2-522275256,Ram Tirupati Industries Pvt Ltd,राम तिरुपति इंडस्ट्रीज प्रा. लि.,"F No. B 803, Tower B, Rosewood, Sirsi Road, Jaipur, Rajasthan","HN 551 F NO. B 803, JAIPUR, राजस्थान",0.0,0.3125,803,"551,803",1,0
S1-295939771,S2-206043917,Ram Tirupati Industries Pvt Ltd,राम तिरुपति इंडस्ट्रीज प्रा. लि.,"F No. B 803, Tower B, Rosewood, Sirsi Road, Jaipur, Rajasthan","HN 551 F NO. B 803, JAIPUR, Rajasthan",0.0,0.5,803,"551,803",1,0
S1-295939771,S2-773321646,Ram Tirupati Industries Pvt Ltd,राम तिरुपति इंडस्ट्रीज प्रा. लि.,"F No. B 803, Tower B, Rosewood, Sirsi Road, Jaipur, Rajasthan","HN 551 F NO. B 803, JAIPUR, Rajasthan",0.0,0.5,803,"551,803",1,0
S1-276031278,S2-637459864,Blue Products,ब्लू प्रोडक्ट्स,"A1, F3 Budh Vihar M Corp, Budhsinghpura, Sanganer, Jaipur, Rajasthan","A1, JAIPUR, Rajasthan",0.0,0.3,"1,3",1,1,0
S1-923872821,S2-938213532,Aggarwal Educational Pvt. Ltd.,Aggarwal Pvt Ltd Center,"55A Jaiuddin Mistry Lane, Kolkata, Calcutta, West Bengal","055A JAIUDDIN MISTRY LANE, KOLKATA, পশ্চিমবঙ্গ",0.6,0.3076923076923077,55,055,0,0
S1-365415432,S2-20520713,Sun Consultancy,সান কনসালটেন্সি,"21A, Shakespeare Sarani, Flat No.5C, 5Th Floor, Kolkata, Kolkata, Howrah, West Bengal","HOWRAH, HN ##582 21A, West Bengal, KOLKATA",0.0,0.35714285714285715,"21,5","21,582",1,0
S1-365415432,S2-642632290,Sun Consultancy,সান কনসালটেন্সি,"21A, Shakespeare Sarani, Flat No.5C, 5Th Floor, Kolkata, Kolkata, Howrah, West Bengal","HN ##582 21A, KOLKATA, HOWRAH, West Bengal",0.0,0.35714285714285715,"21,5","21,582",1,0
S1-225693239,S2-702693054,Icon & Sons Private Limited,Private Icon & Sons Ltd,"Gajanan Apts, Tanaji Nagar, Pune City, Maharashtra, Pune, 282/10","PUNE CITY, Maharashtra, 282/1",0.6666666666666666,0.4,"10,282","1,282",1,0
S1-804740881,S2-26440251,RH Films Limited,RH RH Fhilm Limited,"G- 10, Friends Paradise, Khandari, Agra, Uttar Pradesh",,0.5,0.0,10,,0,1
S1-30294997,S2-63156490,Girish Care LLP,Sri GIRISH LLP SERVICES,"Promoter B - 70, Sarvodya Enclave, New Delhi, Delhi",,0.4,0.0,70,,0,1
S1-881470782,S2-954221301,Sun Hospitality Private Limited,సన్ హాస్పిటాలిటీ ప్రైవేట్ లిమిటెడ్,"Plot No. 1, Sy No. 23 Abdullapurmet, Hyderabad, Telangana","H.NO 1, N/A, HYDERABAD, RANGAREDDY DIST, తెలంగాణ",0.0,0.17647058823529413,"1,23",1,1,0
S1-881470782,S2-894566596,Sun Hospitality Private Limited,సన్ హాస్పిటాలిటీ ప్రైవేట్ లిమిటెడ్,"Plot No. 1, Sy No. 23 Abdullapurmet, Hyderabad, Telangana","PLOT NO. 1, N/A, HYDERABAD, RANGAREDDY DIST, Telangana",0.0,0.4166666666666667,"1,23",1,1,0
S1-231951504,S2-631800722,Guru Enterprises Pvt Ltd,குரு எண்டர்பிரைசஸ் பிரைவேட் லிமிடெட்,"1503B, H Block, 7Th Street, Anna Nagar, Chennai, Tamil Nadu","1503B., CHENNAI, Tamil Nadu",0.0,0.4,"1503,7",1503,1,0
S1-314253253,S2-325279772,Lakshmi Technologies,લક્ષ્મી ટેક્નોલોજીસ,"R.S.No-2623, B758610360 Vill Visnagar Mog Tal Visnagar, Mahesana, Gujarat","R.S.NO-E623, MAHESANA, Gujarat",0.0,0.4166666666666667,"2623,758610360",623,0,0
S1-314253253,S2-792722887,Lakshmi Technologies,લક્ષ્મી ટેક્નોલોજીસ,"R.S.No-2623, B758610360 Vill Visnagar Mog Tal Visnagar, Mahesana, Gujarat","R.S.NO-2623, MAHESANA, Gujarat",0.0,0.5454545454545454,"2623,758610360",2623,1,0
S1-893750156,S2-290595095,Dream Power Private Limited,ड्रीम पावर प्राइवेट लिमिटेड,"# N-86/149, Lawrence Road Ind. Area, Blk-C-4, Keshavpuram, Delhi, North Delhi, Delhi","# N-86/149, DELHI, NORTH DELHI, Delhi",0.0,0.38461538461538464,"149,4,86","149,86",2,0
S1-842960650,S2-314696101,Sai Prime Care Private Limited,சாய் பிரைம் கேர் பிரைவேட் லிமிடெட்,"Dr. Muthulakshmi Street, Indra Nagar, Valasarawakkam, Door No.6, Chennai, Tamil Nadu, Chennai","DOOR NO.6, TIRUVALLUR, CHENNAI, Tamil Nadu",0.0,0.46153846153846156,6,6,1,0
S1-347626719,S2-818068631,KDW Agro Corporation,kdwagro.com #21903,"Uttar Pradesh, Meerut, 429/6 Shastri Nagar, Meerut","429/6 SHASTRI NAGAR, MEERUT, उत्तर प्रदेश",0.0,0.4166666666666667,"429,6","429,6",2,0
S1-959306036,S2-767447277,White Good Builders Private Limited,White Good Builders Private Ltd,"Ground Floor, Shope No 3, Orchid Residency, H.P. Stn Rd, Parganas, Parganas North, West Bengal",,0.6666666666666666,0.0,3,,0,1
S1-142031894,S2-769815422,Star Silver International Private Limited,स्टार सिल्वर इंटरनेशनल प्राइवेट लिमिटेड,"72 Jawahar Nagar Colony, Varanasi, Uttar Pradesh","72 JAWAHAR NAGAR COLONY, VARANASI, उत्तर प्रदेश",0.0,0.4166666666666667,72,72,1,0
S1-142031894,S2-707936444,Star Silver International Private Limited,स्टार सिल्वर इंटरनेशनल प्राइवेट लिमिटेड,"72 Jawahar Nagar Colony, Varanasi, Uttar Pradesh","VARANASI, उत्तर प्रदेश, VARANASI, 72 JAWAHAR NAGAR COLONY",0.0,0.4166666666666667,72,72,1,0
S1-714273609,S2-997984229,FUD It Private Limited,LIMITED FUD PRÍVATE [SERVICES],"Sy. No. 121, Vivekandanagara, Machohalli Gate, Dasanapura Hobli, Magadi Main Road, Bangalore North, Bangalore, Karnataka","Karnataka, SY. NO. 121, BANGALORE, BANGALORE NORTH",0.3333333333333333,0.42857142857142855,121,121,1,0
S1-136856367,S2-370499798,CL Solutions Private Limited,Priavnte CL Solutions Limited,"71/C Linton Street, Kolkata, Howrah, West Bengal","NO D/71/C LINTON STREET, KOLKATA, HOWRAH, পশ্চিমবঙ্গ",0.6,0.42857142857142855,71,71,1,0
S1-539568181,S2-951322302,Supreme International Private Limited,সুপ্রিম ইন্টারন্যাশনাল প্রাইভেট লিমিটেড,"31/3, Sahapur Colony Block-J, New Alipore, Kolkata, Howrah, West Bengal","31/3, KOLKATA, HOWRAH, West Bengal",0.0,0.5,"3,31","3,31",2,0
S1-14846754,S2-2540102,Shakti Shree Engineering Limited,ଶକ୍ତି ଶ୍ରୀ ଇଞ୍ଜିନିୟରିଂ ଲିମିଟେଡ୍,"Plot No - 266, Baramunda, Bhubaneswar, Khordha, Orissa","PLOT NO - 266, KHORDHA, Odisha, BHUBANESWAR",0.0,0.625,266,266,1,0
S1-14846754,S2-259567578,Shakti Shree Engineering Limited,ଶକ୍ତି ଶ୍ରୀ ଇଞ୍ଜିନିୟରିଂ ଲିମିଟେଡ୍,"Plot No - 266, Baramunda, Bhubaneswar, Khordha, Orissa","PLOT NO - 266, BHUBANESWAR, KHORDHA, ଓଡ଼ିଶା",0.0,0.5555555555555556,266,266,1,0
S1-14846754,S2-240213836,Shakti Shree Engineering Limited,ଶକ୍ତି ଶ୍ରୀ ଇଞ୍ଜିନିୟରିଂ ଲିମିଟେଡ୍,"Plot No - 266, Baramunda, Bhubaneswar, Khordha, Orissa","PLOT NO - 266, BHUBANESWAR, KHORDHA, Odisha",0.0,0.625,266,266,1,0
S1-770917351,S2-518559145,Lakshmi Properties Private Limited,ಲಕ್ಷ್ಮಿ ಪ್ರಾಪರ್ಟೀಸ್ ಪ್ರೈವೇಟ್ ಲಿಮಿಟೆಡ್,"Plot No 53C Praga Square, Ground Floor Bommasandra Industrial Area, Phase 1, Hosur Road, Bangalore South, Bangalore, Karnataka","PLOT NO 53C PRAGA SQUARE, BENGALURU HQ REGION, BANGALORE, Karnataka",0.0,0.35,"1,53",53,1,0
S1-101993739,S2-397558235,Serve & Associates Pvt Ltd,SERVE & ASSOCIATES PVT LIMITED,"Block-No-9-F-506 Raintree Park Kphb, Hyderabad, Rangareddy, Telangana",,0.6666666666666666,0.0,"506,9",,0,1
S1-779826304,S2-973267380,One Restaurant Pvt Ltd,One Réatcdstlt Pvt Ltd,"A-418, Aurus Chamber, S S Amrutwar Lane, Nr. Mahindra Tower, W, Orli, Mumbai, Mumbai City, Maharashtra",,0.6,0.0,418,,0,1
S1-94825725,S2-376128308,Sree East Agro Private Limited,শ্রী ইস্ট অ্যাগ্রো প্রাইভেট লিমিটেড,"Howrah, Kolkata, Talpukur Road, Lokenath Bhavan Behala, Sorsuna Ghosh Para, Kolkata, 7/14, West Bengal","7/14, CALCUTTA, HOWRAH, West Bengal",0.0,0.3333333333333333,"14,7","14,7",2,0
S1-94825725,S2-836804395,Sree East Agro Private Limited,শ্রী ইস্ট অ্যাগ্রো প্রাইভেট লিমিটেড,"Howrah, Kolkata, Talpukur Road, Lokenath Bhavan Behala, Sorsuna Ghosh Para, Kolkata, 7/14, West Bengal","7/14, CALCUTTA, HOWRAH, West Bengal",0.0,0.3333333333333333,"14,7","14,7",2,0
S1-885773363,S2-723660669,Ktn Services Limited,Ktn Ktn Services,"L30/6, Dlf City Phase 2, Gurugram, Dlf Qe, Gurgaon, Haryana","L30/6, DLF CITY PHASE 2, GURUGRAM, DLF QE, हरियाणा",0.6666666666666666,0.6153846153846154,"2,30,6","2,30,6",3,0
S1-885773363,S2-692384998,Ktn Services Limited,Ktn Services Límited,"L30/6, Dlf City Phase 2, Gurugram, Dlf Qe, Gurgaon, Haryana","L30/6, DLF CITY PHASE 2, GURGURAM, DLF QE, हरियाणा",0.5,0.5,"2,30,6","2,30,6",3,0
S1-127190662,S2-570269059,Ganesh Social Limited,Ganesh Limited Services Enterprises,"No 4193, Vb Hbcs Layout, Girinagar 4Th Phase, Bsk 3Rd, Bangalore, Karnataka",,0.4,0.0,"3,4,4193",,0,1
S1-887991539,S2-369703879,Premier Universal Consultants Pvt Ltd,ప్రీమియర్ యూనివర్సల్ కన్సల్టెంట్స్ ప్రైవేట్ లిమిటెడ్,"H No 8-2-248/A/5/6, Road No. 3, Khairatabad, Hyderabad, Telangana","KHAIRATABAD, HYDERABAD, H NO 8-2-248/A/5/6, Andhra Pradesh",0.0,0.6666666666666666,"2,248,3,5,6,8","2,248,5,6,8",5,0
S1-887991539,S2-155209140,Premier Universal Consultants Pvt Ltd,ప్రీమియర్ యూనివర్సల్ కన్సల్టెంట్స్ ప్రైవేట్ లిమిటెడ్,"H No 8-2-248/A/5/6, Road No. 3, Khairatabad, Hyderabad, Telangana","NO 8-2-248/A/5/6, ROAD NO. 3, HYDERABAD, Andhra Pradesh, KHAIRATABAD",0.0,0.7333333333333333,"2,248,3,5,6,8","2,248,3,5,6,8",6,0
S1-347758834,S2-110486740,Real Construction LLP,रियल कंस्ट्रक्शन एलएलपी,"Industrial Block, Gala No. 13, Ground Floor, Plot No- E- 1/2 (53 & 54) Midc, Baramati, Pune, Maharashtra","INDUSTRIAL BLOCK, BARAMATI, महाराष्ट्र",0.0,0.13636363636363635,"1,13,2,53,54",,0,0
S1-379549657,S2-815107759,New Delhi Protection Private Limited,New Delhi Protection Pmrtiamte Limited,"313, Abhiyan Apartment C.G.H.S., Plot No 15, Sector-12, Dwarka, New Delhi, South West Delhi, Delhi","313 , ABHIYAN APARTMENT C.G.H.S., PLOT NO 15, SECTOR-12, DWARKA, NEW DELHI, दिल्ली",0.6666666666666666,0.7894736842105263,"12,15,313","12,15,313",3,0
S1-315786514,S2-486364280,Alpha Energy Private Limited,अल्फा एनर्जी प्राइवेट लिमिटेड,"Maharashtra, Mumbai City, Mumbai, Floor-Grd, Plot-131, Duleray Mulji Chawl Dr Mascarenhas Road, Old Anjirwadi Mazgaon, 9","9, MUMBAI, MUMBAI CITY, Maharashtra",0.0,0.23529411764705882,"131,9",9,1,0
S1-799009226,S2-988965998,Shakti Management Limited,शक्ति मैनेजमेंट लिमिटेड,"A602, Floor-6Thplot-706/, 707, A Wing, Issardas, Mumbai, Maharashtra","Maharashtra, MUMBAI, A602, MUMBAI",0.0,0.3,"6,602,706,707",602,1,0
S1-591250131,S2-674803148,RRZ Technologies Ltd,Ltd RRZ Techn0logies,"57 Raja Basanta Roy Road, Kolkata, Calcutta, West Bengal","NO 057 RAJA BASANTA ROY ROAD, KOLKATA, NO BLOCK, পশ্চিমবঙ্গ",0.5,0.3125,57,057,0,0
S1-66609434,S2-101961061,Hans Polytechnic,hans p0lytechnic,"C/O Ali Hossain Khan, Vill-Dihi Baliharpur P.O., Ghatal, West Midnapore, West Bengal",,0.3333333333333333,0.0,,,0,1
S1-229083287,S2-958964461,Creative Media Private Limited,क्रिएटिव मीडिया प्राइवेट लिमिटेड,"C-1/18/F, Sector F, Jankipuram, Lucknow, Uttar Pradesh","C-1/18/F, SECTOR F, JANKIPURAM, LUCKNOW, उत्तर प्रदेश",0.0,0.5,"1,18","1,18",2,0
S1-975797353,S2-718939407,BV Products Private Limited,BV  Ptobducts Private Limited,"3-1-118, Vaddipalem, Kovur, Nellore, Andhra Pradesh","3-1-118, VADDIPALEM, KOVUR, ఆంధ్రప్రదేశ్",0.6,0.38461538461538464,"1,118,3","1,118,3",3,0
S1-925457593,S2-653814515,Surya Sky Investment Private Limited,सूर्य स्काई इन्वेस्टमेंट प्राइवेट लिमिटेड,"S/O Sri Deo Dutt, Shyam Bazar, Main Road Rajiv Nagar, Patliputra, Patna, Bihar","PLOT 973 S/O SRI DEO DUTT, SHERPUR ,PATNA, Bihar",0.0,0.4117647058823529,,973,0,0
S1-46777693,S2-583055296,Tirupati Technologies,तिरुपति टेक्नोलॉजीज,"B-1-825, Dlf, Mypad, Vibhutikhand, Gomti Nagar, Lucknow, Uttar Pradesh","B-1-82, SIRMATHURA, LUCKNOW, Uttar Pradesh",0.0,0.38461538461538464,"1,825","1,82",1,0
S1-788928385,S2-397416832,Aarvtech Technologies Private Limited,Aarvtech-Technologies Private (ID: 7492),"D-48, 2Nd Floor, New Delhi, South Delhi, Delhi","D-#48, 2ND FLOOR, NEW DELHI, Delhi",0.5,0.8571428571428571,"2,48","2,48",2,0
S1-632444468,S2-515297104,Apex Consultancy Limited,অ্যাপেক্স কনসালটেন্সি লিমিটেড,"115, Bosepukur Road, Kolkata, Howrah, West Bengal","#184 115, KOLKATA, null, West Bengal",0.0,0.4444444444444444,115,"115,184",1,0
S1-632444468,S2-693791143,Apex Consultancy Limited,Apex Consultancy,"115, Bosepukur Road, Kolkata, Howrah, West Bengal","#184 115, BOSEPUKUR ROAD, KOLKATA, null, পশ্চিমবঙ্গ",0.6666666666666666,0.3076923076923077,115,"115,184",1,0
S1-283604015,S2-714856221,Devon Products Private Limited,Devon Products Priatave Limited,"Jhoomer Ghat, Rasalpura, Near Rao A.B. Road, Indore, Madhya Pradesh",,0.6,0.0,,,0,1
S1-527519157,S2-345416699,Red Shree Finance Pvt Ltd,रेड श्री फाइनेंस प्रा. लि.,"Ground Floor, House No 94, Block - Ru, Pitampura, Delhi, North West Delhi, Delhi","GROUND FLOOR, DELHI, SARASWATI VIHAR PITAMPURA, Delhi",0.0,0.3076923076923077,94,,0,0
S1-527519157,S2-516541027,Red Shree Finance Pvt Ltd,रेड श्री फाइनेंस प्रा. लि.,"Ground Floor, House No 94, Block - Ru, Pitampura, Delhi, North West Delhi, Delhi","दिल्ली, VISHAKA ENCLAVE, GROUND FLOOR, HOUSE NO 94, BLOCK - RU, PITAMPURA, NORTH WEST DELHI",0.0,0.7333333333333333,94,94,1,0
S1-655267185,S2-181521845,Om Construction Private Limited,ॐ कंस्ट्रक्शन प्राइवेट लिमिटेड,"148, First Floor, Gali No. 1 Khajoori Khas, Delhi, East Delhi, Delhi","DELHI, EAST DELHI, Delhi, 148",0.0,0.3,"1,148",148,1,0
S1-76397773,S2-759820649,Life Energy Limited,ലൈഫ് എനർജി ലിമിറ്റഡ്,"39/ 2475ÂB1, Suite#223, Lr Towers, Sjrra 104 S Janatha Rd, Palarivattom, Kochi, Ernakulam, Kerala","39//6 2475ÂB1, SUITE#223, LR TOWERS, SJRRA 104 S JANATHA RD, PALARIVATTOM, COCHIN, KERALA, Keralam",0.0,0.7368421052631579,"1,104,223,2475,39","1,104,223,2475,39,6",5,0
S1-76397773,S2-614403383,Life Energy Limited,ലൈഫ് എനർജി ലിമിറ്റഡ്,"39/ 2475ÂB1, Suite#223, Lr Towers, Sjrra 104 S Janatha Rd, Palarivattom, Kochi, Ernakulam, Kerala","39//6 2475ÂB1, SUITE#223, LR TOWERS, SJRRA 104 S JANATHA RD, PALARIVATTOM, COCHIN, KERALA, Keralam",0.0,0.7368421052631579,"1,104,223,2475,39","1,104,223,2475,39,6",5,0
S1-370510191,S2-612330123,Shiv Media Private Limited,ಶಿವ್ ಮೀಡಿಯಾ ಪ್ರೈವೇಟ್ ಲಿಮಿಟೆಡ್,"D-8/10, Sultanpet, Bangalore, 'Sri Balaj Complex'No.125, Karnataka","PLOT 768 D-8/10, BANGALORE, SULTANPET, ಕರ್ನಾಟಕ",0.0,0.3125,"10,125,8","10,768,8",2,0
S1-164417618,S2-557287803,Bombay Industries Pvt Ltd,बॉम्बे इंडस्ट्रीज प्रा. लि.,"E-687, Delhi, Gali No. 21 Kh No.823 Ashok Nagar Shahdara, Delhi, North East","E-D/687, DELHI, NORTH EAST, Delhi",0.0,0.35714285714285715,"21,687,823",687,1,0
S1-125418732,S2-272612595,City Management Private Limited,Dovalyra,"Iii Rd Floor, Sdf-17 Csez, Kakkanad, Cochin, Kerala","III RD FLOOR, ERNAKULAM, COCHIN, കേരളം",0.0,0.3333333333333333,17,,0,0
S1-145743987,S2-510946651,Kuvam Brothers Private Limited,Kuvam Brothers Private Private Ltd,"H N 26 Ward No 7, C/O Guddi Devi, Gola, Gorakhpur, Uttar Pradesh","H N 26 WARD NO 7, C/O GUDDI DEVI, GOLA, उत्तर प्रदेश",0.6,0.5789473684210527,"26,7","26,7",2,0
S1-989735789,S2-734920864,Image Traders Private Limited,lmage-Trtres Private Limited,"C/O Gurukool, Under Gr. P, Aurangabad, Maharashtra","C/O GURKUOOL, MUMBAI, AURANGABAD, महाराष्ट्र",0.3333333333333333,0.21428571428571427,,,0,0
S1-355022037,S2-3110198,CQ Dham Ltd,cqdham.com,"704, Gautam Buddha Nagar, Uttar Pradesh, Matrix Tower Sector-132, Noida","704, NOIDA, GAUTAM BUDDHA NAGAR, Uttar Pradesh",0.0,0.6363636363636364,"132,704",704,1,0
S1-611380688,S2-723949720,New Delhi Foundation Private Limited,Brixvantage,"C-74, S/F Neeti Bagh, New Delhi, South Delhi, Delhi","C-74/1, NEW DELHI, SOUTH DELHI, दिल्ली",0.0,0.4166666666666667,74,"1,74",1,0
S1-611380688,S2-386094623,New Delhi Foundation Private Limited,New Delhi Foundation Private Ltd,"C-74, S/F Neeti Bagh, New Delhi, South Delhi, Delhi","C-74/1, S/F NEETI BAGH, NEW DELHI, दिल्ली",0.6666666666666666,0.6666666666666666,74,"1,74",1,0
S1-333569461,S2-260091525,Vision Investment Private Limited,విజన్ ఇన్వెస్ట్‌మెంట్ ప్రైవేట్ లిమిటెడ్,"Plot No 20, Flat No-302 Sri Sai Nagar, Beside Jntu, Kukatpally, Hyderabad, Rangareddy, Telangana","PLOT NO 20, HYDERABAD CITY REGION, RANGAREDDY, Telangana",0.0,0.375,"20,302",20,1,0
S1-333569461,S2-974455403,Vision Investment Private Limited,విజన్ ఇన్వెస్ట్‌మెంట్ ప్రైవేట్ లిమిటెడ్,"Plot No 20, Flat No-302 Sri Sai Nagar, Beside Jntu, Kukatpally, Hyderabad, Rangareddy, Telangana","20, HYDERABAD CITY REGION, Telangana",0.0,0.1875,"20,302",20,1,0
S1-78483256,S2-454281289,Sane & Sons of Powai Private Limited,Smt Sane & Sons of Private Limited Center Center,"2Nd Floor, Millennium Tower Behind Ioc Petrol Pump, Powai, Mumbai, Maharashtra",,0.6666666666666666,0.0,2,,0,1
S1-176067927,S2-369248452,Ram Consultancy Private Limited,రామ్ కన్సల్టెన్సీ ప్రైవేట్ లిమిటెడ్,"Sy. No. 523, Plot No. 3/B, I.P. Nadargul, Balapur Mandal, Rangareddy, K.V.Rangareddy, Telangana","SY. NO. 523, RANGAREDDY, K.V.RANGAREDDY, తెలంగాణ",0.0,0.3157894736842105,"3,523",523,1,0
S1-248049037,S2-674403026,Astro Organics Private Limited,Mr Astro Private Limited Partners,"Haryana, Gurugram, Tower 14, M3M Golf Estate, Sector - 65, Flat #1405C, Gurgaon",,0.5,0.0,"14,1405,3,65",,0,1
S1-652039310,S2-722776439,Pawan Trading Pvt Ltd,Pawan Tráding Pvt,"Mig 64, 1St Floor Hb Colony, Visakhapatnam, Vishakhapatnam, Andhra Pradesh","MIG #64, 1ST FLOOR HB COLONY, VIFAKHAPATNAM, ఆంధ్రప్రదేశ్",0.4,0.375,"1,64","1,64",2,0
S1-34396518,S2-596281358,FCQ Finance,FCQ Finance Corporation,"Plot No 81, Chikhali Layout, Nagpur, Maharashtra","PLOT NO 81, CHIKHALI LAYOUT, महाराष्ट्र",0.6666666666666666,0.45454545454545453,81,81,1,0
S1-745843033,S2-381794068,Del Clinic,DEL CLINIC CORPORATION (ID: 84654),"1St Floor, Block-H 9, Malviya Nagar, House No. H-9/11, New Delhi, Delhi, South Delhi","HOUSE NO. H-9/11/5, 1ST FLOOR, BLOCK-H 9, MALVIYA NAGAR, NEW DELHI, दिल्ली",0.4,0.75,"1,11,9","1,11,5,9",3,0
S1-922093079,S2-465416333,Continental Investments,Continental Isnveemnts,"S/O. Shri Bulbule Annasaheb Mukhtram At. Haratkheda, Ambad, Jalna, Maharashtra",,0.3333333333333333,0.0,,,0,1
S1-896590045,S2-808831556,Hotel Management,होटल मैनेजमेंट,"Umarpurniva, Allahabad, Uttar Pradesh","UMARPUNRIVA, RAJGARH, ALLAHABAD, उत्तर प्रदेश",0.0,0.09090909090909091,,,0,0
S1-218606863,S2-990632218,Delhi Diving Private Limited,Delhi Diving Prívate Ltd,"E-18-A East Vinod Nagar, Delhi, East Delhi, Delhi",,0.3333333333333333,0.0,18,,0,1
S1-925725232,S2-907309153,Silver Tech Private Limited,Silver Téch Private Limited,"27/7Shakti Nagar, Delhi, North Delhi, Delhi","DOOR NO 27/7SHAKTI NAGAR, DELHI, Delhi",0.6,0.5714285714285714,"27,7","27,7",2,0
S1-702065685,S2-644836190,Sree Infotech Private Limited,श्री इंफोटेक प्राइवेट लिमिटेड,"New Delhi, North Delhi, Ashok Vihar, Phase-1, Delhi, G-2","G-2, NEW DELHI, NORTH DELHI, Delhi",0.0,0.5555555555555556,"1,2",2,1,0
S1-702065685,S2-723212431,Sree Infotech Private Limited,श्री इंफोटेक प्राइवेट लिमिटेड,"New Delhi, North Delhi, Ashok Vihar, Phase-1, Delhi, G-2","G-2, NEW DELHI, NORTH DELHI, दिल्ली",0.0,0.45454545454545453,"1,2",2,1,0
S1-613007433,S2-758369087,QFA Samarth,QFA  Services,"11/5, South Tukoganj, Indore, Madhya Pradesh","G-11/5, SOUTH TUKOGANJ, मध्य प्रदेश",0.3333333333333333,0.3076923076923077,"11,5","11,5",2,0
S1-535210480,S2-124372231,Maa Management Private Limited,माँ मैनेजमेंट प्राइवेट लिमिटेड,"Floor 4, Onlooker Building, Sir P M Road, Fort, Mumbai, Mumbai City, Maharashtra","FLOOR ##4, BANGALORE URBAN, MUMBAI CITY, महाराष्ट्र",0.0,0.2222222222222222,4,4,1,0
S1-310850117,S2-180263001,Surya Infra Private Limited,సూర్య ఇన్‌ఫ్రా ప్రైవేట్ లిమిటెడ్,"Warangal, Charbowli, Nizampura, Telangana, Warangal Urban, 14-8-27","PLOT 340- 14-8-27, WARANGAL URBAN, Telangana",0.0,0.6,"14,27,8","14,27,340,8",3,0
S1-830651687,S2-357650190,Jai Products Private Limited,ಜೈ ಪ್ರೊಡಕ್ಟ್ಸ್ ಪ್ರೈವೇಟ್ ಲಿಮಿಟೆಡ್,"Plot No. 62/P, 1St Cross, Near Aarya Plastopet Firm, Machenahalli Industrial Area, Bhadravathi, Shimoga, Karnataka","Karnataka, ##62/P, SHIMOGA",0.0,0.25,"1,62",62,1,0
S1-575923746,S2-135881945,Real Alpha Energy Private Limited,રિયલ આલ્ફા એનર્જી પ્રાઇવેટ લિમિટેડ,"Ahmadabad City, Gujarat, Sun Gravitos, Radio Mirchi Road, Near Parekh Hospital, Vejalpur, 931-932, Ahmedabad","D/931-932, AHMEDABAD, Gujarat",0.0,0.25,"931,932","931,932",2,0
S1-575923746,S2-672659247,Real Alpha Energy Private Limited,રિયલ આલ્ફા એનર્જી પ્રાઇવેટ લિમિટેડ,"Ahmadabad City, Gujarat, Sun Gravitos, Radio Mirchi Road, Near Parekh Hospital, Vejalpur, 931-932, Ahmedabad","D/931-932, AHMADABAD CITY, Gujarat",0.0,0.3125,"931,932","931,932",2,0
S1-496766350,S2-976106406,Surya Solutions LLP,सूर्य सॉल्यूशंस एलएलपी,"C-568, Saraswati Vihar Pitampura, Delhi, North West, Delhi","NO 0507 C-568, DELHI, SARASWATI VIHAR, Delhi",0.0,0.5,568,"0507,568",1,0
S1-720936980,S2-780306057,Indian Agro Private Limited,ઇન્ડિયન એગ્રો પ્રાઇવેટ લિમિટેડ,"4Th Foor, Block A/406 To 407, Sahjanand Business Park, S.P. Ring Road, Nikol, Ahmedabad, Gujarat","4TH FOOR, AHMEDABAD, Gujarat",0.0,0.23529411764705882,"4,406,407",4,1,0
S1-833885809,S2-41749422,Shree Sangh,SHREE SSÁTH,"Shop No.408, 4Th Floor, Gitanjali Complex, Peles Road, Palanpur, Banas Kantha, Gujarat",,0.3333333333333333,0.0,"4,408",,0,1
S1-537511351,S2-754655632,Jain Software Private Limited,ಜೈನ್ ಸಾಫ್ಟ್‌ವೇರ್ ಪ್ರೈವೇಟ್ ಲಿಮಿಟೆಡ್,"No.63/2, Gm Garden, 1St Floor, 6Th Cross, Sarakki Main Road, J P Nagar, 1St Phase, Bengaluru, Bangalore, Karnataka","#0063/2, BANGALORE, BENGALURU, Karnataka",0.0,0.2,"1,2,6,63","0063,2",1,0
S1-697403219,S2-136700250,Innovative Consulting Pvt Ltd,इनोवेटिव कंसल्टिंग प्रा. लि.,"220 B, Ground Floor, Block- Udhyog Kendra Extn-1, Sector-Ecotech-Iii, Noida, Gautam Buddha Nagar, Uttar Pradesh","220 B, GAUTAM BUDDHA NAGAR, उत्तर प्रदेश",0.0,0.21739130434782608,"1,220",220,1,0
S1-441957710,S2-191343737,PN Source Private Limited,Limited PN Source Center,"29, Russa Road, Second Lane, Ground Floor P.S. Charu Market, Kolkata, Kolkata, Howrah, West Bengal","29, HOWRAH, পশ্চিমবঙ্গ",0.6,0.10526315789473684,29,29,1,0
S1-652923996,S2-686759771,Sweet Community Private Limited,SWEET COMMUNITY,"H. No.- D-1/31, Sector-I, Aliganj, Lucknow, Uttar Pradesh","H. NO.- D-1/31, SECTOR-I, ALIGANJ, LUCKNOW, उत्तर प्रदेश",0.5,0.5625,"1,31","1,31",2,0
S1-163708697,S2-250164391,Sree Impex Pvt Ltd,श्री इम्पेक्स प्रा. लि.,"16/18, Yusuf Mansion, Dariyasthan Street 2Nd Floor, Room No, 19, Masjid West, Mumbai, Mumbai City, Maharashtra","PLOT 644 16/18, GREATER BOMBAY, null, Maharashtra",0.0,0.14285714285714285,"16,18,19,2","16,18,644",2,0
S1-581697251,S2-192744253,GDK Producer Pvt Ltd,GDK Pcrdusdre Pvt Ltd,"404, 4Th Floor, Naurang House, 21 K. G. Marg, New Delhi, Central Delhi, Delhi",,0.6,0.0,"21,4,404",,0,1
S1-928447308,S2-554716538,High Constructions Private Limited,High Constructions-Private,"No.56 Rawthers 2Nd Main, Teacher'S Layout Vidy, Aranyapura, Bangalore, Karnataka",,0.75,0.0,"2,56",,0,1
S1-848379062,S2-900850530,Advance Developers Private Limited,ADVANCE DEVELOPERS PRIVATE LTD,"Vp/Xiii/125, Thathwamasi Choozhattukotta, Thiruvananthapuram, Trivandrum, Kerala",,0.6,0.0,125,,0,1
S1-722403340,S2-492961727,Excon Brothers Private Limited,Excon Brothers Limited Services,"Plot No. 48, Gidc, Bharuch, Gujarat","NO 48 , GIDC, BHARUCH, ગુજરાત",0.6,0.4444444444444444,48,48,1,0
S1-321848139,S2-414088400,Gupta Public School,GUPTA PUBLIC-SRHOCOL,"C-40, Sector-88, Noida, Gautam Buddha Nagar, Uttar Pradesh","Uttar Pradesh, C-40, SECTOR-88, NOIDA",0.5,0.7,"40,88","40,88",2,0
S1-882095111,S2-419987790,Creative Developers Private Limited,Creative Developers Pbbivte Pbbivte Limited,"Sb-155, 3Rd Floor Sector 63A, Noida, Gautam Buddha Nagar, Uttar Pradesh","SB-155, 3RD FLOOR SECTOR 63A, NOIDA, Uttar Pradesh",0.6,0.75,"155,3,63","155,3,63",3,0
S1-882095111,S2-294534946,Creative Developers Private Limited,क्रिएटिव डेवलपर्स प्राइवेट लिमिटेड,"Sb-155, 3Rd Floor Sector 63A, Noida, Gautam Buddha Nagar, Uttar Pradesh","GAUTAM BUDDHA NAGAR, Uttar Pradesh, NOIDA, SB-155",0.0,0.6666666666666666,"155,3,63",155,1,0
S1-484133280,S2-829102701,Bombay Foods Private Limited,बॉम्बे फूड्स प्राइवेट लिमिटेड,"H.No. C/5, Kendriya Vihar Plot No. 49, Sec-56, Gurgaon, Haryana","H.NO. C/5, GURGAON, Haryana",0.0,0.5,"49,5,56",5,1,0
S1-731589135,S2-147880023,Dynamic Global Private Limited,டைனமிக் குளோபல் பிரைவேட் லிமிடெட்,"Chennai-3, Chennai, 6, Tamil Nadu, Nabikhan Subedar Streetperimet Chennai-3","6, CHENNAI-3, CHENNAI, தமிழ்நாடு",0.0,0.25,"3,6","3,6",2,0
S1-589417841,S2-416167311,Arihant Constructions Private Limited,Arihant Constructions Private Ltd,"Office No 303, 3Rd Floor, Dilkap Chambers, Near Funreplice Veera Ind Estate, Vd Road, Andheri (W), Mumbai, Maharashtra",,0.6,0.0,"3,303",,0,1
S1-971304785,S2-761423696,Om Enterprises Private Limited,ओम एंटरप्राइजेज प्राइवेट लिमिटेड,"3/258, Lucknow, Uttar Pradesh","DOOR NO 87 3/258, LUCKNOW, Uttar Pradesh",0.0,0.625,"258,3","258,3,87",2,0
S1-361906899,S2-242458300,Mumbai Innovations Private Limited,Mumbai Innovations Limited Limited Center,"A-501 Padamvati Nagaridindayal Upadhyay Marg Mulund West, Mumbai, Maharashtra",,0.6,0.0,501,,0,1
S1-36862231,S2-752374640,Galaxy Infra Private Limited,ಗ್ಯಾಲಕ್ಸಿ ಇನ್‌ಫ್ರಾ ಪ್ರೈವೇಟ್ ಲಿಮಿಟೆಡ್,"Bangalore, Karnataka, Sy No. (S)39, (P), 41(P), 42(P), Electronic City Phase I, Doddathogur Village, Begur Hobl, I Taluk","SY NO. (S)39, BANGALORE, Karnataka",0.0,0.3333333333333333,"39,41,42",39,1,0
S1-711223484,S2-302097979,Anand Investment Pvt Ltd,आनंद इन्वेस्टमेंट प्रा. लि.,"C-14, Ii Phase Sagar Avenue, Ayodhya Bypass Road, Bhopal, Madhya Pradesh","C-14/4, BHOPAL, Madhya Pradesh",0.0,0.38461538461538464,14,"14,4",1,0
S1-975582759,S2-699856953,Mumbai Services Pvt Ltd,Mumbai Pvt Ltd Service,"Mumbai, Prabhat Chambers, Plot No 92, S.V. Road, Mumbai, Maharashtra, Off-401",,0.6,0.0,"401,92",,0,1
S1-740695259,S2-273095803,MB Servicesprivate Corp,MB 5ervicesprivtae Corp,"39 Tara Chand Dutta Street Kolkata, Kolkata, Howrah, West Bengal","H.NO 39 TARA CHAND DUTTA STREET KOLKATA, KOLKATA, KOLKATA, পশ্চিমবঙ্গ",0.5,0.4,39,39,1,0
S1-183358364,S2-20446233,Shakti Infrastructure Private Limited,शक्ति इंफ्रास्ट्रक्चर प्राइवेट लिमिटेड,"F No 3 808, Block No 3, Royal Greens Sirsi Road, Jaipur, Rajasthan","F NO 3 808, JAIPUR, <NULL>, Rajasthan",0.0,0.5,"3,808","3,808",2,0
S1-183358364,S2-290105912,Shakti Infrastructure Private Limited,शक्ति इंफ्रास्ट्रक्चर प्राइवेट लिमिटेड,"F No 3 808, Block No 3, Royal Greens Sirsi Road, Jaipur, Rajasthan","F NO 3 808, JAIPUR, <NULL>, राजस्थान",0.0,0.3125,"3,808","3,808",2,0
S1-724367548,S2-732654555,My It Limited,माय आईटी लिमिटेड,"52 Sukh Shanti Nagar, Indore, Madhya Pradesh","मध्य प्रदेश, INDORE, DOOR NO 52. SUKH SHANTI NAGAR",0.0,0.35714285714285715,52,52,1,0
S1-724367548,S2-550188591,My It Limited,MY-IT LTD,"52 Sukh Shanti Nagar, Indore, Madhya Pradesh","H.NO 52. SUKH SHANTI NAGAR, INDORE, मध्य प्रदेश",0.5,0.35714285714285715,52,52,1,0
S1-553286477,S2-62215752,Aditya Agro Private Limited,ಆದಿತ್ಯ ಅಗ್ರೋ ಪ್ರೈವೇಟ್ ಲಿಮಿಟೆಡ್,"4Th Cross, Chikkadugodi, Tavarekere, No 94/26, Bangalore, Karnataka","NO 94/26, BANGALORE, Karnataka",0.0,0.5555555555555556,"26,4,94","26,94",2,0
S1-646580804,S2-611680956,One Builders Limited,वन बिल्डर्स लिमिटेड,"179/3, Western Avenue Sainik Farms, New Delhi, South Delhi, Delhi","179/3, NEW DELHI, SOUTH DELHI, Delhi",0.0,0.5555555555555556,"179,3","179,3",2,0
S1-305394473,S2-6872810,Lakshmi Marketing LLP,लक्ष्मी मार्केटिंग एलएलपी,"Shop No.3, Thane, Maharashtra, Thane, Mahaveer Complex, A Wing, Opp. Golden Park Hospital, Sai Nagar, Va, Sai (W)","DOOR NO ##3, THANE, Maharashtra",0.0,0.2222222222222222,3,3,1,0
S1-771136916,S2-565090297,Silver Enterprises Private Limited,SILVER ENTERPRISES PRIVATE,"905 Unicorn Chandak Commercial Bldg, Maharashtra, Village Ambivali Off Veera Desai Road We. Nr Janki Centre, Mumbai",,0.75,0.0,905,,0,1
S1-57249951,S2-501359056,Career Ai Corp,CAI.COM,"Mumbai, Flat No.11, Maharashtra, Borivali (West), 4Th Floor, Gorai Anand, Gorai 2","FLCT NO.11, MUMBAI, BORIVALI (WEST), Maharashtra",0.0,0.46153846153846156,"11,2,4",11,1,0
S1-991557451,S2-654808021,Modern International Limited,ಮಾಡರ್ನ್ ಇಂಟರ್‌ನ್ಯಾಷನಲ್ ಲಿಮಿಟೆಡ್,"No.21, 002-Gf, Reva Residency, 4Th 'A'Cross, Keb Main Road, Ittamadu, Bsk 3Rd Stage, Bangalore, Karnataka","BANGALORE, NO.D/21, BANGALORE, Karnataka",0.0,0.21052631578947367,"002,21,3,4",21,1,0
S1-422777328,S2-850798433,Eastern Enterprises,ইস্টার্ন এন্টারপ্রাইজেস,"21, Hemanta Basu Sarani, ' Center Point ' 2Nd Floor, Room No- 208, Kolkata, Howrah, West Bengal","#21, KOLKATA, HOWRAH, West Bengal",0.0,0.3333333333333333,"2,208,21",21,1,0
S1-142157623,S2-318542993,Sumati Diamond Pvt Ltd,Sumati Dmdn Pvt Ltd,"95 Mile Stone, Near Toll Plaza, Panipat, Haryana",,0.6,0.0,95,,0,1
S1-150472537,S2-921943336,Rewa & Co,Lumdelta,"R. No 502, 5Th-Fr, 5/A Netai Haldar Street, Kolkata, Kolkata, Howrah, West Bengal","R. NO ##502, KOLKATA, West Bengal",0.0,0.42857142857142855,"5,502",502,1,0
S1-150472537,S2-7721957,Rewa & Co,R.COM,"R. No 502, 5Th-Fr, 5/A Netai Haldar Street, Kolkata, Kolkata, Howrah, West Bengal","R. NO ##502, KOLKATA, West Bengal",0.0,0.42857142857142855,"5,502",502,1,0
S1-984188814,S2-230146397,Universal Logistics Limited,यूनिवर्सल लॉजिस्टिक्स लिमिटेड,"B-3/3, First Floor Safdarjung Enclave, Delhi, South Delhi, Delhi","HN 248 B-3/3, DELHI, SOUTH DELHI, Delhi",0.0,0.4,3,"248,3",1,0
S1-930577613,S2-363237852,Tech Consultants Pvt Ltd,ਟੈਕ ਕੰਸਲਟੈਂਟਸ ਪ੍ਰਾ. ਲਿ.,"Third Floor, Scf-22 Phase-7 Sector-61, Mohali, Punjab","Punjab, MOHALI, THIRD FLOOR, MOHALI",0.0,0.4,"22,61,7",,0,0
S1-142486534,S2-709405847,New Jain Enterprises Limited,न्यू जैन एंटरप्राइजेज लिमिटेड,"1853, C/10 Govindpuri Ext., Kalkaji, New Delhi, South Delhi, Delhi","3853, NEW DELHI, SOUTH DELHI, Delhi",0.0,0.3,"10,1853",3853,0,0
S1-142486534,S2-795692367,New Jain Enterprises Limited,न्यू जैन एंटरप्राइजेज Limited,"1853, C/10 Govindpuri Ext., Kalkaji, New Delhi, South Delhi, Delhi","SOUTH DELHI, Delhi, 3853",0.09090909090909091,0.2,"10,1853",3853,0,0
S1-310650564,S2-194046993,Lakshmi Consulting Pvt Ltd,लक्ष्मी कंसल्टिंग प्रा. लि.,"13/40, Nhb Colony, Anand Chhaya Bus Stop, Satpur, Nashik, Maharashtra","NASHIK, Maharashtra, 0013/40, NASHIK, MAHARASHTRA",0.0,0.25,"13,40","0013,40",1,0
S1-993957295,S2-609957197,CPT Estates Limited,CPT Limited Center,"A-85, New Delhi, West Delhi, Om Vihar Phase 5, Delhi","A-8-5, OM VIHAR PHASE 5, NEW DELHI, दिल्ली",0.5,0.5833333333333334,"5,85","5,8",1,0
S1-993957295,S2-301650292,CPT Estates Limited,CPT ESTATES LTD,"A-85, New Delhi, West Delhi, Om Vihar Phase 5, Delhi","A-8-5, OM VIHAR PHASE 5, NEW DELHI, दिल्ली",0.5,0.5833333333333334,"5,85","5,8",1,0
S1-970594705,S2-434811986,Dynamic Properties Private Limited,டைனமிக் புராப்பர்ட்டீஸ் Private Limited,"47 & 48, 1St Floor, K.K Lane No.2, Avinashi Road, Coimbatore, Tamil Nadu","COIMBATORE, 47 & 48, COIMBATORE, தமிழ்நாடு",0.18181818181818182,0.2222222222222222,"1,2,47,48","47,48",2,0
S1-261970892,S2-119870689,Red Care Private Limited,Red Care Private Ltd,"C-115, Naraina Industrial Area Phase-I, Delhi, South West Delhi, Delhi","C-115, NARAINA INDUSTRIAL AREA PHASE-,I DELHI, दिल्ली",0.6,0.6666666666666666,115,115,1,0
S1-882525659,S2-452449749,UQF Narain Private Limited,UQF  Narain,"Hig - 11 And 12, Flat No. 301, Anusha Enclave Dharma Reddy Colony, Phase - Iii, Kphp C, Olony, Hyderabad, Telangana",,0.5,0.0,"11,12,301",,0,1
S1-561523175,S2-722620691,My Consultants Private Limited,माय कंसल्टेंट्स प्राइवेट लिमिटेड,"2Nd Floor, House No 262, Sector-9A, Gurugram, Gurgaon, Haryana","2ND FLOOR, HOUSE NO 262, SECTOR-9A, GURGAON, हरियाणा",0.0,0.6153846153846154,"2,262,9","2,262,9",3,0
S1-719688728,S2-205227810,Baba South Consultants Private Limited,बाबा साउथ कंसल्टेंट्स प्राइवेट लिमिटेड,"F-505, Officer City-2, Rajnagar Extension Nh -58, Ghaziabad, Uttar Pradesh","F-505., GHAZIABAD, Uttar Pradesh",0.0,0.4166666666666667,"2,505,58",505,1,0
S1-719688728,S2-854130500,Baba South Consultants Private Limited,बाबा साउथ कंसल्टेंट्स प्राइवेट लिमिटेड,"F-505, Officer City-2, Rajnagar Extension Nh -58, Ghaziabad, Uttar Pradesh","GHAZIABAD, Uttar Pradesh, F-505., GHAZIABAD",0.0,0.4166666666666667,"2,505,58",505,1,0
S1-404191208,S2-574192001,Hotel Agro Private Limited,होटल एग्रो प्राइवेट लिमिटेड,"D - 412 Crystal Plaza, New Link Road Andheri (West), Mumbai, Mumbai City, Maharashtra","D - 412 CRYSTAL PLAZA, MUMBAI, MUMBAI CITY, महाराष्ट्र",0.0,0.375,412,412,1,0
S1-404191208,S2-210747405,Hotel Agro Private Limited,होटल एग्रो प्राइवेट लिमिटेड,"D - 412 Crystal Plaza, New Link Road Andheri (West), Mumbai, Mumbai City, Maharashtra","D - 412 CRYSTAL PLAZA, MUMBAI CITY, MUMBAI, Maharashtra",0.0,0.5833333333333334,412,412,1,0
S1-295327487,S2-796223442,Royal It Private Limited,रॉयल आईटी प्राइवेट लिमिटेड,"Elphine House, Annexe, 88-C, Old Prabhadevi Road, Fort, Mumbai, Maharashtra","ELPHINE HOUSE, <NULL>, FORT, MUMBAI, Maharashtra",0.0,0.4166666666666667,88,,0,0
S1-413715825,S2-568940528,East Infra Limited,ಈಸ್ಟ್ ಇನ್‌ಫ್ರಾ ಲಿಮಿಟೆಡ್,"No.8 & 9, Vinayaka Buiding, 1St Floor, 1St Cross, Sampige Road, Bangalore, Karnataka","NO 8 & 9, SAMPIGE ROAD, Karnataka",0.0,0.5384615384615384,"1,8,9","8,9",2,0
S1-15111297,S2-338690352,Anand Solutions,आनंद सॉल्यूशंस,"453A, 2Nd Floor, Sahdeo Mahto Marg, Opp. Jagdamba Tower, Boring Road, Patna, Bihar","PATNA, 453A, Bihar, KOTWALI SQUARE",0.0,0.2,"2,453",453,1,0
S1-15111297,S2-455241449,Anand Solutions,आनंद सॉल्यूशंस,"453A, 2Nd Floor, Sahdeo Mahto Marg, Opp. Jagdamba Tower, Boring Road, Patna, Bihar","453A, PATNA, KOTWALI SQUARE, Bihar",0.0,0.2,"2,453",453,1,0
S1-795344066,S2-355107935,HEA Leasing Limited,HEA Leasing,"91, Moraiya, Ahmedabad, Gujarat, Sopan Kesar Industrial Hub, Sarkhej Bavla High Way",,0.6666666666666666,0.0,91,,0,1
S1-612605182,S2-151648768,High Properties Limited,हाई प्रॉपर्टीज लिमिटेड,"Bld-D11-102, Spandan Residency, Sr.No.117/1, Popular Nagar, Warje, Pune, Maharashtra","BLD-D11-102, POONA, PUNE, Maharashtra",0.0,0.3333333333333333,"1,102,11,117","102,11",2,0
S1-616658502,S2-722090505,First Systems,फर्स्ट सिस्टम्स,"749/2A, Kanpur, Om Purwa Chakeri Road, Harijindar Nagar, Uttar Pradesh","749/2A, KANPUR, उत्तर प्रदेश",0.0,0.1875,"2,749","2,749",2,0
S1-958275017,S2-493721155,Malappuram Webtech Private Limited,Prinnsafe Malappuram Webtech Limited,"14/115 E, National Building, Pan Bazar Tirur, Malappuram, Malappuram, Malapuram, Kerala","MALAPURAM, H.NO 014/115 E, MALAPPURAM, Keralam",0.6,0.26666666666666666,"115,14","014,115",1,0
S1-690069751,S2-442900207,Sneh Trading Private Limited,Privtiahet Sneh Trading Limited,"222, Sector 31 32A, Huda, Sector 31, Market, Sector -45, Gurgaon, Haryana","222, GURGAON, SECTOR -45, हरियाणा",0.6,0.3333333333333333,"222,31,32,45","222,45",2,0
S1-476449205,S2-212011383,Mumbai Properties Limited,Caloxylo,"26A, Floor-2, Plot No. 237/239, Rustom Hendre Bldg Ganpatrao Kadam Marg, Lower Parel, Mumbai, Mumbai City, Maharashtra","26A, NALA SOPARA DIST THANE, MUMBAI CITY, Maharashtra",0.0,0.18181818181818182,"2,237,239,26",26,1,0
S1-273289590,S2-572765307,Bharat Tech Private Limited,ભારત ટેક પ્રાઇવેટ લિમિટેડ,"Gujarat, Vadodara, 416, Urban -2, Nr Priya Cinema, Opp. Akshar Pavillion, Bhayli Road, Vadodara","HN 0661 416, VADODARA, ગુજરાત",0.0,0.1111111111111111,"2,416","0661,416",1,0
S1-964104110,S2-549112190,Avon Media Private Limited,Smt Avon Media Private  Ltd,"New Delhi, Chiranjiv Tower 43, Nehru Place, 1307, Delhi, South Delhi","1307, CHIRANJIV TOWER 43, NEHRU PLACE, NEW DELHI, दिल्ली",0.5,0.7272727272727273,"1307,43","1307,43",2,0
S1-566949225,S2-570175948,Royal Estate Private Limited,రాయల్ ఎస్టేట్ ప్రైవేట్ లిమిటెడ్,"1-130, Kavvagunta Post, Pedavegi Mandal, Eluru, West Godavari, Andhra Pradesh","2-130, ELURU, Andhra Pradesh",0.0,0.3333333333333333,"1,130","130,2",1,0
S1-103081166,S2-59314525,Gold Care Private Limited,गोल्ड केयर प्राइवेट लिमिटेड,"S-2, B, 4/25Devansh Enclave, Sector-4, Chitrakoot, Jaipur, Rajasthan","BLOCK A-224 S-2, JAIPUR, Rajasthan",0.0,0.3076923076923077,"2,25,4","2,224",1,0
S1-68391112,S2-107501891,Bharat Consulting Limited,भारत कंसल्टिंग लिमिटेड,"742, Bhagwan Gali Bhola Nagar Kotla Mubarak Pur, New Delhi, South Delhi, Delhi","742, NEW DELHI, SOUTH DELHI, Delhi",0.0,0.36363636363636365,742,742,1,0
S1-245937337,S2-808525018,Tech Technologies Pvt Ltd,ಟೆಕ್ ಟೆಕ್ನಾಲಜೀಸ್ ಪ್ರೈವೇಟ್ ಲಿಮಿಟೆಡ್,"M.M.Industrial Estate, Kanakapura Road, Yediur, Bangalore, Karnataka","M.M.INDUSTRIAL ESTATE, BENGALURU, Karnataka",0.0,0.4444444444444444,,,0,0
S1-600770797,S2-349642342,Prime Impex Pvt Ltd,ಪ್ರೈಮ್ ಇಂಪೆಕ್ಸ್ ಪ್ರೈವೇಟ್ ಲಿಮಿಟೆಡ್,"#4115/49, 7Th Cross Siddaverappa Layout, Mcc B Block, Davangere, Davanagere, Karnataka","4115/49, DAVANGERE, DAVANAGERE, ಕರ್ನಾಟಕ",0.0,0.26666666666666666,"4115,49,7","4115,49",2,0
S1-600770797,S2-980835248,Prime Impex Pvt Ltd,ಪ್ರೈಮ್ ಇಂಪೆಕ್ಸ್ ಪ್ರೈವೇಟ್ ಲಿಮಿಟೆಡ್,"#4115/49, 7Th Cross Siddaverappa Layout, Mcc B Block, Davangere, Davanagere, Karnataka","Karnataka, DAVANAGERE, #4115/49",0.0,0.3333333333333333,"4115,49,7","4115,49",2,0
S1-745033665,S2-757048385,North Estate Pvt Ltd,ନର୍ଥ ଏଷ୍ଟେଟ୍ ପ୍ରାଇଭେଟ୍ ଲିମିଟେଡ୍,"Plot No. 1061/1726, Nayapalli, Bhubaneswar, Khordha, Orissa","Odisha, KHORDHA, BHUBANESWAR, PLOT NO. 1061/1726",0.0,0.6666666666666666,"1061,1726","1061,1726",2,0
S1-651282718,S2-884602971,Noida Mill Private Limited,N0IDA MILL MILL PRIVAE LIMITED,"Office No- B-07, Gautam Buddha Nagar, Noida, C-17, Sector 3, Uttar Pradesh","OFFICE NO- B-07, NOIDA, SSI NOIDA, उत्तर प्रदेश",0.3333333333333333,0.25,"07,17,3",07,1,0
S1-376129832,S2-804039517,Lakshmi Technology Limited,लक्ष्मी टेक्नोलॉजी लिमिटेड,"G-16, Uttar Pradesh, Patel Nagar Iii, Ghaziabad","G-#16, GHAZIABAD, Uttar Pradesh",0.0,0.625,16,16,1,0
S1-914547330,S2-722656036,Silver Properties Private Limited,सिल्वर प्रॉपर्टीज प्राइवेट लिमिटेड,"Haryana, Railway Road, 143, F-Block, Rajendra, Park, Sec. 105, Sec. 105, Opp. Pnb, Gurgaon","143, RAILWAY ROAD, GURGAON, हरियाणा",0.0,0.25,"105,143",143,1,0
S1-848918261,S2-698767713,Regency Solutions Private Limited,regencysolutions.com,"15/88 Jheel Road(Banki Plot), Kolkata, South 24 Parganas, West Bengal","NO 15/88 JHNEL ROAD(BANKI PLOT), KOLKATA, West Bengal",0.0,0.5714285714285714,"15,24,88","15,88",2,0
S1-236153268,S2-263996148,Hari Construction Private Limited,ಹರಿ ಕನ್‌ಸ್ಟ್ರಕ್ಷನ್ ಪ್ರೈವೇಟ್ ಲಿಮಿಟೆಡ್,"25/1 2 Floor 60 Feet Road, 9Th Block, Bangalore South, Bangalore, Karnataka","ಕರ್ನಾಟಕ, 25/1 2 FLOOR 60 FEET ROAD, BENGALURU NORTH, BANGALORE, 9TH BLOCK",0.0,0.5882352941176471,"1,2,25,60,9","1,2,25,60,9",5,0
S1-236153268,S2-339085569,Hari Construction Private Limited,ಹರಿ ಕನ್‌ಸ್ಟ್ರಕ್ಷನ್ ಪ್ರೈವೇಟ್ ಲಿಮಿಟೆಡ್,"25/1 2 Floor 60 Feet Road, 9Th Block, Bangalore South, Bangalore, Karnataka","25/1 2 FLOOR 60 FEET ROAD, 9TH BLOCK, BANGALORE SOUTH, BENGALURU NORTH, Karnataka",0.0,0.8571428571428571,"1,2,25,60,9","1,2,25,60,9",5,0
S1-355020180,S2-241336046,Shakti Enterprises Private Limited,ಶಕ್ತಿ ಎಂಟರ್‌ಪ್ರೈಸಸ್ ಪ್ರೈವೇಟ್ ಲಿಮಿಟೆಡ್,"Bangalore, No. 20, 4Th Floor, Vishnu Towers, 9Th Cross Iti Layout, 1St Phase, J. P. Nagar, Karnataka, Bengaluru","20, BENGALURU, BANGALORE, ಕರ್ನಾಟಕ",0.0,0.14285714285714285,"1,20,4,9",20,1,0
S1-355020180,S2-695933793,Shakti Enterprises Private Limited,ಶಕ್ತಿ ಎಂಟರ್‌ಪ್ರೈಸಸ್ ಪ್ರೈವೇಟ್ ಲಿಮಿಟೆಡ್,"Bangalore, No. 20, 4Th Floor, Vishnu Towers, 9Th Cross Iti Layout, 1St Phase, J. P. Nagar, Karnataka, Bengaluru","NO. 20, BENGALURU, BANGALORE, Karnataka",0.0,0.2777777777777778,"1,20,4,9",20,1,0
S1-730245397,S2-694546109,Lakshmi Engineering,ಲಕ್ಷ್ಮಿ ಇಂಜಿನಿಯರಿಂಗ್,"Ground Floor, Door No291Ca, Hariyalamma Enterprises, Mysore, Karnataka","GROUND FLOOR, MYSURU, HEBBALU, Karnataka",0.0,0.3,291,,0,0
S1-11218603,S2-517308684,Future Media Private Limited,Future Media Private Ltd,"D 65/461, Varanasi, Uttar Pradesh","DOOR NO 00334 D 65/461, VARANASI, Uttar Pradesh",0.6,0.6666666666666666,"461,65","00334,461,65",2,0
S1-577299626,S2-36006150,Galaxy Products Private Limited,गैलेक्सी प्रोडक्ट्स प्राइवेट लिमिटेड,"Maharashtra, A Wing, Orchid Tower, Bellasis Road, Near City Center, Mumbai, 2302","#2302, MUMBAI, Maharashtra",0.0,0.25,2302,2302,1,0
S1-976617107,S2-427529123,Mahesh Trading Private Limited,Mahesh Trading Private Ltd,"Shop No - 67 1St Floor, Pocket Gh-9, Lsc Gh-9, New Delhi, West Delhi, Delhi","H.NO 88 SHOP NO - 67 1ST FLOOR, POCKET GH-9, LSC GH-9, NEW DELIH, Delhi",0.6,0.7333333333333333,"1,67,9","1,67,88,9",3,0
S1-713305833,S2-568597583,Swastik Services Private Limited,ಸ್ವಸ್ತಿಕ್ ಸರ್ವಿಸಸ್ ಪ್ರೈವೇಟ್ ಲಿಮಿಟೆಡ್,"No.265, 4Th Phase, Peenya Industrial Area, Bangalore, Karnataka","DOOR NO 265, 4TH PHASE, PEENYA INDUSTRIAL AREA, BANGALORE-URBAN, <NULL>, ಕರ್ನಾಟಕ",0.0,0.5333333333333333,"265,4","265,4",2,0
S1-107167586,S2-711546123,East Foundation,ઈસ્ટ ફાઉન્ડેશન,"B 6 Vibhag 2, Harshad Colony, Bapunagar, Ahmadabad City, Ahmedabad, Gujarat","B 6 VIBHAG 2, AHMEDABAD, Gujarat, AHMEDABAD",0.0,0.5454545454545454,"2,6","2,6",2,0
S1-591463615,S2-932529681,Bg Technologies Private Limited,Bg Téchnologies Prívate Limited,"09-'D' Wing, Yogi Heritage, Y-63, Yogi Nagar, Borivali (W), Mumbai, Maharashtra",,0.3333333333333333,0.0,"09,63",,0,1
S1-496159596,S2-941876708,Royal Impex Private Limited,రాయల్ ఇంపెక్స్ ప్రైవేట్ లిమిటెడ్,"21-79, Tiruvuru, Srikakulam, Andhra Pradesh","21-79, SRIKAKULAM, ఆంధ్రప్రదేశ్",0.0,0.2727272727272727,"21,79","21,79",2,0
S1-85010802,S2-840018478,Prime Enterprises Private Limited,प्राइम एंटरप्राइजेज प्राइवेट लिमिटेड,"Plot-22, Old Gurgaon Delhi Road (Opp. Maruti Gate No-2) Nr. Gurudwara, Gurgaon, Haryana","PLO-22, GURGAON, Haryana",0.0,0.2,"2,22",22,1,0
S1-198159340,S2-239192429,Urban Trading Private Limited,अर्बन ट्रेडिंग प्राइवेट लिमिटेड,"F-1/9 Okhla Industrial Area Phase-1, New Delhi, South Delhi, Delhi","DOOR NO 00248 F-1/9 OKHLA INDUSTRIAL AREA PHASE-1, SOUTH DELHI, NEW DELHI, दिल्ली",0.0,0.6666666666666666,"1,9","00248,1,9",2,0
S1-388970184,S2-434965355,Shakti Enterprises Private Limited,शक्ति एंटरप्राइजेज प्राइवेट लिमिटेड,"H.No. 800/5, 2Nd Floor Street No-6, Patel Nagar, Gurgaon, Haryana","H.NO. 800/5, GURUGRAM, SIKHERA NAGLA KABIR, Haryana",0.0,0.3125,"2,5,6,800","5,800",2,0
S1-34788351,S2-73145817,Ace Business Private Limited,एस बिजनेस प्राइवेट लिमिटेड,"914-B, 9Th Floor, Block A, The Arcadia, South City-2, Gurgaon, Haryana","914-B, GURGAON, हरियाणा",0.0,0.1875,"2,9,914",914,1,0
S1-34788351,S2-4145249,Ace Business Private Limited,ace business private limited Enterprises,"914-B, 9Th Floor, Block A, The Arcadia, South City-2, Gurgaon, Haryana",,0.8,0.0,"2,9,914",,0,1
S1-823108817,S2-98434058,Dream Developers,ddevelopers.com,"C-501, New West Wind, Off New Link Road, Kandarpada, Dahisar W, Est, Mumbai, Mumbai City, Maharashtra","C-501, MUMBAI CITY, महाराष्ट्र",0.0,0.21052631578947367,501,501,1,0
S1-429164286,S2-210224289,Ram Infra Private Limited,రామ్ ఇన్‌ఫ్రా ప్రైవేట్ లిమిటెడ్,"Road No 5 Banjara Hills, Hyderabad, Telangana, H. No. 8-2-472/B/2/1","H. NO. 8-2-472/B/2/1, HYDERABAD, Telangana",0.0,0.6923076923076923,"1,2,472,5,8","1,2,472,8",4,0
S1-256093986,S2-280297282,Pioneer Projects LLP,पायोनियर Projects एलएलपी,"113, Foor-1, Plot-9A/B, Mauli Jaganathrao Bhatankar Marg, Vani Chawl, Parel, Mumbai, Mumbai City, Maharashtra","B3/113, MUMBAI, GANESHPURI, महाराष्ट्र",0.125,0.09090909090909091,"1,113,9","113,3",1,0
S1-256093986,S2-874005889,Pioneer Projects LLP,पायोनियर प्रोजेक्ट्स एलएलपी,"113, Foor-1, Plot-9A/B, Mauli Jaganathrao Bhatankar Marg, Vani Chawl, Parel, Mumbai, Mumbai City, Maharashtra","B3/113, MUMBAI, GANESHPURI, Maharashtra",0.0,0.16666666666666666,"1,113,9","113,3",1,0
S1-751812565,S2-309273040,Sports Industrial Pvt Ltd,Sports Ilndusgsttail Pvt Ltd,"Ho Mrs Shipra Jha Block41, 203Ff, Omicron-I, Gautam Budh Nagar, Gautam Buddha Nagar, Uttar Pradesh","PLOT 400 HO MRS SHIPRA JHA BLOCK41, 203FF, OMICRON-I, GAUTAM BUDH NAGAR, उत्तर प्रदेश",0.6,0.5238095238095238,"203,41","203,400,41",2,0
S1-206626620,S2-28639135,Bharat Engineering Private Limited,ভারত ইঞ্জিনিয়ারিং প্রাইভেট লিমিটেড,"1, Ashu Biswas Road Chakraberia (South), Kolkata, Kolkata, Howrah, West Bengal","1, KOLKATA, HOWRAH, পশ্চিমবঙ্গ",0.0,0.21428571428571427,1,1,1,0
S1-301443841,S2-251693156,East Investment Private Limited,ईस्ट इन्वेस्टमेंट प्राइवेट लिमिटेड,"Uttar Pradesh, Kanpur, 133/157 0 Block Kidwai Nagar Kanpur","H.NO 133/157 0 BLOCK KIDAWI NAGAR KANPUR, KANPUR, उत्तर प्रदेश",0.0,0.35294117647058826,"0,133,157","0,133,157",3,0
S1-752768472,S2-349983329,Shiva Software Private Limited,ശിവാ സോഫ്റ്റ്‌വെയർ പ്രൈവറ്റ് ലിമിറ്റഡ്,"Ezhoor Road, Tirur, Malappuram, Kasargod, Kerala","3, KASARGOD, Kerala",0.0,0.2857142857142857,,3,0,0
S1-396311175,S2-457817844,Mudra Services Private Limited,MUDRA SSVCIBES PRIVATE  LIMITED,"H.No.18-1107/A/1, Santhosh Nagar, Miryalguda, Nalgonda, Telangana",,0.6,0.0,"1,1107,18",,0,1
S1-341071,S2-394446451,Hitech Consulting Private Limited,ಹೈಟೆಕ್ ಕನ್ಸಲ್ಟಿಂಗ್ ಪ್ರೈವೇಟ್ ಲಿಮಿಟೆಡ್,"101, Karnataka, Bangalore, Orchid, First Floor H M World City Apartments, J P Nagar 9Th, Phase","101, BANGALORE, ಕರ್ನಾಟಕ, BANGALORE",0.0,0.10526315789473684,"101,9",101,1,0
S1-20902894,S2-380813017,Southern Projects Private Limited,सदर्न प्रोजेक्ट्स प्राइवेट लिमिटेड,"S No 58/3/1, Kapil Woodro, Azadnagar, Wanowrie, Pune, Pune City, Pune, Maharashtra","S NO 58/3/1, PUNE, Maharashtra",0.0,0.5833333333333334,"1,3,58","1,3,58",3,0
S1-825751415,S2-224625794,Kpr & Co,M/s Kpr & Company,"Om Chambers, 648/A, 4Th Floor, Binnamangala 1 St Stage, Bangalore North, Bangalore, Karnataka","OM CHAMBERS, 648/A, 4TH FLOOR, BINNAMANGALA 1 ST STAGE, BNGALORE NORTH, ಕರ್ನಾಟಕ",0.3333333333333333,0.6470588235294118,"1,4,648","1,4,648",3,0
S1-714481369,S2-203502281,Bake & Brothers Limited,Bake + Brothers [Ltd],"Bangalore, 26 Coles Road Bangalore, Karnataka, Bangalore",,0.4,0.0,26,,0,1
S1-714481369,S2-687479979,Bake & Brothers Limited,Bake &,"Bangalore, 26 Coles Road Bangalore, Karnataka, Bangalore","##26 COLES ROAD BANGALORE, BANGALORE, <NULL>, ಕರ್ನಾಟಕ",0.5,0.4444444444444444,26,26,1,0
S1-378065990,S2-320913194,Shakti Global Private Limited,शक्ति ग्लोबल प्राइवेट लिमिटेड,"Pune, Maharashtra, Flat No. G-703, Yashada Supreme, Survey No. 96/97, Next To Rjspm College, Dudulgaon, Pimpri-Chinchwad, Haveli","PUNE, FLAT NO. G-703, HAVELI, Maharashtra",0.0,0.3684210526315789,"703,96,97",703,1,0
S1-771179384,S2-901426461,Mdb (India) Creations Limited,Sri MDB (INDIA),"63, Shivdaspur Lahartara, Varanasi, Uttar Pradesh","उत्तर प्रदेश, 63, SHIVDASPUR LAHARTARA",0.4,0.2727272727272727,63,63,1,0
S1-55729803,S2-679504120,Jay Finance,Jay  Service,"A5/1, Sfs, Dda Flats, New Delhi, South Delhi, Delhi","A5/1/5, SFS, DDA FLATS, NEW DELHI, दिल्ली",0.3333333333333333,0.6363636363636364,"1,5","1,5",2,0
S1-818579002,S2-984338844,Ram Tech Private Limited,ರಾಮ್ ಟೆಕ್ ಪ್ರೈವೇಟ್ ಲಿಮಿಟೆಡ್,"Rama Residency, No 37/38, Bowring Hospital Road, No 1St Floor, Bangalore, Karnataka, Bangalore","H.NO 4ST FLOOR, BANGALORE, Karnataka",0.0,0.2857142857142857,"1,37,38",4,0,0
S1-818579002,S2-202732854,Ram Tech Private Limited,Ram Tech,"Rama Residency, No 37/38, Bowring Hospital Road, No 1St Floor, Bangalore, Karnataka, Bangalore",,0.5,0.0,"1,37,38",,0,1
S1-110602381,S2-313206226,Creative It Private Limited,கிரியேட்டிவ் ஐடி பிரைவேட் லிமிடெட்,"8B 57B, 1St Avenue, Ashok Nagar, Chennai, Chennai City Corporation, Chennai, Tamil Nadu","DOOR NO 8B 57B, 1ST AVENUE, ASHOK NAGAR, CHENNAI, CHENNAI CITY CORPORATION, JAFFERKHANPET, Tamil Nadu",0.0,0.7857142857142857,"1,57,8","1,57,8",3,0
S1-424992590,S2-213864427,Indian Marketing Private Limited,ઇન્ડિયન માર્કેટિંગ પ્રાઇવેટ લિમિટેડ,"A-18, Sur-207, Plot-14/7, Tp-112 Akshar Industrial Park, B/H. Vishala Estate, S P Ring Road, Odhav, Ahmedabad, Gujarat","A-18, AHMEDABAD, Gujarat",0.0,0.17391304347826086,"112,14,18,207,7",18,1,0
S1-654632454,S2-3508902,Delhi Consulting Company,delhiconsulting.com,"House 157, 2Nd Floor, Block-Bq, Delhi, North West Delhi, Delhi","HOUSE 157 , 2ND FLOOR, BLOCK-BQ, DELHI, दिल्ली",0.0,0.6363636363636364,"157,2","157,2",2,0
S1-806323451,S2-716987118,Shiva Golden Finance Private Limited,शिवा गोल्डन फाइनेंस प्राइवेट लिमिटेड,"136/21, Raj Nagar, Gali No.1, Gurgaon, Haryana","GURGAON, Haryana, GURGAON, 4-136/21",0.0,0.4,"1,136,21","136,21,4",2,0
S1-806323451,S2-148101411,Shiva Golden Finance Private Limited,शिवा गोल्डन फाइनेंस प्राइवेट लिमिटेड,"136/21, Raj Nagar, Gali No.1, Gurgaon, Haryana","4-136/21, GURGAON, Haryana",0.0,0.4,"1,136,21","136,21,4",2,0
S1-402474257,S2-958014607,Genius Traders Private Limited,Genius Traders Limited  Center,"52-1-17, Floor-Grd, Vijay Nagar Sangh, Shaikh Misree Road, Antop Hill, Mumbai, Mumbai City, Maharashtra",,0.6,0.0,"1,17,52",,0,1
S1-782049019,S2-218072485,Malnad Trading Ltd,... Ma1nad Trading Limited,"A-507, Titanium Heights, Nr. Vodafone House, Corporate Road, Prahladnagar, Makarba, Ahmadabad City, Ahmedabad, Gujarat","A-507, AHMADABAD CITY, AHMEDABAD, Gujarat",0.2,0.4,507,507,1,0
S1-351286750,S2-505978827,Akshata Services Private Limited,AKSHATA  SERVICES,"A1-509, Aditya Dsr Lakeside Gachibowli, Hyderabad, Rangareddy, Telangana","AG-1-509, ADITYA DSR LAKESIDE GACHIBOWLI, HYDERABAD, Andhra Pradesh",0.5,0.46153846153846156,"1,509","1,509",2,0
S1-183921879,S2-668947767,Infinite Creative Private Limited,INFINITE CREATIVE LIMITED PARTNERS,"Flat No-105 Grandeur Park, Apartment B-50 J Park, Lucknow, Uttar Pradesh",,0.6,0.0,"105,50",,0,1
S1-923537419,S2-256130003,Hk Ganga Private Limited,HK GANGA PRIVATE [LTD] | www.hkgangap.com,"Kh No-42/15, Block-B, Mohan Garden, New Delhi, West Delhi, Delhi",,0.375,0.0,"15,42",,0,1
S1-462157028,S2-459060726,Om Media Private Limited,ॐ मीडिया प्राइवेट लिमिटेड,"64-B, Nariman Bhavan, 6Th Floor, Nariman Point, Mumbai, Maharashtra","MUMBAI, Maharashtra, 6-4-B, NARIMAN POINT",0.0,0.45454545454545453,"6,64","4,6",1,0
S1-190262879,S2-630398554,Gurukrupa Medical Centre,Gurukrupa Medical Cretrhte,"11, Satish Mukherjee Road Hazra, Kolkata, Howrah, West Bengal",,0.5,0.0,11,,0,1
S1-872818070,S2-741942404,Apex Agro Pvt Ltd,অ্যাপেক্স অ্যাগ্রো প্রাইভেট লিমিটেড,"Hooghly, (Old-78/1), G.T. Raod, Champdani Lp- 30/23/1, West Bengal, 80/1, Hooghly","80/1, HOOGHLY, পশ্চিমবঙ্গ",0.0,0.16666666666666666,"1,23,30,78,80","1,80",2,0
S1-220855079,S2-705112557,Tech Healthcare Private Limited,healthcareprivate.com,"324-325, S-4, Sun & Moon Chambers, Gopal Bari, Near Ajmer Pulia, Jaipur, Rajasthan","#324-325, JAIPUR, राजस्थान",0.0,0.15789473684210525,"324,325,4","324,325",2,0
S1-220855079,S2-593607607,Tech Healthcare Private Limited,Tech Hea1thcare Limited Center,"324-325, S-4, Sun & Moon Chambers, Gopal Bari, Near Ajmer Pulia, Jaipur, Rajasthan",,0.3333333333333333,0.0,"324,325,4",,0,1
S1-220855079,S2-744758624,Tech Healthcare Private Limited,टेक हेल्थकेयर प्राइवेट लिमिटेड,"324-325, S-4, Sun & Moon Chambers, Gopal Bari, Near Ajmer Pulia, Jaipur, Rajasthan","#324-325, JAIPUR, Rajasthan",0.0,0.26666666666666666,"324,325,4","324,325",2,0
S1-220855079,S2-100586132,Tech Healthcare Private Limited,टेक हेल्थकेयर प्राइवेट लिमिटेड,"324-325, S-4, Sun & Moon Chambers, Gopal Bari, Near Ajmer Pulia, Jaipur, Rajasthan","#324-325, JAIPUR, Rajasthan",0.0,0.26666666666666666,"324,325,4","324,325",2,0
S1-411842128,S2-592457909,Meru Technologies Private Limited,Smt MERU TÉCHNOLOGIES PRIVATE LIMITED,"P Gudipadu, Kurnool Road, Ongole, Prakasam, Andhra Pradesh",,0.5,0.0,,,0,1
S1-180198187,S2-367028018,Galaxy High Industries Pvt Ltd,गैलेक्सी हाई इंडस्ट्रीज प्रा. लि.,"Flat No. 303, Building No.31, Unitech Westend Bolinj, Virar (West), Thane, Maharashtra","FLAT NO. 303, VIRAR (WEST), THANE, महाराष्ट्र",0.0,0.375,"303,31",303,1,0
S1-353935950,S2-649289921,Perfect Trading Private Limited,परफेक्ट ट्रेडिंग प्राइवेट लिमिटेड,"Sr. No. 5A Rangvarsha, Developers Fl. No. 203, Haveli, Pune, Maharashtra","SR. NO. ##5A RANGVARSHA, HAVELI, महाराष्ट्र",0.0,0.35714285714285715,"203,5",5,1,0
S1-248119609,S2-554951995,Vision Producer Pvt Ltd,विजन प्रोड्यूसर प्रा. लि.,"D-96, Ground Floor, Lajpat Nagar-Ii, New Delhi, Delhi","D-96, NEW DELHI, Delhi",0.0,0.4444444444444444,96,96,1,0
S1-248119609,S2-516444723,Vision Producer Pvt Ltd,विजन प्रोड्यूसर प्रा. लि.,"D-96, Ground Floor, Lajpat Nagar-Ii, New Delhi, Delhi","D-96, LAJPAT NAGAR-II, Delhi",0.0,0.6666666666666666,96,96,1,0
S1-793122341,S2-80103325,Lakshmi Infrastructure Limited,लक्ष्मी इंफ्रास्ट्रक्चर लिमिटेड,"Pune, Cts No. 4568, I, Trade Center, 2Nd Floor Near Sai Kiran Hotel, Pune Nashik Highway, Bhosar, Maharashtra","CTS NO. 4568, PUNE, I, महाराष्ट्र",0.0,0.23809523809523808,"2,4568",4568,1,0
S1-460241026,S2-380997752,Bombay Exports Private Limited,बॉम्बे एक्सपोर्ट्स प्राइवेट लिमिटेड,"Shop No.5, Tyagi Market, Opposite Hindon Airforce New Colony, Karehra, Mohan Nagar, Ghaziabad, Uttar Pradesh","H.NO 5, GHAZIABAD, MOHAN NAGAR, उत्तर प्रदेश",0.0,0.22727272727272727,5,5,1,0
S1-37701792,S2-92014353,Jai Hotel Services,जय होटल सर्विसेज,"C6 Willed Ways, Main Baner Road, Baner, Haveli, Pune, Maharashtra","C6 WILLED WAYS, HAVELI, BALEWADI, Maharashtra",0.0,0.5,6,6,1,0
S1-874230140,S2-22835742,Kaveravi Producer Pvt Ltd,Kaveravi Pdotr Pvt Ltd,"12, Ponniamman Nagar Road, Ayanambakkam, Perambur Purasawalkam, Chennai, Tamil Nadu",,0.6,0.0,12,,0,1
S1-63788692,S2-815850487,Hotel Ores Limited,Jaxcalo,"677, 1St Floor, 13Th Cross, 27Th Main Hsr Layout, Sec - 1, Bangalore, Karnataka","HN 1-05 677, 1ST FLOOR, 13TH CROSS, 27TH MAIN HSR LAYOUT, SEC - 1, BANGALORE, ಕರ್ನಾಟಕ",0.0,0.6666666666666666,"1,13,27,677","05,1,13,27,677",4,0
S1-851924306,S2-520430675,Products Padmini Spices Private Limited,*** productspadminispices.com,"D/73/1, Ttc Indl. Area, Midc Road, Turbhe, Navi Mumbai, Thane, Maharashtra","D/73/1/7, NAVI MUMBAI, MANCHAR, Maharashtra",0.0,0.4,"1,73","1,7,73",2,0
S1-983517938,S2-508666821,Apex Agro Limited,एपेक्स एग्रो लिमिटेड,"Office F1, Supreme Arcade Pl No 1718, Sno 7/3, Kharadi, Pune, Maharashtra","OFFICE F1, KHARADI, PUNE, महाराष्ट्र",0.0,0.23529411764705882,"1,1718,3,7",1,1,0
S1-481373292,S2-377899763,Unique Investments Private Limited,यूनिक इन्वेस्टमेंट्स प्राइवेट लिमिटेड,"S. No 40, Flat No. D 1005, Royale Imperio Rahatani, Pune City, Pune, Maharashtra","400 S. NO 40, PUNE CITY, PUNE, Maharashtra",0.0,0.46153846153846156,"1005,40","40,400",1,0
S1-481373292,S2-105129103,Unique Investments Private Limited,यूनिक इन्वेस्टमेंट्स प्राइवेट लिमिटेड,"S. No 40, Flat No. D 1005, Royale Imperio Rahatani, Pune City, Pune, Maharashtra","NO. 400 S. NO 40, PUNE CITY, PUNE, Maharashtra",0.0,0.46153846153846156,"1005,40","40,400",1,0
S1-555007833,S2-831531918,Digital Investments,डिजिटल इन्वेस्टमेंट्स,"Rajasthan, Jaipur, Papad Jaipur, Jaipur, Rampura","BLOCK C-351 RAMPURA, PAPAD JAIPUR, JAIPUR, राजस्थान",0.0,0.2727272727272727,,351,0,0
S1-555007833,S2-432464740,Digital Investments,Shri Digital Services,"Rajasthan, Jaipur, Papad Jaipur, Jaipur, Rampura","BLOCK C-351 RAMPURA, PAPAD JAIPUR, JAIPUR, राजस्थान",0.25,0.2727272727272727,,351,0,0
S1-388508340,S2-360891631,Vision Global,विजन ग्लोबल,"Lucknow, Jalvayu Vihar Sector L, Afnhb, Lucknow, Uttar Pradesh, 8","#627 8, LUCKNOW, Uttar Pradesh",0.0,0.4,8,"627,8",1,0
S1-664503790,S2-994973249,Shree Care Private Limited,श्री केयर प्राइवेट लिमिटेड,"Mumbai, Flat No. 4, Mumbai City, Maharashtra, 2Nd Floor, Triveni C Building, 66, Walkeshwar Road","1, MUMBAI, MUMBAI CITY, Maharashtra",0.0,0.2,"2,4,66",1,0,0
S1-449582890,S2-768475342,Vijay Infotech Private Limited,વિજય ઇન્ફોટેક પ્રાઇવેટ લિમિટેડ,"Alif Hights, Nr, Husani Park Gorwa, Vadodara, Gujarat, B-401","B-0401, VADODARA, Gujarat",0.0,0.2727272727272727,401,0401,0,0
S1-680762328,S2-87738632,Alpha Properties Private Limited,अल्फा प्रॉपर्टीज प्राइवेट लिमिटेड,"H. No.10, Satyasodhak, Shikshak Coloiny Umarkhed, Umarkhed, Yavatmal, Maharashtra","H. NO.10, YAVATMAL, महाराष्ट्र",0.0,0.3076923076923077,10,10,1,0
S1-680762328,S2-886493867,Alpha Properties Private Limited,अल्फा प्रॉपर्टीज प्राइवेट लिमिटेड,"H. No.10, Satyasodhak, Shikshak Coloiny Umarkhed, Umarkhed, Yavatmal, Maharashtra","10, YAVATMAL, Maharashtra",0.0,0.3333333333333333,10,10,1,0
S1-435671746,S2-104533405,City Business Limited,ಸಿಟಿ ಬಿಸಿನೆಸ್ ಲಿಮಿಟೆಡ್,"No. 30, Old (93), 17Th Main, 1St Stage Banashankari, Bangalore, Bangalore, Karnataka","NO. 30, BANGALORE URBAN, BANGALORE, ಕರ್ನಾಟಕ",0.0,0.2,"1,17,30,93",30,1,0
S1-60099602,S2-62875848,Potential Tech Private Limited,@potentialtech,"47/22 East Patel Nagar, New Delhi, Central Delhi, Delhi","H.NO 47/22 EAST PATEL NAGAR, NEW DELHI, Delhi",0.0,0.7,"22,47","22,47",2,0
S1-364598694,S2-846849237,Lotus Marketing Limited,लोटस मार्केटिंग लिमिटेड,"Office No. 3B, Ground Floor, Vasundhara B Chs, Amrut Ngr, Chakala, A K Rd, Nr Gurudwara, Andheri E, Mumbai, Mumbai City, Maharashtra","H.NO 694 OFFICE NO. 3B, MUMBAI, MUMBAI CITY, Maharashtra",0.0,0.2608695652173913,3,"3,694",1,0
S1-230245249,S2-314025822,Ujwal Industries Private Limited,Mr UJWAL PRIVATE-LIMITED CENTER,"Polybond End Of Hasan Wadimain Road Atika Area, Rajkot, Gujarat",,0.5,0.0,,,0,1
S1-717194054,S2-418430522,Sree Engineering Private Limited,-- SREEENGINEERINGCOM,"Office, 200, 201, 202 Parshwnath Business Park, Sur. No. 836, F.P.No.1/2, Nr.Auda Garden, Vejalpur, Ahmedabad, Gujarat","OFFICE, AHMEDABAD, Gujarat",0.0,0.15,"1,2,200,201,202,836",,0,0
S1-871441152,S2-95212307,Ashlesha Aviation Private Limited,aaprivate.com,"9-1-A1, Road No.14 Ida Nacharam, Hyderabad, Telangana","1-A1, HYDERABAD, Telangana",0.0,0.4,"1,14,9",1,1,0
S1-176159524,S2-191565163,Silver Technologies Pvt Ltd,Dr silvertechnologies.com,"Delhi, 1124/1 Wazirpur Industrial Area, North Delhi","NO 1124/1- WAZIRPUR INDUSTRIAL AERA, DELHI, Delhi",0.0,0.5555555555555556,"1,1124","1,1124",2,0
S1-453960486,S2-848700611,Call Films Pvt Ltd,Pvt Call Fialas Ltd,"601, Olympus, Altamount Road, Mumbai, Maharashtra","601, MUMBAI, महाराष्ट्र, ALTAMOUNT ROAD",0.6,0.4,601,601,1,0
S1-387325651,S2-482457683,KPY Mumbai,KPY Partners,"316, Vill Dinapur, Varanasi, Uttar Pradesh","316, VILL DINAPUR, VARANASI, उत्तर प्रदेश",0.3333333333333333,0.36363636363636365,316,316,1,0
S1-272270615,S2-256775521,Developers Arya Promoters Private Limited,Private Developers Arya Prómoters Ltd,"Post Bawada, Pimpri Bk, Tal. Indapur, Pune, Maharashtra","POST BAWADA, PUNE, महाराष्ट्र",0.42857142857142855,0.25,,,0,0
S1-157177134,S2-709254958,Raj Baba Care,राज बाबा केयर,"New Delhi, Delhi, New Delhi, Ansari Road, 7/19","#D/19 7/19, ANSARI ROAD, NEW DELHI, दिल्ली",0.0,0.6666666666666666,"19,7","19,7",2,0
S1-157177134,S2-698591721,Raj Baba Care,Raj Btiaia Care Care,"New Delhi, Delhi, New Delhi, Ansari Road, 7/19","DOOR NO D/19 7/19, ANSARI ROAD, NEW DELHI, Delhi",0.5,0.6666666666666666,"19,7","19,7",2,0
S1-157177134,S2-526610822,Raj Baba Care,Raj Baba Center,"New Delhi, Delhi, New Delhi, Ansari Road, 7/19","#D/19 7/19, ANSARI ROAD, NEW DELAI, Delhi",0.5,0.75,"19,7","19,7",2,0
S1-817328196,S2-931032185,Future Constructions Private Limited,ফিউচার কনস্ট্রাকশনস প্রাইভেট লিমিটেড,"Kolkata, 91A/10, Howrah, B. L. Saha Road Po - New Alipore, Kolkata, West Bengal","#91A/10, HOWRAH, CALCUTTA, West Bengal",0.0,0.35714285714285715,"10,91","10,91",2,0
S1-346080385,S2-86277217,Best Technologies Pvt Ltd,ಬೆಸ್ಟ್ ಟೆಕ್ನಾಲಜೀಸ್ ಪ್ರೈವೇಟ್ ಲಿಮಿಟೆಡ್,"21, F-2, Giri Apartmentsvinayaka Lay Out Iii Stage, Vijayanagar, Bangalore, Karnataka","NO #254 21, BANGALORE, VIJAYANAGAR, ಕರ್ನಾಟಕ",0.0,0.17647058823529413,"2,21","21,254",1,0
S1-131983867,S2-339570284,Future International Private Limited,ఫ్యూచర్ ఇంటర్నేషనల్ ప్రైవేట్ లిమిటెడ్,"Telangana, Hyderabad, 2-2-1130/18/A New Nallakunta, Musheerabad","DOOR NO 02-2-1130/18/A NEW NALLAKUNTA, HYDERABAD, Andhra Pradesh",0.0,0.5,"1130,18,2","02,1130,18,2",3,0
S1-50456133,S2-49252051,Focus Solution Limited,FOCUS SOLUTION LTD,"29 A T Chatterjee Road, Kolkata, Howrah, West Bengal","H.NO 34 A T CHATTERJEE ROAD, KOLKATA, KOLKATA, West Bengal",0.5,0.5833333333333334,29,34,0,0
S1-439322882,S2-279314207,Specialised Hotel Private Limited,Irikelomira,"Unit No. 411, 04Th Floor, Dlf Tower B, Jasola District Centre, New Delhi, South Delhi, Delhi","UNIT NO. 411., DELHI, NEW DELHI, Delhi",0.0,0.35714285714285715,"04,411",411,1,0
S1-330659653,S2-137119025,Jay Sky Food Limited,జై స్కై ఫుడ్ లిమిటెడ్,"Hno 9-7-135/2/A/1, Markendeya Colony, Karimnagar, Karim Nagar, Telangana","HNO 3-9-7-135/2/A/1, KARIMNAGAR, Andhra Pradesh",0.0,0.5,"1,135,2,7,9","1,135,2,3,7,9",5,0
S1-836334903,S2-554358358,PZ Developers Associates,PZ Asosciaets Developers,"Jhansi, Uttar Pradesh, House No. 1752, Jhansi, Chandra Vihar Colony",,0.5,0.0,1752,,0,1
S1-915912117,S2-514845056,Shiv Construction Pvt Ltd,శివ్ కన్‌స్ట్రక్షన్ ప్రైవేట్ లిమిటెడ్,"Unit No 813, 8Th Floor, Sandhya Techno 1 Building, Shaikpet, Hyderabad, Telangana","UNIT NO 813, SHAIKPET, Telangana",0.0,0.4166666666666667,"1,8,813",813,1,0
S1-915912117,S2-935339403,Shiv Construction Pvt Ltd,శివ్ కన్‌స్ట్రక్షన్ ప్రైవేట్ లిమిటెడ్,"Unit No 813, 8Th Floor, Sandhya Techno 1 Building, Shaikpet, Hyderabad, Telangana","UNIT NO 813, SHAIKPET, Telangana",0.0,0.4166666666666667,"1,8,813",813,1,0
S1-194250024,S2-30454420,Swastik Marketing Private Limited,स्वस्तिक मार्केटिंग प्राइवेट लिमिटेड,"Khasra No.712/1, Rampura Road, Jaisinghpura, Ajmer Road, Bhankrota, Jaipur, Rajasthan","DOOR NO 712/1, JAIPUR, Rajasthan",0.0,0.4166666666666667,"1,712","1,712",2,0
S1-27071032,S2-901022386,Creative Investment Pvt Ltd,ಕ್ರಿಯೇಟಿವ್ ಇನ್ವೆಸ್ಟ್‌ಮೆಂಟ್ ಪ್ರೈವೇಟ್ ಲಿಮಿಟೆಡ್,"E903, Spring Fields Apartments, E Block, Phase Ii Sarjapur Road, Ambalipura, South Bangalo, Re, Bengaluru, Bangalore, Karnataka","Karnataka, BENGALURU, BANGALORE, E903",0.0,0.23529411764705882,903,903,1,0
S1-584521531,S2-880146075,Shyam Foods Private Limited,ಶ್ಯಾಮ್ ಫುಡ್ಸ್ ಪ್ರೈವೇಟ್ ಲಿಮಿಟೆಡ್,"No. 144/13151, Gaddi Layout, Koppal Road, Kushtagi, Koppal, Karnataka","14413193, KUSHTAGI, KOPPAL, ಕರ್ನಾಟಕ",0.0,0.15384615384615385,"13151,144",14413193,0,0
S1-729096540,S2-922758503,Heritage Township Private Limited,Heritage Twcsp Private Limited,"F-2-19 Ashish Nagar, Indore, Madhya Pradesh","F-2-19 ASHISH NAGAR, INDORE, मध्य प्रदेश",0.6,0.46153846153846156,"19,2","19,2",2,0
S1-916016303,S2-890636766,Vision Logistics Private Limited,ವಿಷನ್ ಲಾಜಿಸ್ಟಿಕ್ಸ್ ಪ್ರೈವೇಟ್ ಲಿಮಿಟೆಡ್,"Apt4C, 28, Coventry Apmt, Convent Road, Bangalore North, Bangalore, Karnataka","APT4C, BANGALORE, Karnataka",0.0,0.3333333333333333,"28,4",4,1,0
S1-257032654,S2-64658572,Indo Trading Private Limited,ଇଣ୍ଡୋ ଟ୍ରେଡିଂ ପ୍ରାଇଭେଟ୍ ଲିମିଟେଡ୍,"Plot No. D/2, Zabar Colony, Unit-Iii, Bhubaneswar, Khordha, Orissa","PLOT NO. D/3-2, BHUBANESWAR, Odisha",0.0,0.38461538461538464,2,"2,3",1,0
S1-45943284,S2-913106930,Pioneer Ram Infrastructure Private Limited,पायोनियर राम इंफ्रास्ट्रक्चर प्राइवेट लिमिटेड,"Maharashtra, Near Hdfc Bank Juhu Varsova Link Road, 203 Kshitij Co.Op.Hsg.Soc.Ltd., Mumbai","203 KSHITIJ CO.OP.HSG.SOC.LTD., MUMBAI METRO, MUMBAI, महाराष्ट्र",0.0,0.38095238095238093,203,203,1,0
S1-947129047,S2-476887804,New Global Private Limited,ન્યૂ ગ્લોબલ પ્રાઇવેટ લિમિટેડ,"Shop No. 607, 6Th Floor, Ridham Plaza, Nikol, Ahmedabad, Gujarat","SHOP NO. #607, AHMEDABAD, ગુજરાત",0.0,0.3076923076923077,"6,607",607,1,0
S1-388876335,S2-455315463,Sunrise Projects Pvt Ltd,ಸನ್‌ರೈಸ್ ಪ್ರಾಜೆಕ್ಟ್ಸ್ ಪ್ರೈವೇಟ್ ಲಿಮಿಟೆಡ್,"#001, Ashirwad Apartments Cross No 2, Behind Gurudwara, Rajatagiri, Dharwad, Dharwar, Karnataka","#001, DHARWAD, HUBLI DHARWAD, Karnataka",0.0,0.23076923076923078,"001,2",001,1,0
S1-508296348,S2-638498710,Great Life Power Pvt Ltd,ग्रेट लाइफ पावर प्रा. लि.,"Shop No 9, Grd Flr, Bldg No 50-86, 88 Jitekar Wadi Dr Babasaheb Jaykar Marg, Thakurdwar Rd, Kalbadevi, Mumbai, Mumbai City, Maharashtra","9, MUMBAI, MUMBAI CITY, Maharashtra",0.0,0.19047619047619047,"50,86,88,9",9,1,0
S1-503378587,S2-324465568,Tech Solutions Pvt Ltd,ಟೆಕ್ ಸೊಲ್ಯೂಷನ್ಸ್ ಪ್ರೈವೇಟ್ ಲಿಮಿಟೆಡ್,"9/1, K.No. 132, 2Nd Cross Green Garden, Layout Kundanhalli Gate, Bangalore, Karnataka","9/1, BANGALORE, Karnataka",0.0,0.2857142857142857,"1,132,2,9","1,9",2,0
S1-972995490,S2-946857825,Sree Technology Private Limited,श्री टेक्नोलॉजी प्राइवेट लिमिटेड,"812, Sector A1 Scheme No 136, Indore, Madhya Pradesh","HN 421 812, INDORE, Madhya Pradesh",0.0,0.36363636363636365,"1,136,812","421,812",1,0
S1-407092961,S2-28563824,Divya Media Limited,Dr Divya Media,"No 20 Ammaiyappan Street Royapettah, Chennai, Tamil Nadu",,0.5,0.0,20,,0,1
S1-595118462,S2-93186978,Tirupati Energy Pvt Ltd,तिरुपति एनर्जी प्रा. लि.,"174/D-2, Sai Sagar Chs Ltd, Rsc-50, Gorai-2, Borivali West, Mumbai, Maharashtra","BORIVALI WEST, MUMBAI, महाराष्ट्र, 174/D-2",0.0,0.3333333333333333,"174,2,50","174,2",2,0
S1-19902257,S2-577761710,Ace Indian Technology Private Limited,एस इंडियन टेक्नोलॉजी प्राइवेट लिमिटेड,"Survey No 40, Common, Raghunandan Kasturi, Kamte, Pune City, Pune, Maharashtra","101, PUNE, Maharashtra",0.0,0.18181818181818182,40,101,0,0
S1-666797508,S2-461747391,Black Products Private Limited,பிளாக் புராடக்ட்ஸ் பிரைவேட் லிமிடெட்,"Rmz Millenia Business Park, Phase 2 Campus 4B, Level6, Unit 602A, No143, Dr M.G.R Road, Perungudi, Chennai, Tamil Nadu","RMZ MILLENIA BUSINESS PARK, CHENNAI, Tamil Nadu",0.0,0.3333333333333333,"143,2,4,6,602",,0,0
S1-377728097,S2-591215220,Golden Enterprises Private Limited,ગોલ્ડન એન્ટરપ્રાઇઝિસ પ્રાઇવેટ લિમિટેડ,"29, Devpriya Bungalows - 2, Nr Agrawal Tower, B/S Shivalik Bungalows, Anandnagar Cross, Road, Ahmedabad, Gujarat","29, AHMEDABAD, Gujarat",0.0,0.2,"2,29",29,1,0
S1-104077103,S2-57532741,Shiva Software Private Limited,शिवा सॉफ्टवेयर प्राइवेट लिमिटेड,"507, 5Th Floor, 99/G Kamnath Chambers Kalbadevi Road, Mumbai, Mumbai City, Maharashtra","MUMBAI, Maharashtra, MUMBAI CITY, 507",0.0,0.3333333333333333,"5,507,99",507,1,0
S1-380367881,S2-723672004,ZE Solutions Limited,ZE Scluhiions Limited,"B-14, Ist Floor, Geetanjali Enclave, New Delhi, Delhi",,0.5,0.0,14,,0,1
S1-185755232,S2-571840787,Crystal & Brothers Public Limited,Crystal & Brothers Pbbsl Limited,"1, Jawahar Nagar, B.P.Road, Saibaba Colony, Coimbatore North, Coimbatore, Tamil Nadu",,0.6666666666666666,0.0,1,,0,1
S1-407828030,S2-788455083,Shyam Services Private Limited,શ્યામ સર્વિસીસ પ્રાઇવેટ લિમિટેડ,"407, Akik Tower, Nr. Parshwa Tower Sarkhej Gandhinagar Highway, Bodakdev, Ahmedabad, Gujarat","407, AHMEDABAD, Gujarat",0.0,0.2727272727272727,407,407,1,0
S1-159343737,S2-423929370,Prt Foundation Corporation,Prt Foundation,"3410 Second Floor, Mahindra Park, Delhi, North West Delhi, Delhi",,0.6666666666666666,0.0,3410,,0,1
S1-391698688,S2-594741213,Shivam Engineering Limited,శివం ఇంజనీరింగ్ లిమిటెడ్,"32-2-10D/1, Flat C2 Hari Bandi Sivaji Road, Sree Towers, Vijayawada, Krishna, Andhra Pradesh","32-2-10D/1, KRISHNA, Andhra Pradesh",0.0,0.4375,"1,10,2,32","1,10,2,32",4,0
S1-381028055,S2-745338633,Smart Consultants Limited,ಸ್ಮಾರ್ಟ್ ಕನ್ಸಲ್ಟೆಂಟ್ಸ್ ಲಿಮಿಟೆಡ್,"R-803, Purva Palm Beach Kyalasa, Bangalore North, Bangalore, Karnataka","R-803, PURVA PALM BEACH KYALASA, BANGALORE, ಕರ್ನಾಟಕ",0.0,0.5833333333333334,803,803,1,0
S1-322693279,S2-38333391,Midland Trading Private Limited,Midland Trading,"305, 3Rd Floor, Bhanot Corner, Pamposh Enclave, Greater Kailash-1, New Delhi, South Delhi, Delhi",,0.5,0.0,"1,3,305",,0,1
S1-26833115,S2-189342594,Anand Foundation Limited,आनंद फाउंडेशन लिमिटेड,"Maharashtra, Pune, 4Th Floor, City Vista, Tower -A Suite, 1254, Fountain Road Kharadi, 15A","15A, 4TH FLOOR, CITY VISTA, TOWER -A SUITE, 1254, FOUNTAIN ROAD KHARADI, PUNE, महाराष्ट्र",0.0,0.7222222222222222,"1254,15,4","1254,15,4",3,0
S1-380761373,S2-342368890,Shiva Great Logistics Private Limited,शिवा ग्रेट लॉजिस्टिक्स प्राइवेट लिमिटेड,"Delhi, South Delhi, New Delhi, Rworkspaces, Unit No.1, Plot No2, Dda Building, Third Floor, Vardhman Trade Centre","RWORKBPACES, NEW DELHI, SOUTH DELHI, दिल्ली",0.0,0.15789473684210525,"1,2",,0,0
S1-958488440,S2-126984147,Jai Solutions Private Limited,जय सॉल्यूशंस प्राइवेट लिमिटेड,"Gurgaon, Haryana, 70, Gurgaon, Village Milakpur, Po Khor, Pataudi","#70, GURGAON, हरियाणा",0.0,0.18181818181818182,70,70,1,0
S1-216248404,S2-431606410,Ram Consultants Private Limited,राम कंसल्टेंट्स प्राइवेट लिमिटेड,"Gala No. 1, Ashok Nagar, Cama Estate, Walbhatt Road, Goregaon East, Mumbai, Mumbai City, Maharashtra","NO 1, <NULL>, MUMBAI, MUMBAI (SUBURBAN), Maharashtra",0.0,0.25,1,1,1,0
S1-749201775,S2-916852,Hari Enterprises Private Limited,hari enterprises private limited (ID: 39409),"Property No. 88 Atta Gulawli, Near Park, Greater Noida, Gautam Buddha Nagar, Uttar Pradesh","PROPERTY NO. B3/88 ATTA GULAWLI, NEAR PARK, GREATER NOIDA, उत्तर प्रदेश",0.6666666666666666,0.45,88,"3,88",1,0
S1-478202247,S2-210537244,City Hospitality Private Limited,City Private  Limited Partners,"Plot No 5, Meerut, Mohkampur, Industrial Phase 1, Uttar Pradesh",,0.6,0.0,"1,5",,0,1
S1-34649272,S2-115551573,Promise Consultancy Limited,Pr0mise Limited  Services,"#7, Nhai Complex, Near A2B Restaurant, Nh44, Bangalore To Chinnar Highway, Chinn, Ar, Shoolagiri, Krishnagiri, Dharmapuri, Tamil Nadu","#7, KRISHNAGIRI, DHARMAPURI, தமிழ்நாடு",0.2,0.13636363636363635,"2,44,7",7,1,0
S1-257114861,S2-742059641,Guru Tech Private Limited,गुरु टेक प्राइवेट लिमिटेड,"C-4 Achleshwar Residency, Model Town Sirol Road, Gird, Gwalior, Madhya Pradesh","PLOT 298 C-4 ACHLESHWAR RESIDENCY, MUMBAI, GWALIOR, मध्य प्रदेश",0.0,0.25,4,"298,4",1,0
S1-728723012,S2-629823610,Mnm Health Limited,Mnm Health,"H.No.605, Krishna Nagar Private Colony, Basarathpur, Gorakhpur, Uttar Pradesh",,0.6666666666666666,0.0,605,,0,1
S1-804506537,S2-250450136,Parasrampuria Resorts Private Limited,Dr Parasrampuria Resorts,"117-Raja Dinendra Street, Kolkata, Calcutta, West Bengal","117-RAJA DINENDRA STREET, KOLKATA, পশ্চিমবঙ্গ",0.4,0.4166666666666667,117,117,1,0
S1-931166453,S2-985784229,Supreme Software LLP,सुप्रीम सॉफ्टवेयर एलएलपी,"Janpath, Delhi","JNPATH, JANPATH, DELHI CONNAUGHT PLACE, Delhi",0.0,0.4,,,0,0
S1-237314316,S2-115627682,Apex Technologies Private Limited,एपेक्स टेक्नोलॉजीज प्राइवेट लिमिटेड,"Fl No 201, Heramb Apt S No 163/3, Right Bhusari Colony, Kothrud, Pune, Maharashtra","FL NO 201, PUNE, महाराष्ट्र, PUNE",0.0,0.2222222222222222,"163,201,3",201,1,0
S1-293638464,S2-992663802,Arihant Energy Pvt Ltd,अरिहंत एनर्जी प्रा. लि.,"A-3, Gali No 41, Sadh Nagar Palam Colony, New Delhi, Delhi","Delhi, A-#3, NEW DELHI",0.0,0.36363636363636365,"3,41",3,1,0
S1-569179691,S2-726929730,Bhubaneswar International Limited,BHÚBANESWAR-INTERNATIONAL,"A-2, Bda Duplex, Ananta Vihar Pokhariput, Bhubaneswar, Khordha, Orissa",,0.25,0.0,2,,0,1
S1-703593478,S2-788305730,Big Bright Consultancy Private Limited,बिग ब्राइट कंसल्टेंसी प्राइवेट लिमिटेड,"A 1006 Satya Shankar, Thane, Next To Neelkanth Greens, Manpada, Thane West, Maharashtra","DOOR NO 435 A 1006 SATYA SHANKAR, THANE WEST, THANE, महाराष्ट्र",0.0,0.3157894736842105,1006,"1006,435",1,0
S1-185844290,S2-326002468,Southern Ventures Pvt Ltd,सदर्न वेंचर्स प्रा. लि.,"1603, Lotus Link Square, K3 K4 Cts 195, Near Apna, Mumbai, Maharashtra","DOOR NO 16 1603, MUMBAI, Maharashtra",0.0,0.2,"1603,195,3,4","16,1603",1,0
S1-176598350,S2-951538383,Maa Petrochem (India) Private Limited,Sri Maa Petrochem Private Limited Center,"511, Mangalam Paradise, Sector-3 Rohini, Delhi, North West Delhi, Delhi","दिल्ली, 00511, MANGALAM PARADISE, SECTOR-3 ROHINI, DELHI",0.5714285714285714,0.5,"3,511","00511,3",1,0
S1-709552145,S2-183009258,Sree Media Private Limited,श्री मीडिया प्राइवेट लिमिटेड,"29A/1, Asaf Ali Road 4Th Floor, New Delhi, Delhi","29A/1, AGRA, NEW DELHI, Delhi",0.0,0.4,"1,29,4","1,29",2,0
S1-323141204,S2-552286113,Vision Builders Private Limited,விஷன் பில்டர்ஸ் பிரைவேட் லிமிடெட்,"New No.21, Old No.13/1, Ground Floor Karpagambal Nagar, Mylapore, Chennai, Tamil Nadu","Tamil Nadu, MADRAS, NEW NO.21, CHENNAI",0.0,0.4,"1,13,21",21,1,0
S1-570773953,S2-647161659,Jain Media Private Limited,जैन मीडिया प्राइवेट लिमिटेड,"Badanpur, Post-Bahramghat, Ramnagar, Barabanki, Uttar Pradesh","HN 450 BADANPUR, BARABANKI, उत्तर प्रदेश",0.0,0.14285714285714285,,450,0,0
S1-971004353,S2-801902664,Krishna Aditya Finance Private Limited,કૃષ્ણ Aditya ફાઇનાન્સ પ્રાઇવેટ લિમિટેડ,"8017, 8018, 8019, 8020- Avadh Textile Market, Opp. New Bombay Market, Sahara Darwaja, Surat, Gujarat","8017, SURAT CITY, SURAT, Gujarat",0.05263157894736842,0.2,"8017,8018,8019,8020",8017,1,0
S1-971004353,S2-19315899,Krishna Aditya Finance Private Limited,કૃષ્ણ આદિત્ય ફાઇનાન્સ પ્રાઇવેટ લિમિટેડ,"8017, 8018, 8019, 8020- Avadh Textile Market, Opp. New Bombay Market, Sahara Darwaja, Surat, Gujarat","8017, SURAT CITY, SURAT, Gujarat",0.0,0.2,"8017,8018,8019,8020",8017,1,0
S1-116388637,S2-673691098,Nv Video Pvt. Ltd.,M/s NVVIDEO.COM,"24, Maitri Apptt. Sector-9, Rohini, New Delhi, Delhi","24, NEW DELHI, Delhi",0.0,0.375,"24,9",24,1,0
S1-587991596,S2-64805094,Hari Sun Consulting Private Limited,হরি সান কনসাল্টিং প্রাইভেট লিমিটেড,"Howrah, West Bengal, Howrah, G.T. Road, Ground Floor Liluah, 270/12/A","270/12/A, HOWRAH, West Bengal",0.0,0.5,"12,270","12,270",2,0
S1-579250265,S2-211095837,Lucknow Projects Partners,Fayenexdelta,"H.No. 25, Phoolbagh Colony, Lucknow, Uttar Pradesh","H.NO. 25, <NULL>, LUCKNOW, उत्तर प्रदेश",0.0,0.2857142857142857,25,25,1,0
S1-151467584,S2-219382159,Om It Private Limited,ॐ आईटी प्राइवेट लिमिटेड,"C/O Lehri Lal, Upli Odan, Nathdwara, Rajsamand, Rajasthan","C/O LEHRI LAL, RAJSAMAND, राजस्थान",0.0,0.38461538461538464,,,0,0
S1-192211257,S2-508236226,Raj Constructions Private Limited,ರಾಜ್ ಕನ್‌ಸ್ಟ್ರಕ್ಷನ್ಸ್ ಪ್ರೈವೇಟ್ ಲಿಮಿಟೆಡ್,"Bangalore, Cmh Road, 2Nd Floor, Suite No. 1016, Karnataka, No. 198, Bangalore North","NO. 198, BANGALORE NORTH, BANGALORE, Karnataka",0.0,0.45454545454545453,"1016,198,2",198,1,0
S1-85359113,S2-780110558,Modern Impex Private Limited,மாடர்ன் இம்பெக்ஸ் பிரைவேட் லிமிடெட்,"No 1466/2A Ts No 34 And 35 Jothi Nagar Ext, Prh Road Lakshmipuram Madhavaram, Ambattur, Tiruvallur, Tamil Nadu","14569- TS NO 34 AND 35 JOTHI NAGAR EXT, AMBATTUR, தமிழ்நாடு",0.0,0.391304347826087,"1466,2,34,35","14569,34,35",2,0
S1-7549438,S2-323213530,Silver Consultants Private Limited,Private Silver Consultants Ltd,"Shop No. 33, Tdi, Sector-23, Panipat, Haryana","DORO NO 33, PANIPAT, Haryana",0.6,0.4444444444444444,"23,33",33,1,0
S1-459232280,S2-865465335,Ruby Academy,Shri Ruby Services Services,"1827, 4Th Cross, Mcechs Layout Ph-2, Bangalore North, Bangalore, Karnataka",,0.25,0.0,"1827,2,4",,0,1
S1-586246585,S2-758987664,Surya Business Private Limited,सूर्य बिजनेस प्राइवेट लिमिटेड,"409, Kohinoor Apartment S.T. Road, Chembur Naka, Mumbai, Maharashtra","#C-456 409, MUMBAI, Maharashtra",0.0,0.25,409,"409,456",1,0
S1-670354280,S2-320413458,Advanced Traders Pvt Ltd,Advanced Tráders Pvt,"Gopalganj, C/O Santosh Prasad Gram And Post - Baraipatti, Bihar",,0.4,0.0,,,0,1
S1-936840848,S2-344394313,Al Estate Private Limited,अल एस्टेट प्राइवेट लिमिटेड,"Faridabad, Srs Pearl Floor Sector 87, Faridabad, P3/9C, Haryana","P#3/9C, SRS PEARL FLOOR SECTOR 87, FARIDABAD, हरियाणा",0.0,0.5,"3,87,9","3,87,9",3,0
S1-936840848,S2-29737000,Al Estate Private Limited,Al Estate Pcie Limited,"Faridabad, Srs Pearl Floor Sector 87, Faridabad, P3/9C, Haryana","P#3/9C, SRS PEARL FLOOR SECTOR 87, FARIDABAD, हरियाणा",0.6,0.5,"3,87,9","3,87,9",3,0
S1-160476547,S2-530929264,Big Exports Private Limited,બિગ એક્સપોર્ટ્સ પ્રાઇવેટ લિમિટેડ,"Survey No 230, C/O Movish Motors, Shantipura Cross Road, Sarkhej-Okaf, Ahmedabad, Ahmedabad, Gujarat","#230, AHMEDABAD, Gujarat",0.0,0.21428571428571427,230,230,1,0
S1-160658487,S2-538627392,Ahl Systems Private Limited,Ahl Systems Pbervite Limited,"Bangalore, Palace Cross Road, Karnataka, No. 33","Karnataka, NO. #33 , PALACE CROSS RAD",0.6,0.625,33,33,1,0
S1-683861274,S2-920258266,Cotton (India) Marketing Private Limited,Cotton (India) Markdtign Private Limited,"C1-902 Parsvnath Exotica Sector 53 Golf Course Road, Gurgaon, Haryana",,0.6666666666666666,0.0,"1,53,902",,0,1
S1-344415188,S2-941430675,Classic Infra Private Limited,क्लासिक इंफ्रा प्राइवेट लिमिटेड,"Co- Banti, Sector-149, Vill-Kondali Bangar, Noida, Gautam Buddha Nagar, Uttar Pradesh","CO- BANTI, NOIDA, Uttar Pradesh",0.0,0.38461538461538464,149,,0,0
S1-94564806,S2-946789571,Faith Exports Limited,IRIFAYE,"F4, 6-2/269/1, 2Nd Floor, Classic Homes, Tirumalagiri, Hyderabad, Telangana","F4, HYDERABAD, TIRUMALAGIRI, Andhra Pradesh",0.0,0.21428571428571427,"1,2,269,4,6",4,1,0
S1-814988165,S2-827114820,Sai Realty,SAI  CENTER,"5, Soundarajan Street, T.Nagar, Madras-600 017., Madras-600 017., Chennai, Tamil Nadu",,0.3333333333333333,0.0,"017,5,600",,0,1
S1-675061988,S2-830869880,UTT Tech Private Limited,UTT Tech Pridvbate Limited,"Panipat, Haryana, Plot No. 32 Om Colony, Panipat","##32 OM COLONY, PANIPAT, हरियाणा",0.6,0.4,32,32,1,0
S1-675061988,S2-679944786,UTT Tech Private Limited,UTT Tech Private Ltd,"Panipat, Haryana, Plot No. 32 Om Colony, Panipat","DOOR NO #32 OM COLONY, PAFIPAT, Haryana",0.6,0.5555555555555556,32,32,1,0
S1-445566969,S2-372804569,Swastik Finance Private Limited,స్వస్తిక్ ఫైనాన్స్ ప్రైవేట్ లిమిటెడ్,"6-6-70/2, Lane Opp Ioc, Petrol Pump, Rajendranagar, Hyderabad, Telangana","6-6-70/2, HYDERABAD, RAJENDRANAGAR, తెలంగాణ",0.0,0.3333333333333333,"2,6,70","2,6,70",3,0
S1-336996571,S2-971701621,Landmark Brothers Pvt Ltd,Shri Landmark Pvt Ltd 5ervices,"12 Gunbow Street, Mumbai, Maharashtra, Mumbai-400 001.(Wef-27/8/2001), Fort","0012 GUNBOW STREET, FORT, MUMBAI, महाराष्ट्र",0.5,0.23529411764705882,"001,12,2001,27,400,8",0012,0,0
S1-336996571,S2-354530413,Landmark Brothers Pvt Ltd,Landmark Pvt Ltd Service,"12 Gunbow Street, Mumbai, Maharashtra, Mumbai-400 001.(Wef-27/8/2001), Fort","0012 GUNBOW STREET, FORT, MUMBAI, महाराष्ट्र",0.6,0.23529411764705882,"001,12,2001,27,400,8",0012,0,0
S1-84750898,S2-782215986,Best Consultants,बेस्ट कंसल्टेंट्स,"J-10, Old No.4, F/F, J- Extn, Part-2, Gali No.12 Ramesh Park, Laxmi Nagar, Near Abdulla M, Asjid, New Delhi, East Delhi, Delhi","EAST DELHI, J-10, दिल्ली, NEW DELHI",0.0,0.20833333333333334,"10,12,2,4",10,1,0
S1-525912803,S2-375237782,Blue Technologies Private Limited,ಬ್ಲೂ ಟೆಕ್ನಾಲಜೀಸ್ ಪ್ರೈವೇಟ್ ಲಿಮಿಟೆಡ್,"No. 140/3, Shivanapura Village, Dasanapura Hobli, Bangalore, Bangalore Rural, Karnataka","NO. 140/3, SHIVANAPURA VILLAGE, DASANAPURA HOBLI, BENGALURU, DABASPET, ಕರ್ನಾಟಕ",0.0,0.4666666666666667,"140,3","140,3",2,0
S1-525912803,S2-729622327,Blue Technologies Private Limited,81ue Technologies Private Limited,"No. 140/3, Shivanapura Village, Dasanapura Hobli, Bangalore, Bangalore Rural, Karnataka","140/3, BENGALURU, ಕರ್ನಾಟಕ, DABASPET",0.6,0.13333333333333333,"140,3","140,3",2,0
S1-859540597,S2-847758613,Arihant Consultants Private Limited,अरिहंत कंसल्टेंट्स प्राइवेट लिमिटेड,"S No 86/1/1/2, Pune, Maharashtra, Sahakar Nagar 2 B 503 9 Green Park, Pune","S NO 86/1/1/2, PUNE, महाराष्ट्र",0.0,0.3333333333333333,"1,2,503,86,9","1,2,86",3,0
S1-23698309,S2-217467561,Shiva Engineering Private Limited,शिवा इंजीनियरिंग प्राइवेट लिमिटेड,"47 / 48D, Rajender Nagar Industrial Area Mohan Nagar, Ghaziabad, Uttar Pradesh","NO 47 / 48D, GHAZIABAD, Uttar Pradesh",0.0,0.45454545454545453,"47,48","47,48",2,0
S1-636168079,S2-883540734,Sas & Partners Limited,5as Partners Limited Services,"F-73, First Floor, Alankar Plaza, Central Spine, Vidhyadhar Nagar, Jaipur, Rajasthan","JAIPUR, ALWAR, राजस्थान, FIRST FLOOR, ALANKAR PLAZA, CENTRAL SPINE, VIDHYADHAR NAGAR, F-73",0.3333333333333333,0.6470588235294118,73,73,1,0
S1-289589319,S2-200915398,Shiv Systems,शिव सिस्टम्स,"Q-6, Jangpura Extension, New Delhi, South Delhi, Delhi","Q-#6, NEW DELHI, SOUTH DELHI, Delhi",0.0,0.7142857142857143,6,6,1,0
S1-747430826,S2-170272340,Om Analytics Limited,Ltd Om Analytics,"Nr. Gate No. 4, Opp. Vadwala Ramapir Mandir, New Fruit Market Yard, Naroda Road, Ahmedabad, Gujarat","BLOK A-161 NR. GATE NO. 4, AHMEDABAD, Gujarat",0.5,0.3157894736842105,4,"161,4",1,0
S1-160460159,S2-71790711,City Consultancy Private Limited,સિટી કન્સલ્ટન્સી પ્રાઇવેટ લિમિટેડ,"F.P.No. 241, Deversh Sopan, O/S Delhi Gat, Nr.Farki Coldrink, Opp Bg Tower, Madhupura, Ahmedabad, Gujarat","F.P.NO. 241, AHMEDABAD, ગુજરાત",0.0,0.22727272727272727,241,241,1,0
S1-593057651,S2-130703917,Creative Global Exports Private Limited,ಕ್ರಿಯೇಟಿವ್ ಗ್ಲೋಬಲ್ ಎಕ್ಸ್‌ಪೋರ್ಟ್ಸ್ ಪ್ರೈವೇಟ್ ಲಿಮಿಟೆಡ್,"No 76. 7Th A Cross, 4Th B Block Koramangala, Bangalore, Karnataka","ಕರ್ನಾಟಕ, BANGALORE, NO 76. 7TH A CROSS, 4TH B BLOCK KORAMANGALA, BANGALORE",0.0,0.7142857142857143,"4,7,76","4,7,76",3,0
S1-841786542,S2-491156641,Fortune Developers Private Limited,फॉर्च्यून डेवलपर्स प्राइवेट लिमिटेड,"C-19, 2Nd Floor, Sector-4, Noida, Gautam Buddha Nagar, Uttar Pradesh","NOIDA, GAUTAM BUDDHA NAGAR, C-19, 2ND FLOOR, SECTOR-4, उत्तर प्रदेश",0.0,0.5882352941176471,"19,2,4","19,2,4",3,0
S1-904720819,S2-131299494,Supreme Tradelink LLP,Supreme Traledciekn LLP,"3380, G/F, Gali Tabel, Sita Ram Bazar, Delhi, Central Delhi, Delhi","H.NO 751  3380, G/F, GALI TABEL, SITA RAM BAZAR, DELHI, दिल्ली",0.5,0.6,3380,"3380,751",1,0
S1-252887919,S2-779274340,Nexus Trust,Shri Caloariaonyx,"Tamil Nadu, Old No. 81, Manickam Lane, Mount Road, Guindy, New No. 116, Chennai, Chennai City Corporation","16, CHENNAI CITY CORPORATION, CHENNAI, Tamil Nadu",0.0,0.3125,"116,81",16,0,0
S1-420971266,S2-451763561,Balaji Tech Private Limited,बालाजी टेक प्राइवेट लिमिटेड,"A-1/153, Ground Floor, Safdarjung Enclave, New Delhi, Delhi","A-1/153, NEW DELHI, Delhi",0.0,0.5555555555555556,"1,153","1,153",2,0
S1-687308818,S2-793139290,Silver Ventures Private Limited,silverventures.com,"94/8, Madhyam Marg, Agarwal Farm, Mansarovar, Jaipur, Rajasthan","राजस्थान, NO. 911 94/8, MDAHYAM MARG, AGARWAL FARM, MANSAROVAR",0.0,0.375,"8,94","8,911,94",2,0
S1-687308818,S2-395333180,Silver Ventures Private Limited,सिल्वर वेंचर्स प्राइवेट लिमिटेड,"94/8, Madhyam Marg, Agarwal Farm, Mansarovar, Jaipur, Rajasthan","NO. 911 94/8, JAIPUR, MANSAROVAR, राजस्थान",0.0,0.26666666666666666,"8,94","8,911,94",2,0
S1-236584137,S2-768440795,Maya Traders Pvt Ltd,Maya Tadaers Pvt  Ltd,"4819 F/F, Xi Ansri Road Darya Ganj, New Delhi, Central Delhi, Delhi","#4819 F/F, XI ANSRI ROAD DARYA GANJ, NEW DELHI, दिल्ली",0.6,0.75,4819,4819,1,0
S1-427910446,S2-232023399,Premier Infra Private Limited,प्रीमियर इंफ्रा प्राइवेट लिमिटेड,"A-104, Sai Sadan, Ratan Nagar, 4 Bunglows, Andheri (West), Mumbai, Mumbai City, Maharashtra","A-10, MUMBAI CITY, Maharashtra",0.0,0.2857142857142857,"104,4",10,0,0
S1-865691324,S2-422920514,Classic Impex Limited,क्लासिक इम्पेक्स लिमिटेड,"House No.65, 3Rd Floor, Block-2-A, Single Storey, New Delhi, West Delhi, Delhi","HCUSE NO.65, WEST DELHI, NEW DELHI, दिल्ली",0.0,0.3125,"2,3,65",65,1,0
S1-865691324,S2-138889377,Classic Impex Limited,क्लासिक इम्पेक्स लिमिटेड,"House No.65, 3Rd Floor, Block-2-A, Single Storey, New Delhi, West Delhi, Delhi","HOUSE NO.65, NEW DELHI, WEST DELHI, दिल्ली",0.0,0.4,"2,3,65",65,1,0
S1-710546437,S2-342959112,Thakur Marketing Pvt Ltd,Thakur Mdaktiregn Pvt Ltd,"Promoter, L-23A Malviya Nagar, New Delhi, Delhi","Delhi, BLOCK A-918 PROMOTER, L-23A MALVIYA NAGAR",0.6,0.6,23,"23,918",1,0
S1-710546437,S2-879268463,Thakur Marketing Pvt Ltd,Shri THAKUR PVT LTD SERVICE,"Promoter, L-23A Malviya Nagar, New Delhi, Delhi","BLOCK A-918 PROMOTER, L-23A MALVIYA NAGAR, Delhi",0.5,0.6,23,"23,918",1,0
S1-478145003,S2-300073033,Jaipur Tourism Private Limited,Jaipur Tourism Private Ltd,"Flat No. 801, Pearl Prem, Apartments, Rajendra Marg, Jaipur, Rajasthan",,0.6,0.0,801,,0,1
S1-380856927,S2-762722749,Golden Marketing Private Limited,ગોલ્ડન માર્કેટિંગ પ્રાઇવેટ લિમિટેડ,"Samurudhdhi Opp. Old High Court B/H Navdeep Building, Navarangpura, 506, Ahmedabad, Gujarat, Ahmedabad","3-506, AHMEDABAD, CHANGODAR, Gujarat",0.0,0.2,506,"3,506",1,0
S1-85936234,S2-365923443,Universal Care Private Limited,యూనివర్సల్ కేర్ ప్రైవేట్ లిమిటెడ్,"H.No. 5-53, Venkateswara Nagar Kurnool Road, Ongole, Prakasam, Andhra Pradesh","H.NO. 5-53, ONGOLE, PRAKASAM DISTRICT, Andhra Pradesh",0.0,0.6153846153846154,"5,53","5,53",2,0
S1-85936234,S2-578296152,Universal Care Private Limited,యూనివర్సల్ కేర్ ప్రైవేట్ లిమిటెడ్,"H.No. 5-53, Venkateswara Nagar Kurnool Road, Ongole, Prakasam, Andhra Pradesh","H.NO. 5-53, URBAN, Andhra Pradesh",0.0,0.46153846153846156,"5,53","5,53",2,0
S1-170648401,S2-977034928,Baba Vijay Marketing,बाबा विजय मार्केटिंग,"206 B No.14, Vasant Oasis, Marol, Andheri(E), Mumbai, Maharashtra","NO 206/8 B NO.14, MUMBAI, Maharashtra",0.0,0.5,"14,206","14,206,8",2,0
S1-782321692,S2-401908461,Overseas Enterprises Private Limited,Limited Overseas Private (Partners),"Rl-193, Shree Shilp Bunglow Azdepada, Nr. Ayyapa Mandir, Dombivli, Thane, Maharashtra","RL-193, DOMBIVLI, THANE, महाराष्ट्र",0.6,0.25,193,193,1,0
S1-170987713,S2-150851514,Advaya Institute Pvt Ltd,Advaya Insitttue Pvt (Ltd),"1626/33, 3Rd Floor, Naiwala Karol Bagh, New Delhi, Delhi","1626/33, 3RD FLOOR, NAIWALA KAROL BAGH, दिल्ली",0.6,0.6363636363636364,"1626,3,33","1626,3,33",3,0
S1-215438939,S2-704710046,Bharat Trading Private Limited,ਭਾਰਤ ਟ੍ਰੇਡਿੰਗ ਪ੍ਰਾਈਵੇਟ ਲਿਮਟਿਡ,"Plot No C-97, Focal Point, Industrial Area, Phase- 7, S.A.S.Nagar (Mohali), Rupnagar, Punjab","H.NO C-704 PLOT NO C-97, S.A.S.NAGAR (MOHALI), RUPNAGAR, ਪੰਜਾਬ",0.0,0.42857142857142855,"7,97","704,97",1,0
S1-958004482,S2-770754985,Supreme Foundation,സുപ്രീം ഫൗണ്ടേഷൻ,"Door No. 16/3331, Opposite Csez, Kakkanad, Ernakulam, Kerala","16/3331, ERNAKULAM, Kerala",0.0,0.4444444444444444,"16,3331","16,3331",2,0
S1-958004482,S2-196291194,Supreme Foundation,സുപ്രീം ഫൗണ്ടേഷൻ,"Door No. 16/3331, Opposite Csez, Kakkanad, Ernakulam, Kerala","ERNAKULAM, DOOR NO. 16/3331, ERNAKULAM, കേരളം",0.0,0.45454545454545453,"16,3331","16,3331",2,0
S1-578433787,S2-731850872,Balaji Builders Private Limited,Balaji ବିଲଡର୍ସ୍ Private Limited,"Qr No-Miicr-22 Phase-I, Chhend, Rourkela, Sundargarh, Orissa","Odisha, QR NO-IMICR-22 PHASE-I, CHHEND, ROURKELA",0.42857142857142855,0.5833333333333334,22,22,1,0
S1-78173590,S2-942449078,Hari Hospital Pvt. Ltd.,Hari Hosphitol Pvt. Ltd.,"7A /41 W E A Karol Bagh, New Delhi, Central Delhi, Delhi","7A /41 W E A KAROL BAGH, NEW DELHI, दिल्ली",0.6,0.75,"41,7","41,7",2,0
S1-715049118,S2-45815550,Baba Developers Private Limited,বাবা ডেভেলপারস প্রাইভেট লিমিটেড,"Room No.734, 7Th Floor, Marshal House, 33/1, Netaji Subhas Road, Kolkata, Kolkata, Howrah, West Bengal","ROOM NO.734, KOLKATA, HOWRAH, পশ্চিমবঙ্গ",0.0,0.25,"1,33,7,734",734,1,0
S1-837425271,S2-254902960,Universal Business Pvt Ltd,ಯುನಿವರ್ಸಲ್ ಬಿಸಿನೆಸ್ ಪ್ರೈವೇಟ್ ಲಿಮಿಟೆಡ್,"Bangalore, Bangalore South, Karnataka, Indiqube Edge, Ground Floor (Work Unit-10), No. 571/630/6/4 Sy No 6/4 Ambalipura(V)","INDIQUBE EDGE, BANGALORE SOUTH, HSR LAYOUT, Karnataka",0.0,0.25,"10,4,571,6,630",,0,0
S1-837425271,S2-597658891,Universal Business Pvt Ltd,Shri businessuniversal.com,"Bangalore, Bangalore South, Karnataka, Indiqube Edge, Ground Floor (Work Unit-10), No. 571/630/6/4 Sy No 6/4 Ambalipura(V)","INDIQUBE EDGE, BANGALORE SOUTH, HSR LAYOUT, ಕರ್ನಾಟಕ",0.0,0.17391304347826086,"10,4,571,6,630",,0,0
S1-13958396,S2-36803198,Fortune It Private Limited,Fortune It Limited Center Center,"Shop No A-1, A-2 Plot No - 1143, Rithala Industrial Area, Rohini, Delhi, North West, Delhi",,0.6,0.0,"1,1143,2",,0,1
S1-999410587,S2-503077412,South Global Pvt Ltd,साउथ ग्लोबल प्रा. लि.,"H No-76/1, Khadkeshwar Ambad, Jalna, Maharashtra","H NO-76/1., JALNA, <NULL>, महाराष्ट्र",0.0,0.38461538461538464,"1,76","1,76",2,0
S1-54682243,S2-162640928,Perfect Unique Trading,பர்ஃபெக்ட் யுனிக் டிரேடிங்,"2/149, Shanthi House, Madras Bye Pass Road Krishnagiri, Dharmapuri Distt., Krishnagiri, Dharmapuri, Tamil Nadu","#2/149, WESTERN REGION COIMBATORE, KRISHNAGIRI, Tamil Nadu",0.0,0.3125,"149,2","149,2",2,0
S1-54682243,S2-748282427,Perfect Unique Trading,பர்ஃபெக்ட் யுனிக் டிரேடிங்,"2/149, Shanthi House, Madras Bye Pass Road Krishnagiri, Dharmapuri Distt., Krishnagiri, Dharmapuri, Tamil Nadu","KRISHNAGIRI, Tamil Nadu, KRISHNAGIRI, #2/149",0.0,0.38461538461538464,"149,2","149,2",2,0
S1-54682243,S2-74945266,Perfect Unique Trading,Perfect Unqliue Trading,"2/149, Shanthi House, Madras Bye Pass Road Krishnagiri, Dharmapuri Distt., Krishnagiri, Dharmapuri, Tamil Nadu",,0.5,0.0,"149,2",,0,1
S1-181618496,S2-206634811,BL Consultants Private Limited,BL CÓNSULTANTS PRIVATE,"H No 384/2Rt, Sr Nagar, Ameerpet, Hyderabad, Telangana","384/2RT , SR NAGAR, AMEERPET, తెలంగాణ",0.4,0.38461538461538464,"2,384","2,384",2,0
S1-82496774,S2-696695006,Properties Seamarine Hygiene Pvt Ltd,seamarineproperties.com,"Unit 101 Oxford Towers, 139/88 Hal Old Airport Rd, Bangalore North, Bangalore, Karnataka","#73 UNIT 101 OXFORD TOWERS, 139/88 HAL OLD AIRPORT RD, BANGALORE NORTH, BANGALORE, ಕರ್ನಾಟಕ",0.0,0.7058823529411765,"101,139,88","101,139,73,88",3,0
S1-510824465,S2-870319474,All Healthcare Private Limited,ଅଲ୍ ହେଲ୍ଥକେୟାର୍ ପ୍ରାଇଭେଟ୍ ଲିମିଟେଡ୍,"Plot No. N-3/24, Irc Village, Nayapalli, Bhubaneswar, Khordha, Orissa","PLOT NO. N-3/24, BHUBANESWAR, KHORDHA, ଓଡ଼ିଶା",0.0,0.5384615384615384,"24,3","24,3",2,0
S1-257881562,S2-563564248,Ss Ventures Private Limited,एसएस वेंचर्स प्राइवेट लिमिटेड,"C-113/56Raiganj Road Gorakhpur, Uttar Pradesh, Gorakhpur, Uttar Pradesh","उत्तर प्रदेश, C-D/113/56RAIGANJ ROAD GORAHPUR, UTTAR PRADESH, GORAKHPUR BETIYAHATA",0.0,0.4666666666666667,"113,56","113,56",2,0
S1-361300686,S2-273112128,UL Technologies LLP,LLP UL Teechnohlogies,"Plot No. 26 B, Near Sagar Market, Jaipur, Rajasthan","#26 B, JAIPUR, राजस्थान",0.5,0.23076923076923078,26,26,1,0
S1-846138744,S2-76949405,Tirupati Producer LLP,तिरुपति प्रोड्यूसर एलएलपी,"Flat No. 201, Eureka Tower Omaxe Heights, Sector -86, Faridabad, Haryana","FLAT NO. 201, FARIDABAD, Haryana",0.0,0.45454545454545453,"201,86",201,1,0
S1-190301586,S2-598331850,Shivam Green Consulting LLP,शिवम ग्रीन कंसल्टिंग एलएलपी,"Plot No N - 70 Midc Hingna Road, Nagpur, Maharashtra","PLOT NO N - 70 MIDC HINGNA ROAD, NAGPUR, महाराष्ट्र",0.0,0.6153846153846154,70,70,1,0
S1-893081205,S2-837022400,Proton Trading Private Limited,Proton Private Limited Services,"Survey 125, Next To Shell, Petrol Pump, Hirenmekere, Devanahalli, Bangalore Rural, Karnataka",,0.6,0.0,125,,0,1
S1-174514022,S2-793403495,Rsp Power Corporation,>> Rsp Power,"Dlf Tower-A Jasola Vihar, Delhi, 101 B, South Delhi, New Delhi","B, NEW DELHI, SOUTH DELHI, दिल्ली",0.6666666666666666,0.3333333333333333,101,,0,0
S1-790387925,S2-167156929,Mee International School,MEE INTERNATIONAL,"G 5 A, Ground & Mezzanine Floor Kalka Ji, New Delhi, South Delhi, Delhi","G #5 A, GROUND & MEZZANINE FLOOR KALKA JI, NEW DELHI, दिल्ली",0.6666666666666666,0.7857142857142857,5,5,1,0
S1-314761186,S2-320471212,Next Polytechnic,M/s NEXT PO1YTECHNIC,"Flat No. F-1, Ground Floor, Anant Shree Sankul, Temple Road, Civil Lines, Nagpur, Maharashtra",,0.2,0.0,1,,0,1
S1-760597971,S2-509901378,Red Projects Private Limited,रेड प्रोजेक्ट्स प्राइवेट लिमिटेड,"27/3, Gitanjali Kunj 5 Dr. Ambedkar Road, Pune, Maharashtra","27/3, PUNE, KOREGAON BHIMA, महाराष्ट्र",0.0,0.1875,"27,3,5","27,3",2,0
S1-935940802,S2-714401823,Haryana Welfare Society Care,Services Society Care Haryana,"Mumbai, Maharashtra, Mumbai, Floor-5Th, Plot-71, 72, 77, 213/74, 1, Rehab Building, Mahadeo Palav Marg, New Islam Mill Compound, Parel, 507","50, MUMBAI, Maharashtra",0.6,0.08695652173913043,"1,213,5,507,71,72,74,77",50,0,0
S1-732882635,S2-598115857,Malshiras Healthcare Private Limited,Malshiras Héalthcare Private Ltd,"B-5 At Post Akluj, Malshiras, Solapur, Tal Malshiras, Maharashtra","B-5 AT POST AKLUJ, TAL MALSHIRLS, MALSHIRAS, महाराष्ट्र",0.3333333333333333,0.5,5,5,1,0
S1-601203575,S2-908765230,Om Care,ఓమ్ కేర్,"Gf 9, Aditya Vindhya Block, Ameerpet, Hyderabad, Telangana","GF 9, HYDERABAD, Andhra Pradesh",0.0,0.3,9,9,1,0
S1-866246952,S2-979699147,Alacrity Exports Private Limited,Private Alacrity Exoorft Limited,"1404, Panchvati Apartment, Near S.M.Shetty School, Hiranandani Gard, Ens, Powai, Mumbai, Mumbai City, Maharashtra","BLOCK F-145 1404, MUMBAI, MUMBAI CITY, महाराष्ट्र",0.6,0.13636363636363635,1404,"1404,145",1,0
S1-958348100,S2-413706611,Bright Universal Tech Private Limited,ब्राइट यूनिवर्सल टेक प्राइवेट लिमिटेड,"Navi Mumbai, Maharashtra, Plot No A-23, Midc Ttc Indl Area, Thane Belapure Rd, Behind Reliance Silicon, Khairane, Mumbai City","PLOT NO A-23, MUMBAI CITY, Maharashtra, MUMBAI",0.0,0.3684210526315789,23,23,1,0
S1-389066041,S2-723018079,EWX General Private Limited,PRIVATE EWX GENERAL LTD,"J-1212A, Ansal Plaza, Palam Vihar, Gurgaon, Haryana","J-1212A, GURGAON, Haryana",0.6,0.5,1212,1212,1,0
S1-47489220,S2-795942616,Pune City Amusement Private Limited,Limited Pune City Private Center,"S No 81/82, Ganesh Baug Nr Hog, Industries, Mundhwa Pune, Pune City, Pune, Maharashtra","S NO 81/82, PUNE CITY, Maharashtra",0.6666666666666666,0.5384615384615384,"81,82","81,82",2,0
S1-434020685,S2-243789838,United Industries Group Private Limited,United Industries Group Private Ltd,"B4-201, Supertech, Meerut Sports City, Meerut, Uttar Pradesh",,0.6666666666666666,0.0,"201,4",,0,1
S1-789696800,S2-214386926,Green My Builders Pvt Ltd,ग्रीन माय बिल्डर्स प्रा. लि.,"New Delhi, Plot No. 11, Second Floor, Block D-5, Model Town Phase Ii, Landmark Near Lakh, Delhi, North West","PLOT NO. 011, NEW DELHI NORTH, Delhi, NEW DELHI",0.0,0.25,"11,5",011,0,0
S1-63043337,S2-82523542,Sun Urban Industries Private Limited,सन अर्बन इंडस्ट्रीज प्राइवेट लिमिटेड,"Maharashtra, Lakshmi Nagar, Behind Sheetal Restaurant Ne Ar City Pride Theatre, Bibvewadi, Pune S, Atara Road, Sr. No. 692/2A, Pune","SR. NO. G-692/2A, PUNE, Maharashtra",0.0,0.2857142857142857,"2,692","2,692",2,0
S1-63043337,S2-532645034,Sun Urban Industries Private Limited,सन अर्बन इंडस्ट्रीज प्राइवेट लिमिटेड,"Maharashtra, Lakshmi Nagar, Behind Sheetal Restaurant Ne Ar City Pride Theatre, Bibvewadi, Pune S, Atara Road, Sr. No. 692/2A, Pune","SR. NO. G-692/2A, PUNE, Maharashtra",0.0,0.2857142857142857,"2,692","2,692",2,0
S1-745839307,S2-148602546,Innovative Agro Private Limited,ಇನೋವೇಟಿವ್ ಅಗ್ರೋ ಪ್ರೈವೇಟ್ ಲಿಮಿಟೆಡ್,"No.1, Ground Floor, H I M Towers, 9Th Cross Kempegowd Layout Nageshwara Nagebahalli, Bangalore, Karnataka","Karnataka, BANGALORE, NO.1",0.0,0.25,"1,9",1,1,0
S1-845796597,S2-932518476,Om Food Private Limited,ओम फूड प्राइवेट लिमिटेड,"Office No.33, 2Nd Floor, Sai Chamber, Plot No-44, Sector-11, Cbd Belapur, Navi Mumbai, Thane, Maharashtra","OFFICE NO.##33, NAVI MUMBAI, THANE, Maharashtra",0.0,0.4117647058823529,"11,2,33,44",33,1,0
S1-835062442,S2-566654759,Shiva Industries Limited,శివ ఇండస్ట్రీస్ లిమిటెడ్,"Plot No 1, Telangana, H.No 1-2-50/1, Ground Floor, Brindavan Colony, Nizampet Road, Hyderna, Gar, Rangareddy, Medchal","PLOT NO 1, MEDCHAL, PRAGATHINAGAR, Telangana",0.0,0.2777777777777778,"1,2,50",1,1,0
S1-668080797,S2-756273684,Media Kamdhenu (india) Pvt. Ltd.,mediakamdhenuindia.com,"House No. 82, Ground Floor, Block B, Pocket 6 Sector 5, Rohini, Delhi, North West, Delhi","HOUSE NO. 82, GROUND FLOOR, BLOCK B, POCKET 6 SECTOR 5, ROHINI, DELHI, दिल्ली",0.0,0.7647058823529411,"5,6,82","5,6,82",3,0
S1-816256694,S2-439950490,Raj Products Private Limited,Raj Products Products,"Thanesar, I Park, Nr Anchla Chowk Darakalan, C/O Ashwani Kumar, Kurukshetra, Haryana",,0.5,0.0,,,0,1
S1-629884157,S2-130026705,Lkp Enterprises Private Limited,Lkp Enterprises Private,"C/O Prakash Gupta, A-62, New York City, Mundi, Indore, Madhya Pradesh",,0.75,0.0,62,,0,1
S1-59349211,S2-562154435,Bijapurkar Broadband Public Limited,QUOTAVO,"H.No.21, Near Hanuman Temple Ibrahimpur, Vijayapur, Bijapurkar, Bijapur, Karnataka","BIJAPURKAR, Karnataka, DOOR NO 21",0.0,0.3333333333333333,21,21,1,0
S1-521131988,S2-800268810,Bharat Developers Private Limited,பாரத் டெவலப்பர்ஸ் பிரைவேட் லிமிடெட்,"Ramalinga Nagar, Chennai, Tamil Nadu, No 31., Chennai City Corporation","DOOR NO 31., CHENNAI CITY CORPORATION, CHENNAI, Tamil Nadu",0.0,0.7,31,31,1,0
S1-21438231,S2-92597535,Royal Ram Ventures Pvt Ltd,రాయల్ రామ్ వెంచర్స్ ప్రైవేట్ లిమిటెడ్,"P.No: 1-90/7/B/2, Block # 202, V R Sunshine, Patrika Nagar, Madhapur, Hitecch City, Hyderabad, Telangana","74 P.NO: 1-90/7/B/2, HYDERABAD, Telangana",0.0,0.45,"1,2,202,7,90","1,2,7,74,90",4,0
S1-21438231,S2-363557532,Royal Ram Ventures Pvt Ltd,రాయల్ రామ్ వెంచర్స్ ప్రైవేట్ లిమిటెడ్,"P.No: 1-90/7/B/2, Block # 202, V R Sunshine, Patrika Nagar, Madhapur, Hitecch City, Hyderabad, Telangana","P.NO: 1-90/7/B/2, HYDERABAD, Telangana",0.0,0.47368421052631576,"1,2,202,7,90","1,2,7,90",4,0
S1-21438231,S2-615654181,Royal Ram Ventures Pvt Ltd,రాయల్ రామ్ వెంచర్స్ ప్రైవేట్ లిమిటెడ్,"P.No: 1-90/7/B/2, Block # 202, V R Sunshine, Patrika Nagar, Madhapur, Hitecch City, Hyderabad, Telangana","DOOR NO 74 P.NO: 1-90/7/B/2, HYDERABAD, Telangana",0.0,0.42857142857142855,"1,2,202,7,90","1,2,7,74,90",4,0
S1-563459628,S2-312523803,Real Silver Builders Private Limited,रियल सिल्वर बिल्डर्स प्राइवेट लिमिटेड,"503, Khanjipir, Girwa, Udaipur, Rajasthan","501, KHANJIPIR, UDAIPUR, GIRWA, राजस्थान",0.0,0.3,503,501,0,0
S1-705696030,S2-929400928,Blue Constructions Private Limited,புளூ கன்ஸ்ட்ரக்ஷன்ஸ் பிரைவேட் லிமிடெட்,"Sp 7 A, Industrial Estate, Guindy, Chennai, Tamil Nadu","SP #7 A, INDUSTRIAL ESTATE, GUINDY, CHENNAI, தமிழ்நாடு",0.0,0.5384615384615384,7,7,1,0
S1-599110737,S2-817277602,Jai East Technology Limited,जय ईस्ट टेक्नोलॉजी लिमिटेड,"48/7, 3Rd Floor, East Patel Nagar, New Delhi, Central Delhi, Delhi","48, WEST, Delhi",0.0,0.18181818181818182,"3,48,7",48,1,0
S1-696922494,S2-79521332,Classic Energy Private Limited,ક્લાસિક Energy પ્રાઇવેટ લિમિટેડ,"Gujarat, Vadodara, Nadi Nazara, Vadodara, Parthampura, Parthampura (Bhadarva), Savli","NADI NAZARA, VADODARA REGION, ગુજરાત",0.07692307692307693,0.2727272727272727,,,0,0
S1-42363801,S2-732412233,Videocon & Brothers Limited,Videocon & Limited Service,"3-114 Pradhana Street, Mangalapalem, Vizianagaram, Kothavalasa, Vizianagaram, Andhra Pradesh",,0.6,0.0,"114,3",,0,1
S1-552826079,S2-165838546,Ons Glazing Limited,Ons Gzgn Límited,"64-D, Lig Pocket-12, Jasola Vihar, New Delhi, Delhi","दिल्ली, 64-D, LIG POCKET-12, JASOLA VIHAR",0.2,0.6363636363636364,"12,64","12,64",2,0
S1-141817730,S2-104689609,WE Cold Private Limited,WE  Cold,"G-272 Sector-63, Noida, Gautam Buddha Nagar, Uttar Pradesh","G-272 SECTOR-63, NOIDA, उत्तर प्रदेश",0.5,0.3333333333333333,"272,63","272,63",2,0
S1-361734641,S2-68322778,Rahul Brothers Private Limited,Private Rahul Brothers Ltd,"762, Housing Board Colony In Front Of Sai Mandir, Narsinghpur, Madhya Pradesh","NARSINGHPUR, मध्य प्रदेश, 62",0.6,0.05555555555555555,762,62,0,0
S1-65380806,S2-642509255,South Shree Power Pvt Ltd,साउथ श्री पावर प्रा. लि.,"Ae-35, Ghaziabad, Avantika, Uttar Pradesh","AE-35, AVANTIKA, Uttar Pradesh, RAJNAGAR, GAZIABAD",0.0,0.625,35,35,1,0
S1-713751678,S2-809739305,High Sunrise Power Private Limited,हाई सनराइज पावर प्राइवेट लिमिटेड,"19/1 Chander Nagar Alambagh, Lucknow, Uttar Pradesh","19/1 CHANDER NAGAR ALAMBAGH, LUCKNOW, उत्तर प्रदेश",0.0,0.46153846153846156,"1,19","1,19",2,0
S1-865534781,S2-133490558,AEE Builders LLP,AEE LLP Center,"Sy.No. 113, 114/P, Villa No 43, Sark One, Rangareddy, K.V.Rangareddy, Telangana","SY.NO. 11, 114/P, VILLA NO 43, SARK ONE, RANGAREDDY, NULL, తెలంగాణ",0.5,0.47368421052631576,"113,114,43","11,114,43",2,0
S1-865534781,S2-408742026,AEE Builders LLP,AEE LLP  SERVICES,"Sy.No. 113, 114/P, Villa No 43, Sark One, Rangareddy, K.V.Rangareddy, Telangana","SY.NO. 11, 114/P, VILLA NO 43, SARK ONE, RANGAREDDY, NULL, తెలంగాణ",0.5,0.47368421052631576,"113,114,43","11,114,43",2,0
S1-865534781,S2-154059811,AEE Builders LLP,ABUILDERS.COM,"Sy.No. 113, 114/P, Villa No 43, Sark One, Rangareddy, K.V.Rangareddy, Telangana","SY.NO. 11, K.V.RANGAREDDY, NULL, Telangana",0.0,0.4,"113,114,43",11,0,0
S1-496389748,S2-822877789,Raj Technology Private Limited,ਰਾਜ ਟੈਕਨਾਲੋਜੀ ਪ੍ਰਾਈਵੇਟ ਲਿਮਟਿਡ,"408, Leather Complex, Kapurthala Road, Jalandhar, Punjab","JALANDHAR, Punjab, JALANDHAR, 408",0.0,0.42857142857142855,408,408,1,0
S1-310186288,S2-474151185,Sky Industries Limited,स्काई इंडस्ट्रीज लिमिटेड,"Pl No. 28, Paineer Housing Society Khamla Road Ajni, Nagpur, Maharashtra","PL NO. 28, NAGPUR, महाराष्ट्र",0.0,0.26666666666666666,28,28,1,0
S1-310186288,S2-260795571,Sky Industries Limited,स्काई इंडस्ट्रीज लिमिटेड,"Pl No. 28, Paineer Housing Society Khamla Road Ajni, Nagpur, Maharashtra","PL NO. 28, NAGPUR, महाराष्ट्र",0.0,0.26666666666666666,28,28,1,0
S1-690396484,S2-747657382,Vijay Trading Private Limited,Dr Vijay Trading Trading Private Ltd,"521, Nathelav Colony Behind Kabir Mandir, Banswara, Rajasthan",,0.5,0.0,521,,0,1
S1-936467735,S2-66536317,Apex Smart Healthcare,Apex Smart,"4/403, Markapur, Prakasam, Andhra Pradesh","NO 2-218 4/403, MARKAPUR, ఆంధ్రప్రదేశ్",0.6666666666666666,0.21428571428571427,"4,403","2,218,4,403",2,0
S1-966814176,S2-2890676,ZS Computers Private Limited,ZS Computers Private,"22 Siddharth Enclaveashram, New Delhi, South Delhi, Delhi","DOOR NO 22 SIDDHARTH ENCLAVEASHRAM, NEW DELHI, दिल्ली",0.75,0.5,22,22,1,0
S1-941076707,S2-971373443,Galaxy Solutions Pvt Ltd,ಗ್ಯಾಲಕ್ಸಿ ಸೊಲ್ಯೂಷನ್ಸ್ ಪ್ರೈವೇಟ್ ಲಿಮಿಟೆಡ್,"No.42, Kamakshipalya, Magadi Main Road, Bangalore, Karnataka","BANGALORE, NO.42, Karnataka, BANGALORE",0.0,0.5,42,42,1,0
S1-941076707,S2-960177368,Galaxy Solutions Pvt Ltd,sgalaxy.com,"No.42, Kamakshipalya, Magadi Main Road, Bangalore, Karnataka","BANGALORE, Karnataka, BANGALORE, DOOR NO 42",0.0,0.4444444444444444,42,42,1,0
S1-813974803,S2-586559545,What Housing Private Limited,What Housing Private,"N/No1, O/No.71/3 Ramapuram, Main Rd, Valasaravakkam, Tiruvallur, Tamil Nadu",,0.75,0.0,"1,3,71",,0,1
S1-753821482,S2-772729470,Eastern Tech,ईस्टर्न टेक,"Office No. 119, 2 Nd Floor 283, Shukrawar Peth, Pune, Maharashtra","SHUKRAWAR PETH, PUNE, OFFICE NO. 119, महाराष्ट्र",0.0,0.4,"119,2,283",119,1,0
S1-896505744,S2-227269906,Sun Power Private Limited,ಸನ್ ಪವರ್ ಪ್ರೈವೇಟ್ ಲಿಮಿಟೆಡ್,"#1207/1, First Floor, Nanjappa Main Road, 2Nd Block Vidyaranyapura, Bel Layout, Narasipura Village, Yelahanka, Bangalore North, Bangalore, Karnataka","#1207/1, BANGALORE NORTH, BANGALORE, ಕರ್ನಾಟಕ",0.0,0.19047619047619047,"1,1207,2","1,1207",2,0
S1-896505744,S2-346546691,Sun Power Private Limited,ಸನ್ ಪವರ್ ಪ್ರೈವೇಟ್ ಲಿಮಿಟೆಡ್,"#1207/1, First Floor, Nanjappa Main Road, 2Nd Block Vidyaranyapura, Bel Layout, Narasipura Village, Yelahanka, Bangalore North, Bangalore, Karnataka","#1207/1, BANGALORE, BANGALORE NORTH, Karnataka",0.0,0.2777777777777778,"1,1207,2","1,1207",2,0
S1-713063568,S2-112597221,Golden Surya Industries Pvt Ltd,ಗೋಲ್ಡನ್ ಸೂರ್ಯ ಇಂಡಸ್ಟ್ರೀಸ್ ಪ್ರೈವೇಟ್ ಲಿಮಿಟೆಡ್,"No.Hig-7, 2Nd Stage Kallahalli, Vinobanagar, Shimoga, Karnataka","NO.HIG-##7, SHIVAMOGGA, Karnataka",0.0,0.4,"2,7",7,1,0
S1-435439346,S2-26556009,Om It,Om आईटी,"B-25, Sector - 1, Noida, Gautam Buddha Nagar, Uttar Pradesh","B-25, SECTOR - 1, NOIDA, Uttar Pradesh",0.3333333333333333,0.7,"1,25","1,25",2,0
S1-983032539,S2-764627694,Pioneer Raj Technologies Pvt Ltd,পায়োনিয়ার রাজ টেকনোলজিস প্রাইভেট লিমিটেড,"30, C R Avenue, 3Rd Floor, Kolkata, Kolkata, Howrah, West Bengal","CALCUTTA, 30/6, HOWRAH, West Bengal",0.0,0.3333333333333333,"3,30","30,6",1,0
S1-906144920,S2-197256836,Raj Food Private Limited,राज फूड प्राइवेट लिमिटेड,"A-215, Rajasthan, Jaipur, Malviya Nagar","A-215, JAIPUR, MALVIYA NAGAR, राजस्थान",0.0,0.5,215,215,1,0
S1-271666441,S2-747772711,Perfect Enterprises Pvt Ltd,परफेक्ट एंटरप्राइजेज प्रा. लि.,"Wing B Office No 1107, Off Wstern Express Highway Western Edge Ii, Behind Metro, Mumbai, Mumbai City, Maharashtra","PLOT 336 WING B OFFICE NO 1107, MUMBAI CITY, महाराष्ट्र",0.0,0.30434782608695654,1107,"1107,336",1,0
S1-895936314,S2-966042943,Gujarat Investments Private Limited,గుజరాత్ ఇన్వెస్ట్‌మెంట్స్ ప్రైవేట్ లిమిటెడ్,"Municipal No6-3-564/564/1, Fl No. 302, 3Rd Flr, Abbasi Tower Erramanzil, Khairatabad, Hyderabad, Telangana","MUNIICPAL NO6-3-564/564/1/4, HYDERABAD, Telangana",0.0,0.3333333333333333,"1,3,302,564,6","1,3,4,564,6",4,0
S1-552493378,S2-560658106,Ship Brothers Limited,5hip Limited Center,"S4, Rose Apartment, Beside Hasmee Apartment Nr. Jafri Tower, Kochrab, Paldi, Ahmedabad, Gujarat","S4, AHMEDABAD, Gujarat",0.2,0.25,4,4,1,0
S1-974540029,S2-839021412,First Agro Private Limited,फर्स्ट एग्रो प्राइवेट लिमिटेड,"D-988 New Friends Colony, Delhi, South Delhi, Delhi","D-987 NEW FRIENDS COLONY, <NULL>, SOUTH DELHI, DELHI",0.0,0.6666666666666666,988,987,0,0
S1-136768873,S2-188564944,Yms Technologies Private Limited,Private Yms Technologies Ltd,"H No 8-2-672 Sufi Chambers, Hyderabad, 5Th Floor Road No 1 Beside Taj Banjara, Hyderabad, Telangana","NO 8-2-672 SUFI CHAMBERS, HYDERABAD, BANGALORE, Andhra Pradesh",0.6,0.3684210526315789,"1,2,5,672,8","2,672,8",3,0
S1-834943535,S2-599132548,Gujarat Investments Pvt Ltd,ગુજરાત ઇન્વેસ્ટમેન્ટ્સ પ્રા. લિ.,"B 303 Radha Kishan, Residency Opp. Rjd, Pardi, Surat, Gujarat","PLOT 615 B 303 RADHA KISHAN, SURAT, ગુજરાત",0.0,0.3333333333333333,303,"303,615",1,0
S1-299213466,S2-313878162,Anand Energy Limited,आनंद एनर्जी लिमिटेड,"1St, Paul Complex, Ajni Square, Wardha Road, Nagpur, Maharashtra","महाराष्ट्र, NAGPUR, 1ST.",0.0,0.15384615384615385,1,1,1,0
S1-175795888,S2-162379928,Blue Consulting Private Limited,Private Blue Cfodnsulting Limited,"Plot No. 187, Road No. 72, Prashasan Nagar, Jubilee Hills, Hyderabad, Telangana","187, HYDERABAD, Telangana",0.6,0.2727272727272727,"187,72",187,1,0
S1-175795888,S2-535473884,Blue Consulting Private Limited,బ్లూ కన్సల్టింగ్ ప్రైవేట్ లిమిటెడ్,"Plot No. 187, Road No. 72, Prashasan Nagar, Jubilee Hills, Hyderabad, Telangana","PLOT NO. 187, HYDERABAD, Telangana",0.0,0.45454545454545453,"187,72",187,1,0
S1-175795888,S2-278292276,Blue Consulting Private Limited,బ్లూ కన్సల్టింగ్ ప్రైవేట్ లిమిటెడ్,"Plot No. 187, Road No. 72, Prashasan Nagar, Jubilee Hills, Hyderabad, Telangana","DOOR NO 187, HYDERABAD, Telangana",0.0,0.3333333333333333,"187,72",187,1,0
S1-175795888,S2-416264052,Blue Consulting Private Limited,Limited Blue Consulting Services,"Plot No. 187, Road No. 72, Prashasan Nagar, Jubilee Hills, Hyderabad, Telangana","HYDERABAD, PLOT NO. 187, Telangana",0.6,0.45454545454545453,"187,72",187,1,0
S1-175795888,S2-422397868,Blue Consulting Private Limited,బ్లూ కన్సల్టింగ్ ప్రైవేట్ లిమిటెడ్,"Plot No. 187, Road No. 72, Prashasan Nagar, Jubilee Hills, Hyderabad, Telangana","DOOR NO 187, HYDERABAD, Telangana",0.0,0.3333333333333333,"187,72",187,1,0
S1-163371057,S2-174509320,Ziraraj Realty Private Limited,LIMITED ZIRARAJ REALTY SERVICES,"Unit No.505, Pearl Best Heights - 2, Plot No. C-9, Netaji Subhash Place, Delhi, North West Delhi, Delhi","UNIT NO.505, NORTH WEST DELHI, दिल्ली",0.6,0.3333333333333333,"2,505,9",505,1,0
S1-395256927,S2-217637849,Universal Exports Private Limited,यूनिवर्सल एक्सपोर्ट्स प्राइवेट लिमिटेड,"House No. 6, Shop No. 1, Block 1, Whs Kirti Nagar Indl. Area, New Delhi, West Delhi, Delhi","HOUSE NO. 6, NEW DELHI, FATEHPUR, दिल्ली",0.0,0.29411764705882354,"1,6",6,1,0
S1-512540945,S2-900227540,Zigma Trust,Zigma Trust Corporation Corporation,"Cts No.6670F, Pl No.484/9, Flat No. 302, 3Rd Floor, Pune City, Pune, Maharashtra","CTS NO.6670F, PL NO.484/9, FLAT NO. 302, 3RD FLOOR, PNE CITY, महाराष्ट्र",0.6666666666666666,0.6111111111111112,"3,302,484,6670,9","3,302,484,6670,9",5,0
S1-606201143,S2-732689513,Smart Builders Limited,स्मार्ट बिल्डर्स लिमिटेड,"Room No.2 Lower Ground, Plot No. 93, Sector 32 Institutional Area, Gurgaon, Haryana","हरियाणा, GURGAON, SIKHERA NAGLA KABIR, ROOM NO.2 LOWER GROUND",0.0,0.3157894736842105,"2,32,93",2,1,0
S1-214170410,S2-720957709,Call Products (India) Private Limited,Call Products Private Limited Services,"Kerala, Room No. 2-1149/A104, Kozhikode, 6Th Floor, Business Park, Kozhikode",,0.6666666666666666,0.0,"104,1149,2,6",,0,1
S1-190595736,S2-312021340,East Impex Limited,@eastimpex,"127 Netaji Subhas Rd2Nd Fl R N -4, Kolkata, Calcutta, West Bengal","#127 NETAJI SUBHAS RD2ND FL R N -4, KOLKATA, পশ্চিমবঙ্গ",0.0,0.5625,"127,2,4","127,2,4",3,0
S1-18366813,S2-411102285,Big Business,बिग बिजनेस,"A-96, Sector-65, Noida, Gautam Buddha Nagar, Uttar Pradesh","A-96, GAUTAM BUDDHA NAGAR, NOIDA, Uttar Pradesh",0.0,0.8,"65,96",96,1,0
S1-530965775,S2-455825046,VY Logistics LLP,vylogistics.com,"11 F Graham Road, Kolkata, Calcutta, West Bengal","DOOR NO ##11 F GRAHAM ROAD, KOLKATA, CALCUTTA, পশ্চিমবঙ্গ",0.0,0.42857142857142855,11,11,1,0
S1-699384661,S2-477064179,Joyous Estate,Joyous Service,"4612 Main Road, Phari Dheeraj, Delhi, Central Delhi, Delhi","4612 MAIN ROAD, PHARI DHEERAJ, DELHI, दिल्ली",0.3333333333333333,0.6666666666666666,4612,4612,1,0
S1-446223794,S2-120228909,East Bharat Consultancy Private Limited,ईस्ट भारत कंसल्टेंसी प्राइवेट लिमिटेड,"Unit No 4, 357, 3Rd Floor, Mansarovar Plaza, Jaipur, Rajasthan","UNIT NO 4, JAIPUR, Rajasthan",0.0,0.5,"3,357,4",4,1,0
S1-423837226,S2-852197362,Industries Petrichor Bikes Private Limited,ZETAWEX,"Ramanathapuram, D No-2/236, Singavallipru, Ramanathapuram, Tiruvadanai, Tamil Nadu","D NO-2/236, TIRUVADANAI, Tamil Nadu",0.0,0.7777777777777778,"2,236","2,236",2,0
S1-713796788,S2-108075545,Aayush Management Private Limited,Smt Aayush Management,"C/O Mithlesh, Laxman Colony, Near Jai Bharti School, Narkatari Road, Thanesar, Kurukshetra, Haryana",,0.4,0.0,,,0,1
S1-708766326,S2-131298372,Arab & Associates Private Limited,Dr Arab & Private Limited Center,"141 C Pocket-1 Phase-1 Mayur Vihar, Delhi, East Delhi, Delhi",,0.5714285714285714,0.0,"1,141",,0,1
S1-474604746,S2-469126846,Lohia Infinity Pvt Ltd,Lohia Pvt Ltd Partners,"Office No. Si-G-B055, Shilp Incubation Centre, Plot 11T 3 & 11T 5, Block 11, Gift Sez, Gandhi Nagar, Gujarat",,0.6,0.0,"055,11,3,5",,0,1
S1-204460036,S2-941984255,South Foods Private Limited,साउथ फूड्स प्राइवेट लिमिटेड,"229/24B, S/F, Railway Colony Street No. 13, Mandawali, East Delhi, Delhi","229/24B, EAST DELHI, null, Delhi",0.0,0.3076923076923077,"13,229,24","229,24",2,0
S1-722496161,S2-918996018,Senthil Finserve Private Limited,SENTHIL FNERE PRIVATE LIMITED,"13, Indrani Chs Ltd Poornima Chs Ltd 62, Mahul Rd Nr Bharat Gas, Chembur(West), Mumbai, Mumbai City, Maharashtra",,0.6,0.0,"13,62",,0,1
S1-61768754,S2-193211584,Abc & Brothers Ltd,Abc &  8rothers,"New Delhi, 1716 Arya Samaj Road, Central Delhi, Karol Bagh, Delhi","171 ARYA SAMAJ ROAD, KAROL BAGH, NEW DELHI, दिल्ली",0.4,0.5833333333333334,1716,171,0,0
S1-5734113,S2-37742711,Roto Consultants Private Limited,ROTO CONSULTANTS PRIVATE  LTD,"4591/4 U-G/F Plot No. 15, Darya Ganj Opp, Sdm Office, Delhi, Central Delhi, Delhi","NO 4591/4 U-G/F PLOT NO. 15, DARYA GANJ OPP, SDM OFFICE, DELHI, दिल्ली",0.6,0.8235294117647058,"15,4,4591","15,4,4591",3,0
S1-378849508,S2-488765562,Great Solutions Private Limited,ग्रेट सॉल्यूशंस प्राइवेट लिमिटेड,"A 24/9, Mohan Co-Operative, Industrial Estate, Mathura Road, Saidabad Mohan Co-Operative, New Delhi, South Delhi, Delhi","#518 A 24/9, SOUTH DELHI, Delhi",0.0,0.3333333333333333,"24,9","24,518,9",2,0
S1-418075392,S2-304853574,Unique Care Private Limited,Unique Care Private  Limited Enterprises,"1#06 Kogilu, Vagdevi School, Bangalore North, Bangalore, Karnataka",,0.8,0.0,"06,1",,0,1
S1-994049702,S2-428175541,Shelter Consultancy Corporation,Sri Shelter Consultancy,"15/1/1 Sukhada Varda Society Sukhsagar Nagar, Katraj, Pune, Maharashtra",,0.5,0.0,"1,15",,0,1
S1-935419644,S2-42166848,Royal Raj Solutions Private Limited,रॉयल राज सॉल्यूशंस प्राइवेट लिमिटेड,"461, 462, Udyog Vihar Phase Iii, Gurgaon, Haryana","DELHI, GURGAON, हरियाणा, C-461",0.0,0.15384615384615385,"461,462",461,1,0
S1-444415054,S2-488468916,Beryl Cable Corporation,Shri Beryl Cable Corp,"Uttar Pradesh, B-28 & 29, Sector-58, Noida, Gautam Buddha Nagar","B-B3/28 & 29, SECTOR-58, NOIDA, उत्तर प्रदेश",0.4,0.3888888888888889,"28,29,58","28,29,3,58",3,0
S1-855820752,S2-822283957,Tech Management Private Limited,ಟೆಕ್ ಮ್ಯಾನೇಜ್‌ಮೆಂಟ್ ಪ್ರೈವೇಟ್ ಲಿಮಿಟೆಡ್,"55, 5Th Block, Nagavara Village, Bangalore North, Bangalore, Karnataka","55, <NULL>, BANGALORE NORTH, BANGALORE, Karnataka",0.0,0.4444444444444444,"5,55",55,1,0
S1-344012028,S2-493128494,New Delhi Mining LLP,Center New Mining LLP,"12A/31, Sarswati Marg, Wea Karol Bagh, New Delhi, Central Delhi, Delhi","Delhi, CENTRAL DELHI, #12A/31",0.6,0.4,"12,31","12,31",2,0
S1-344012028,S2-930911760,New Delhi Mining LLP,New Delhi Msnrgn LLP,"12A/31, Sarswati Marg, Wea Karol Bagh, New Delhi, Central Delhi, Delhi","#12A/31, SARSWATI MARG, WEA KAROL BAGH, NEW DELHI, दिल्ली",0.6,0.75,"12,31","12,31",2,0
S1-75901049,S2-526308781,Technologies Integrity Services LLP,*** Technologies Integrity Integrity,"Bd-113, Sector-I, 1St Floor Salt Lake City, Kolkata, Kolkata, Howrah, West Bengal","BD-113, KOLKATA, N/A, পশ্চিমবঙ্গ",0.5,0.15789473684210525,"1,113",113,1,0
S1-409565316,S2-748054539,East Logistics Private Limited,ఈస్ట్ లాజిస్టిక్స్ ప్రైవేట్ లిమిటెడ్,"Flat201, 2Ndfloor, 7-2-1792, Czech Colony, Ameerpet, Hyderabad, Telangana","FLAT201, MEDCHAL-MALKAJGIRI, AMEERPET, Telangana",0.0,0.25,"1792,2,201,7",201,1,0
S1-102550527,S2-756688001,Balaji Builders Private Limited,বালাজি বিল্ডার্স প্রাইভেট লিমিটেড,"3B, Lal Bazar Street, 2Nd Floor, Kolkata, Howrah, West Bengal","3B, HOWRAH, West Bengal",0.0,0.4,"2,3",3,1,0
S1-461085009,S2-856671714,Anand Solutions Private Limited,Sri ANAND SÓLUTIONS PRIVATE LIMITED,"B-17 Maharani Bagh, New Delhi, South Delhi, Delhi","NO 156 B-17 MAHARANI BAGH, NEW DELHI, दिल्ली",0.5,0.5454545454545454,17,"156,17",1,0
S1-561909754,S2-427029699,Bharat Management,भारत मैनेजमेंट,"6-A/19, G/F, Kh. No 235, Main Road Brahampuri, Chauhan Banger, Near-Mazaar, Delhi, North East, Delhi","DELHI, 6-A/19, NEW DELHI YAMUNA VIHAR, Delhi",0.0,0.19047619047619047,"19,235,6","19,6",2,0
S1-289147025,S2-358279853,Pioneer Ventures Limited,पायोनियर वेंचर्स लिमिटेड,"Mumbai, Unit No.6, Ganjawala Apartment, Ganjawala Lane, Borivali West, Maharashtra","महाराष्ट्र, MUMBAI, UNTI NO.6, BORIVALI WEST",0.0,0.3333333333333333,6,6,1,0
S1-44195552,S2-151763463,Neha Services Pvt Ltd,Pvt Neha Services Limited,"Shed No.1117/8, S.No. 22/2, Near K.I.D.C. Vasai-Bhiwandi Rd., Poman Village, Kolhi, Tal. Vasai, Thane, Maharashtra","SHED NO.1117/8, THANE, Maharashtra, THANE",0.6,0.2857142857142857,"1117,2,22,8","1117,8",2,0
S1-885661473,S2-870944308,Premier Ventures Private Limited,प्रीमियर वेंचर्स Private Limited,"R-71, Sec-12, Railway Co, Ghaziabad, Ghaziabad, Uttar Pradesh","GHAZIABAD, R-0071, SEC-12, RAILWAY CO, GHAZIABAD, उत्तर प्रदेश",0.18181818181818182,0.4,"12,71","0071,12",1,0
S1-885661473,S2-5437076,Premier Ventures Private Limited,प्रीमियर वेंचर्स प्राइवेट लिमिटेड,"R-71, Sec-12, Railway Co, Ghaziabad, Ghaziabad, Uttar Pradesh","R-0071, GHAZIABAD, Uttar Pradesh",0.0,0.4,"12,71",0071,0,0
S1-202833232,S2-389657548,Gurgaon Solutions Private Limited,Gurgaon Solutions Private Ltd,"B-289, Sector-56, Kendriya Vihar, Gurgaon, Haryana","NO. 948- B-289, SECTOR-56, KENDRIYA VHAR, GURGAON, Haryana",0.6,0.6363636363636364,"289,56","289,56,948",2,0
S1-225709627,S2-709496836,Jay Trading,ಜೇ ಟ್ರೇಡಿಂಗ್,"No 25, Bangalore North, Karnataka, 1St Floor, 1St Main, 2Nd Stage, E Block, Bangalore","NO #25, BANGALORE, Karnataka",0.0,0.3333333333333333,"1,2,25",25,1,0
S1-87700872,S2-908112834,Blue Finance Private Limited,బ్లూ ఫైనాన్స్ ప్రైవేట్ లిమిటెడ్,"401 4Th Flr Kanthi Nagar, Nannepaga'S Residency, Asifnagar, Hyderabad, Telangana","4TH FLR KANTHI NAGAR, ASIFNAGAR, Andhra Pradesh",0.0,0.38461538461538464,"4,401",4,1,0
S1-895797454,S2-798696674,Harika Traders Private Limited,Harika Private Limited Services,"F No.-8113-B Xi Vasant Kunj New Delhi, New Delhi, South Delhi, Delhi","F NO.-8113-B XI VASANT KUNJ NEW DELHI, NEW DELHI, दिल्ली",0.6,0.75,8113,8113,1,0
S1-824953747,S2-193021715,Best Consulting Private Limited,बेस्ट कंसल्टिंग प्राइवेट लिमिटेड,"Fl No-202, Sr No-26/1/9, Omkar Residency, Munjabawa, Pune, Maharashtra","DIGHI, FL NO-02, PUNE, Maharashtra",0.0,0.2857142857142857,"1,202,26,9",02,0,0
S1-646479676,S2-32254433,Bombay Global Infra,b0mbayglobalinfra.com,"Plot No. 2026 P Sector-7, Sonipat, Sonepat, Haryana","NO 202 P SECTRO-7, SONIPAT, SONEPAT, हरियाणा",0.0,0.35714285714285715,"2026,7","202,7",1,0
S1-153572559,S2-412300660,Ram Constructions Private Limited,राम कंस्ट्रक्शंस प्राइवेट लिमिटेड,"Delhi, New Delh, 12Th Floor, New Delhi, Videocon Tower, Block E-1, Jhandewalan Extension","NO 2TH FLOOR, NEW DELH, NEW DELHI, Delhi",0.0,0.2857142857142857,"1,12",2,0,0
S1-104133181,S2-446581306,Tirupati Marketing Private Limited,तिरुपति मार्केटिंग प्राइवेट लिमिटेड,"F18 Flr 7 Everest Apt Plt, 156 P M M M Marg Tardeo, Mumbai, Maharashtra","F18/8 FLR 7 EVERETS APT PLT, GREATER MUMBAI, महाराष्ट्र",0.0,0.3,"156,18,7","18,7,8",2,0
S1-887249979,S2-175944198,City Pioneer Logistics Pvt Ltd,சிட்டி பயனியர் லாஜிஸ்டிக்ஸ் பிரைவேட் லிமிடெட்,"31 Devanathan Road, Chennai, Tamil Nadu, I Floor, Al Nur Comples Mandavalli, Chennai","DOOR NO 31 DEVANATHAN ROAD, CHENNAI, தமிழ்நாடு",0.0,0.2222222222222222,31,31,1,0
S1-746419556,S2-80354991,Solutions Rrr Coopers Pvt. Ltd.,Solutions Rrr Rrr Pvt. Ltd. Center,"4Th Floor, Electra Wing A, Prestige Tech Park, Exora Businesspark, Marathahalli, Sarjapur Outer, Ring Road, Bangalore, Karnataka",,0.6666666666666666,0.0,4,,0,1
S1-320280800,S2-288558599,Shiv Group,Shiv LLP,"P.No.136, H.No.3-26/1, S.R.P Nilayam, Gangaram, Tirumalagiri, Hyderabad, Telangana","P.NO.136, H.NO.3-26/1, S.R.P NILAYAM, GANGARAM, TIRUMALAGIRI, Andhra Pradesh",0.3333333333333333,0.75,"1,136,26,3","1,136,26,3",4,0
S1-320280800,S2-52701114,Shiv Group,Shiv,"P.No.136, H.No.3-26/1, S.R.P Nilayam, Gangaram, Tirumalagiri, Hyderabad, Telangana","P.NO.136, H.NO.3-26/1, S.R.P NILAYAM, GANGARAM, TIRUMALAGIRI, Andhra Pradesh",0.5,0.75,"1,136,26,3","1,136,26,3",4,0
S1-719583480,S2-472155796,Aditya Industries Private Limited,ఆదిత్య ఇండస్ట్రీస్ ప్రైవేట్ లిమిటెడ్,"Legend Crystal 1-7-7/A & B, 3 Flr, Mandalay Lane, Prendergast Road, Secunderabad, Hyderabad, Telangana, Secunderabad","LEGEND CRYSTAL 1-7-7/ & B, HYDERABAD URBAN, Telangana",0.0,0.47058823529411764,"1,3,7","1,7",2,0
S1-913919419,S2-930819220,Ace Projects Private Limited,एस प्रोजेक्ट्स प्राइवेट लिमिटेड,"B-9, 2Nd Floor, Sector 27, Noida, Gautam Buddha Nagar, Uttar Pradesh","B-9, NOIDA, GAUTAM BUDDHA NAGAR, उत्तर प्रदेश",0.0,0.35294117647058826,"2,27,9",9,1,0
S1-913919419,S2-963144922,Ace Projects Private Limited,ACE  PROJECTS LIMITED SERVICES,"B-9, 2Nd Floor, Sector 27, Noida, Gautam Buddha Nagar, Uttar Pradesh","उत्तर प्रदेश, B-9, 2ND FLOOR, SECTOR 27, NOIDA",0.6,0.4117647058823529,"2,27,9","2,27,9",3,0
S1-426905402,S2-342345378,Azure India Private Limited,Azure India Paibvte Limited,"8-3-234/82/A/5, L N Nagar, Yousufguda, Khairatabad, Hyderabad, Telangana","8-3-234/82/A/5, L N NAGAR, YOUSUFGUDA, KHAIRATABAD, Andhra Pradesh",0.6,0.7333333333333333,"234,3,5,8,82","234,3,5,8,82",5,0
S1-426905402,S2-514646996,Azure India Private Limited,Azure India Private Ltd,"8-3-234/82/A/5, L N Nagar, Yousufguda, Khairatabad, Hyderabad, Telangana",,0.6,0.0,"234,3,5,8,82",,0,1
S1-884867890,S2-887521810,Nr Commerce Private Limited,Nr Commerce Pcdmamte Limited,"Srm Bldg. 47 Sarai Julena, New Delhi, South Delhi, Delhi",,0.6,0.0,47,,0,1
S1-154629620,S2-745952855,Msp Healthcare Private Limited,healthcareprivate.com,"Flat No. 1, Urmila Society, Ganesh Chambers, S. No. 31, Dhankawadi, Pune, Maharashtra","#C-1, NULL, PUNE, महाराष्ट्र",0.0,0.1111111111111111,"1,31",1,1,0
S1-546226952,S2-25139759,Viva Hotels Pvt Ltd,VIVA PVT LTD SERVICES,"No.106, Block Brinda, Sm Malika Appartment Golden George Nagar, Chennai, Tamil Nadu",,0.6,0.0,106,,0,1
S1-43008244,S2-717922094,Spiderman Foundation Private Limited,Spiderman Foundation Limited Center,"G-238A, Sector-22, Noida, Noida, Gautam Buddha Nagar, Uttar Pradesh","G-238A, SECTOR-22, NOIDA, NOIDA, उत्तर प्रदेश",0.6,0.3333333333333333,"22,238","22,238",2,0
S1-392019643,S2-912285917,Guru Media Private Limited,गुरु मीडिया Private Limited,"H.No.1789/110, 111, Gala-110, 111, 1St Floor, Jvc Complex, Vasai Rd, Kariwali Village, Bhiwandi, Thane, Maharashtra","H.NO 1789/110, BHIWANDI, THANE, महाराष्ट्र",0.2222222222222222,0.2857142857142857,"1,110,111,1789","110,1789",2,0
S1-697091048,S2-981603910,Guru Krishna Industries Pvt Ltd,ಗುರು ಕೃಷ್ಣ ಇಂಡಸ್ಟ್ರೀಸ್ ಪ್ರೈವೇಟ್ ಲಿಮಿಟೆಡ್,"No-58, 1St Flr, 1St Main, 12Th Crs, Srinidhi Layout, Bangalore, Karnataka","NO-58, BANGALORE, Karnataka",0.0,0.36363636363636365,"1,12,58",58,1,0
S1-793300194,S2-222587488,Sm Printers Private Limited,smprintersprivate.com,"Durga Chambers 1333, D.B. Gupta Road, Delhi, 101, Karol Bagh, New Delhi","101, KAROL BAGH, NEW DELHI, दिल्ली",0.0,0.35714285714285715,"101,1333",101,1,0
S1-508889946,S2-257965787,Rm Charitable Trust,Shri Belonex,"No 17/147 Down Bazar Road, Yelahanaka Old Town, Yelahanaka, Bangalore, Karnataka","#17/147 DOWN BAZAR ROAD, BANGALORE, <NULL>, ಕರ್ನಾಟಕ",0.0,0.4,"147,17","147,17",2,0
S1-783177007,S2-964950890,Laxmi Impex Private Limited,लक्ष्मी Impex प्राइवेट लिमिटेड,"A-106, Dda Shed, Phase-Ii, Okhla Industrial Area, New Delhi, South Delhi, Delhi","#C-503 A-106, NEW DELHI, SOUTH DELHI, Delhi",0.07692307692307693,0.35714285714285715,106,"106,503",1,0
S1-575523721,S2-232451792,Om Mart Private Limited,Private Om Mrt Limited,"A/36, City Industrial Estate, Surat City, Surat, Gujarat","A/36, SURAT CITY, SURAT, ગુજરાત",0.6,0.4,36,36,1,0
S1-682340565,S2-307244003,Gold Consultancy Private Limited,गोल्ड कंसल्टेंसी प्राइवेट लिमिटेड,"116, Devi Nagar, Harnathpura, Kalwar Road Jhotwara, Jaipur, Rajasthan","0116, JAIPUR, BAGARANA, राजस्थान",0.0,0.06666666666666667,116,0116,0,0
S1-481820579,S2-662251309,Tech Properties,टेक प्रॉपर्टीज,"G-1383, Lower Ground Floor, Chitranjan Park, New Delhi, South Delhi, Delhi","H.NO 314 G-1383, NEW DELHI, SOUTH DELHI, Delhi",0.0,0.38461538461538464,1383,"1383,314",1,0
S1-481820579,S2-388823100,Tech Properties,टेक प्रॉपर्टीज,"G-1383, Lower Ground Floor, Chitranjan Park, New Delhi, South Delhi, Delhi","Delhi, H.NO 314 G-1383, NEW DELHI, SOUTH DELHI",0.0,0.38461538461538464,1383,"1383,314",1,0
S1-481820579,S2-998312279,Tech Properties,टेक प्रॉपर्टीज,"G-1383, Lower Ground Floor, Chitranjan Park, New Delhi, South Delhi, Delhi","314 G-1383, NEW DELHI, SOUTH DELHI, Delhi",0.0,0.45454545454545453,1383,"1383,314",1,0
S1-481820579,S2-844374315,Tech Properties,टेक प्रॉपर्टीज,"G-1383, Lower Ground Floor, Chitranjan Park, New Delhi, South Delhi, Delhi","H.NO 314 G-1383, NEW DELHI, SOUTH DELHI, Delhi",0.0,0.38461538461538464,1383,"1383,314",1,0
S1-747872753,S2-889659384,Ss Investment Private Limited,एसएस इन्वेस्टमेंट प्राइवेट लिमिटेड,"C-10 Maharani Bagh, New Delhi, Delhi","दिल्ली, NEW DELHI, C-10 MAHARANI BAGH, NEW DELHI",0.0,0.75,10,10,1,0
S1-747872753,S2-688753740,Ss Investment Private Limited,Ss इन्वेस्टमेंट प्राइवेट लिमिटेड,"C-10 Maharani Bagh, New Delhi, Delhi","C-10 MAHARANI BAGH, NEW DELHI, दिल्ली",0.06666666666666667,0.75,10,10,1,0
S1-747872753,S2-178743774,Ss Investment Private Limited,एसएस इन्वेस्टमेंट प्राइवेट लिमिटेड,"C-10 Maharani Bagh, New Delhi, Delhi","NEW DELHI, C-10 MAHARANI BGH, NEW DELHI, Delhi",0.0,0.7142857142857143,10,10,1,0
S1-747807616,S2-83571338,High Great Developers,હાઇ ગ્રેટ ડેવલપર્સ,"2, Bhaktinagar Station Plot, Rajkot, Gujarat","DOOR NO 373 2, BHAKTINAGAR STATION PLOT, RAJKOT, ગુજરાત",0.0,0.4166666666666667,2,"2,373",1,0
S1-747807616,S2-86983969,High Great Developers,HIGH GREAT SERVICES,"2, Bhaktinagar Station Plot, Rajkot, Gujarat",,0.5,0.0,2,,0,1
S1-687082762,S2-920491649,Decor Brothers Corporation,decorbrothers.com,"Plot No. B-226 Kh No., 71/2 Ground Floor, Nihal, New Delhi, West Delhi, Delhi","PLOT NO. B-26 KH NO., 71/2 GROUND FLOOR, NIHAL, NEW DELHI, दिल्ली",0.0,0.6875,"2,226,71","2,26,71",2,0
S1-107330846,S2-959040211,JI Knowledge Limited,Limited JI Knrlehde,"48/A/153/A, N Block, Hosamane Maddaiah Udaynagar(Prakashnagar) Iii Stage, Rajaja, Inagar, Bangalore, Karnataka","DOOR NO 714 48/A/153/A, BANGALORE, INAGAR, Karnataka",0.5,0.3333333333333333,"153,48","153,48,714",2,0
S1-55473385,S2-477246660,Om Logistics Private Limited,ॐ लॉजिस्टिक्स प्राइवेट लिमिटेड,"S-3, Platinum Avenue, Punam Chsl, 67A Linking Rd, Mumbai, Maharashtra","#417 S-3, BOMBAY, MUMBAI, Maharashtra",0.0,0.3076923076923077,"3,67","3,417",1,0
S1-859761889,S2-159793725,Navratan Brothers Limited,Smt Navratan B0rtbbhers  Limited,"7, Boat Club Road, Madras, Chennai, Tamil Nadu","7, BOAT CLUB ROAD, MADRAS, தமிழ்நாடு",0.4,0.4166666666666667,7,7,1,0
S1-692596021,S2-253181997,South Infra Private Limited,ಸೌತ್ ಇನ್‌ಫ್ರಾ ಪ್ರೈವೇಟ್ ಲಿಮಿಟೆಡ್,"#59, Flat #105, First Floor, Vandana Jasmine 8Th Cross, Venkatapura, Koramangala, 1St, Block, Bangalore, Karnataka","NO 59, BANGALORE, Karnataka",0.0,0.1875,"1,105,59,8",59,1,0
S1-693377453,S2-373394045,Alpha New Investments Private Limited,अल्फा न्यू इन्वेस्टमेंट्स प्राइवेट लिमिटेड,"B-100, Kirti Nagar, Tonk Road, Jaipur, Rajasthan","NO. 772 B-100, JAIPUR, Rajasthan",0.0,0.4,100,"100,772",1,0
S1-325779202,S2-746429954,High Projects Private Limited,ഹൈ പ്രോജക്ട്സ് പ്രൈവറ്റ് ലിമിറ്റഡ്,"63/652, 653, Sky Tower, Mavoor Road, Kozhikode, Kerala","KOZHIKODE, Kerala, KOZHIKODE, 63/652",0.0,0.4444444444444444,"63,652,653","63,652",2,0
S1-770572417,S2-872219473,Aditya Hospitality Private Limited,ಆದಿತ್ಯ ಹಾಸ್ಪಿಟಾಲಿಟಿ ಪ್ರೈವೇಟ್ ಲಿಮಿಟೆಡ್,"17 B, Industrial Suburb Tumkur Road, Bangalore-22, Bangalore, Karnataka","17 B, BANGALORE, null, Karnataka",0.0,0.4,"17,22",17,1,0
S1-892505078,S2-36313852,Arihant Foundation,అరిహంత్ ఫౌండేషన్,"12 2 790/20, Ayodhya Nagar, Mehdipatnam, Hyderabad, Telangana","12 2 790/20, HYDERABAD, తెలంగాణ",0.0,0.38461538461538464,"12,2,20,790","12,2,20,790",4,0
S1-748938307,S2-570644171,Pink Academy Pvt. Ltd.,Pink Abdeoty Pvt. Ltd.,"85 A, Pocket- R, Dilshad Garden, Delhi, East Delhi, Delhi","H.NO 85 A, POCKET- R, DLSHAD GARDEN, DELHI, Delhi",0.6,0.5454545454545454,85,85,1,0
S1-748938307,S2-110714555,Pink Academy Pvt. Ltd.,Pink Aaccedy Pvt. Ltd.,"85 A, Pocket- R, Dilshad Garden, Delhi, East Delhi, Delhi",,0.6,0.0,85,,0,1
S1-822975144,S2-154709352,First Properties Pvt Ltd,ફર્સ્ટ પ્રોપર્ટીઝ પ્રા. લિ.,"A1-Shop No. 5, Ashraya-10, Gst Compound, New Ranip, Ahmadabad City, Ahmedabad, Gujarat","A1-SHOP NO. 5, ગુજરાત, AHMEDABAD, AHMADABAD CITY",0.0,0.4117647058823529,"1,10,5","1,5",2,0
S1-224831883,S2-593901596,Green & Sons Private Limited,Green + Sons Pliveet Limited,"H No 3-87/1, Hanuman Nagar Dilsukhnagar, Hyderabad, Rangareddy, Telangana","DOOR NO 3-87/1. , HANUMAN NAGAR DILSUKHNAGAR, HYDERABAD, <NULL>, Andhra Pradesh",0.5,0.5333333333333333,"1,3,87","1,3,87",3,0
S1-224831883,S2-464512358,Green & Sons Private Limited,Mr greensons.com,"H No 3-87/1, Hanuman Nagar Dilsukhnagar, Hyderabad, Rangareddy, Telangana","NO 3-87/1. , HANUMAN NAGAR DILSUKHNAGAR, HYDERABAD, <NULL>, Andhra Pradesh",0.0,0.5714285714285714,"1,3,87","1,3,87",3,0
S1-205948925,S2-348475936,Ss Marketing Private Limited,एसएस मार्केटिंग प्राइवेट लिमिटेड,"43, Shop No.-8 (307A), 3Rd/F, Veer Sawarkar Block, Vikash Marg, Sharkarpur, Opp-Metro Pill-55, East Delhi, Delhi","43, EAST DELHI, PREET VIHAR, Delhi",0.0,0.14285714285714285,"3,307,43,55,8",43,1,0
S1-834266334,S2-326122098,Hari Services Pvt Ltd,ಹರಿ ಸರ್ವಿಸಸ್ ಪ್ರೈವೇಟ್ ಲಿಮಿಟೆಡ್,"H.No.47, Ward No.8, Near School Main Road, Lingasugur, Raichur, Karnataka","H.NO.47, NULL, NORTH KARNATAKA REGION, RAICHUR, Karnataka",0.0,0.3333333333333333,"47,8",47,1,0
S1-137181176,S2-761843706,Prime Services,PRIME SERVICES CORP,"9Th-Fr, Fl-9A, Purti Flower, Budge Trunk Road, Thakurpukur Mahestola, South 24 Parganas, West Bengal",,0.6666666666666666,0.0,"24,9",,0,1
S1-959407953,S2-858763202,Sukh Commercial Private Limited,Sukh Commercial Commercial Private [Ltd],"F No 42, S No 77, P No 10, Eden Myfair Complex, Nashik, Maharashtra",,0.6,0.0,"10,42,77",,0,1
S1-926696957,S2-640190467,Solutions Arth Works Private Limited,Solutions Arth Works,"C 73 Sharda Purirajouri Garden, New Delhi, North Delhi, Delhi","C ##73 SHARDA PURIRAJOURI GARDEN, NEW DELHI, दिल्ली",0.6,0.7,73,73,1,0
S1-149823543,S2-756748960,Dream Care Pvt Ltd,ड्रीम केयर प्रा. लि.,"Flt No. 401, 4Th Floor, Anand Ashram, 14Th Road, Opp- Khar Zymkhana, Khar (W), Mumbai, Mumbai, Maharashtra","FLT NO. 401, MUMBAI, Maharashtra",0.0,0.3333333333333333,"14,4,401",401,1,0
S1-584663288,S2-817462756,Silver Services Private Limited,Silver Private Limited-Center | www.silverpri.com,"B/434, Gujarat, Ahmedabad, 4Th Floor, Opp.Swaminarayan Mandir Advance Mill Compound, Shahibaug",,0.375,0.0,"4,434",,0,1
S1-584663288,S2-895085365,Silver Services Private Limited,સિલ્વર સર્વિસીસ પ્રાઇવેટ લિમિટેડ,"B/434, Gujarat, Ahmedabad, 4Th Floor, Opp.Swaminarayan Mandir Advance Mill Compound, Shahibaug","B/34, AHMEDABAD, Gujarat",0.0,0.21428571428571427,"4,434",34,0,0
S1-630727892,S2-244382120,Lakshmi Tech Private Limited,LAKSHMIPRIVATETECH.COM,"40, Onlooker Building, Sir P. M. Road, Fort, Mumbai, Maharashtra","##40, ONLOOKER BUILDING, SIR P. M. ROAD, FORT, महाराष्ट्र",0.0,0.5714285714285714,40,40,1,0
S1-152266647,S2-955626910,Dakshin & Brothers Private Limited,Smt Dakshin & Brothers,"S No 690 Phuge Building Shop No 1 2 & 3 Gavane Vasti Bhosari, Pune, Maharashtra",,0.5,0.0,"1,2,3,690",,0,1
S1-484803588,S2-75921266,Services Sai Poultry Private Limited,Services Sai Poultry Private Ltd,"Maharashtra, S. No. 37/8 Triose Flat, Pune, A/604 Pimple Saudagar, Pune City",,0.6666666666666666,0.0,"37,604,8",,0,1
S1-484803588,S2-833386995,Services Sai Poultry Private Limited,Services Sai Poultry Private Ltd,"Maharashtra, S. No. 37/8 Triose Flat, Pune, A/604 Pimple Saudagar, Pune City",,0.6666666666666666,0.0,"37,604,8",,0,1
S1-845270684,S2-125410047,Kolkata Liners Private Limited,Kolkata Liners,"Golaghata Road, 1St Floor, West Bengal, Satyam Apartment 46, Kolkata, Howrah","HN 421 SATYAM APARTMENT 46, GOLAGAHTA ROAD, 1ST FLOOR, KOLKATA, পশ্চিমবঙ্গ",0.5,0.3888888888888889,"1,46","1,421,46",2,0
S1-871099150,S2-218393,Global Technology Private Limited,ग्लोबल टेक्नोलॉजी प्राइवेट लिमिटेड,"96, Naib Colony, Kanwla, Ambala, Haryana","HN 830 96, AMBALA, Haryana",0.0,0.375,96,"830,96",1,0
S1-871099150,S2-749060336,Global Technology Private Limited,ग्लोबल टेक्नोलॉजी प्राइवेट लिमिटेड,"96, Naib Colony, Kanwla, Ambala, Haryana","HN 830 96, AMBALA, Haryana",0.0,0.375,96,"830,96",1,0
S1-674825011,S2-531768943,Pr & Sons Pvt Ltd,Pr & Pvt Ltd Services,"1St Floor, Pujari Lodging, Nr Hanuman Re Mogra Pada, Sahar Road, Ville P Nagardas, Mumbai, Mumbai City, Maharashtra",,0.6666666666666666,0.0,1,,0,1
S1-674825011,S2-713846217,Pr & Sons Pvt Ltd,Pr Sons Pvt Ltd Center,"1St Floor, Pujari Lodging, Nr Hanuman Re Mogra Pada, Sahar Road, Ville P Nagardas, Mumbai, Mumbai City, Maharashtra",,0.6666666666666666,0.0,1,,0,1
S1-636617547,S2-992683389,Aditya Food Private Limited,ಆದಿತ್ಯ ಫುಡ್ ಪ್ರೈವೇಟ್ ಲಿಮಿಟೆಡ್,"#7, 10Th Main, Jeevan Bheema Nagar Main Road, Off Indiranagar 80Ft Road, Bangalore, Karnataka","#A-7, BANGALORE, Karnataka",0.0,0.23076923076923078,"10,7,80",7,1,0
S1-391636093,S2-205751638,Sangam Foundation,Sangam Foaltion,"E-24 First Floor Panchsheel Park, Delhi, South Delhi, Delhi","E-24 FIRST FLOOR PANCHSHEEL PARK, DELHI, दिल्ली",0.3333333333333333,0.7,24,24,1,0
S1-471927189,S2-852571625,Ky Vinimay Private Limited,Ky Vinimay Private,"Delhi, 4 Park Avenue Maharani Bagh, South Delhi, New Delhi","H.NO 4 PARK AVENUE MAHARNI BAGH, NEW DELHI, Delhi",0.75,0.5454545454545454,4,4,1,0
S1-541839979,S2-624687124,Tilak College Company,SERVICE TILAK COMPANY,"7, C.R. Avenue, Mezannine Floor, Kolkata, Howrah, West Bengal","7, KOLKATA, HOWRAH, পশ্চিমবঙ্গ",0.5,0.21428571428571427,7,7,1,0
S1-491284266,S2-721337008,Life Projects Private Limited,ലൈഫ് പ്രോജക്ട്സ് പ്രൈവറ്റ് ലിമിറ്റഡ്,"No. 64/5434-A, Imperial House, 2Nd Floor, Kaloor, Ernakulam, Kerala","ERNAKULAM, കേരളം, DOOR NO 64/5434-A, ERNAKULAM",0.0,0.35714285714285715,"2,5434,64","5434,64",2,0
S1-99130352,S2-694418563,Maa Infrastructure Limited,மா இன்ஃப்ராஸ்ட்ரக்சர் லிமிடெட்,"5A/6, (Sf No 540/2), Ambai Road Kulavanigarpuram, Melapalayam, Tirunelveli, Tamil Nadu","B3/5A/6, TIRUNELVELI, Tamil Nadu",0.0,0.35714285714285715,"2,5,540,6","3,5,6",2,0
S1-566407522,S2-126348937,Perfect South Consulting,परफेक्ट साउथ कंसल्टिंग,"315 Work Avenue, 6Th Floor, Raheja Woods, Kalyani Nagar, Pune City, Pune, Maharashtra","#315 WORK AVENUE, PUNE CITY, PUNE, महाराष्ट्र",0.0,0.3125,"315,6",315,1,0
S1-828918559,S2-703037938,Mod Traders LLP,M0d  Traders LLP,"Door No.58-3-26/1, First Floor Ramunaidu Colony, Marripalem, Visakhapatnam, Vishakhapatnam, Andhra Pradesh","H.NO 58-3-26/1, VISHAKHAPATNAM, Andhra Pradesh",0.5,0.5,"1,26,3,58","1,26,3,58",4,0
S1-159193790,S2-334809684,Pioneer Prime Tech,पायोनियर प्राइम टेक,"I-86, Sector-41, Noida, Gautam Buddha Nagar, Uttar Pradesh","I-86, GAUTAMBUDHNAGAR, GAUTAM BUDDHA NAGAR, Uttar Pradesh",0.0,0.6363636363636364,"41,86",86,1,0
S1-374619866,S2-980587950,Salar Technologies Ltd,Salar Ltd Center,"Meharauli, 431 Ward No 3, Delhi, South Delhi","H.NO 431 WARD NO 3, MEHARAULI, दिल्ली",0.5,0.5,"3,431","3,431",2,0
S1-389343533,S2-577461925,Gujarat Consulting Private Limited,गुजरात कंसल्टिंग प्राइवेट लिमिटेड,"9/43 Subhash Nagar, New Delhi, West Delhi, Delhi","NO 009/43 SUBHASH NAGAR, NEW DELHI, WEST DELHI, दिल्ली",0.0,0.5454545454545454,"43,9","009,43",1,0
S1-261974714,S2-177252615,North Global Pvt Ltd,நார்த் குளோபல் பிரைவேட் லிமிடெட்,"No.166, Paneer Nagar, Main Road, V.G.P.Nagar, Ambattur, Tiruvallur, Tamil Nadu","DOOR NO #166, AMBATTUR, TIRUVALLUR, Tamil Nadu",0.0,0.42857142857142855,166,166,1,0
S1-246776595,S2-519466333,Shakti Construction Private Limited,5HAKTI CONSTRUCTION PIIVACTE LIMITED,"C/O Anand Rathi, Surya Apartment 873 Laketown, 3Rd Floor, Block-A, Kolkata, Kolkata, Howrah, West Bengal","C/O ANAND RATHI, CALCUTTA, West Bengal, HOWRAH",0.3333333333333333,0.4117647058823529,"3,873",,0,0
S1-417093904,S2-486680695,Gleam Welfare Society,Gleam Welfare,"Blossam House, Plot No. 217/218, Sector 6 Opp. Palm Beach Road, Nerul, Navi Mumbai, Maharashtra",,0.6666666666666666,0.0,"217,218,6",,0,1
S1-68892026,S2-344675265,Global Enterprises Private Limited,ಗ್ಲೋಬಲ್ ಎಂಟರ್‌ಪ್ರೈಸಸ್ ಪ್ರೈವೇಟ್ ಲಿಮಿಟೆಡ್,"4/3, Tavrekere Main Road Tavrekere, Bangalore, Karnataka","BANGALORE, Karnataka, BANGALORE, 4/3",0.0,0.5714285714285714,"3,4","3,4",2,0
S1-68892026,S2-304653050,Global Enterprises Private Limited,ಗ್ಲೋಬಲ್ ಎಂಟರ್‌ಪ್ರೈಸಸ್ ಪ್ರೈವೇಟ್ ಲಿಮಿಟೆಡ್,"4/3, Tavrekere Main Road Tavrekere, Bangalore, Karnataka","4/3, ಕರ್ನಾಟಕ, BANGALORE",0.0,0.3,"3,4","3,4",2,0
S1-982483381,S2-42993603,Prp Finance (India) Private Limited,Prp Fiablnae (India) Private Limited,"C/O Smt Mohani Devi Vill, Post Uruwa Uruwameja, Meja, Allahabad, Uttar Pradesh",,0.6666666666666666,0.0,,,0,1
S1-670880220,S2-236085166,Kingston & Brothers Private Limited,BROSKINGSTON.COM,"Sr. No 3/1, Satpala Naka, Vasai, Vasai Virar City, Vasai, Thane, Maharashtra","PLOT 489 SR. NO 3/1, VASAI, महाराष्ट्र",0.0,0.29411764705882354,"1,3","1,3,489",2,0
S1-950571631,S2-873339301,Royal Management Limited,Royal  Management,"6 Dhere Apartmentssalisbury Park, Pune, Maharashtra",,0.6666666666666666,0.0,6,,0,1
S1-21280011,S2-32144385,City Exports Private Limited,સિટી એક્સપોર્ટ્સ પ્રાઇવેટ લિમિટેડ,"C-65, Foolvadi Society Mahadevnagar, Vastral Road, Vastral, Ahmedabad, 969/970, Gujarat, Ahmedabad","969/970, AHMEDABAD, Gujarat",0.0,0.36363636363636365,"65,969,970","969,970",2,0
S1-21280011,S2-741783525,City Exports Private Limited,સિટી Exports પ્રાઇવેટ લિમિટેડ,"C-65, Foolvadi Society Mahadevnagar, Vastral Road, Vastral, Ahmedabad, 969/970, Gujarat, Ahmedabad","969/970, AHMEDABAD, Gujarat",0.08333333333333333,0.36363636363636365,"65,969,970","969,970",2,0
S1-736030235,S2-237152958,Future Red Investments Private Limited,ಫ್ಯೂಚರ್ ರೆಡ್ ಇನ್ವೆಸ್ಟ್‌ಮೆಂಟ್ಸ್ ಪ್ರೈವೇಟ್ ಲಿಮಿಟೆಡ್,"No. 9, Bismillah Nagar, Bannerghatta Road, Bangalore, Karnataka","NO. 9, BANGALORE, Karnataka",0.0,0.5,9,9,1,0
S1-842341783,S2-950508731,Jain Exports Private Limited,ജൈൻ എക്സ്പോർട്സ് പ്രൈവറ്റ് ലിമിറ്റഡ്,"Ernakulam, Kerala, Seaview Flats, Hda Buildings Syrian Church Road, Broadway, Ernakulam, D2","PLOT 390 D2, ERNAKULAM, Kerala",0.0,0.23076923076923078,2,"2,390",1,0
S1-67615574,S2-105854616,Best Media Pvt Ltd,बेस्ट मीडिया प्रा. लि.,"Shiv Plaza, Station Road, Kandivali(W), Mumbai, Kandivali West, Maharashtra, 210 2Nd Floor","21 2ND FLOOR, null, KANDIVALI WEST, MUMBAI, महाराष्ट्र",0.0,0.2777777777777778,"2,210","2,21",1,0
S1-820227296,S2-324408970,Black Products Private Limited,ब्लैक प्रोडक्ट्स प्राइवेट लिमिटेड,"702, Romell Grandeur, Vishweshwar Nagar Road, Goregaon East, Mumbai, Maharashtra","702, GOREGAON EAST, MUMBAI, Maharashtra",0.0,0.5,702,702,1,0
S1-690086260,S2-431684550,Bright Healthcare Private Limited,ब्राइट हेल्थकेयर प्राइवेट लिमिटेड,"Flat No. 102-A, Gurukripa Apartment First Floor, P.No. J-89, Ashok Chowk, Adarsh Nagar, Jaipur, Rajasthan","NO 102-A, JAIPUR, Rajasthan",0.0,0.29411764705882354,"102,89",102,1,0
S1-202693048,S2-711570643,Elvis & Sons Corp,Smt ELVIS & STEN (CORP),"109, Sayal Complex, First Floor Millerganj, Ludhiana, Punjab",,0.5,0.0,109,,0,1
S1-791003178,S2-14267685,Southern Al Infra Private Limited,सदर्न अल इंफ्रा प्राइवेट लिमिटेड,"Wework Futura, Maharashtra, Pune, Sr No 133(P), Cts No 4944, Magarpatta Road, Kirtane Baugh, Magarpatta, Hadapsar, Pune, Pune","WEWORK FUOURA, PUNE, Maharashtra",0.0,0.1875,"133,4944",,0,0
S1-601241147,S2-579382742,Balaji Tech Private Limited,बालाजी टेक प्राइवेट लिमिटेड,"Maharashtra, Floor-G, Plot-209/211, Curry Road Ganesh Chsl, N M Joshi Marg, Curry Road Naka Lower Parel East, Delisle Road, Mumbai, 1","1, KALYAN, MUMBAI, Maharashtra",0.0,0.13636363636363635,"1,209,211",1,1,0
S1-769824570,S2-740816302,City Impex Private Limited,सिटी इम्पेक्स प्राइवेट लिमिटेड,"503, Silver Ark Chs Ltd, 62 Convent Avenue Near St. Tresa Convent, Santa Cruz West, Mumbai, Mumbai City, Maharashtra","MUMBAI CITY, MUMBAI, #289 503, Maharashtra",0.0,0.2222222222222222,"503,62","289,503",1,0
S1-769824570,S2-949836966,City Impex Private Limited,सिटी इम्पेक्स प्राइवेट लिमिटेड,"503, Silver Ark Chs Ltd, 62 Convent Avenue Near St. Tresa Convent, Santa Cruz West, Mumbai, Mumbai City, Maharashtra","#289 503, MUMBAI, MUMBAI CITY, Maharashtra",0.0,0.2222222222222222,"503,62","289,503",1,0
S1-91767840,S2-737642234,Dakshin Management Private Limited,dmprivate.com,"No.2B, Dyavasandra Industrial Area, 4Th Cross, Whitefield Cross Road, Mahadevapura Post, Bangalore, Karnataka","NO.2B, <NULL>, MAHADEVAPURA POST, BANGALORE, Karnataka",0.0,0.42857142857142855,"2,4",2,1,0
S1-641872478,S2-435630155,Royal Services LLP,Royal Svgins LLP,"H-183, Basement, Sector 63, Noida, Noida, Gautam Buddha Nagar, Uttar Pradesh","H-183, BASEMENT, SECTOR 63, NOIDA, NOIDA, उत्तर प्रदेश",0.5,0.375,"183,63","183,63",2,0
S1-641872478,S2-398158396,Royal Services LLP,रॉयल सर्विसेज एलएलपी,"H-183, Basement, Sector 63, Noida, Noida, Gautam Buddha Nagar, Uttar Pradesh","H-183, BASEMENT, SECTOR 63, NOIDA, NOIDA, GAUTAM BUDDHA NAGAR, उत्तर प्रदेश",0.0,0.5625,"183,63","183,63",2,0
S1-198435259,S2-667470770,Pioneer Logistics,पायोनियर लॉजिस्टिक्स,"Plot No 29 Khasra No, 1141 Chokdi Kalla, Jodhpur, Rajasthan","PLOT NO 29 KHASRA NO, JODHPUR REGION, JODHPUR, राजस्थान",0.0,0.35714285714285715,"1141,29",29,1,0
S1-889399146,S2-844768066,Tirupati Services Pvt Ltd,तिरुपति सर्विसेज प्रा. लि.,"640/6, Lane No. 3 Railway Colony, Mandawali, New Delhi, East Delhi, Delhi","PLOT 0916 640/6, NEW DELHI, दिल्ली",0.0,0.26666666666666666,"3,6,640","0916,6,640",2,0
S1-889399146,S2-827682319,Tirupati Services Pvt Ltd,तिरुपति सर्विसेज प्रा. लि.,"640/6, Lane No. 3 Railway Colony, Mandawali, New Delhi, East Delhi, Delhi","PLOT 0916 640/6, EAST DELHI, NEW DELHI, Delhi",0.0,0.38461538461538464,"3,6,640","0916,6,640",2,0
S1-965567360,S2-337191106,Al Investments Private Limited,अल इन्वेस्टमेंट्स प्राइवेट लिमिटेड,"Maharashtra, Thane, Sector -15 Cbd, Office-211 Plot No 03","OFFICE-##211 PLOT NO 03, SECTOR -15 CBD, THANE, महाराष्ट्र",0.0,0.6428571428571429,"03,15,211","03,15,211",3,0
S1-965567360,S2-781417118,Al Investments Private Limited,Shri A1 INVESTMENTS PRIVATE LIMITED,"Maharashtra, Thane, Sector -15 Cbd, Office-211 Plot No 03","OFFICE-##211 PLOT NO 03, SECTOR -15 CBD, THANE, महाराष्ट्र",0.5,0.6428571428571429,"03,15,211","03,15,211",3,0
S1-965567360,S2-70568698,Al Investments Private Limited,अल इन्वेस्टमेंट्स प्राइवेट लिमिटेड,"Maharashtra, Thane, Sector -15 Cbd, Office-211 Plot No 03","OFFICE-##211 PLOT NO 03, SECTOR -15 CBD, THANE, महाराष्ट्र",0.0,0.6428571428571429,"03,15,211","03,15,211",3,0
S1-434240060,S2-604754318,Jay Agro Private Limited,जय एग्रो प्राइवेट लिमिटेड,"E-193 Second Floor, Shaheen Bagh Abul Fazal Enclave Part-2, Jamia Nagar Okhla, New Delhi, South Delhi, Delhi","E-193 SECOND FLOOR, NEW DELHI, SOUTH DELHI, दिल्ली",0.0,0.3684210526315789,"193,2",193,1,0
S1-773571289,S2-505080100,Blue Engineering Private Limited,ब्लू इंजीनियरिंग प्राइवेट लिमिटेड,"E-75, Ground Floor, Old Village, Jasola Main Road Pocket 11, 12, Near Peer Baba Mazar, New Delhi, South Delhi, Delhi","E-G-75, SOUTH DELHI, NEW DELHI, दिल्ली",0.0,0.22727272727272727,"11,12,75",75,1,0
S1-294533540,S2-464681611,Super Services Private Limited,Shri Super Services Private,"H. No. A-37, 2Nd Floor, Block A, Phase Ii, Delhi, North West Delhi, Delhi","H. NO. A-37, 2ND FLOOR, BLOCK A, PHASE II, DELHI, दिल्ली",0.6,0.7142857142857143,"2,37","2,37",2,0
S1-928681156,S2-913470622,South Infra Pvt Ltd,ಸೌತ್ ಇನ್‌ಫ್ರಾ ಪ್ರೈವೇಟ್ ಲಿಮಿಟೆಡ್,"K.R. Garden Koramangala, Karnataka, 580, Bangalore","580, K.R. GARDEN KORAMANGALA, BENGALURU, Karnataka",0.0,0.75,580,580,1,0
S1-928681156,S2-219155617,South Infra Pvt Ltd,ಸೌತ್ ಇನ್‌ಫ್ರಾ ಪ್ರೈವೇಟ್ ಲಿಮಿಟೆಡ್,"K.R. Garden Koramangala, Karnataka, 580, Bangalore","580, BANGALORE, BENGALURU, Karnataka",0.0,0.375,580,580,1,0
S1-895536087,S2-290500109,Dream Software Private Limited,డ్రీమ్ సాఫ్ట్‌వేర్ ప్రైవేట్ లిమిటెడ్,"5-9-22/106, Second Flooradarshnagar, Hyderabad Adarshnagar, Hyderabad, Adarshnagar, Hyderabad, Telangana","5-9-22/106, HYDERABAD, Telangana",0.0,0.6666666666666666,"106,22,5,9","106,22,5,9",4,0
S1-996466128,S2-861506334,SH Technologies Private Limited,SH-Technologies Private Ltd,"Shop No. 109, Panvel, Maharashtra, Sect 13, Shreeji Enclave Chs Ltd, Raigarh(Mh)","H.NO 109, महाराष्ट्र, RAIGARH(MH), PANVEL",0.6,0.2777777777777778,"109,13",109,1,0
S1-97514409,S2-660772173,Super Media Private Limited,சூப்பர் மீடியா பிரைவேட் லிமிடெட்,"Trichy-18, C-17A, Trichy-18, 10Th Cross, Thillainagar, Tamil Nadu","C-A-17A, 10TH CROSS, THILLAINAGAR, CHENNAI CITY REGION, TRICHY-18, தமிழ்நாடு",0.0,0.4117647058823529,"10,17,18","10,17,18",3,0
S1-980705263,S2-235659535,Golden Infotech Private Limited,గోల్డెన్ ఇన్ఫోటెక్ ప్రైవేట్ లిమిటెడ్,"Flat No:551, 5Th Floor Janapriya Arcadia, Kawkoor, Alwal, Secunderabad, Hyderabad, Telangana","FLAT NO:551, HYDERABAD, SECUNDERABAD, తెలంగాణ",0.0,0.3125,"5,551",551,1,0
S1-613152121,S2-817751785,Ace Marketing Limited,ACE MARKETING  LTD,"Hno. 1999, Maruti Kunj Bhondsi Teh Sohna, Gurgaon, Haryana",,0.5,0.0,1999,,0,1
S1-125596158,S2-601687262,Gold Industries,ഗോൾഡ് ഇൻഡസ്ട്രീസ്,"No. 20/797, Sree Lakshmi Nivas, Vaikom Road, Tripunithura, Kochi, Ernakulam, Kerala","NO. 20/797, KOCHI, ERNAKULAM, കേരളം",0.0,0.35714285714285715,"20,797","20,797",2,0
S1-597128851,S2-141763534,Epr Welfare Society,Epr Society Center,"Jeshing Para, Valapara St4, Babariya Pada, Amreli, Gujarat",,0.5,0.0,4,,0,1
S1-597128851,S2-429488689,Epr Welfare Society,Epr We1fare Society Corporation,"Jeshing Para, Valapara St4, Babariya Pada, Amreli, Gujarat",,0.4,0.0,4,,0,1
S1-130264484,S2-32411869,Green Foundation Limited,ग्रीन फाउंडेशन लिमिटेड,"875/31, Laxman Vihar Phase-I, Gurgaon, Haryana","875/31, GURGAON, Haryana",0.0,0.5,"31,875","31,875",2,0
S1-28565691,S2-18834241,Pawan & Co,PFANA & CO,"Hn - F-13, 5-T/F, Shaheen, Abul Fazal Enclave Part-2, Delhi, South Delhi, New Delhi","HN - F-##13, SOUTH DELHI, NEW DELHI, Delhi",0.5,0.42857142857142855,"13,2,5",13,1,0
S1-616761693,S2-866989913,Shiva Media Private Limited,சிவா மீடியா பிரைவேட் லிமிடெட்,"Old No. 31, New No. 42, Third Street, East Abhiramapuram, Chennai, Tamil Nadu","OLD NO. C-31, MADRAS, Tamil Nadu",0.0,0.35714285714285715,"31,42",31,1,0
S1-269350108,S2-682802607,Square Finance Private Limited,Smt Square Finance Private,"A-13, Niti Bagh, New Delhi, Delhi",,0.6,0.0,13,,0,1
S1-269350108,S2-531300790,Square Finance Private Limited,SQUARE FlNANCE LIMITED  CENTER,"A-13, Niti Bagh, New Delhi, Delhi","HN 488 A-13, NITI BAGH, दिल्ली",0.3333333333333333,0.4,13,"13,488",1,0
S1-892216339,S2-589499007,My Big Ventures Private Limited,माय बिग वेंचर्स प्राइवेट लिमिटेड,"Bl-25, L Block, Jail Road Hari Nagar, New Delhi, South West Delhi, Delhi","PLOT 505 BL-25, SOUTH WEST DELHI, NEW DELHI, Delhi",0.0,0.42857142857142855,25,"25,505",1,0
S1-621354793,S2-221931800,United Estate Private Limited,United Etnmate Private Limited,"C-904 Bptp Park Life Sector-57, Gurgaon, Haryana",,0.6,0.0,"57,904",,0,1
S1-751222766,S2-730012000,KK Build Private Limited,KK Bui1d Private,"C-145 Shastri Nagar, Meerut, Uttar Pradesh",,0.4,0.0,145,,0,1
S1-111620717,S2-554864895,Sujatha Traders Private Limited,Private Sujatha Traders Ltd,"No 15, 1St A Main Road, Muthyal Nagar Badappa Garden Area, Gokula, Bangalore, Karnataka","H.NO 0015, BANGALORE, Karnataka",0.6,0.1875,"1,15",0015,0,0
S1-867795428,S2-764684242,Gujarat Solutions Limited,गुजरात सॉल्यूशंस लिमिटेड,"Ghaziabad, 602 Sun Tower C Shipra Sun City Indirapuram, Ghaziabad, Uttar Pradesh","DOOR NO 602 SUN TOWER C SHIPRA SUN CITY INDIRAPURAM, GHAZIABAD, उत्तर प्रदेश",0.0,0.47058823529411764,602,602,1,0
S1-603813371,S2-804046483,Super Producer,सुपर प्रोड्यूसर,"Mumbai, Mumbai City, Maharashtra, 4Th Floor, Ambe Maiya Apts, Dr. R. P. Road, Mulund West, 13","B3/13, MUMBAI, MUMBAI CITY, Maharashtra",0.0,0.25,"13,4","13,3",1,0
S1-605943445,S2-324373457,Best Producer Private Limited,বেস্ট প্রডিউসার প্রাইভেট লিমিটেড,"Vasundhara, 2/7 Sarat Bose Road, Unit A, 9Th Floor, Kolkata, Kolkata, Howrah, West Bengal","VASUNDHARA, KOLKATA, HOWRAH, পশ্চিমবঙ্গ",0.0,0.16666666666666666,"2,7,9",,0,0
S1-605943445,S2-374365399,Best Producer Private Limited,Private Best Producer Ltd,"Vasundhara, 2/7 Sarat Bose Road, Unit A, 9Th Floor, Kolkata, Kolkata, Howrah, West Bengal","VASUNDHARA, KOLKATA, HOWRAH, West Bengal",0.6,0.35714285714285715,"2,7,9",,0,0
S1-681922602,S2-723980544,Surya International Private Limited,సూర్య ఇంటర్నేషనల్ ప్రైవేట్ లిమిటెడ్,"Flat No. I 3, Opp Aasha, Hospital, Rd No. 14, Khairatabad, Hyderabad, Telangana","PLOT 469 FLAT NO. I 3, HYDERABAD CITY REGION, తెలంగాణ",0.0,0.25,"14,3","3,469",1,0
S1-950762869,S2-525317297,Shiv Media Private Limited,शिव मीडिया प्राइवेट लिमिटेड,"R. No-5, 1St Floor, 51/53, Industrial House, Nagdevi X Lane, Mumbai, Maharashtra","BLOCK F-582 R. NO-5, महाराष्ट्र, NAGDEVI X LANE, MUMBAI",0.0,0.3333333333333333,"1,5,51,53","5,582",1,0
S1-593389715,S2-613493970,Southern Energy Pvt Ltd,సదర్న్ ఎనర్జీ ప్రైవేట్ లిమిటెడ్,"Flat No F-4, Madhavi Society, Hyderabad, Telangana","FLAT NO F-3, HYDERABAD, GANGADHARAPURAM, Telangana",0.0,0.5,4,3,0,0
S1-442688571,S2-609781396,Best Software Private Limited,ବେଷ୍ଟ୍ ସଫ୍ଟୱେୟାର୍ ପ୍ରାଇଭେଟ୍ ଲିମିଟେଡ୍,"Plot No-N5/170, Irc Village Jaydev Vihar, Bhubaneswar, Khordha, Orissa","PLOT NO-N5/170, BHUBANESWAR, KHORDHA, ଓଡ଼ିଶା",0.0,0.46153846153846156,"170,5","170,5",2,0
S1-681266000,S2-684388797,Golden Healthcare Pvt Ltd,गोल्डन हेल्थकेयर प्रा. लि.,"343, Abhiyan Coop G/H Society, Plot No. 15, Sector-12, Dwarka, New Delhi, South West Delhi, Delhi","Delhi, NEW DELHI, 343, WEST DELHI",0.0,0.25,"12,15,343",343,1,0
S1-759224059,S2-392644791,Royal Producer Private Limited,रॉयल प्रोड्यूसर प्राइवेट लिमिटेड,"J-1292 D, Palam Vihar, Gurgaon, Haryana","J-1292 D, GURGAON, Haryana",0.0,0.7142857142857143,1292,1292,1,0
S1-299803477,S2-350717219,Pi Agro Private Limited,Orbimira,"Dd 68, Narayantala (E), Aswininagar, Deshbandhunagar, North 24 Parganas, West Bengal","DD 68, NORTH 24 PARGANAS, West Bengal",0.0,0.6363636363636364,"24,68","24,68",2,0
S1-971886001,S2-250216135,Ace Consulting Private Limited,एस कंसल्टिंग प्राइवेट लिमिटेड,"233, Niti Khand I Indirapuram, Ghaziabad, Uttar Pradesh","3-233, GHAZIABAD, Uttar Pradesh",0.0,0.4444444444444444,233,"233,3",1,0
S1-65890585,S2-465357664,India Podium Construction Private Limited,India Podium Private Private Limited Partners,"New Delhi, Delhi, South West Delhi, B-13, Kiran Garden Matiala Road, Uttam Nagar",,0.6666666666666666,0.0,13,,0,1
S1-623129052,S2-639396895,Jai Developers,जय डेवलपर्स,"A/13, Sameer Appartment 169, S.B Road, Andheri West, Mumbai, Maharashtra","ANDHERI WEST, MUMBAI (SUBURBAN), Maharashtra, A/13",0.0,0.46153846153846156,"13,169",13,1,0
S1-741364504,S2-951015681,Premier Traders Private Limited,Premier Traders  Prgiae Limited,"5-A/6, Road Number 1, I D A Nacharam, Hyderabad, Telangana","HN 930 5-A/6, ROAD NUMBER 1, I D A NACHARAM, HYDERABAD, Andhra Pradesh",0.6,0.6666666666666666,"1,5,6","1,5,6,930",3,0
S1-741364504,S2-192001688,Premier Traders Private Limited,PREMIER TRADERS PRIVATE LTD,"5-A/6, Road Number 1, I D A Nacharam, Hyderabad, Telangana","HN 930 5-A/6, ROAD NUMBER 1, I D A NACHARAM, HYDERABAD, Andhra Pradesh",0.6,0.6666666666666666,"1,5,6","1,5,6,930",3,0
S1-881116247,S2-860925133,Lotus Services Private Limited,लोटस सर्विसेज प्राइवेट लिमिटेड,"A-83 Sector-23, Noida, Gautam Buddha Nagar, Noida, Ghaziabad, Uttar Pradesh","A-83 SECTOR-23, NOIDA, GHAZIABAD, Uttar Pradesh",0.0,0.7272727272727273,"23,83","23,83",2,0
S1-881116247,S2-547142345,Lotus Services Private Limited,लोटस सर्विसेज प्राइवेट लिमिटेड,"A-83 Sector-23, Noida, Gautam Buddha Nagar, Noida, Ghaziabad, Uttar Pradesh","GHAZIABAD, NOIDA, उत्तर प्रदेश, A-83 SECTOD-23",0.0,0.29411764705882354,"23,83","23,83",2,0
S1-160761481,S2-380528725,KK Nest Limited,KK Nest [Ltd],"11/Ol, Tiruvengadaswamy Road, R.S. Puram, Coimbatore, Tamil Nadu",,0.5,0.0,11,,0,1
S1-400229081,S2-954484251,Delhi Com Private Limited,Delhi Com Limited Services,"Pc-11, Punjabi City, Sri Ganganagar, Sriganga Nagar, Rajasthan","H.NO A-172 PC-11, PUNJAI CITY, SRI GANGANAGAR, Rajasthan",0.6,0.42857142857142855,11,"11,172",1,0
S1-466341312,S2-718941502,Tech Impex Limited,टेक इम्पेक्स लिमिटेड,"Kh. No. 226, Hariharpur, Diptyganj, Lucknow, Uttar Pradesh","H.NO 832 KH. NO. 226, LUCKNOW, HARDOI, Uttar Pradesh",0.0,0.5454545454545454,226,"226,832",1,0
S1-710774792,S2-502975394,Green City Infotech Private Limited,ग्रीन सिटी इंफोटेक प्राइवेट लिमिटेड,"House No 320/A, 25, Plot No 29, Kh No198 2Nd Floor, Onkar Nagar-B Gali No 25, Delhi, West Delhi, Delhi","HOUSE NO 320/A, DELHI, NORTH WEST, Delhi",0.0,0.3333333333333333,"198,2,25,29,320",320,1,0
S1-710774792,S2-832606192,Green City Infotech Private Limited,ग्रीन सिटी इंफोटेक प्राइवेट लिमिटेड,"House No 320/A, 25, Plot No 29, Kh No198 2Nd Floor, Onkar Nagar-B Gali No 25, Delhi, West Delhi, Delhi","HOUSE NO 320/A, DELHI, NORTH WEST, दिल्ली",0.0,0.3,"198,2,25,29,320",320,1,0
S1-710774792,S2-343251859,Green City Infotech Private Limited,ग्रीन सिटी इंफोटेक प्राइवेट लिमिटेड,"House No 320/A, 25, Plot No 29, Kh No198 2Nd Floor, Onkar Nagar-B Gali No 25, Delhi, West Delhi, Delhi","HOUSE NO 320/A, Delhi, NORTH WEST",0.0,0.3333333333333333,"198,2,25,29,320",320,1,0
S1-710774792,S2-111221792,Green City Infotech Private Limited,ग्रीन सिटी इंफोटेक प्राइवेट लिमिटेड,"House No 320/A, 25, Plot No 29, Kh No198 2Nd Floor, Onkar Nagar-B Gali No 25, Delhi, West Delhi, Delhi","HOUSE NO 320/A, WEST DELHI, NORTH WEST, Delhi",0.0,0.3333333333333333,"198,2,25,29,320",320,1,0
S1-745389419,S2-53599217,Durga Housing Private Limited,DURGA HOUSING PRIVATE LTD,"117/N/27, Kakadeo, Kanpur, Uttar Pradesh","HN 270 117/N/27, KAKADEO, KANPUR, उत्तर प्रदेश",0.6,0.35714285714285715,"117,27","117,27,270",2,0
S1-149278504,S2-932339050,Best Business Private Limited,ಬೆಸ್ಟ್ Business ಪ್ರೈವೇಟ್ ಲಿಮಿಟೆಡ್,"#11, Green Leaf Extension, 80 Feet Road, 4Th Block, Kormang Ala, Bangalore, Karnataka","H.NO 11, BANGALORE, KORMANG ALA, Karnataka",0.07692307692307693,0.3333333333333333,"11,4,80",11,1,0
S1-780886428,S2-600925568,Digital It Private Limited,ડિજિટલ આઈટી પ્રાઇવેટ લિમિટેડ,"Jindal House, Opp. Dmart I.O.C Petrol Pump Lane, Shivranjani, Shyamal, 132 Ft Ring Road, Satellite, Ahmedabad, Gujarat","675 JINDAL HOUSE, Gujarat, AHMEDABAD",0.0,0.2,132,675,0,0
S1-158658754,S2-718559710,Bangalore North Elements Pvt Ltd,HALOYUMA,"711, 7 Floor Estate Bldg, 121 Dickenson Rd Yellepa, Bangalore North, Bangalore, Karnataka","711, BANGALORE NORTH, Karnataka",0.0,0.3333333333333333,"121,7,711",711,1,0
S1-956803954,S2-885167882,Shiva Logistics,ശിവ ലോജിസ്റ്റിക്സ്,"39/2475-B1, Suite 455, Lr Towers, Sjrra 104, South Janatha Road, Ernakulam, Kerala","39/2475-B1, ERNAKULAM, Keralam, ERNAKULAM",0.0,0.26666666666666666,"1,104,2475,39,455","1,2475,39",3,0
S1-379076150,S2-17030831,Tirupati Foundation Private Limited,तिरुपति फाउंडेशन प्राइवेट लिमिटेड,"B 5/25, Krishna Nagar Delhi, New Delhi, East Delhi, Delhi","Delhi, NEW DELHI, EAST DELHI, #227 B 5/25",0.0,0.6666666666666666,"25,5","227,25,5",2,0
S1-90707950,S2-185602609,Burn Hardware Private Limited,8urn Hhardwbare Private Limited,"Kerala, Thiruvananthapuram, Pratheeksha, Venniyoor, Neyyattinkara, Trivandrum, 15/196/A","5/196/A, DIVREPORTINGCIRCLE, THIRUVANANTHAPURAM, Kerala",0.3333333333333333,0.36363636363636365,"15,196","196,5",1,0
S1-592679133,S2-905308370,City Trading Private Limited,સિટી ટ્રેડિંગ પ્રાઇવેટ લિમિટેડ,"Gujarat, Rajkot, C/O. Synergy Hospital, Rajkot, Plot No. 7/8, Opp. Gokul Mathura Appt., Ayodhya Chowk","C/O. SYNERGY HOSPITAL, GANDHINAGAR, RAJKOT, ગુજરાત",0.0,0.25,"7,8",,0,0
S1-839105685,S2-158216363,White Systems Private Limited,व्हाइट सिस्टम्स प्राइवेट लिमिटेड,"3, Shiv Arti Society, Saikheda Road, Shailani Baba Chowk, Jail Road, Nasik Road, Nashik, Maharashtra","#3, NASIK ROAD, NASHIK, महाराष्ट्र",0.0,0.23529411764705882,3,3,1,0
S1-648987333,S2-199486152,Black Foods Private Limited,ব্ল্যাক ফুডস প্রাইভেট লিমিটেড,"207, Sarat Bose Road, Flat No. 3B, Kolkata, Kolkata, Howrah, West Bengal","##207, KOLKATA, HOWRAH, পশ্চিমবঙ্গ",0.0,0.2,"207,3",207,1,0
S1-7102837,S2-421836752,Aditya It Private Limited,আদিত্য আইটি প্রাইভেট লিমিটেড,"6H, Ho-Chi-Minh Sarani, Flat No-9, 3Rd Floor, Kolkata, Kolkata, Howrah, West Bengal","HOWRAH, West Bengal, 6H, KOLKATA",0.0,0.35714285714285715,"3,6,9",6,1,0
S1-288713300,S2-862511886,Kesava Solutions Limited,Kesava Solutions Ltd,"Delhi, Chiranjiv Tower 43, Nehru Place, 212A, New Delhi, South Delhi","212A, CHIRANJIV TOWER 43, NEHRU PLACE, NEW DELHI, दिल्ली",0.5,0.7272727272727273,"212,43","212,43",2,0
S1-288713300,S2-224446813,Kesava Solutions Limited,Kesava Seuitocs Limited,"Delhi, Chiranjiv Tower 43, Nehru Place, 212A, New Delhi, South Delhi","212A, CHIRANJIV TOWER 43, NEHRU PLACE, NEW DELHI, दिल्ली",0.5,0.7272727272727273,"212,43","212,43",2,0
S1-286022395,S2-424438347,Southern Industries Private Limited,सदर्न इंडस्ट्रीज प्राइवेट लिमिटेड,"5/A/708, Vasundhara, Ghaziabad, Uttar Pradesh","5/A/708, GHAZIABAD, SAHIBABAD, Uttar Pradesh",0.0,0.75,"5,708","5,708",2,0
S1-64689704,S2-114147547,UR Food Private Limited,UR  FOOD,"Block E, 108, Swan Regale Batamangala, Puri, Orissa",,0.5,0.0,108,,0,1
S1-323026756,S2-717461222,Jain Technologies Private Limited,Jain Technologies (Private),"Ajay Vihar M. G. Road, Cochin, Ernakulam, Kerala","AJAY VIHAR M. G. ROAD, COCHIN, കേരളം",0.75,0.6,,,0,0
S1-846446964,S2-945209661,Gujarat Systems Private Limited,ಗುಜರಾತ್ ಸಿಸ್ಟಮ್ಸ್ ಪ್ರೈವೇಟ್ ಲಿಮಿಟೆಡ್,"No12 P No 61/18 Medahalli, Krpura4, Bangalore North, Bangalore, Karnataka","NO 12 P NO 61/18 MEDAHALLI, KRPURA4, BANGALORE, BENGALURU, ಕರ್ನಾಟಕ",0.0,0.4666666666666667,"12,18,4,61","12,18,4,61",4,0
S1-846446964,S2-105943347,Gujarat Systems Private Limited,ಗುಜರಾತ್ ಸಿಸ್ಟಮ್ಸ್ ಪ್ರೈವೇಟ್ ಲಿಮಿಟೆಡ್,"No12 P No 61/18 Medahalli, Krpura4, Bangalore North, Bangalore, Karnataka","DOOR NO 12 P NO 61/18 MEDAHALLI, KRPURA4, BANGALORE NORTH, BENGALURU, Karnataka",0.0,0.6923076923076923,"12,18,4,61","12,18,4,61",4,0
S1-458071224,S2-475690409,Tirupati Investment Private Limited,ତିରୁପତି ଇନଭେଷ୍ଟମେଣ୍ଟ୍ ପ୍ରାଇଭେଟ୍ ଲିମିଟେଡ୍,"Plot No. 4389/4919, Tankapani Road, Bhubaneswar, Khordha, Orissa","H.NO 4389/4919, BHUBANESWAR, Odisha, KHORDHA",0.0,0.45454545454545453,"4389,4919","4389,4919",2,0
S1-176735229,S2-624911310,Big Construction Private Limited,cónstructionprivate.com,"Iind Floor 64 Girdhar, Enclave S.B.D, Ghaziabad, Uttar Pradesh, Ghaziabad","IIND FLOOR 64 GIRDHAR, GHAZIABAD, HAPUR (PANCHSHEEL NAGAR), Uttar Pradesh",0.0,0.5,64,64,1,0
S1-612702455,S2-696285001,Galaxy Infrastructure Pvt Ltd,गैलेक्सी इंफ्रास्ट्रक्चर प्रा. लि.,"Tower No -10, Flat No -1503 Vipul Lavanya, Sector - 81, Gurugram, Gurgaon, Haryana","TOWER NO -#10, GURUGRAM, GURGAON, हरियाणा",0.0,0.3333333333333333,"10,1503,81",10,1,0
S1-488871179,S2-862642478,Usp Investments Private Limited,Sri USP INVESTMENTS LIMITED SERVICES,"9A, 2Nd Flr, 67 Punam Bld, Laxmibai Jagmohandas Marg, Mumbai, Maharashtra",,0.5,0.0,"2,67,9",,0,1
S1-231939528,S2-542044935,Anand Marketing Limited,Anand-Mrlaoeating Limited,"Saya Zenith, Gh-11, Ahinsa Khand2, Indirapuram, B-1305, Ghaziabad, Uttar Pradesh, Ghaziabad",,0.5,0.0,"11,1305,2",,0,1
S1-231939528,S2-974955596,Anand Marketing Limited,आनंद मार्केटिंग लिमिटेड,"Saya Zenith, Gh-11, Ahinsa Khand2, Indirapuram, B-1305, Ghaziabad, Uttar Pradesh, Ghaziabad","PLOT D/406 B-1305, GHAZIABAD, उत्तर प्रदेश",0.0,0.15,"11,1305,2","1305,406",1,0
S1-335533963,S2-398660447,Real Management Private Limited,रियल मैनेजमेंट प्राइवेट लिमिटेड,"Second Floor, Vinod Plaza, Plot No. 1659 Sector-I Aashiyana Colony, Lucknow, Uttar Pradesh","SECOND FLOOR, LUCKNOW, Uttar Pradesh",0.0,0.35714285714285715,1659,,0,0
S1-335533963,S2-493330939,Real Management Private Limited,Real Management Limited Services,"Second Floor, Vinod Plaza, Plot No. 1659 Sector-I Aashiyana Colony, Lucknow, Uttar Pradesh",,0.6,0.0,1659,,0,1
S1-924609198,S2-944660178,Deo Welfare Society,DEO WÉLFARE SOCIETY CORP,"16/668-669 Tank Roadbapa Nagar Karol Bagh, New Delhi, Central Delhi, Delhi",,0.4,0.0,"16,668,669",,0,1
S1-870023990,S2-210526385,Garden Traders Private Limited,Garden Traders,"Tvg E-43 Dlf Garden City, Bypass Road Mangliya Nearexotica Hotel, Indore, Madhya Pradesh",,0.5,0.0,43,,0,1
S1-524996033,S2-219901497,Shree Care Private Limited,శ్రీ కేర్ ప్రైవేట్ లిమిటెడ్,"21-11/4-5A, Saibaba Colony, 4Th Line, Vijayawada (Urban), Krishna, Andhra Pradesh","HN 407 21-11/4-5A, Andhra Pradesh, KRISHNA",0.0,0.4666666666666667,"11,21,4,5","11,21,4,407,5",4,0
S1-524996033,S2-57002233,Shree Care Private Limited,శ్రీ కేర్ ప్రైవేట్ లిమిటెడ్,"21-11/4-5A, Saibaba Colony, 4Th Line, Vijayawada (Urban), Krishna, Andhra Pradesh","HN 407 21-11/4-5A, VIJAYAWADA (URBAN), Andhra Pradesh",0.0,0.5333333333333333,"11,21,4,5","11,21,4,407,5",4,0
S1-693776805,S2-209093443,Swastik Infra Private Limited,5wastik Infra  Private,"103, A, B, C, Vindhya Complex, First Floor, Plot No. 1, Sector 11, Cbd Belapur., Navi Mumbai, Thane, Maharashtra","103, THANE, NAVI MUMBAI, Maharashtra",0.4,0.2631578947368421,"1,103,11",103,1,0
S1-643855116,S2-503837689,South Infra Private Limited,સાઉથ ઇન્ફ્રા પ્રાઇવેટ લિમિટેડ,"1St Floor, Gujarat, Narayana House, B/S Star House, Opp.-Shel, Jodhpur Char Rasta, Ahmedabad, Ahmadabad City","NO 001ST FLOOR, MAHESANA, AHMEDABAD, ગુજરાત",0.0,0.09090909090909091,1,001,0,0
S1-232402596,S2-494223117,Smart Infotech Private Limited,స్మార్ట్ ఇన్ఫోటెక్ ప్రైవేట్ లిమిటెడ్,"224/A/2/34/3/A, Prashanth Nagar, Langar House, Hyderabad, Telangana","224/A/2/34/3/A, HYDERABAD, తెలంగాణ",0.0,0.4,"2,224,3,34","2,224,3,34",4,0
S1-574848946,S2-31532089,Classic Investment Private Limited,கிளாசிக் இன்வெஸ்ட்மெண்ட் பிரைவேட் லிமிடெட்,"Tamil Nadu, 32, Vivekananda Street T.Nagar, Chennai","Tamil Nadu, 3-2, CHENNAI",0.0,0.3,32,"2,3",0,0
S1-102253241,S2-803494988,Mumbai Services Private Limited,Mumbai Sérvices Private,"Flat No. 303, F Wing, Ganga Estate O-Op Hsg Soc, Sion Trombay Road, Chembur, Mumbai, Maharashtra",,0.4,0.0,303,,0,1
S1-129720408,S2-877968628,RVE Services Pvt. Ltd.,Lyradovaxylo,"202, Ahmedabad, Baroda, Aangan Towers Opp Bhavan'S School, Gujarat","2-202, VADODARA REGION, AHMEDABAD, Gujarat",0.0,0.23076923076923078,202,"2,202",1,0
S1-129720408,S2-35948139,RVE Services Pvt. Ltd.,rservices.com,"202, Ahmedabad, Baroda, Aangan Towers Opp Bhavan'S School, Gujarat","2-202, VADODARA REGION, AHMEDABAD, Gujarat",0.0,0.23076923076923078,202,"2,202",1,0
S1-330693567,S2-554093662,Supreme Industries Private Limited,सुप्रीम इंडस्ट्रीज प्राइवेट लिमिटेड,"Shop No-37 Left F/P Krishna Market, New Delhi, South Delhi, Delhi","FARIDABAD, दिल्ली, SOUTH DELHI, SHOP NO-37 LEFT F/P KRISHNA MARKET",0.0,0.7142857142857143,37,37,1,0
S1-113165361,S2-398913263,Builders Sai Manpower Private Limited,Builders Sai Manpower,"A-701, Block A, Ashadeep Cghs Ltd Sector - 2, Plot 3B, Dwarka, New Delhi, South West Delhi, Delhi","DOOR NO 44 A-701, BLOCK A, ASHADEEP CGHS LTD SECTOR - 2, PLOT 3B, DWARKA, NEW DELHI, दिल्ली",0.6,0.65,"2,3,701","2,3,44,701",3,0
S1-334465735,S2-659949648,Super Enterprises Pvt Ltd,सुपर एंटरप्राइजेज प्रा. लि.,"Plot No 52, Mahalaxmi Nagar Hudkeshwar Road, Nagpur, Maharashtra","PLTO NO #52, NAGPUR, null, Maharashtra",0.0,0.36363636363636365,52,52,1,0
S1-357689162,S2-245971273,Pune Solutions Limited,Pune Stoutons Limited,"Sr. No. 49/1A 1, Saswad Road, Urali Devachi, Tal- Haveli, Dist- Pune, Pune, Maharashtra",,0.5,0.0,"1,49",,0,1
S1-525696748,S2-761272755,Best Food Private Limited,बेस्ट फूड प्राइवेट लिमिटेड,"806, 8Th Floor, Ecstasy Business Park, Near City Of Joy, Jsd Road Mulund East West Flyover Mulund West, Mumbai, Maharashtra","806, MUMBAI, Maharashtra",0.0,0.16666666666666666,"8,806",806,1,0
S1-664239711,S2-334238753,Classic Hospitality Private Limited,क्लासिक हॉस्पिटैलिटी प्राइवेट लिमिटेड,"K-44, Masjid Khalilullah Batla House, Okhla, New Delhi, Delhi","K-44, SOUTH DELHI, NEW DELHI, Delhi",0.0,0.4,44,44,1,0
S1-383936081,S2-845242677,Swastik Classic Projects LLP,స్వస్తిక్ క్లాసిక్ ప్రాజెక్ట్స్ ఎల్‌ఎల్‌పీ,"Rangareddy, Plot No 27, Flat No 901 C Block, Raheja Vistas, Nacharam-Ida, Telangana, Hyderabad","PLOT NO ##27, RANGAREDDY, HYDERABAD, Andhra Pradesh",0.0,0.3125,"27,901",27,1,0
S1-908218542,S2-206680412,Ace Anand Estate Private Limited,ఏస్ ఆనంద్ ఎస్టేట్ ప్రైవేట్ లిమిటెడ్,"319/3Rt, Ground Floor, Beside Union Bank Of India, S R Nagar, Hyderabad, Telangana","319/3RT, N/A, HYDERABAD CITY REGION, HYDERABAD, Telangana",0.0,0.2222222222222222,"3,319","3,319",2,0
S1-42580259,S2-52697022,Fortune Energy Pvt Ltd,ಫಾರ್ಚೂನ್ ಎನರ್ಜಿ ಪ್ರೈವೇಟ್ ಲಿಮಿಟೆಡ್,"No.11, Ground Floor, 4Th Main, M.C. Layout, Vijayangar, Bangalore, Karnataka","NO.11, BANGALORE, Karnataka",0.0,0.3333333333333333,"11,4",11,1,0
S1-626743076,S2-113905204,East Services Private Limited,ईस्ट सर्विसेज प्राइवेट लिमिटेड,"538/311A, Lucknow, Ahibaranpur, Adarsh Puram Triveni Nagar Ii, Near Akash Timbar, Uttar Pradesh","538/311A, LUCKNOW, Uttar Pradesh",0.0,0.35714285714285715,"311,538","311,538",2,0
S1-551894267,S2-648110779,Shiva Agro Private Limited,शिवा एग्रो प्राइवेट लिमिटेड,"A/97 P.C Colony, Kankarbagh, Sampatchak, Patna, Bihar","DOOR NO 922 A/97 P.C COLONY, SAMPATCHAK, PATNA, Bihar",0.0,0.6666666666666666,97,"922,97",1,0
S1-551894267,S2-373399938,Shiva Agro Private Limited,शिवा एग्रो प्राइवेट लिमिटेड,"A/97 P.C Colony, Kankarbagh, Sampatchak, Patna, Bihar","#922 A/97 P.C CLOONY, KANKARBAGH, PATNA, SAMPATCHAK, बिहार",0.0,0.5,97,"922,97",1,0
S1-112435953,S2-976308338,Shyam Hospitality Private Limited,Shyam Hospitality (Private),"Surve No. 75/2 Ram Nagar Ratlam Vinoba Nagri, Ratlam, Madhya Pradesh",,0.75,0.0,"2,75",,0,1
S1-105188242,S2-711173594,Surya Projects Private Limited,Surya Patjecst Private Limited,"2, 212- B, Near Navata, Transport, Auto Nagar, Nellore, Andhra Pradesh",,0.6,0.0,"2,212",,0,1
S1-286040028,S2-189930729,Tech Infotech Limited,Límited Tech Infotech,"Maharashtra, Buildingno.09, Avenue Jrustomjee Evershine Global City, Narangi, Bypass Rd, Shopno.044, Mumbai City, Virar West","SHOPNO.044, VIRAR WEST, MUMBAI CITY, महाराष्ट्र",0.5,0.3,"044,09",044,1,0
S1-419970379,S2-540337870,Lakshmi Management Private Limited,লক্ষ্মী ম্যানেজমেন্ট প্রাইভেট লিমিটেড,"16, Strand Road, Diamond Heritage, Suit N-1206, 12Th Floor, Kolkata, Kolkata, Howrah, West Bengal","14, KOLKATA, পশ্চিমবঙ্গ",0.0,0.05263157894736842,"12,1206,16",14,0,0
S1-735663592,S2-469508799,Daksh Academy Partners,Daksh Academy Patnres,"Siwan, Hanumont Nagar Near Pani Tanki, Siwan, Bihar, Siwan, Bishwambharnath",,0.5,0.0,,,0,1
S1-903885217,S2-918355706,Krishna Healthcare Private Limited,कृष्ण हेल्थकेयर प्राइवेट लिमिटेड,"Marc 7 Building, 1St Floor, Guru Nanak Nagar, Behind Gurudwara, Amba, Di Road, Vasai West, Thane, Maharashtra","MARC 7. BUILDING, VASAI WEST, THANE, महाराष्ट्र",0.0,0.2857142857142857,"1,7",7,1,0
S1-890063365,S2-422803431,Silicon Marketing Private Limited,Sri siliconmarketingprivate.com,"A-11 Basement, New Delhi, South Delhi, Delhi","A-11 BASEMENT, NEW DELHI, Delhi",0.0,0.8333333333333334,11,11,1,0
S1-893017965,S2-869503207,Blue Eastern Management Private Limited,ब्लू ईस्टर्न मैनेजमेंट प्राइवेट लिमिटेड,"1St Floor, System No 1, Hubtown Solaris Bldg, N S Phadke Rd, Near Flyover Bridge, Saiwadi, Andheri E, Mumbai, Mumbai City, Maharashtra","1ST- FLOOR, MUMBAI CITY, Maharashtra",0.0,0.23809523809523808,1,1,1,0
S1-961824602,S2-687390989,South Systems Private Limited,SOUTH SYSTEMS,"Plot No 1494, Telangana, Srinidhi-2, Rangareddy, Ghatkesar","PLOT NO 1494, SRINIDHI-2, GHATKESAR, తెలంగాణ",0.5,0.5,"1494,2","1494,2",2,0
S1-836435969,S2-222516616,Vista India,Vista India Corporation,"9B, 9Th Floor, Vandana Building 11 Tolstoy Road, New Delhi, Central Delhi, Delhi",,0.6666666666666666,0.0,"11,9",,0,1
S1-749823232,S2-14897090,High Software Private Limited,ಹೈ ಸಾಫ್ಟ್‌ವೇರ್ ಪ್ರೈವೇಟ್ ಲಿಮಿಟೆಡ್,"No. 529, No. 3/2, Second Floor, Bellandur Gate, Ambalipura Sarjapura Roa, D, Bangalore, Karnataka","H.NO 52, <NULL>, BANGALORE, Karnataka",0.0,0.17647058823529413,"2,3,529",52,0,0
S1-283531844,S2-113944298,Shree Enterprises Group,M/s -- Shree Enterprises Co,"#1609, Balambeed Cross, Chikkerur Road, Hirekerur, Haveri, Karnataka","#01609, HAVERI, ಕರ್ನಾಟಕ",0.3333333333333333,0.08333333333333333,1609,01609,0,0
S1-710281941,S2-212345937,Real Future Management Private Limited,റിയൽ ഫ്യൂച്ചർ മാനേജ്മെന്റ് പ്രൈവറ്റ് ലിമിറ്റഡ്,"129/130, 1St Floor, Pioneer Towers Marine Drive, Kochi, Ernakulam, Kerala","129/130, KOCHI, ERNAKULAM, കേരളം",0.0,0.3076923076923077,"1,129,130","129,130",2,0
S1-451507685,S2-491970126,Rosy Metaliks Private Limited,rosymetaliksprivate.com,"Plot No Gh 03 Sector-100, Noida, Gautam Buddha Nagar, Uttar Pradesh","PLOT NO GH 03 SECTOR-100, NOIDA, N/A, Uttar Pradesh",0.0,0.6428571428571429,"03,100","03,100",2,0
S1-451507685,S2-703961854,Rosy Metaliks Private Limited,Rosy Metaliks,"Plot No Gh 03 Sector-100, Noida, Gautam Buddha Nagar, Uttar Pradesh","PLOT NO GH 03 SECTOR-100, NOIDA, N/A, Uttar Pradesh",0.5,0.6428571428571429,"03,100","03,100",2,0
S1-191997878,S2-208948514,Star Hari Energy Private Limited,starharienergy.com,"Uttar Pradesh, Gautam Buddha Nagar, 3Rd Floor, Sector-4, A-19, Noida","A-19, 3RD FLOOR, SECTOR-4, NOIDA, Uttar Pradesh",0.0,0.75,"19,3,4","19,3,4",3,0
S1-619831622,S2-553440728,Star Leasing Limited,Star Leasing Ltd,"Travancore Ply Wood Industriespunalur, Kollam, Kerala",,0.5,0.0,,,0,1
S1-71015636,S2-132180184,Digital Food Private Limited,డిజిటల్ ఫుడ్ ప్రైవేట్ లిమిటెడ్,"H.No.8-2-293/82/J-Iii/121, Road No.72, Jubilee Hills, Hyderabad, Telangana","DOOR NO 8-2-293/82/J-III/121, HYDERABAD, Telangana",0.0,0.625,"121,2,293,72,8,82","121,2,293,8,82",5,0
S1-71015636,S2-58643345,Digital Food Private Limited,డిజిటల్ ఫుడ్ ప్రైవేట్ లిమిటెడ్,"H.No.8-2-293/82/J-Iii/121, Road No.72, Jubilee Hills, Hyderabad, Telangana","H.NO.8-2-293/82/J-III/121, HYDERABAD, Telangana",0.0,0.7333333333333333,"121,2,293,72,8,82","121,2,293,8,82",5,0
S1-363126104,S2-519653690,Innovative Consultants Limited,ઇનોવેટિવ કન્સલ્ટન્ટ્સ લિમિટેડ,"Surat, 5Th Floor, Empire State Building, Ring Road, Gujarat, Office No. 512","PLOT 636 OFFICE NO. 512, SURAT, Gujarat",0.0,0.35714285714285715,"5,512","512,636",1,0
S1-13566223,S2-735964065,Sky Energy Pvt Ltd,స్కై ఎనర్జీ ప్రైవేట్ లిమిటెడ్,"5-4-2A/510 Anuhar Morning, Raaga, Alkapur Township, Rangareddy, Telangana","H.NO 5-4-2A/510 ANUHAR MORNING, RANGAREDDY, Andhra Pradesh",0.0,0.4666666666666667,"2,4,5,510","2,4,5,510",4,0
S1-345600337,S2-776248810,Digital Foundation Limited,डिजिटल फाउंडेशन लिमिटेड,"S.No. 62 & 65, Plot No. 167 Audumbar Mahatma Co-Op Hsg. Society Mh, Kothrud, Pune, Maharashtra","S.NO. 62 & 65, PUNE, Maharashtra",0.0,0.4117647058823529,"167,62,65","62,65",2,0
S1-46795483,S2-573464348,Golden Foods Private Limited,गोल्डन फूड्स प्राइवेट लिमिटेड,"5 8, Thakyur Chl, Ghodbun, Rd, Shiv Sena Office, Thane, Maharashtra","5 8, THANE, महाराष्ट्र",0.0,0.2,"5,8","5,8",2,0
S1-385786516,S2-680738451,Msm Nursing Home Private Limited,MSM NURSING HOME (PRIVATE),"515, 5 Floor, Tulsiani, Chamber, Freepressjournal, Mumbai, Maharashtra",,0.8,0.0,"5,515",,0,1
S1-797863285,S2-206800856,Hari North Business Limited,हरि नॉर्थ बिजनेस लिमिटेड,"Paota, Plot No. 205 Polo Ii, Rajasthan, Jodhpur","राजस्थान, JODHPUR, PAOTA, JODHPUR, #205 POLO II",0.0,0.4166666666666667,205,205,1,0
S1-569670402,S2-727292827,Superior Services Limited,Superior Services Ltd,"Property 55 Third Floor, Saidulajab New Delhi, New Delhi, South West Delhi, Delhi","BLOCK C-32 PROPERTY 55 THIRD FLOOR, SAIDULAJAB NEW DELHI, NEW DELHI, दिल्ली",0.5,0.5,55,"32,55",1,0
S1-369762642,S2-173091502,Black Management Private Limited,ব্ল্যাক ম্যানেজমেন্ট প্রাইভেট লিমিটেড,"Kolkata, Rajdanga Main Road, Kolkata, West Bengal, 2080, Howrah","2080, RAJDANGA MAIN ROAD, KOLKATA, HOWRAH, KOLKATA, পশ্চিমবঙ্গ",0.0,0.5,2080,2080,1,0
S1-805485703,S2-537541089,Lucky Electricals Private Limited,Private Lucky Eteclrdeccs Limited,"145, Shankar Kuti Suraj Kund Road, Meerut, Uttar Pradesh","MEERUT, उत्तर प्रदेश, 00145",0.6,0.06666666666666667,145,00145,0,0
S1-139317778,S2-157089330,Digital Construction Pvt Ltd,ଡିଜିଟାଲ୍ କନଷ୍ଟ୍ରକସନ୍ ପ୍ରାଇଭେଟ୍ ଲିମିଟେଡ୍,"F-35/C Bjb Nagar, Bhubaneswar, Puri, Orissa","F-35/C BJB NAGRA, KHURDA, BHUBANESWAR, Orissa",0.0,0.6,35,35,1,0
S1-510820951,S2-946286314,SWP Investment Private Limited,>> SWP Investment,"1/122, Geeta Society, 2Nd Floor, Agra Road, Opp. S. T. Workshop, Thane (W, ), Thane, Maharashtra","122, ), THANE, Maharashtra",0.5,0.2,"1,122,2",122,1,0
S1-120101958,S2-233199187,MZ Engineers Private Limited,MZ Engineers Pmivae Limited,"Sky -Hi Chamber 11/05, Park Road, Lucknow, Uttar Pradesh","SKY -HI CHAMBER 11/05, PARK ROAD, LUCHNOW, उत्तर प्रदेश",0.6,0.4375,"05,11","05,11",2,0
S1-721066097,S2-436144473,Good Business Private Limited,குட் பிசினஸ் பிரைவேட் லிமிடெட்,"Vellore, No. 11, Sidco Industrial Estate M.R. Puram, Tamil Nadu, Ranipet","NO. 11, VELLORE, தமிழ்நாடு",0.0,0.1875,11,11,1,0
S1-740864287,S2-388659634,Bright Technology Private Limited,பிரைட் டெக்னாலஜி பிரைவேட் லிமிடெட்,"Tamil Nadu, Vellore, 28 / 205, Lakshmana Mudhali Street, Sainathapuram","28. / 205, CHENNAI CITY REGION, Tamil Nadu",0.0,0.3333333333333333,"205,28","205,28",2,0
S1-4506039,S2-619015923,Jayanti Services Private Limited,Jayanti Services Services Limited Center,"K- 3/39 Ff Dlf-Ii, Gurgaon, Haryana","K- 3/39 FF DLF-II, GURGAON, हरियाणा",0.6,0.6363636363636364,"3,39","3,39",2,0
S1-653743210,S2-770515160,High Power Limited,हाई पावर लिमिटेड,"L V L 47 Sec L 5 Aliganj, Scheme Lucknow, Lucknow, Uttar Pradesh","L V L 47 SEC L 5 ALIGANJ, LUCKNOW, उत्तर प्रदेश",0.0,0.4666666666666667,"47,5","47,5",2,0
S1-854761174,S2-664964771,SEX Constructions Private Limited,SEX Constructions Private,"117, Central Avenue Road, Hansapuri, Nagpur, Maharashtra",,0.75,0.0,117,,0,1
S1-203708506,S2-743285122,Silver Business Pvt Ltd,সিলভার বিজনেস প্রাইভেট লিমিটেড,"16 N N Road, Dumdum Town, Kolkata, Kolkata, Howrah, West Bengal","DOOR NO A-16 N N ROAD, DUMDUM TOWN, KOLKATA, CALCUTTA, HOWRAH, পশ্চিমবঙ্গ",0.0,0.4117647058823529,16,16,1,0
S1-315829643,S2-280870986,Education Institute of Technology,Education Institute of Services,"Madak Khana, Jhansi, H No. 43, Uttar Pradesh, Jhansi","H NO. 43, MADAK KHANA, JHANSI, उत्तर प्रदेश",0.6,0.46153846153846156,43,43,1,0
S1-960507756,S2-1477132,Global Logistics Pvt Ltd,ಗ್ಲೋಬಲ್ ಲಾಜಿಸ್ಟಿಕ್ಸ್ ಪ್ರೈವೇಟ್ ಲಿಮಿಟೆಡ್,"5, Mchs, 14Th A Main, 15Th Cross Sector 4, Hsr Layout, Bangalore, Karnataka","5, MCHS, 14TH A MAIN, 15TH CROSS SECTOR 4, HSR LAYOUT, BANGALORE, ಕರ್ನಾಟಕ",0.0,0.75,"14,15,4,5","14,15,4,5",4,0
S1-430560295,S2-362331098,Suyog Consulting Limited,Suyog Consulting  Ltd,"Ko9 Sector-126, Gautam Buddha Nagar, Uttar Pradesh, Noida","KOG-9 SECTOR-126, NOIDA, Uttar Pradesh",0.5,0.45454545454545453,"126,9","126,9",2,0
S1-485699117,S2-150957920,All Infra Private Limited,ऑल इंफ्रा प्राइवेट लिमिटेड,"C1/16, Shantiban Society, S.No. 1/2(Part) Chinchwad Thergaon Road, Chinchwad, Pune, Maharashtra","NO. 274 C1/16, <NULL>, PUNE, Maharashtra",0.0,0.3125,"1,16,2","1,16,274",2,0
S1-264256541,S2-329744177,New Delhi Hospitality,New Hospitality Center,"B-266, 1St Floor, C.R Park, Aali, New Delhi, South Delhi, Delhi","B-266, 1ST FLOOR, C.R PARK, AALI, NEW DELHI, दिल्ली",0.5,0.7692307692307693,"1,266","1,266",2,0
S1-912972863,S2-113359101,United Media Private Limited,યુનાઇટેડ મીડિયા પ્રાઇવેટ લિમિટેડ,"Office No. 62, 6Th Floor, Titanium, Corporate Road, Prahladnagar Ahmedabad, Ahmadabad City, Ahmedabad, Gujarat","H.NO 933 OFFICE NO. 62, AHMADABAD CITY, AHMEDABAD, Gujarat",0.0,0.4666666666666667,"6,62","62,933",1,0
S1-3450662,S2-594651389,East Logistics Limited,East  Logistics,"401, Gazdar House Building 629-A, J.S.S Road, Mumbai, Maharashtra",,0.6666666666666666,0.0,"401,629",,0,1
S1-857809568,S2-949466428,Gold Infrastructure Private Limited,गोल्ड इंफ्रास्ट्रक्चर प्राइवेट लिमिटेड,"A 171, Sector 26, Noida, Ghaziabad, Uttar Pradesh","A D/171, NOIDA, GHAZIABAD, Uttar Pradesh",0.0,0.6666666666666666,"171,26",171,1,0
S1-888058460,S2-726405054,Genius Welfare Society Company,PYRAZEPH,"F-101, Rashmi Appts Harsh Vihar, Pitampura, Delhi","F-101, PITAMPURA, Delhi",0.0,0.5,101,101,1,0
S1-992221719,S2-281315392,First Industries Private Limited,फर्स्ट इंडस्ट्रीज प्राइवेट लिमिटेड,"G-01, Shubh Mangal Appt, Jyoti Nagar, Girwa, Shobhagpura, Udaipur, Rajasthan","DOOR NO ##273 G-01, UDAIPUR, Rajasthan",0.0,0.2857142857142857,01,"01,273",1,0
S1-16519137,S2-520972523,Kokan Traders Public Limited,Pb1ic Kokan Traders Limited,"A 2404, Beau Monte Tower A, Plotcs 6 Pt Shiv Koliwada, Mumbai, Maharashtra","A ##2404, BOMBAY, Maharashtra, MUMBAI",0.6,0.3076923076923077,"2404,6",2404,1,0
S1-755064181,S2-85004772,New & Sons Co,New [and],"9E Jagannath Puri, Kalwar Road Opp Bank Of Maharashtra, Jhotwara, Jaipur, Rajasthan",,0.5,0.0,9,,0,1
S1-903143182,S2-665095292,First Infotech Pvt Ltd,ఫస్ట్ ఇన్ఫోటెక్ ప్రైవేట్ లిమిటెడ్,"# 7-1-277/50, Flat No.360/C B.K.Guda, S.R.Nagar, Hyderabad, Telangana","HYDERABAD, DOOR NO C-7-1-277/50, HYDERABAD, Telangana",0.0,0.47058823529411764,"1,277,360,50,7","1,277,50,7",4,0
S1-774150656,S2-336187955,Life Media Private Limited,ଲାଇଫ୍ ମିଡିଆ ପ୍ରାଇଭେଟ୍ ଲିମିଟେଡ୍,"Plot No-154, Mancheswar Industrial Estate Bhubaneswar, Bhubaneswar, Khordha, Orissa","PLOT NO-154, BHUBANESWAR, KHORDHA, Odisha",0.0,0.5,154,154,1,0
S1-576434864,S2-569207066,East Great Consultancy Private Limited,ईस्ट ग्रेट कंसल्टेंसी प्राइवेट लिमिटेड,"1St Floor, Wing B, Manikchand, Ikon, Sangamvadi, Pune City, Pune, Maharashtra","#1ST FLOOR, PUNE, महाराष्ट्र",0.0,0.21428571428571427,1,1,1,0
S1-148728318,S2-394110611,One Builders Private Limited,ಒನ್ ಬಿಲ್ಡರ್ಸ್ ಪ್ರೈವೇಟ್ ಲಿಮಿಟೆಡ್,"Ground Floor, 2Nd Cross, Narasimha Reddy Layout, Garvebhavipalya, Hosur Main Road, Bangalore, Karnataka","#150 GRUND FLOOR, BANGALORE RURAL, BANGALORE, Karnataka",0.0,0.1875,2,150,0,0
S1-674851524,S2-270490493,North Impex Pvt Ltd,नॉर्थ इम्पेक्स प्रा. लि.,"D-11, Second Floor, Prashant Vihar, Outer Ring Road Opp. Flyover Pillar No., 2, Rohini, Delhi, North West, Delhi","D-11/7, DELHI, NORTH WEST, Delhi",0.0,0.2631578947368421,"11,2","11,7",1,0
S1-296762300,S2-830916521,Tirupati Software Limited,तिरुपति सॉफ्टवेयर लिमिटेड,"Plot No R-725, Ttc Industrial Area, Midc T/B Road, Rabale, Navi Mumbai, Thane, Maharashtra","PLOT NO R-72, NAVI MUMBAI, THANE, Maharashtra",0.0,0.4117647058823529,725,72,0,0
S1-257455445,S2-861135067,Jai Investments,ஜெய் இன்வெஸ்ட்மெண்ட்ஸ்,"No : P3, F 1 Sri Balaji, Flats Balaji Nagar, Chinglepet, Kanchipuram, Tamil Nadu","323  NO : P3, CHINGLEPET, KANCHIPURAM, தமிழ்நாடு",0.0,0.23529411764705882,"1,3","3,323",1,0
S1-353543716,S2-921474797,Guru Engineering Pvt Ltd,குரு இன்ஜினியரிங் பிரைவேட் லிமிடெட்,"Dp 115 Ambattur Industrial Estate, Tamil Nadu, Chennai","DP B3/115 AMBATTUR INDUSTRIAL ESTATE, Tamil Nadu, CHENNAI, TIRUVALLUR",0.0,0.8,115,"115,3",1,0
S1-140302329,S2-198486068,Urban Engineering,अर्बन इंजीनियरिंग,"Plot Np. 6, Reliable Water Compound Road Krishna Nagar, Kanpur Road, Lucknow, Uttar Pradesh","PLOT NP. 6, LUCKNOW, उत्तर प्रदेश",0.0,0.2222222222222222,6,6,1,0
S1-291491855,S2-906169655,Cargo Technologies Limited,Limited Cargo Thaechnoloies,"780 Sector-15, Sonepat, Haryana","2-780 SECTOR-15, SONEPAT, हरियाणा",0.5,0.4444444444444444,"15,780","15,2,780",2,0
S1-364467885,S2-560520478,Sunrise Maa Projects Private Limited,सनराइज माँ प्रोजेक्ट्स प्राइवेट लिमिटेड,"D-1012/3 Indira Nagar, Lucknow, Uttar Pradesh","D-1012/3 INDRA NAGAR, LUCKNOW, INDIRA NAGAR  LUCKNOW, उत्तर प्रदेश",0.0,0.42857142857142855,"1012,3","1012,3",2,0
S1-364467885,S2-556891850,Sunrise Maa Projects Private Limited,सनराइज माँ प्रोजेक्ट्स प्राइवेट लिमिटेड,"D-1012/3 Indira Nagar, Lucknow, Uttar Pradesh","D-1012/3 INDIRA NAGAR, LUCKNOW, INDIRA NAGAR  LUCKNOW, उत्तर प्रदेश",0.0,0.46153846153846156,"1012,3","1012,3",2,0
S1-39686103,S2-960468606,Gujarat Software Pvt Ltd,গুজরাট সফটওয়্যার প্রাইভেট লিমিটেড,"Singhi Regency, Flat No 303 3Rd Floor 48/1A Gariahat Road, Kolkata, Kolkata, Howrah, West Bengal","SINGHI REGENCY, KOLKATA, West Bengal",0.0,0.3333333333333333,"1,3,303,48",,0,0
S1-641459048,S2-628199986,Patna Hospital Private Limited,Patna Prívate Limited Services,"Nepali Nagar, Chandra Vihar Colony Khajpura, Patna, Bihar",,0.3333333333333333,0.0,,,0,1
S1-337477995,S2-944588353,Namma Brothers Private Limited,Namma Bróthers Private Limited,"125/Lq/4, Lal Quater Govind Nagar, Kanpur, Uttar Pradesh",,0.6,0.0,"125,4",,0,1
S1-452034679,S2-470556187,Nrc Aero Private Limited,Nrc Aldr Prívate Limited,"Plot No. 55, Sn.No 1/10 To 16, Fl. No.4, Amachi Colony, Bavdhan Khurd, Pune, Maharashtra",,0.3333333333333333,0.0,"1,10,16,4,55",,0,1
S1-101708849,S2-247350665,Rajkot Multitrade Corp,Rajkot Corp-Service,"Om, Brahmkunj Soc-2, Pl-57 Opp-Soham Appt, Rajkot, Gujarat",,0.5,0.0,"2,57",,0,1
S1-825227178,S2-751291255,Black Hospitality Private Limited,ब्लैक हॉस्पिटैलिटी प्राइवेट लिमिटेड,"Gurgaon, 1831 Sector 4 Gurugram, Gurgaon, Haryana","H.NO 8-1831 SECTOR 4 GURUGRAM, GURGAON, हरियाणा",0.0,0.4166666666666667,"1831,4","1831,4,8",2,0
S1-977541863,S2-417471898,Suez Industries Limited,SUEZINDUSTRIES.COM,"No. 90, 1St Floor, D V G Road Gandhibazaar, Bangalore, Karnataka","NO 90 , 1ST FLOOR, D V G ROAD GANDHIBAZAAR, ಕರ್ನಾಟಕ",0.0,0.6428571428571429,"1,90","1,90",2,0
S1-937567628,S2-936865220,Gangotri Global LLP,Shri GANGOTRI LLP (SERVICES),"Gate No 29 Near Abhang English Medium School, Dehu, Pune, Maharashtra",,0.4,0.0,29,,0,1
S1-782637665,S2-500748158,Indrraj Solutions Private Limited,Indrraj Sotouns Private Limited,"E-60 Sarita Vihar, New Delhi, South Delhi, Delhi","H.NO 940 E-60 SARITA VIHAR, NEW DELHI, NEW DELHI, Delhi",0.6,0.6,60,"60,940",1,0
S1-202695926,S2-275800366,Gold Logistics,गोल्ड लॉजिस्टिक्स,"Flat No A-203 Plot No 58, Sector 19 Airoli, Thane, Maharashtra","Maharashtra, FLAT NO A-203 PLOT NO 58, NAVI MUMBAI REGION, THANE",0.0,0.5714285714285714,"19,203,58","203,58",2,0
S1-202695926,S2-960268090,Gold Logistics,गोल्ड लॉजिस्टिक्स,"Flat No A-203 Plot No 58, Sector 19 Airoli, Thane, Maharashtra","FLAT NO A-203 POLT NO 58, NAVI MUMBAI REGION, THANE, Maharashtra, SECTOR 19 AIROLI",0.0,0.6666666666666666,"19,203,58","19,203,58",3,0
S1-893313036,S2-176002530,Gujarat Impex Private Limited,Gujarat  Private Limited Services,"5-A, Peenya Industrial Area, Tumkur Road, Bangalore, Karnataka","#675 5-A, PEENYA INDUSTRIAL AREA, BANGALORE, ಕರ್ನಾಟಕ",0.6,0.46153846153846156,5,"5,675",1,0
S1-542248510,S2-613834630,Albatross Trust,atrust.com,"Bangalore, No. 6/36, Bengaluru, Karnataka, 3Rd Block, 59Th Cross, Rajajinagar, Bengaluru","7/36, BENGALURU, BANGALORE, ಕರ್ನಾಟಕ",0.0,0.2,"3,36,59,6","36,7",1,0
S1-86757921,S2-659671297,Golden Properties Private Limited,ಗೋಲ್ಡನ್ ಪ್ರಾಪರ್ಟೀಸ್ ಪ್ರೈವೇಟ್ ಲಿಮಿಟೆಡ್,"7, Hall Road, Richards Town, Bangalore, Karnataka","7, BENGALURU URBAN, BANGALORE, Karnataka",0.0,0.3333333333333333,7,7,1,0
S1-115036512,S2-451904828,Lotus Technology,லோட்டஸ் டெக்னாலஜி,"No 25, Chennai, Tamil Nadu, Ellis Road, Mount Road, Chennai","DOOR NO 25, MADRAS, CHENNAI, தமிழ்நாடு",0.0,0.21428571428571427,25,25,1,0
S1-573186827,S2-132005915,North Power Limited,North Limited Services,"25/406 A, First Floor, Samskarikanilayam, Koyilandi, Kozhikode, Kerala",,0.5,0.0,"25,406",,0,1
S1-194132600,S2-20019728,India Vinod Logistics Private Limited,India Vitdo Logistics Prívate Limited,"638, Sector-7, Sadar Bazar, Gurgaon, Haryana","Haryana, NO 77 638, SECTOR-7, SDAR BAZAR",0.42857142857142855,0.5,"638,7","638,7,77",2,0
S1-176333978,S2-458461499,Black Foundation Private Limited,ब्लैक फाउंडेशन प्राइवेट लिमिटेड,"E-13, Sapphire Earth, Flat No. 103, Bihari Marg, Banipark Jaipur, Jaipur, Rajasthan","E-13, JAIPUR, Rajasthan",0.0,0.3333333333333333,"103,13",13,1,0
S1-36989790,S2-148653970,Hitech Estate Private Limited,హైటెక్ ఎస్టేట్ ప్రైవేట్ లిమిటెడ్,"Villa No.22, Telangana, Serilingampally, Plot No.2, Palm Ridge Villas, Survey No. 195, 195/1, Hyderabad","HN 615 VCLLA NO.22, N/A, SERILINGAMPALLY, KONDAPUR, Telangana",0.0,0.2,"1,195,2,22","22,615",1,0
S1-36989790,S2-704672804,Hitech Estate Private Limited,Hitech Estate Preet Limited,"Villa No.22, Telangana, Serilingampally, Plot No.2, Palm Ridge Villas, Survey No. 195, 195/1, Hyderabad",,0.6,0.0,"1,195,2,22",,0,1
S1-518832528,S2-704190309,Fortune Hari Services Pvt Ltd,ఫార్చూన్ హరి సర్వీసెస్ ప్రైవేట్ లిమిటెడ్,"Pno6-9 Fno406 Floor 4, Pavanilaxminivas Madhapur, Shaikpet, Hyderabad, Telangana","PNFD/6-9 FNO406 FLOOR 4, R R HYDERABAD, HYDERABAD, Telangana",0.0,0.46153846153846156,"4,406,6,9","4,406,6,9",4,0
S1-949293068,S2-449958707,OFV Servicesprivate Private Limited,OFV SERVICESPRIVATE PRIVATE,"F-100, First Floor Sectort-20, Noida, Gautam Buddha Nagar, Uttar Pradesh","H.NO G-272 F-100, FIRST FLOOR SECTORT-20, NOIDA, Uttar Pradesh",0.75,0.5625,"100,20","100,20,272",2,0
S1-734951383,S2-166972279,Modern Consultancy Pvt Ltd,MODERNCONSULTANCY.COM,"41 N S Road, Asansol, Bardhaman, West Bengal","H.NO 41 N S ROAD, ASANSOL, পশ্চিমবঙ্গ",0.0,0.35714285714285715,41,41,1,0
S1-423657927,S2-737682590,Ss Consultants Private Limited,एसएस कंसल्टेंट्स प्राइवेट लिमिटेड,"24/12A Shakti Nagar, Delhi, North Delhi, Delhi","#2281 SHAKTI NAGAR, DELHI, KAMLA NAGAR DELHI, Delhi",0.0,0.375,"12,24",2281,0,0
S1-627430249,S2-355100164,Impression Wires Private Limited,M/s Impression [Wires] - 1719189728,"31/330 A, 31/ 330 B, Tirurangadi, Malappuram, Malapuram, Kerala",,0.2857142857142857,0.0,"31,330",,0,1
S1-209990402,S2-265451690,Indian Finance Private Limited,ইন্ডিয়ান Finance Private Limited,"Chatterjee International Centre 33A, Jawaharlal Nehru Road, 16Th Floor, Room No.14, Kolkata, Howrah, West Bengal","CHATTERJEE INTERNATIONAL CENTRE 33A, HOWRAH, KOLKATA, West Bengal",0.375,0.5,"14,16,33",33,1,0
S1-970695996,S2-584975688,Ghspl Charitable Trust,Ghspl  Charitbacel Trust,"No 348, 7Th Sector Hsr Layout, 9Th Main, Bangalore, Karnataka","NO 34 , 7TH SECTOR HSR LAYOU, 9TH MAIN, BANGALORE, ಕರ್ನಾಟಕ",0.5,0.4666666666666667,"348,7,9","34,7,9",2,0
S1-143055813,S2-588706005,Om Developers,ഓം ഡെവലപ്പേഴ്സ്,"Trivandrum, Sp 2/282-7, Thiruvananthapuram, Kerala, Mayooram, Akg Nagar, Pangappara","SP 2/282-7, null, THIRUVANANTHAPURAM, TRIVANDRUM, കേരളം",0.0,0.42857142857142855,"2,282,7","2,282,7",3,0
S1-339565899,S2-893058484,Krishna Consulting,कृष्णा Consulting,"T-3/38-A Khirki Ext. Malviya Nagar, New Delhi, South Delhi, Delhi","T-#3/38-A KHIRKI EXT. MALVIYA NAGAR, MALVIYA NAGAR, NEW DELHI, Delhi",0.2,0.9090909090909091,"3,38","3,38",2,0
S1-658190788,S2-567076828,Pronto Developers Limited,Dr Pronto Developers,"58-14-131/2 Ground And First Floor Near Nstl Shanti Nagar Nad Kotha Road, Visakhapatnam, Vishakhapatnam, Andhra Pradesh",,0.5,0.0,"131,14,2,58",,0,1
S1-111510671,S2-182204090,San & Sons Private Limited,San & Sons,"10/11-2 Sro Road, Kottaram, Kanyakumari, Tamil Nadu",,0.6,0.0,"10,11,2",,0,1
S1-930840146,S2-179393252,Ficus (India) Projects Care,Shri fiprojects.com,"Office No.909, 9Th Floor, Plot-211, Dalamal Tower, Free Press Journal Marg, Nariman Point, Mumbai, Mumbai, Maharashtra","OFFICE NO.909, MUMBAI, महाराष्ट्र",0.0,0.19047619047619047,"211,9,909",909,1,0
S1-479265881,S2-203275926,Aakash Vidyalaya,Dr Aakash Center,"No:105, Mount Road, Madras, Chennai, Tamil Nadu","NO:05, MOUNT ROAD, MADRAS, தமிழ்நாடு",0.25,0.3076923076923077,105,05,0,0
S1-556390144,S2-20920655,Lok Vidyalaya,LOK VNLYCTAYA,"W-19, Near Hanuman Mandir, Kaurihar Chowk Raxaul, Raxaul, East Champaran, Bihar",,0.3333333333333333,0.0,19,,0,1
S1-755792256,S2-365821239,East Solutions,ईस्ट सॉल्यूशंस,"S-9-A, 3Rd Floor, Sagar Ratna, Jaipur, Rajasthan","S-9-A, JAIPUR, Rajasthan",0.0,0.5555555555555556,"3,9",9,1,0
S1-77519707,S2-146875273,New Impex Private Limited,ನ್ಯೂ ಇಂಪೆಕ್ಸ್ ಪ್ರೈವೇಟ್ ಲಿಮಿಟೆಡ್,"No 501, A2, Yamuna Block, National Games Village, Koramangala, Bangalore North, Bangalore, Karnataka","BANGALORE, 501, BANGALORE NORTH, Karnataka",0.0,0.3333333333333333,"2,501",501,1,0
S1-77519707,S2-521777715,New Impex Private Limited,Private New Impex Ltd,"No 501, A2, Yamuna Block, National Games Village, Koramangala, Bangalore North, Bangalore, Karnataka","H.NO 501, BANGALORE NORTH, BANGALORE, ಕರ್ನಾಟಕ",0.6,0.25,"2,501",501,1,0
S1-240461682,S2-648871348,SGC Dot Private Limited,SGC Private Limited Services,"Ss-Ii/152, Sector, D1, Lda Coloney, Kanpur Road, Lucknow, Uttar Pradesh","SS-II/152, SECTOR, D1, LDA COLONEY, KANPUR ROAD, LUCKNOW, उत्तर प्रदेश",0.6,0.5882352941176471,"1,152","1,152",2,0
S1-942884001,S2-885396784,Gold City Food Private Limited,गोल्ड सिटी फूड प्राइवेट लिमिटेड,"Uttar Pradesh, H. No. 385, Sultanpur, Village And Post Lohramau","385, null, SULTANPUR, उत्तर प्रदेश",0.0,0.125,385,385,1,0
S1-959688076,S2-860155773,Ace Maa Estate Private Limited,एस मां एस्टेट प्राइवेट लिमिटेड,"Safdarjung Enclave, Delhi, New Delhi, B1/14 Lgf","BA-1/14 LGF, DIVREPORTINGCIRCLE, NEW DELHI, दिल्ली",0.0,0.3333333333333333,"1,14","1,14",2,0
S1-938504675,S2-875987851,Chennai Services Private Limited,Chennai Services Prívate Limited,"No.5 Thomas Nagar, Chennai, Tamil Nadu","NO.5- THOMAS NAGAR, CHENNAI, தமிழ்நாடு",0.6,0.45454545454545453,5,5,1,0
S1-242248878,S2-584503037,Alpine Enterprises Private Limited,Alpine Énterprises Private Limited #58835,"No. 4 (Old No, 5/2) Convent Road, Bangalore, Karnataka",,0.5,0.0,"2,4,5",,0,1
S1-99028626,S2-540031922,My Projects Private Limited,మై ప్రాజెక్ట్స్ ప్రైవేట్ లిమిటెడ్,"D. No. 33-6-661, Hyderabad, Flat No. 506 Sai Sandhya Apartments, Street No. 9, Hi, Mayatnagar, Telangana","D. NO. 33-6-661, HYDERABAD, NULL, Telangana",0.0,0.4117647058823529,"33,506,6,661,9","33,6,661",3,0
S1-639763033,S2-581737609,Modern Sai Logistics Limited,मॉडर्न साईं लॉजिस्टिक्स लिमिटेड,"325, Moh: Nathuram, Bilramgate, Kasganj, Etwah, Uttar Pradesh","325, KASGANJ, ETWAH, उत्तर प्रदेश",0.0,0.23076923076923078,325,325,1,0
S1-333718545,S2-865451202,Veda Technocrafts Private Limited,Veda Private Limited Services,"271 Avn, Scheme No 51, Sangam Nagar, Indore, Madhya Pradesh",,0.6,0.0,"271,51",,0,1
S1-646361345,S2-537123983,Indian International Private Limited,इंडियन इंटरनेशनल प्राइवेट लिमिटेड,"91-C, Pocket-C, Mayur Vihar, Phase-Ii, New Delhi, East Delhi, Delhi","#623 91-C, NEW DELHI, N/A, Delhi",0.0,0.3076923076923077,91,"623,91",1,0
S1-62334176,S2-3277172,Guru Urban Finance Private Limited,गुरु अर्बन फाइनेंस प्राइवेट लिमिटेड,"Central Delhi, Shop No. 246, New Delhi, Anarkali Market Jhandewalan Extension Near Videocon Towe, R, Delhi","DOOR NO 246, NEW DELHI, CENTRAL DELHI, दिल्ली",0.0,0.29411764705882354,246,246,1,0
S1-482152306,S2-284639843,Life Engineering Private Limited,लाइफ इंजीनियरिंग प्राइवेट लिमिटेड,"A-212, Gali No-1 Shakarpur, Delhi, East Delhi, Delhi","A-0212, GALI NO-1 SHAKARPUR, DELHI, EAST, दिल्ली",0.0,0.6363636363636364,"1,212","0212,1",1,0
S1-550576688,S2-410453126,Big Foundation Private Limited,பிக் ஃபவுண்டேஷன் பிரைவேட் லிமிடெட்,"No.1, Royal Enclave, Besant Avenue, Adyar, Chennai, Tamil Nadu","NO.3, CHENNAI, Tamil Nadu",0.0,0.36363636363636365,1,3,0,0
S1-107904783,S2-189685956,Shyam Agro Private Limited,Shyam  Agro Private,"23 A.N.S Road 1St Floor, Room No-27A, Kolkata, Howrah, West Bengal","23 A.N.S ROAD 1ST FLOOR, ROOM NO-27A, KOLKATA, পশ্চিমবঙ্গ",0.75,0.6111111111111112,"1,23,27","1,23,27",3,0
S1-888953789,S2-747529785,Ashlar Constructions Private Limited,Ashlar Constructions Private Ltd,"Flat 301, Plot No. 6 Sector 10, Dwarka, South West Delhi, Delhi","FLAT 30, PLOT NO. 6 SECTOR 10, DWARKA, Delhi",0.6,0.6666666666666666,"10,301,6","10,30,6",2,0
S1-632908888,S2-738826165,Premier Business Limited,Premier Business लिमिटेड,"D-42, Sector-2, Noida Up, Noida, Gautam Buddha Nagar, Uttar Pradesh","D-42, SECTOR-2, NOIDA UP, NOIDA, उत्तर प्रदेश",0.2857142857142857,0.375,"2,42","2,42",2,0
S1-632908888,S2-584056960,Premier Business Limited,प्रीमियर बिजनेस लिमिटेड,"D-42, Sector-2, Noida Up, Noida, Gautam Buddha Nagar, Uttar Pradesh","D-42, SECTOR-2, NOIDA UP, GAUTAM BUDDHA NAGAR, NOIDA, उत्तर प्रदेश",0.0,0.5625,"2,42","2,42",2,0
S1-213736319,S2-767525549,Jnm Law Chambers,Jnm Law Chambers Company,"C-177, Fateh Nagar, Jail Road, Near Tilak Nagar, New Delhi, Delhi, West Delhi, Delhi",,0.75,0.0,177,,0,1
S1-130387760,S2-582766234,Urban Foundation,अर्बन फाउंडेशन,"Plot No 549, Hiwari Layout, Nagpur, Maharashtra","Maharashtra, N/A, NAGPUR, #549, NAGPUR",0.0,0.3333333333333333,549,549,1,0
S1-130387760,S2-522494831,Urban Foundation,अर्बन फाउंडेशन,"Plot No 549, Hiwari Layout, Nagpur, Maharashtra","NO 549, N/A, NAGPUR, Maharashtra",0.0,0.4444444444444444,549,549,1,0
S1-735129177,S2-790172782,Al Estate Private Limited,अल एस्टेट प्राइवेट लिमिटेड,"Aurangabad, Maharashtra, Vyankatesh, Colony, Chetak Ghoda Chouk, Plot No 14","H.NO C-14, AURANGABAD, Maharashtra",0.0,0.3333333333333333,14,14,1,0
S1-575370872,S2-710117108,Aurum & Brothers Private Limited,Aurum & Brothers Limited Services,"D-63/Sector 3, Airoliv, Rabale, Thane, Maharashtra","महाराष्ट्र, D-63/SECTOR 3, AIROLIV, RABALE",0.6666666666666666,0.5,"3,63","3,63",2,0
S1-899266253,S2-775180085,Trinity Trading Pvt Ltd,Ltd Trinity Pvt Partners,"H. No. 70 3Rd Floor, Blk-2, Whs Kirti Nagar Ind Area Landmark Near, New Delhi, West Delhi, Delhi","WEST DELHI, दिल्ली, H.NO C-70 3RD FLOOR, NEW DELHI",0.6,0.4,"2,3,70","3,70",2,0
S1-617521167,S2-841655849,Dynamic Exports Private Limited,डायनामिक एक्सपोर्ट्स प्राइवेट लिमिटेड,"3/12 East Patel Nagar, New Delhi, Central Delhi, Delhi","3/12 EAST PATEL NAGAR, NEW DELHI, NORTH WEST DELHI, दिल्ली",0.0,0.5833333333333334,"12,3","12,3",2,0
S1-617521167,S2-880273948,Dynamic Exports Private Limited,डायनामिक एक्सपोर्ट्स प्राइवेट लिमिटेड,"3/12 East Patel Nagar, New Delhi, Central Delhi, Delhi","3/12 EAST PATEL NAGAR, NEW DELHI, NORTH WEST DELHI, दिल्ली",0.0,0.5833333333333334,"12,3","12,3",2,0
S1-316552980,S2-73302630,Swastik Tech Private Limited,স্বস্তিক টেক প্রাইভেট লিমিটেড,"14A, Ustad Enayat Khan Avenue Formerly Karaya Road, Kolkata, Kolkata, Howrah, West Bengal","14A, KOLKATA, HOWRAH, West Bengal",0.0,0.4166666666666667,14,14,1,0
S1-316552980,S2-107330775,Swastik Tech Private Limited,স্বস্তিক টেক প্রাইভেট লিমিটেড,"14A, Ustad Enayat Khan Avenue Formerly Karaya Road, Kolkata, Kolkata, Howrah, West Bengal","HOWRAH, West Bengal, KOLKATA, 14A",0.0,0.4166666666666667,14,14,1,0
S1-483584433,S2-436265775,KZY Handicraft,KZY Center,"Aristo 1404, 34 Pavillion, Sector 34, Noida, Gautam Buddha Nagar, Uttar Pradesh","उत्तर प्रदेश, ARISTO 1404 , 34 PAVILLION, SECTOR 34, NOIDA",0.3333333333333333,0.375,"1404,34","1404,34",2,0
S1-250544646,S2-247168104,One Infrastructure Private Limited,One  Infrastructure Private,"Flat No. 28, Stilt Floor Devika Tower 6, Nehru Place, Delhi, South Delhi, Delhi","FLAT NO. 28, STILT FLOOR DEVIKA TOWER 6, NEHRU PLACE, DELHI, दिल्ली",0.75,0.7857142857142857,"28,6","28,6",2,0
S1-973483027,S2-512049731,Laxmi Infotech Private Limited,लक्ष्मी इंफोटेक प्राइवेट लिमिटेड,"Uttar Pradesh, Royal Padma Dhaba, Kabeerpur, Mohanlalganj, Gosainganj, Bhumi No. 38 Kha 42, Lucknow, Mohanlalganj","H.NO 354 BHUMI NO. 38 KHA 42, MOHANLALGANJ, LUCKNOW, उत्तर प्रदेश",0.0,0.3333333333333333,"38,42","354,38,42",2,0
S1-524269445,S2-217192442,Dynamic Trading Pvt Ltd,ಡೈನಾಮಿಕ್ ಟ್ರೇಡಿಂಗ್ ಪ್ರೈವೇಟ್ ಲಿಮಿಟೆಡ್,"21 1St Cross 1St Block, Akshaya Nagar Tc Palya, Bangalore North, Bangalore, Karnataka","NO 0021 1ST CROSS 1ST BLOCK, BENGALURU RURAL, BANGALORE, ಕರ್ನಾಟಕ",0.0,0.2222222222222222,"1,21","0021,1",1,0
S1-140007368,S2-94294957,Arihant Consulting Limited,অরিহন্ত কনসাল্টিং লিমিটেড,"Flat No 27, 7Th Floor 15 Sarat Chatterjee Avenue, Kolkata, Kolkata, Howrah, West Bengal","FLAT NO 27, CALCUTTA, HOWRAH, West Bengal",0.0,0.42857142857142855,"15,27,7",27,1,0
S1-140007368,S2-482853354,Arihant Consulting Limited,অরিহন্ত কনসাল্টিং লিমিটেড,"Flat No 27, 7Th Floor 15 Sarat Chatterjee Avenue, Kolkata, Kolkata, Howrah, West Bengal","DOOR NO 27, CALCUTTA, HOWRAH, পশ্চিমবঙ্গ",0.0,0.15789473684210525,"15,27,7",27,1,0
S1-719056546,S2-495409512,Star Foods Private Limited,स्टार फूड्स प्राइवेट लिमिटेड,"1/100, Viram Khand Gomti Nagar, Lucknow, Uttar Pradesh","##1/100, VIRAM KHAND GOMTI NAGAR, LUCKNOW, उत्तर प्रदेश",0.0,0.5,"1,100","1,100",2,0
S1-832441953,S2-949512096,Mumbai Field Private Limited,Mumbai Private Limited Service,"5, Flr 5, Sawala Chambers, Cawasji Patel Rd, Fort, Mumbai, Maharashtra",,0.6,0.0,5,,0,1
S1-977452782,S2-201712944,RKO Care Private Limited,RKO Care Private,"N-5/12, 1F, Dlf City Phase 2, Gurugram, Dlf Qe, Gurgaon, Haryana","N-5/12 , 1F, DLF CITY PHASE 2, GURUGRAM, DLF QE, हरियाणा",0.75,0.6666666666666666,"1,12,2,5","1,12,2,5",4,0
S1-511547200,S2-118712279,Tungabhadra & Brothers Private Limited,Sri tungabhadrabrothers.com,"U 79/17 Dlf Phase Iii, Gurgaon, Haryana","#877 U 79/17 DLF PHBSE III, GURGAON, Haryana",0.0,0.7,"17,79","17,79,877",2,0
S1-990161353,S2-444512231,Apex Builders Private Limited,एपेक्स बिल्डर्स प्राइवेट लिमिटेड,"D-168 Sector 10, Gautam Budh Nagar, Noida, Gautam Buddha Nagar, Uttar Pradesh","D-168 SECTOR 10, NOIDA, GAUTAM BUDDHA NAGAR, उत्तर प्रदेश",0.0,0.5,"10,168","10,168",2,0
S1-239598924,S2-525338036,Thaai Producer Limited,THAAI PRODUCER,"3/52 Block B Himgiri Enclave Near Transport Authority Burari, Delhi, South Delhi, Delhi",,0.6666666666666666,0.0,"3,52",,0,1
S1-959400388,S2-325408455,Jain Investment Private Limited,जैन इन्वेस्टमेंट प्राइवेट लिमिटेड,"Jabalpur, Madhya Pradesh, 1168","1168, JABALPUR, मध्य प्रदेश",0.0,0.2222222222222222,1168,1168,1,0
S1-740680644,S2-420810837,Krishna Estate Private Limited,Krishna Eastaet Private Limited,"Plot No 45, Road No 76, Jubilee Hills, Hyderabad, Telangana","NO 45 , ROAD NO 76, JUBILEE HILLS, HYDERABAD, NULL, Telangana",0.6,0.8,"45,76","45,76",2,0
S1-521993663,S2-948498929,Mumbai Info,Mumbai Services Trading,"No. A/10, M.I.D.C. Cross Road B, Micd, Street No.5, Marol Andheri (East), Mumbai, Mumbai City, Maharashtra",,0.25,0.0,"10,5",,0,1
S1-152215648,S2-187826857,Arihant Technologies Private Limited,ಅರಿಹಂತ್ ಟೆಕ್ನಾಲಜೀಸ್ ಪ್ರೈವೇಟ್ ಲಿಮಿಟೆಡ್,"#22, Arya Nagar, Vysya Bank Colony, J P Nagar I Phase, Bangalore, Karnataka","22, BANGALORE, Karnataka",0.0,0.25,22,22,1,0
S1-688188026,S2-419035300,Good Care Pvt Ltd,Good Cáre Pvt Ltd,"Mumbai, 32-R.Kamani Marg Ballard Estate, Kamani Chambers, Maharashtra","KAMANI CHAMBERS, 32-R.KAMANI MARG BALLARD ESTATE, महाराष्ट्र",0.6,0.5384615384615384,32,32,1,0
S1-716235425,S2-229434520,Modern Exports Private Limited,मॉडर्न एक्सपोर्ट्स प्राइवेट लिमिटेड,"Plot No C32, Flat No. 201, C Block, Surya Vihar, Sadar Bazar, Gurgaon, Haryana","GURGAON, SADAR BAZAR, H.NO 169 PLOT NO C32, हरियाणा",0.0,0.3333333333333333,"201,32","169,32",1,0
S1-479493400,S2-358868465,Shiva Systems Private Limited,শিব সিস্টেমস প্রাইভেট লিমিটেড,"27, Gopal Ghat Road, Berhampore, Murshidabad, West Bengal","MURSHIDABAD, পশ্চিমবঙ্গ, MURSHIDABAD, H.NO 9-209 27, GOPAL GHAT ROAD",0.0,0.3125,27,"209,27,9",1,0
S1-479493400,S2-853025738,Shiva Systems Private Limited,Shiva  Systems Private Ltd,"27, Gopal Ghat Road, Berhampore, Murshidabad, West Bengal",,0.6,0.0,27,,0,1
S1-520975813,S2-20565426,Balaji Investment Private Limited,ಬಾಲಾಜಿ ಇನ್ವೆಸ್ಟ್‌ಮೆಂಟ್ ಪ್ರೈವೇಟ್ ಲಿಮಿಟೆಡ್,"A Hobli, Karnataka, Bangalore Rural District., Doddaballapura Industiral Area, Sy.No. 98 & 99, Veerapura Village, Kasab, Plot No.27B","#27, KOLAR, BANGALORE RURAL DISTRICT., ಕರ್ನಾಟಕ",0.0,0.125,"27,98,99",27,1,0
S1-939503057,S2-298201924,Dynamic Perfect Energy Private Limited,डायनामिक परफेक्ट एनर्जी प्राइवेट लिमिटेड,"House No. 887, Sector 12 Panchkula, Panchkula, Haryana","HOUSE NO. 887/6, SECTOR 12 PANCHKULA, PANCHKULA, हरियाणा",0.0,0.5454545454545454,"12,887","12,6,887",2,0
S1-302953986,S2-654765215,New Media Private Limited,न्यू मीडिया प्राइवेट लिमिटेड,"402, Meghdoot Building, 94-Nehru Place, New Delhi, South Delhi, Delhi","402, NEW DELHI, SOUTH DELHI, दिल्ली",0.0,0.36363636363636365,"402,94",402,1,0
S1-302953986,S2-108944089,New Media Private Limited,New Media Private Ltd,"402, Meghdoot Building, 94-Nehru Place, New Delhi, South Delhi, Delhi","DOOR NO 692 402, MEGHDOOT BUILDING, 94-NEHRU PLACE, SOUTH DELHI, दिल्ली",0.6,0.5714285714285714,"402,94","402,692,94",2,0
S1-572859869,S2-400626257,Shakti Infra Private Limited,शक्ति Infra Private Limited,"N9, A-115, A 9/2, Cidco, Aurangabad, Maharashtra","N9, CHHATRAPATI SAMBHAJI NAGAR, AURANGABAD, Maharashtra",0.5,0.2727272727272727,"115,2,9",9,1,0
S1-572859869,S2-591858933,Shakti Infra Private Limited,शक्ति इंफ्रा प्राइवेट लिमिटेड,"N9, A-115, A 9/2, Cidco, Aurangabad, Maharashtra","Maharashtra, CHHATRAPATI SAMBHAJI NAGAR, AURANGABAD, N9",0.0,0.2727272727272727,"115,2,9",9,1,0
S1-730848061,S2-988217120,Drishya Diamond Private Limited,Drishya Private Limited Services,"B-103 Silver Star Pl-50, 63, 64, 65 Sec 18 Kamothe, Panvel, Raigarh, Maharashtra",,0.6,0.0,"103,18,50,63,64,65",,0,1
S1-209433953,S2-870347248,RG Metro Private Limited,RG Private Limited Services,"S/O Shri Sumer Singh, Khureri, Tehsil, Gwalior, Madhya Pradesh",,0.6,0.0,,,0,1
S1-209433953,S2-568068505,RG Metro Private Limited,RG Metro Private,"S/O Shri Sumer Singh, Khureri, Tehsil, Gwalior, Madhya Pradesh",,0.75,0.0,,,0,1
S1-61359616,S2-253017111,Classic Energy,क्लासिक एनर्जी,"Plot No. 137, Ashok Nagar Old Shivli Road, Kalyanpur, Kanpur, Uttar Pradesh","PLOT NO. 137, KALYANPUR, KANPUR, उत्तर प्रदेश",0.0,0.29411764705882354,137,137,1,0
S1-174866628,S2-207385220,Builders Vihaan India Private Limited,Builders Vihaan India Private Ltd,"A-453-A, Vea Tower New Ashok Nagar, New Delhi, East Delhi, Delhi","A-00453-A, VEA TOWER NEW ASHOK NAGAR, NEW DELHI, दिल्ली",0.6666666666666666,0.5833333333333334,453,00453,0,0
S1-432696698,S2-725838931,Bright Developers Private Limited,ब्राइट डेवलपर्स प्राइवेट लिमिटेड,"603, Ram Chhaya Chs Ltd, Ram Mandir Road, Borivali West, Mumbai, Maharashtra","DOOR NO 608  603, BORIVALI WEST, Maharashtra",0.0,0.2857142857142857,603,"603,608",1,0
S1-67975,S2-170796070,Great Builders Private Limited,கிரேட் பில்டர்ஸ் பிரைவேட் லிமிடெட்,"33/2, Kalaivanar Colony 2Nd Street Annanagar West Extension, Chennai, Tamil Nadu","0033/2, CHENNAI, Tamil Nadu",0.0,0.3076923076923077,"2,33","0033,2",1,0
S1-912587709,S2-681837426,Star Services Private Limited,स्टार सर्विसेज प्राइवेट लिमिटेड,"Unit No-339, 3Rd Floor, Ijmima Imitation Jewellery Market Csl, Off. Link Road Malad West, Mumbai, Mumbai City, Maharashtra","UNIT NO-339, MUMBAI CITY, MUMBAI, Maharashtra",0.0,0.3333333333333333,"3,339",339,1,0
S1-422816844,S2-801518148,Sky Ventures Private Limited,स्काई वेंचर्स प्राइवेट लिमिटेड,"Corporate Avenue Sonawala Road, Maharashtra, Mumbai, 407, Goregon (East)","407, GOREGON (EAST), Maharashtra",0.0,0.4444444444444444,407,407,1,0
S1-948406118,S2-538598706,Indo Consulting Private Limited,इंडो कंसल्टिंग प्राइवेट लिमिटेड,"293, 1St Floor Dhanmill Road, Chattarpur Hills Chattarpur, New Delhi, South West Delhi, Delhi","NEW DELHI, Delhi, 293, SOUTH WEST DELHI",0.0,0.45454545454545453,"1,293",293,1,0
S1-7693035,S2-599023271,Ss Foods,एसएस फूड्स,"Shop No.27, Ground Floor, Ecstacy City Of Joy, J.S.D. Road, Mulund (W), Mumbai, Mumbai City, Maharashtra","MUMBAI CITY, MUMBAI, SHOP NO.27, Maharashtra",0.0,0.35294117647058826,27,27,1,0
S1-793987348,S2-337018144,Paschim Star Private Limited,Paschim Star Limited Services,"No. Tp 11/366 A, Andona, Kozhikode, Kerala",,0.6,0.0,"11,366",,0,1
S1-793987348,S2-442395112,Paschim Star Private Limited,Paschim Star,"No. Tp 11/366 A, Andona, Kozhikode, Kerala",,0.5,0.0,"11,366",,0,1
S1-864687914,S2-609708889,Gangansh Services Private Limited,ganganshservicesprivate.com,"5/29-29A, First Floor Vikram Vihar Lajpat Nagar-Iv, New Delhi, South Delhi, Delhi","05/29-29A, FIRST FLOOR VIKRAM VIAR LAJPAT NAGAR-IV, NEW DELHI, दिल्ली",0.0,0.5882352941176471,"29,5","05,29",1,0
S1-438272579,S2-727061614,Silver Software Private Limited,सिल्वर सॉफ्टवेयर प्राइवेट लिमिटेड,"Suite 303, H-44, Sector-63, Noida, Gautam Buddha Nagar, Uttar Pradesh","H-44, SECTOR-63, उत्तर प्रदेश, GAUTAM BUDDHA NAGAR, NOIDA, SUITE 303",0.0,0.5882352941176471,"303,44,63","303,44,63",3,0
S1-44941657,S2-63267092,Gold Media,గోల్డ్ మీడియా,"Telangana, H No 7-19/5, Ghatkesar, Viharika Colony, Medipally, Road No 1, Uppal, Hyderabad","#7-19/5, GHATKESAR, Telangana",0.0,0.35714285714285715,"1,19,5,7","19,5,7",3,0
S1-976349575,S2-922828652,Balaji Food,బాలాజీ ఫుడ్,"Shaikpet, Telangana, Thh-3/F 023, Hyderabad, 3Rd Floor, C/O. T-Hub Foundation, 1/C, 83/1, Raidurg Panmaktha, Near Hitech City, Ranga Reddi, Hyderabad","H.NO 254 THH-3/F 023, Telangana, SHAIKPET, HYDERABAD",0.0,0.2692307692307692,"023,1,3,83","023,254,3",2,0
S1-422371496,S2-286939604,Bright Trading Private Limited,ब्राइट ट्रेडिंग प्राइवेट लिमिटेड,"2234, Kachare Galli, Near, Old Mantri Talim, Behind, Valva, Sangli, Maharashtra","2234, VALVA, PUNE, महाराष्ट्र",0.0,0.125,2234,2234,1,0
S1-14224053,S2-509766013,Film Technology Pvt. Ltd.,Pvt. Film Téchnology Ltd.,"Old No.165, New No.224, Peters Road, Fourth Floor, Royapettah, Opp To New College, Chennai, Tamil Nadu","H.NO 165., CHENNAI, ROYAPETTAH, தமிழ்நாடு",0.6,0.19047619047619047,"165,224",165,1,0
S1-14224053,S2-767814734,Film Technology Pvt. Ltd.,FILM-PVT. LTD. SERVICES,"Old No.165, New No.224, Peters Road, Fourth Floor, Royapettah, Opp To New College, Chennai, Tamil Nadu",,0.6,0.0,"165,224",,0,1
S1-632746994,S2-907861348,Shyam Consultancy,श्याम कंसल्टेंसी,"Rajasthan, Jaipur, P-216, Mahaveer Nagar-Ii, Maharani Farm, Jaipur","P-216, JAIPUR, Rajasthan",0.0,0.4444444444444444,216,216,1,0
S1-969115166,S2-831435528,Universal Technocrat Public Limited,*** Universal Tceahconart Public Limited,"Plot No 230, Scheme No 54, P.U. 4, Vijay Nagar, Indore, Madhya Pradesh","PLOT NO 30, SCHEME NO 54, P.U. 4, VIJAY NAGAR, INDORE, मध्य प्रदेश",0.6,0.5263157894736842,"230,4,54","30,4,54",2,0
S1-329004749,S2-724091196,All Solutions Limited,ఆల్ సొల్యూషన్స్ లిమిటెడ్,"2-4D-61/1 Sector 6 Plot No.36, Mvp Colony, Vishakhapatnam, Andhra Pradesh","VISHAKHAPATNAM, ఆంధ్రప్రదేశ్, DOOR NO 2-4D-61/1 SECTOR 6 PLOT NO.36, VIZAG",0.0,0.47619047619047616,"1,2,36,4,6,61","1,2,36,4,6,61",6,0
S1-99625964,S2-91340447,Star Food Private Limited,Private Star Fóod Limited,"404, Naurang House, 21 K G Marg, Connaught Place, New Delhi, Central Delhi, Delhi","404, CENTRAL, CENTRAL DELHI, Delhi",0.6,0.25,"21,404",404,1,0
S1-932204020,S2-24626767,Ram Logistics Private Limited,RAM LÓGISTICS PRIVATE LIMITED,"B-224, New Delhi, South Delhi, Delhi","#944/8 B-224, NEW DELHI, Delhi",0.6,0.5714285714285714,224,"224,8,944",1,0
S1-379067387,S2-83791054,Indian Software Limited,इंडियन सॉफ्टवेयर लिमिटेड,"Shop No-35, Jaykar Smruti Aarey Road, Near Rajasthan Hall, Goregaon West, Mumbai, Mumbai City, Maharashtra","BLOCK C-32 SHOP NO-35, MUMBAI, MUMBAI CITY, Maharashtra",0.0,0.3333333333333333,35,"32,35",1,0
S1-379067387,S2-434764035,Indian Software Limited,इंडियन सॉफ्टवेयर लिमिटेड,"Shop No-35, Jaykar Smruti Aarey Road, Near Rajasthan Hall, Goregaon West, Mumbai, Mumbai City, Maharashtra","BLOCK C-32 SHOP NO-35, MUMBAI, MUMBAI CITY, महाराष्ट्र",0.0,0.22727272727272727,35,"32,35",1,0
S1-936429558,S2-202129041,Premier Constructions Private Limited,प्रीमियर कंस्ट्रक्शंस प्राइवेट लिमिटेड,"H.No.795/D, Gala D Gr Flr, Bldga-2 Babosaindcomplex, Bhiwandi, Thane, Maharashtra","795/D, BHIWANDI, Maharashtra",0.0,0.3076923076923077,"2,795",795,1,0
S1-314905960,S2-622044053,Holani Investment LLP,H0lani Investment,"A/1305, Akruti Elegance 90 Road Gawan Pada Ande, Mumbai, Maharashtra","A/1305, GREATER MUMBAI, MUMBAI, महाराष्ट्र",0.25,0.1875,"1305,90",1305,1,0
S1-830664416,S2-498300579,Gemini Trust,6emini Trdst,"D-68, 2Nd Floor, Vibhuti Khand, Chinhat, Lucknow, Uttar Pradesh","D-68, LUCKNOW, Uttar Pradesh",0.0,0.5,"2,68",68,1,0
S1-830664416,S2-363849972,Gemini Trust,Vantagepyra,"D-68, 2Nd Floor, Vibhuti Khand, Chinhat, Lucknow, Uttar Pradesh","D-68, LUCKNOW, Uttar Pradesh",0.0,0.5,"2,68",68,1,0
S1-444996160,S2-257639597,Apex Estate Limited,एपेक्स एस्टेट लिमिटेड,"Delhi, Roshanara Road, Delhi, North East, 3968","968, Delhi, KAMLA NAGAR, DELHI, ROSHANARA ROAD",0.0,0.3333333333333333,3968,968,0,0
S1-256903001,S2-635146011,Solutions Aditya (india) Ltd,Solutions Aditya Ltd Services,"B-148 T/F Lajpat Nagar-1, Delhi, South Delhi, Delhi","B-B3/148 T/F LAJPAT NAGAR-1, DELHI, Delhi",0.6,0.8,"1,148","1,148,3",2,0
S1-335733346,S2-108227548,Shree Brothers Private Limited,Shree Shree Brothers Private Limited,"A-132, Second Floor Anand Vihar, New Delhi, East Delhi, Delhi","BLOCK B-B3/318 A-132, SECOND FLOOR ANAND VIAHR, NEW DELHI, Delhi",1.0,0.5,132,"132,3,318",1,0
S1-335733346,S2-711344966,Shree Brothers Private Limited,... shreebrothers.com,"A-132, Second Floor Anand Vihar, New Delhi, East Delhi, Delhi","EAST DELHI, BLOCK B-B3/318 A-132, EAST DELHI, Delhi",0.0,0.3076923076923077,132,"132,3,318",1,0
S1-77671185,S2-900519072,Kleem Natural Corp,M/s Kleem Corp Services,"108 Vinayak Apartments, C-1 Prithviraj Road, Jaipur, Rajasthan",,0.3333333333333333,0.0,"1,108",,0,1
S1-888010678,S2-683909577,Indian Estate Private Limited,इंडियन एस्टेट प्राइवेट लिमिटेड,"Apartment No 006, Tower T4, Park View Residency, Palam Vihar, Gurgaon, Haryana","BLOCK F-970 APARTMENT NO 006, GURUGRAM, GURGAON, Haryana",0.0,0.3125,"006,4","006,970",1,0
S1-20158090,S2-919038585,Indian Academy Private Limited,Indian Academy Limited Services,"A-2/1517 15Th Floor Tower, 10 Purvanchal Royal Park, Noida, Gautam Buddha Nagar, Uttar Pradesh",,0.6,0.0,"10,15,1517,2",,0,1
S1-378432262,S2-35858177,Presidency & Brothers Private Limited,Presidency & Private Limited Service,"Lotus Tower, No 85, Mount Road, Gunidy, Chennai City Corporation, Chennai, Tamil Nadu",,0.6666666666666666,0.0,85,,0,1
S1-734569316,S2-295323366,Multimax Revolution Private Limited,Smt MULTlMAX PRIVATE LIMITED PARTNERS,"West Bengal, Calcutta, Kolkata, 1/2 J L Nehru Road","NO B3/1/2 J L NEHRU ROAD, KOOKATA, NULL, West Bengal",0.2857142857142857,0.5714285714285714,"1,2","1,2,3",2,0
S1-207859849,S2-834932406,City Marketing Limited,City Marketing Ltd,"Delhi, House No-1 Road No-34, New Delhi, East Punjabi Bagh",,0.5,0.0,"1,34",,0,1
S1-80375253,S2-836509664,Raj Solutions Pvt Ltd,రాజ్ సొల్యూషన్స్ ప్రైవేట్ లిమిటెడ్,"H.No:5-1086, Plot No:17, Road No:05, Mangapuram Colony, Old Alwal, Secunderabad, Hyderabad, Telangana","DOOR NO 165 H.NO:5-1086, HYDERABAD, Andhra Pradesh",0.0,0.2631578947368421,"05,1086,17,5","1086,165,5",2,0
S1-80375253,S2-405747758,Raj Solutions Pvt Ltd,రాజ్ సొల్యూషన్స్ ప్రైవేట్ లిమిటెడ్,"H.No:5-1086, Plot No:17, Road No:05, Mangapuram Colony, Old Alwal, Secunderabad, Hyderabad, Telangana","NO. 165 H.NO:5-1086, SECUNDERABAD, Andhra Pradesh",0.0,0.2777777777777778,"05,1086,17,5","1086,165,5",2,0
S1-80375253,S2-794260715,Raj Solutions Pvt Ltd,రాజ్ సొల్యూషన్స్ ప్రైవేట్ లిమిటెడ్,"H.No:5-1086, Plot No:17, Road No:05, Mangapuram Colony, Old Alwal, Secunderabad, Hyderabad, Telangana","SECUNDERABAD, NO. 165 H.NO:5-1086, Andhra Pradesh",0.0,0.2777777777777778,"05,1086,17,5","1086,165,5",2,0
S1-218617355,S2-484231078,Gujarat Technologies Pvt Ltd,गुजरात टेक्नोलॉजीज प्रा. लि.,"Quater No. 210, Taluka Bhadrawati, Village- Patala, Chandrapur, Maharashtra","QUATER NO. 210, CHANDRAPUR, महाराष्ट्र",0.0,0.3076923076923077,210,210,1,0
S1-490838554,S2-664719804,Royal Healthcare,Rizaveo,"305, 3Rd Floor, Unitech Cyber Park, Village Jharsa, Sector-39, Sector -45, Gurgaon, Haryana","305, SECTOR -45, GURUGRAM SECTOR, Haryana",0.0,0.2857142857142857,"3,305,39,45","305,45",2,0
S1-815329447,S2-623626662,Oasis Link Private Limited,oasislink.com,"H.No.2839-P, Sector 21, Panchkula, Haryana","H.NO.2839-P, SECTOR 21, PANCHKULA, हरियाणा",0.0,0.6363636363636364,"21,2839","21,2839",2,0
S1-470974823,S2-369859845,Apex Healthcare LLP,ఏపెక్స్ హెల్త్‌కేర్ ఎల్‌ఎల్‌పీ,"H No 3-4--758, First Floor Laxmi Bala Krishna Nivas, Barkatpura, Hyderabad, Telangana","DOOR NO 3-4--75, HYDERABAD, Telangana",0.0,0.3125,"3,4,758","3,4,75",2,0
S1-414749572,S2-944954761,Sai Builders Pvt Ltd,Pvt Sai Builders Límited,"West Bengal, 94 Vivekanand Nagar, P.O- Podrah, Andul Road, Near Westbank Hospital, 3Rd Floor, Howrah, Uluberia - I, Ananta Bhavan","HN 497 ANANTA BHAVAN, HOWRAH, পশ্চিমবঙ্গ",0.6,0.11538461538461539,"3,94",497,0,0
S1-217471372,S2-595014831,Universal Constructions Private Limited,यूनिवर्सल कंस्ट्रक्शंस प्राइवेट लिमिटेड,"Flat No 303, Oshiwara Parthi Chs Ltd, Jogeshwari West, Mumbai, Maharashtra","FLAT NO 303/2, MUMBAI, महाराष्ट्र",0.0,0.25,303,"2,303",1,0
S1-887456985,S2-608564550,Aask Industries Private Limited,Aask Private Limited Center,"Hig 29 Jj Nagar West, Chennai, Thiruvallur, Tamil Nadu",,0.6,0.0,29,,0,1
S1-553330268,S2-105389153,Tech Care Private Limited,Tech Care প্রাইভেট লিমিটেড,"41, Jeliapara Lane, Po Salkia, Lp 57/16, Howrah, Howrah, West Bengal",,0.18181818181818182,0.0,"16,41,57",,0,1
S1-894480077,S2-315331021,All Products,All Products Limited,"E-26, 1St Floor, New Delhi, South Delhi, Delhi","E-26, 1ST FLOOR, NEW DELHI, दिल्ली",0.6666666666666666,0.6666666666666666,"1,26","1,26",2,0
S1-894480077,S2-30834353,All Products,ऑल प्रोडक्ट्स,"E-26, 1St Floor, New Delhi, South Delhi, Delhi","E-26, 1ST FLOOR, NEW DELHI, SOUTH EAST, Delhi",0.0,0.875,"1,26","1,26",2,0
S1-733692757,S2-537808146,Sure Charitable Trust,SURECHARITABLETRUST.COM,"House No. 517, Sector 16A Faridabad, Faridabad, Haryana","HOUSE NO. 517 , SECTOR 16A FARIDABAD, FARIDABAD, हरियाणा",0.0,0.6,"16,517","16,517",2,0
S1-286020727,S2-86776802,Innovative Producer Pvt Ltd,Innovative प्रोड्यूसर प्रा. लि.,"V.K.I. Area, Jaipur, B-3, Rajasthan, Road No. 1","Rajasthan, B-D/3, ROAD NO. 1, V.K.I. AREA",0.1,0.8333333333333334,"1,3","1,3",2,0
S1-525421030,S2-758702654,Swastik Products Private Limited,स्वस्तिक प्रोडक्ट्स प्राइवेट लिमिटेड,"Madhya Pradesh, Indore, 05-A Kailash Park","H.NO B3/05-A KAILASH PARK, INDORE, KALANINAGAR, मध्य प्रदेश",0.0,0.3125,05,"05,3",1,0
S1-782657550,S2-350095881,Th Medical Private Limited,Th-Msl Private Private Limited,"5-7, 1St Floor, Plot 420, Arsiwala Bldg Maulana Shaukat Ali Road, Grant Road, Mumbai, Mumbai City, Maharashtra","MUMBAI CITY, Maharashtra, MUMBAI, 4-7",0.6,0.23529411764705882,"1,420,5,7","4,7",1,0
S1-144114586,S2-725141855,Super Agro Private Limited,சூப்பர் அக்ரோ பிரைவேட் லிமிடெட்,"Old No 12, New No 23, Sir C V Raman Road Alwarpet, Chennai, Tamil Nadu","OLD NO 12, CHENNAI, Tamil Nadu",0.0,0.42857142857142855,"12,23",12,1,0
S1-787046722,S2-316350363,Apex Enterprises Private Limited,एपेक्स एंटरप्राइजेज प्राइवेट लिमिटेड,"Civitech Sampriti, Gh02C Sector -77, Noida, Gautam Buddha Nagar, Uttar Pradesh","CIVITECH SAMPRITI, GH02C SECTOR -77, LUCKNOW  HQ REGION, NOIDA, उत्तर प्रदेश",0.0,0.3157894736842105,"02,77","02,77",2,0
S1-931003376,S2-619668564,DA Technologies Private Limited,technologiesprivateda.com,"33/1, N.S.Road, 169, Marshall House, Kolkata, Howrah, West Bengal","পশ্চিমবঙ্গ, DALHOUSIE, HOWRAH, DOOR NO 916 33/1, N.S.ROAD, 169, MARSHALL HOUSE",0.0,0.45,"1,169,33","1,169,33,916",3,0
S1-732657356,S2-639709844,Prime Consultancy Private Limited,प्राइम कंसल्टेंसी प्राइवेट लिमिटेड,"Mumbai, Maharashtra, Senapati Bapat Marg Lower Parel West, Unit No. 12 Kewal Industries Estate","UNIT NO. 12 KEWAL INDUSTRIES ESTATE, SENAPATI BAPAT MARG LOWER PAREL WEST, TALOJA DIST RAIGAD, MUMBAI, महाराष्ट्र",0.0,0.6190476190476191,12,12,1,0
S1-359778712,S2-490610395,Sunrise Business Pvt Ltd,सनराइज बिजनेस प्रा. लि.,"2 C&D, Dcm Building 16, Bara Khamba Road, New Delhi, Delhi","##2 C&D, DCM BUILDING 16, CENTRAL, NEW DELHI, Delhi",0.0,0.6923076923076923,"16,2","16,2",2,0
S1-359778712,S2-451929169,Sunrise Business Pvt Ltd,सनराइज बिजनेस प्रा. लि.,"2 C&D, Dcm Building 16, Bara Khamba Road, New Delhi, Delhi","NO #2 C&D, DCM BUILDING 16, CENTRAL, NEW DELHI, Delhi",0.0,0.6428571428571429,"16,2","16,2",2,0
S1-231617496,S2-660144774,Classic Infotech Private Limited,ಕ್ಲಾಸಿಕ್ ಇನ್‌ಫೋಟೆಕ್ ಪ್ರೈವೇಟ್ ಲಿಮಿಟೆಡ್,"No. 193/2, Dommasandra, Sarjapura Road, Near Krihna Temple, Bangalore, Karnataka","NO. 192/2, BANGALORE URBAN, BANGALORE, Karnataka",0.0,0.3076923076923077,"193,2","192,2",1,0
S1-496379551,S2-86666425,One Classic Developers Private Limited,ಒನ್ ಕ್ಲಾಸಿಕ್ ಡೆವಲಪರ್ಸ್ ಪ್ರೈವೇಟ್ ಲಿಮಿಟೆಡ್,"No.15, 2Nd Floor, Vasants Business Centre, Queens Road, Bangalore North, Bangalore, Karnataka","NO.15, BANGALORE URBAN, BANGALORE, Karnataka",0.0,0.3076923076923077,"15,2",15,1,0
S1-610756168,S2-555784925,Universal Finance Private Limited,यूनिवर्सल फाइनेंस प्राइवेट लिमिटेड,"D-196, Second Floor Saket, New Delhi, Delhi","D-196, SECOND FLOOR SAKET, ADHCHINI, Delhi",0.0,0.75,196,196,1,0
S1-86482252,S2-134279244,Vijay Lakshmi Solutions Private Limited,বিজয় লক্ষ্মী সলিউশনস প্রাইভেট লিমিটেড,"Kolkata, First Floor 21, Rishi Aurobinda Sarani, Kolkata, West Bengal, Howrah, No. 201","NO. 201, KOLKATA REGION, HOWRAH, West Bengal",0.0,0.46153846153846156,"201,21",201,1,0
S1-376445840,S2-916795318,LE Developers Private Limited,LE Developers Private,"386/1 Diamond Harbour Road Thakurpukur, Kolkata, Howrah, West Bengal","#386/1 DIAMOND HARBOUR ROAD THAKURPUKUR, KOLKATA, KOLKATA, পশ্চিমবঙ্গ",0.75,0.5,"1,386","1,386",2,0
S1-813889205,S2-271376059,Media Leons Manpower Private Limited,mlmanpower.com,"C-211/A, Basement, Greater Kailash Part-1, New Delhi, South Delhi, Delhi","C-11/A, NEW DELHI, SOUTH DELHI, Delhi",0.0,0.4166666666666667,"1,211",11,0,0
S1-736377765,S2-191002110,Dream Developers Private Limited,ડ્રીમ ડેવલપર્સ પ્રાઇવેટ લિમિટેડ,"B-900, Shapath-Iv, Opp. Karnavati Club, S.G.Road, Vejalpur, Ahmedabad, Gujarat","ગુજરાત, VEJALPUR, AHMEDABAD, B-900/9",0.0,0.23529411764705882,900,"9,900",1,0
S1-650268415,S2-90098823,Ramesh Traders Private Limited,PRIVATE RAMESH TRADERS LTD,"S.N-2A, Kno -07, Sy No 60 2, Horamavu Vill, Bangalore North, Bangalore, Karnataka","S.N-2A, BANGALORE, BENGALURU, Karnataka",0.6,0.3333333333333333,"07,2,60",2,1,0
S1-457237304,S2-211197271,Shree Tech Private Limited,શ્રી ટેક પ્રાઇવેટ લિમિટેડ,"407, Rajhans -2, Ring Road, Surat City, Surat, Gujarat","861 407, RAJHANS -2, RING ROAD, SURAT CITY, <NULL>, ગુજરાત",0.0,0.5384615384615384,"2,407","2,407,861",2,0
S1-457237304,S2-346237240,Shree Tech Private Limited,શ્રી ટેક પ્રાઇવેટ લિમિટેડ,"407, Rajhans -2, Ring Road, Surat City, Surat, Gujarat","H.NO 861 407, SURAT CITY, <NULL>, Gujarat",0.0,0.3333333333333333,"2,407","407,861",1,0
S1-77378906,S2-856781986,Tirupati Services Private Limited,तिरुपति सर्विसेज प्राइवेट लिमिटेड,"C/O Sri. Prashant Kumar, Kalimandir Rd Hanuman Ngr, Sampatchak, Patna, Bihar","C/O SRI. PRASHANT KUMAR, VAISHALI, PATNA, बिहार",0.0,0.375,,,0,0
S1-362199029,S2-544672198,Star Balaji Solutions Private Limited,स्टार Balaji सॉल्यूशंस प्राइवेट लिमिटेड,"402, Yashshree Building, Nr Guru Nanak Hosp Bkc, Mumbai, Maharashtra","402, MUMBAI, BANDRA, Maharashtra",0.06666666666666667,0.2727272727272727,402,402,1,0
S1-19456381,S2-485196522,Maha Products Private Limited,Maha Products Private Ltd,"1916 A, Raviwar Peth, Wai Tal Wai, Wai, Satara, Maharashtra",,0.6,0.0,1916,,0,1
S1-878476990,S2-432260431,Ss North Products Private Limited,एसएस नॉर्थ प्रोडक्ट्स प्राइवेट लिमिटेड,"Flat No. 516, Sr. 77/48//1A, Cedar Court, Parmar Park Phase I, Pune City, Pune, Maharashtra","H.NO 0516, PUNE CITY, PUNE, महाराष्ट्र",0.0,0.13636363636363635,"1,48,516,77",0516,0,0
S1-690918009,S2-293200996,Chennai Content Private Limited,Chennai Private Limited Center Enterprises,"35/3 A, 2Nd Street, Venkatesh Nagar Virugambakkam, Chennai, Tamil Nadu",,0.5,0.0,"2,3,35",,0,1
S1-236472794,S2-384183008,Southern Balaji Consulting Pvt Ltd,सदर्न बालाजी कंसल्टिंग प्रा. लि.,"S.No. 204/4, Pl 29, Fl B 5, Ashoka Triplax, Kalyaninagar, Pune, Maharashtra","S.NO. 0204/4, PUNE, महाराष्ट्र",0.0,0.21052631578947367,"204,29,4,5","0204,4",1,0
S1-854217261,S2-186845217,Unique Impex Private Limited,यूनिक इम्पेक्स प्राइवेट लिमिटेड,"Aurangabad, Maharashtra, C/O Manohar Hajare, Aurangabad, Kolibodkha Tq. Paithan, Dist. Aurangabad","C/O MANOHAR HAJARE, AURANGABAD, महाराष्ट्र",0.0,0.35714285714285715,,,0,0
S1-609575608,S2-211572020,Sakshi Allied,SAKSHI (SERVICE),"1/67Wazir Hasan Road Lucknow, Uttar Pradessh, Lucknow, Uttar Pradesh",,0.3333333333333333,0.0,"1,67",,0,1
S1-706334875,S2-141568901,Products Andaman Consultants Private Limited,... #próductsandaman,"No.8, Old No. 11, 6Th Cross Street, Karpagam Gardens, Adyar, Chennai, Tamil Nadu","NO.3-8, CHENNAI, Tamil Nadu",0.0,0.35714285714285715,"11,6,8","3,8",1,0
S1-484038009,S2-233240245,Creations Foods Private Limited,Creations Foods Prsveat Limited,"G.S Towers, New No 24, 4Th Street, Abhiramapuram, Chennai, Tamil Nadu",,0.6,0.0,"24,4",,0,1
S1-571642002,S2-584619137,Anand Estate Private Limited,आनंद Estate Private Limited,"Flat No 142-D, 3Rd Floor, Sec 26, Pkt B Ph-2, Dwarka, New Delhi, South West Delhi, Delhi","Delhi, #142-D, SOUTH WEST DELHI, NEW DELHI",0.5,0.35294117647058826,"142,2,26,3",142,1,0
S1-309083294,S2-17550540,Vps & Brothers Private Limited,VPS & BROTHERS PRIVATE,"Bareilly, S-37, Uttar Pradesh, Shastri Nagar","S-37, SHASTRI NAGAR, BAREILLY, उत्तर प्रदेश",0.8,0.4166666666666667,37,37,1,0
S1-217157719,S2-563604153,Pune Designs Limited,Pune Designs Ltd,"Maharashtra, B-5, Pune, Flat No. 301, Park Island, Shastrinagar, Yerwada",,0.5,0.0,"301,5",,0,1
S1-650859181,S2-338339256,Jay Software Limited,जय सॉफ्टवेयर लिमिटेड,"26/404 East End Apartment, Cghs Mayur Vihar Ph I Ext, East Delhi, Delhi","NO 26/404 EAST END APARTMENT, NEW DELHI, EAST DELHI, Delhi",0.0,0.42857142857142855,"26,404","26,404",2,0
S1-503530825,S2-381283847,Gyan Nidhi Private Limited,Gyan Nidhi Pirltae Limited,"246/5, Nangli, Sakrowati, New Delhi, Delhi","PLOT 14 246/5, NANGLI, SAKROWATI, दिल्ली",0.6,0.4,"246,5","14,246,5",2,0
S1-438838159,S2-472300221,Kolkata Investments Private Limited,kolkatainvestments.com,"28 Strand Road3Rd Floor, Kolkata, Calcutta, West Bengal","পশ্চিমবঙ্গ, 28 STRAND ROAD3RD FLOOR, KOLKATA",0.0,0.4166666666666667,"28,3","28,3",2,0
S1-480010394,S2-895504111,North It Private Limited,नॉर्थ आईटी प्राइवेट लिमिटेड,"N-18, Panchsheel Park, New Delhi, South Delhi, Delhi","NEW DELHI, Delhi, SOUTH DELHI, HN 150 N-18",0.0,0.5555555555555556,18,"150,18",1,0
S1-498562336,S2-863894243,Star Technologies Private Limited,స్టార్ టెక్నాలజీస్ ప్రైవేట్ లిమిటెడ్,"Door No 9-6-93/3, 2Nd Floor Sivaji Palem, Opposite Sivaji Park First, Visakhapatnam, Vishakhapatnam, Andhra Pradesh","Andhra Pradesh, VISAKHAPATNAM, DOOR NO 9-6-93/3",0.0,0.5294117647058824,"2,3,6,9,93","3,6,9,93",4,0
S1-377916325,S2-396413469,Unique Products Private Limited,ಯುನೀಕ್ ಪ್ರೊಡಕ್ಟ್ಸ್ ಪ್ರೈವೇಟ್ ಲಿಮಿಟೆಡ್,"No 910, Ground Floor, 3Rd Cross, 9Th Main, Hrbr Layout 1St Block, Kalyan Nagar, Bangalore, Karnataka","##910, BANGALORE, Karnataka",0.0,0.1875,"1,3,9,910",910,1,0
S1-291156909,S2-102892721,New Engineering Private Limited,ನ್ಯೂ ಇಂಜಿನಿಯರಿಂಗ್ ಪ್ರೈವೇಟ್ ಲಿಮಿಟೆಡ್,"# 31, Swarna Sree, S B Road, V V Puram, Bangalore, Karnataka","# 31., BANGALORE, BENGALURU, Karnataka",0.0,0.2727272727272727,31,31,1,0
S1-626150825,S2-719755210,Anglo Electro Private Limited,Anglo Electro,"H-173, Second Floor, Flat No. B-4, Block-H Jaitpur Extn. Part-Ii, Badarpur, New Delhi, South Delhi, Delhi","H-173, SECOND FLOOR, FLAT NO. B-4, BLOCK-H JAITPUR EXTN. PART-II, BADARPUR, NEW DEFHI, दिल्ली",0.5,0.75,"173,4","173,4",2,0
S1-290779979,S2-847478289,EKM Developers Private Limited,EKM DEVELOPER5 PRIVATE,"Ho. No. 1905/43, Ujwal Nagar, Wardha Road, Nagpur, Maharashtra",,0.4,0.0,"1905,43",,0,1
S1-739661781,S2-626105803,Krishna International Limited,KRISHNA-INTERNATIONAL LTD,"Block No. 903, Sagar Tech Plaza Andheri Kurla Road, Sakinaka, Andheri, Mumbai City, Maharashtra","BLOCK A-715 BLOCK NO. 903, SAGAR TECH PLAZA ANDHERI KURLA ROAD, SAKINAKA, ANDHERI, महाराष्ट्र",0.5,0.5263157894736842,903,"715,903",1,0
S1-692133167,S2-998375791,Sun Infra,ಸನ್ ಇನ್‌ಫ್ರಾ,"T-315, Purva Park Apartments, 53 Mso Colony, Jeevabahlli Main Road, Bangalore North, Bangalore, Karnataka","T-315, BANGALORE, Karnataka",0.0,0.2857142857142857,"315,53",315,1,0
S1-970133532,S2-637607784,Best Software,बेस्ट सॉफ्टवेयर,"Jodhpur, Plot No. 96, Rajasthan, Jodhpur, Ram Manhor Marg, Rajiv Gandhi Colony, Pal Road","PLTO NO. 96, JODHPUR, Rajasthan",0.0,0.2857142857142857,96,96,1,0
S1-70592646,S2-301481807,Arihant Infotech Limited,அரிஹந்த் இன்ஃபோடெக் லிமிடெட்,"Old No.17/1, New No. 18/1, Balaiah Avenue, Luz, Mylapore, Chennai, Tamil Nadu","OLD NO.17/1, CHENNAI CITY REGION, தமிழ்நாடு",0.0,0.2631578947368421,"1,17,18","1,17",2,0
S1-976592176,S2-120788163,Life Systems Limited,लाइफ सिस्टम्स लिमिटेड,"203, Bank Enclave, Laxmi Nagar, New Delhi, East Delhi, Delhi","203, NEW DELHI, EAST DELHI, Delhi",0.0,0.5,203,203,1,0
S1-524978026,S2-800127515,Vd Finance Associates,Vd Fnhmbinnace Associates,"No.48, Church Street, Ashok Nagar, Bangalore North, Bangalore, Karnataka",,0.5,0.0,48,,0,1
S1-776729438,S2-403103531,Global New Estate Private Limited,ग्लोबल न्यू एस्टेट प्राइवेट लिमिटेड,"House No. 508/C Kh No. 3614/2882/1530/2 1St Floor Hall No-3, Extended Lal Dora Blk-Wz Vill, Age Basai, Delhi, New Delhi, Delhi","HOUSE NO. ##508/C KH NO. 3614/2882/1530/2 1ST FLOOR HALL NO-3, DELHI, SIKRIKALAN, दिल्ली",0.0,0.5384615384615384,"1,1530,2,2882,3,3614,508","1,1530,2,2882,3,3614,508",7,0
S1-213484110,S2-901471704,Super Construction Private Limited,சூப்பர் கன்ஸ்ட்ரக்ஷன் பிரைவேட் லிமிடெட்,"No.47/2, Firm Arcade Apts, P Block, 17Th Street, Egmore Nungambakkam, Chennai, Tamil Nadu","NO.47/2, CHENNAI, Tamil Nadu",0.0,0.4,"17,2,47","2,47",2,0
S1-213484110,S2-442575093,Super Construction Private Limited,சூப்பர் கன்ஸ்ட்ரக்ஷன் பிரைவேட் லிமிடெட்,"No.47/2, Firm Arcade Apts, P Block, 17Th Street, Egmore Nungambakkam, Chennai, Tamil Nadu","NO.47, தமிழ்நாடு, CHENNAI",0.0,0.15789473684210525,"17,2,47",47,1,0
S1-645068775,S2-289044729,Jay Hospitality Private Limited,Jay Hospitality Prvsbfe Limited,"Sector 9, Jaipur, 9/81, Rajasthan, Jaipur",,0.6,0.0,"81,9",,0,1
S1-926022139,S2-12555997,Arihant Media Private Limited,अरिहंत मीडिया प्राइवेट लिमिटेड,"29/11 Jadhav Nagar Tq, Gangapur, Ranjangaon, Aurangabad, Maharashtra","NO 29/11. JADHAV NAGAR TQ, AURANGABAD, महाराष्ट्र",0.0,0.42857142857142855,"11,29","11,29",2,0
S1-558011116,S2-230116471,City Impex Pvt Ltd,सिटी इम्पेक्स प्रा. लि.,"202/B, Dil Bahar Banglow Amruta, Sir Phirozshah Road, Santacruz West, Mumbai, Mumbai City, Maharashtra","202/B, MUMBAI CITY, Maharashtra",0.0,0.35714285714285715,202,202,1,0
S1-792242582,S2-435749350,Space By Corporation,Space By Corp,"Nr Dingeshwar Mandir Kandivali West, Maharashtra, Mumbai, Room No.5 Chl N-D Dingeshwar Chl Charkop Vlg, Mumbai City",,0.5,0.0,5,,0,1
S1-308482479,S2-900265194,Eastern International Consultants Limited,ಈಸ್ಟರ್ನ್ ಇಂಟರ್‌ನ್ಯಾಷನಲ್ ಕನ್ಸಲ್ಟೆಂಟ್ಸ್ ಲಿಮಿಟೆಡ್,"No 32/2B, Yelachenahalli, Kanakapura Main Road, Bangalore, Karnataka","49, BANGALORE, Karnataka",0.0,0.2,"2,32",49,0,0
S1-81995377,S2-399481647,Prime Green International Private Limited,પ્રાઇમ ગ્રીન ઇન્ટરનેશનલ પ્રાઇવેટ લિમિટેડ,"Office 606 To 608, Shapath -5, Opp. Karnavati Club, S.G. Highway, Vejalpur, Ahmadabad City, Ahmedabad, Gujarat","OFFICE 60 TO 608, AHMADABAD CITY, AHMEDABAD, ગુજરાત",0.0,0.2857142857142857,"5,606,608","60,608",1,0
S1-147557360,S2-242090291,Creative Developers Private Limited,ক্রিয়েটিভ ডেভেলপারস প্রাইভেট লিমিটেড,"1, Ho Chi Minh Sarani 8Th Floor, Metro Plaza, Kolkata, Kolkata, Howrah, West Bengal","1, KOLKATA, HOWRAH, West Bengal",0.0,0.38461538461538464,"1,8",1,1,0
S1-595470925,S2-661911976,Dream Impex Private Limited,ड्रीम इम्पेक्स प्राइवेट लिमिटेड,"Flat No. J-99, Gaur Green City Plot No-8, Vaibhav Khand, Indirapuram, Ghaziabad, Uttar Pradesh","FLAT NO. J-99, GHAZIABAD, उत्तर प्रदेश",0.0,0.25,"8,99",99,1,0
S1-909611266,S2-620155620,Digital Infra,Digital Services,"#1761, Phase - 5, Sector 59, S.A.S.Nagar (Mohali), Rupnagar, Punjab","NO 1761  , PHASE - 5, SECTOR 59, S.A.S.NAGAR (MOHALI), ਪੰਜਾਬ",0.3333333333333333,0.6,"1761,5,59","1761,5,59",3,0
S1-217283644,S2-208125920,Global Developers Private Limited,ग्लोबल डेवलपर्स प्राइवेट लिमिटेड,"617, Floor-6, Rakshak Nagar, Almonte It Park, Kharadi, Pune, Maharashtra","D/617, PUNE, THEUR, महाराष्ट्र",0.0,0.11764705882352941,"6,617",617,1,0
S1-619051621,S2-520320526,Shiva Vision Agro Pvt Ltd,शिवा विजन एग्रो प्रा. लि.,"D-32, Indl.Area, Sudershan Pura Extension, 22 Godown, Jaipur, Rajasthan","D-32, 22 Godown, <NULL>, Rajasthan",0.0,0.4166666666666667,"22,32","22,32",2,0
S1-828914445,S2-353855836,Kala Trust,KALA KALA TRÚST LLP,"A-1, Kamla Nagar, Agra, Uttar Pradesh","A-G-1, KAMLA NAAGR, Uttar Pradesh",0.25,0.5555555555555556,1,1,1,0
S1-148578785,S2-650371173,Innovative Investment Pvt Ltd,इनोवेटिव इन्वेस्टमेंट प्रा. लि.,"8/138, Arya Nagar, Kanpur, Uttar Pradesh","NO. 988 8/138, KANPUR, Uttar Pradesh",0.0,0.5555555555555556,"138,8","138,8,988",2,0
S1-118422010,S2-875516671,Royal Producer Private Limited,Royal Producer Private,"Sabari Flats, F2B-457 2Nd Link Road, Sadasiva Nagar, Madippakk, Am, Chennai, Tamil Nadu",,0.75,0.0,"2,457",,0,1
S1-118422010,S2-669495781,Royal Producer Private Limited,ராயல் புரொட்யூசர் பிரைவேட் லிமிடெட்,"Sabari Flats, F2B-457 2Nd Link Road, Sadasiva Nagar, Madippakk, Am, Chennai, Tamil Nadu","PLOT #91 SABARI FLATS, CHENNAI, AM, தமிழ்நாடு",0.0,0.2,"2,457",91,0,0
S1-550076541,S2-552291740,Classic Infra Private Limited,क्लासिक इंफ्रा प्राइवेट लिमिटेड,"Survey No. 253/1A, Near Sharda Vidyalay, Khese Park, Lohagaon Road, Pune City, Pune, Maharashtra","NO 253/1A, PUNE CITY, महाराष्ट्र, PUNE",0.0,0.2777777777777778,"1,253","1,253",2,0
S1-476168381,S2-572943397,Premier Services Private Limited,Premier Services  Private,"H.No.64, Jblock, Sector-14, Hiranmagri, Udaipur, Rajasthan",,0.75,0.0,"14,64",,0,1
S1-9529383,S2-139835643,Gold Systems Private Limited,Gold Systems Private,"Bhagiratha Park, House No. 12580 Wanadongri, Hingna, Nagpur, Maharashtra",,0.75,0.0,12580,,0,1
S1-544055006,S2-278482470,Bnp & Brothers Private Limited,Smt Bnp & Bróthers Private Limited,"17, Ballygunge Place, Kolkata, Kolkata, Howrah, West Bengal","BLOCK G-825 17, BALLYGUNGE PLACE, KOLKATA, KOLKATA, পশ্চিমবঙ্গ",0.5714285714285714,0.2857142857142857,17,"17,825",1,0
S1-23486114,S2-184739627,Wellness Builders Private Limited,Sri Wellness Builders Prívate,"Kolkata, 30 Bentinck St3Rd Flr, West Bengal, Calcutta","2-30 BENTINCK ST3RD FLR, KOLKATA, পশ্চিমবঙ্গ",0.3333333333333333,0.38461538461538464,"3,30","2,3,30",2,0
S1-619239650,S2-563061086,Suryalok Academy Private Limited,Suryalok Academy Prhsggrae Limited,"Bihar, Gullobara, Darbhanga, Darbhangastate-Bihar","Bihar, DOOR NO 429 GULLOBARA, DAHBHANGASTATE-BIHAR",0.6,0.25,,429,0,0
S1-477989308,S2-281497554,Jai Foundation Limited,జై ఫౌండేషన్ లిమిటెడ్,"12-13-568 Street No.14, Lane No.10, Nagarjuna Nagar Tarnaka, Secunderabad, Hyderabad, Telangana","#12-13-568. STREET NO.14, LANE NO.10, NAGARJUNA NAGAR TARNAKA, HYDERABAD, Andhra Pradesh",0.0,0.75,"10,12,13,14,568","10,12,13,14,568",5,0
S1-648347642,S2-587592149,Gold Consultants Private Limited,गोल्ड कंसल्टेंट्स प्राइवेट लिमिटेड,"473-E, Phase-Ii, Hsiidc, Industrial Estate, Barhi, Sonepat, Haryana","473-E, SONEPAT, हरियाणा",0.0,0.23076923076923078,473,473,1,0
S1-309443400,S2-713549510,Baba Healthcare Private Limited,बाबा हेल्थकेयर प्राइवेट लिमिटेड,"G-17, Industrial Area Panki Site-1, Kanpur, Uttar Pradesh","G-17, INDUSTRIAL AREA PANKI SITE-1, KANPUR, उत्तर प्रदेश",0.0,0.5333333333333333,"1,17","1,17",2,0
S1-573819030,S2-745348778,Gangam Resource Limited,Gangam Rebsmrsce Limited,"A-9/5 Second Floor Vasant Vihar, New Delhi, South Delhi, Delhi","A-9/5 SECOND FLOOR VASANT VIHAR, NEW DELHI, दिल्ली",0.5,0.75,"5,9","5,9",2,0
S1-106747569,S2-343633088,Jnr Agro Private Limited,Jnr Agro Limited Services,"7Th Cross, 2Nd Block, Jayanagar, Bangalore, No.252, Bangalore, Karnataka","NO.D/252 , 7TH CROSS, 2ND BLOCK, JAYANAGAR, BANGALORE, ಕರ್ನಾಟಕ",0.6,0.6153846153846154,"2,252,7","2,252,7",3,0
S1-356097157,S2-908385598,Silver Ventures,સિલ્વર વેન્ચર્સ,"A 404, 4Th Floor, Ratnakar Nine Square, Nr. Shivranjani Cross Road, Ahmedabad, Gujarat","A 404, AHMEDABAD, Gujarat",0.0,0.3076923076923077,"4,404",404,1,0
S1-116317845,S2-772703384,Bombay Impex Private Limited,బాంబే ఇంపెక్స్ ప్రైవేట్ లిమిటెడ్,"Dns Business Hub, 4Th Floor 403-B & 404-B, Rangareddy, Rangareddy, Telangana","Telangana, DNS BUSDNESS HUB, RANGAREDDY",0.0,0.3333333333333333,"4,403,404",,0,0
S1-85270923,S2-564966867,Minerva Consultancy,MINERVA CÓNSÚLTANCY,"6-3-788/A/20, Ground Floor, Plot No.125 Durga Nagar Colony, Ameerpet, Hyderabad, Telangana",,0.3333333333333333,0.0,"125,20,3,6,788",,0,1
S1-129078377,S2-243521909,Shivam Finance Private Limited,शिवम फाइनेंस प्राइवेट लिमिटेड,"Sr No 44/A Hn 2/1 Nr Bsnl, Office Fl N D/307 Vrundan, Haveli, Pune, Maharashtra","SR NO 044/A HN 2/1 NR BSNL, HAVELI, PUNE, महाराष्ट्र",0.0,0.43478260869565216,"1,2,307,44","044,1,2",2,0
S1-656994631,S2-607437222,Hitech Investment Private Limited,హైటెక్ ఇన్వెస్ట్‌మెంట్ ప్రైవేట్ లిమిటెడ్,"H. No. 8-3-1070/A, F No. 403, Krishna Kamala, Khairatabad, Hyderabad, Telangana","H. NO. 8-3-1070/A, KHAIRATABAD, Telangana",0.0,0.6153846153846154,"1070,3,403,8","1070,3,8",3,0
S1-656994631,S2-386080473,Hitech Investment Private Limited,హైటెక్ ఇన్వెస్ట్‌మెంట్ ప్రైవేట్ లిమిటెడ్,"H. No. 8-3-1070/A, F No. 403, Krishna Kamala, Khairatabad, Hyderabad, Telangana","H. NO. 8-3-1070/A, KHAIRATABAD, HYDERABAD, తెలంగాణ",0.0,0.47058823529411764,"1070,3,403,8","1070,3,8",3,0
S1-656994631,S2-593100290,Hitech Investment Private Limited,హైటెక్ Investment Private Limited,"H. No. 8-3-1070/A, F No. 403, Krishna Kamala, Khairatabad, Hyderabad, Telangana","H. NO. 8-3-1070/A, KHAIRATABAD, తెలంగాణ",0.42857142857142855,0.4117647058823529,"1070,3,403,8","1070,3,8",3,0
S1-626180566,S2-171978379,New Delhi Enterprise Private Limited,New Delhi Enterprise [Private],"New Delhi, 61, Delhi, Paschimi Marg, Vasant Vihar, New Delhi","61, PASCHIMI MARG, VASANT VIHAR, NEW DELHI, दिल्ली",0.8,0.7777777777777778,61,61,1,0
S1-74090651,S2-514868448,Modern Constructions Limited,मॉडर्न कंस्ट्रक्शंस लिमिटेड,"Plot No. 126-A, New Jagruti Colony, Nagpur, Maharashtra","PLOT NO. 126-A, NEW JAGRUTI COLONY, NAGPUR, KANDRI TAL RAMTEK DIST NAGPUR, महाराष्ट्र",0.0,0.47058823529411764,126,126,1,0
S1-74090651,S2-975413606,Modern Constructions Limited,मॉडर्न कंस्ट्रक्शंस लिमिटेड,"Plot No. 126-A, New Jagruti Colony, Nagpur, Maharashtra","महाराष्ट्र, NAGPUR, NEW JAGRUTI COLONY, KANDRI TAL RAMTEK DIST NAGPUR, 126-A",0.0,0.35294117647058826,126,126,1,0
S1-200112745,S2-225357926,Blue Finance Pvt Ltd,ब्लू फाइनेंस प्रा. लि.,"D 1803, 18Th Floor Tower D, Ahinsakhand 2, Angel Jupiter, Indirapuram, Ghaziabad, Uttar Pradesh","D 1803, GHAZIABAD, Uttar Pradesh",0.0,0.38461538461538464,"18,1803,2",1803,1,0
S1-200112745,S2-612830964,Blue Finance Pvt Ltd,Blue Finaatle Pvt Ltd,"D 1803, 18Th Floor Tower D, Ahinsakhand 2, Angel Jupiter, Indirapuram, Ghaziabad, Uttar Pradesh",,0.6,0.0,"18,1803,2",,0,1
S1-566967866,S2-114174718,Indian Projects Private Limited,इंडियन प्रोजेक्ट्स प्राइवेट लिमिटेड,"Shop No. 403, 4Th Floor 2633-2634 Bank Street Karol Bagh, New Delhi, Central Delhi, Delhi","SHOP NO. 403, CENTRAL DELHI, NEW DELHI, दिल्ली",0.0,0.375,"2633,2634,4,403",403,1,0
S1-485860276,S2-790034900,Classic Industries Pvt Ltd,क्लासिक इंडस्ट्रीज प्रा. लि.,"Mytime Cowork 55, 2 Floor Westend Marg, Lane 2 Saidulajab, Near Saket Metro Station, New Delhi, South West Delhi, Delhi","HN 2-32 MYTIME COWORK 55, NEW DELHI, SOUTH WEST DELHI, Delhi",0.0,0.42105263157894735,"2,55","2,32,55",2,0
S1-178588988,S2-915485148,Nda & Sons Pvt Ltd,Ltd Nda & Pvt Center,"C/O Ajeet Kumar, Panch Gaya (M Corp) Vill- Gaya ( M Corp) Tola Gaya, Bihar, Gaya, Bihar","HN 561 C/O AJEET KUMAR, GAYA, Bihar",0.6666666666666666,0.46153846153846156,,561,0,0
S1-134245439,S2-779252808,Guru Software Pvt Ltd,गुरु सॉफ्टवेयर प्रा. लि.,"107/108Mittal Chambers Nariman Point, Mumbai, Maharashtra","107/108MITTAL CHAMBERS NARIMAN POINT, BOMBAY, BRIHANMUMBAI, महाराष्ट्र",0.0,0.38461538461538464,"107,108","107,108",2,0
S1-176035262,S2-24124277,Baba Infrastructure,பாபா இன்ஃப்ராஸ்ட்ரக்சர்,"Tamil Nadu, No.8/25 Kambar Street, Chennai, Alandur, Chennai","NO.8/25 KAMBAR STREET, MADRAS, CHENNAI, தமிழ்நாடு",0.0,0.42857142857142855,"25,8","25,8",2,0
S1-409004389,S2-177753927,Esteem Developers Private Limited,Limited Esteem Private Service,"901, Aashray Heights, Cts 407, 4Th Road, Jay Prakash Nagar, Near Goregaon Gymkhana, Goregaon East, Mumbai, Maharashtra","90, GOREGAON EAST, Maharashtra",0.6,0.17647058823529413,"4,407,901",90,0,0
S1-105742435,S2-640251199,Slv Foundation of Ahmedabad Private Limited,Véodova,"C-401, Silver Gardenia, Jagatpur, Gota Gandhinagar, Ahmedabad, Gujarat","C-401, AHMEDABAD, Gujarat",0.0,0.4444444444444444,401,401,1,0
S1-953285901,S2-240244083,East Finance Pvt Ltd,ఈస్ట్ ఫైనాన్స్ ప్రైవేట్ లిమిటెడ్,"Hyderabad, West Rakshapuram Colony, Kanchanbagh, 18-8-254/1/A/81/1, Telangana","18-8-254/1/A/81/1, HYDERABAD, తెలంగాణ",0.0,0.4375,"1,18,254,8,81","1,18,254,8,81",5,0
S1-580779725,S2-612415559,Pioneer Technology Private Limited,पायोनियर टेक्नोलॉजी प्राइवेट लिमिटेड,"501, Hemgiri Chs. Ltd., Devidas Extn. Road, Opp. Tilak Complex, Borivali (W), Mumbai, Mumbai City, Maharashtra","BLOCK C-5 501, MUMBAI CITY, MUMBAI, Maharashtra",0.0,0.2222222222222222,501,"5,501",1,0
S1-95457431,S2-429703476,Shakti Systems Private Limited,Shakti सिस्टम्स प्राइवेट लिमिटेड,"E-6, Rani Jansi Roadjhandewalan Extension, New Delhi, Delhi","E-6, RANI JANSI ROADJHANDEWALAN EXTENSION, दिल्ली",0.07692307692307693,0.6,6,6,1,0
S1-870737139,S2-412229376,Kutch Oil Private Limited,Mr KUTCH  OIL PIRVEATE LIMITED,"Maharashtra, Pune, Sno-97/124/11 Ramtekadi Industrial Eastate Nr-Rmc (M Corp.)",,0.5,0.0,"11,124,97",,0,1
S1-255359118,S2-383585507,NC Jain Company,NC Company Center,"1-10-233/1, Ashok Nagar, Hyderabad, Telangana","1-10-233/1, ASHOK NAGAR, తెలంగాణ",0.5,0.45454545454545453,"1,10,233","1,10,233",3,0
S1-255359118,S2-202539145,NC Jain Company,NC [JAIN],"1-10-233/1, Ashok Nagar, Hyderabad, Telangana","1-10-233/1, ASHOK NGAAR, తెలంగాణ",0.6666666666666666,0.3333333333333333,"1,10,233","1,10,233",3,0
S1-560016207,S2-98724319,Lotus Trading Private Limited,लोटस ट्रेडिंग प्राइवेट लिमिटेड,"2-A, Drummond Road Near A.G. Office, Sai Mandir, Allahabad, Uttar Pradesh","#89 2-A, ALLAHABAD, Uttar Pradesh, ALLAHABAD",0.0,0.38461538461538464,2,"2,89",1,0
S1-324173973,S2-774430738,Tech Krishna Logistics Private Limited,टेक कृष्णा लॉजिस्टिक्स प्राइवेट लिमिटेड,"16 Seep Building, Shirley Rajan Road (Carter Road) Bandra (W), Mumbai, Maharashtra","##16 SEEP BUILDING, MUMBAI REGION, MUMBAI, Maharashtra",0.0,0.4166666666666667,16,16,1,0
S1-124685405,S2-657353245,Bombay International Private Limited,बॉम्बे इंटरनेशनल प्राइवेट लिमिटेड,"E 197 Sector 9 New Vijay Nagar, Ghaziabad, Uttar Pradesh","E 0197 SECTOR 9 NEW VIJAY NAGAR, LUCKNOW  HQ REGION, GHAZIABAD, Uttar Pradesh",0.0,0.6428571428571429,"197,9","0197,9",1,0
S1-66116873,S2-246242685,Prime Lotus Technology Private Limited,प्राइम लोटस टेक्नोलॉजी प्राइवेट लिमिटेड,"4 Ground Floor, Indian Merchant Chambers Indian Merchant Chamber Road, E Road, Ch, Urchgate, Mumbai, Mumbai City, Maharashtra","DOOR NO 4  GROUND FLOOR, MUMBAI CITY, MUMBAI, Maharashtra",0.0,0.375,4,4,1,0
S1-36495608,S2-304871861,UW Dealtrade Private Limited,UW Private Limited Services,"D.No.13-6-771/20, Opp Apsrtc Bus Stand, Tirupati (Urban), Chittoor, Andhra Pradesh","#15-6-771/20 , OPP APSRTC BUS STAND, TIRUPATI (URBAN), ఆంధ్రప్రదేశ్",0.6,0.42857142857142855,"13,20,6,771","15,20,6,771",3,0
S1-873490513,S2-297092935,Ace International Limited,ಏಸ್ ಇಂಟರ್‌ನ್ಯಾಷನಲ್ ಲಿಮಿಟೆಡ್,"No.13, 4Th Cross, 1St Main Road Rmv 2Nd Stage, Dollars Colony, Bangalore, Karnataka","BANGALORE, NO.13, ಕರ್ನಾಟಕ",0.0,0.17647058823529413,"1,13,2,4",13,1,0
S1-136672277,S2-416571601,Baba Constructions Private Limited,বাবা কনস্ট্রাকশনস প্রাইভেট লিমিটেড,"Calcutta, West Bengal, 7 A J C Bose Road","1 A J C BOSE ROAD, CALCUTTA, পশ্চিমবঙ্গ",0.0,0.42857142857142855,7,1,0,0
S1-801450137,S2-517538441,Kea Agro LLP,Veraumbra,"Flat No. 304, Manikanta Castle, Tirumalagiri, Hyderabad, Telangana","H.NO 3-04, TIRUMALAGIRI, HYDERABAD, Andhra Pradesh",0.0,0.23076923076923078,304,"04,3",0,0
S1-801450137,S2-966959930,Kea Agro LLP,Kea Agmro LLP LLP,"Flat No. 304, Manikanta Castle, Tirumalagiri, Hyderabad, Telangana","FLAT NO. 3-04 , MANIKANTA CASTLE, TIRUMALAGIRI, Andhra Pradesh",0.5,0.4166666666666667,304,"04,3",0,0
S1-747616830,S2-700320432,Sunrise Engineering,सनराइज इंजीनियरिंग,"C-179 1St Floor, Dayanand, Colony, Lajpat Nagar, New Delhi, South Delhi, Delhi","HN 932 C-179 1ST FLOOR, SOUTH DELHI, NEW DELHI, Delhi",0.0,0.5384615384615384,"1,179","1,179,932",2,0
S1-577156799,S2-870389891,Star Exports Private Limited,സ്റ്റാർ എക്സ്പോർട്സ് പ്രൈവറ്റ് ലിമിറ്റഡ്,"20/06, Anakkorath House Vattaloor P.O, Makkaraparamba, Malappuram, Malappuram, Malapuram, Kerala","BLOCK E-48 20/06, MALAPPURAM, MALAPURAM, Kerala",0.0,0.35714285714285715,"06,20","06,20,48",2,0
S1-637910240,S2-304571366,My It Private Limited,Shri MY IT PRIVATE,"Pl-A/29 Sec-12 Kharghar, Panvel, Raigarh, Maharashtra","NO. 554 PL-A/29 SEC-12 KHARGHAR, PANVEL, महाराष्ट्र",0.6,0.4666666666666667,"12,29","12,29,554",2,0
S1-637910240,S2-912764384,My It Private Limited,My It Private Ltd,"Pl-A/29 Sec-12 Kharghar, Panvel, Raigarh, Maharashtra","DOOR NO 554 PL-A/29 SEC-12 KHARGHAR, PANVEL, महाराष्ट्र",0.6,0.4375,"12,29","12,29,554",2,0
S1-454013301,S2-81829516,Gujarat Builders Pvt Ltd,గుజరాత్ బిల్డర్స్ ప్రైవేట్ లిమిటెడ్,"75 Srt, 3Rd Floor, Mehar Apartments Prakashnagar, Hyderabad, A.P., Telangana","NO 75 SRT, HYDERABAD, A.P., తెలంగాణ",0.0,0.3125,"3,75",75,1,0
S1-454013301,S2-806979297,Gujarat Builders Pvt Ltd,గుజరాత్ బిల్డర్స్ ప్రైవేట్ లిమిటెడ్,"75 Srt, 3Rd Floor, Mehar Apartments Prakashnagar, Hyderabad, A.P., Telangana","75 SRT, HYDERABAD, A.P., Telangana",0.0,0.5454545454545454,"3,75",75,1,0
S1-222792428,S2-863708536,Industries Kpb Foods Private Limited,Industries Kpb Fmdbs Private Limited,"Plot No. 1432, 1St Floor Sector 46, Gurgaon, Haryana","14-32 , 1ST FLOOR SECTOR 46, Haryana",0.6666666666666666,0.45454545454545453,"1,1432,46","1,14,32,46",2,0
S1-222792428,S2-458355243,Industries Kpb Foods Private Limited,Industries Kpb Foods Private Ltd,"Plot No. 1432, 1St Floor Sector 46, Gurgaon, Haryana","NO 14-32 , 1ST FLOOR SECTOR 46, Haryana",0.6666666666666666,0.5454545454545454,"1,1432,46","1,14,32,46",2,0
S1-797512870,S2-161655467,Arihant Developers Private Limited,અરિહંત ડેવલપર્સ પ્રાઇવેટ લિમિટેડ,"8Th Floor, Office-810, Arista Business Space, Near Armieda Clinic, Opp. Hof, Bodakdev, Ahmedabad, Gujarat","NO D/8TH FLOOR, AHMEDABAD, ગુજરાત",0.0,0.15,"8,810",8,1,0
S1-932625125,S2-630604574,Ace Aluminium Private Limited,Ace A1uminium Private,"G 20, 3Rd Floor Preet Vihar, Delhi, East Delhi, Delhi","दिल्ली, G 20, 3RD FLOOR PREET VIHAR, DELHI",0.4,0.7,"20,3","20,3",2,0
S1-408899156,S2-705651924,Madras Consumer Private Limited,Madras Consumer Limited Center,"55/57, Ruttan Bazar, Madras, Chennai, Tamil Nadu",,0.6,0.0,"55,57",,0,1
S1-408899156,S2-645256319,Madras Consumer Private Limited,Madras Consumer Private Ltd,"55/57, Ruttan Bazar, Madras, Chennai, Tamil Nadu","55/57, RUTTAN BAZAR, MADRAS, தமிழ்நாடு",0.6,0.4166666666666667,"55,57","55,57",2,0
S1-823999831,S2-653094837,RRW (india) Private Limited,RRW (india) Private Ltd (ID: 28535),"Faridabad, Achievers Status Villa Kalindi Hills, Sectro 49, Faridabad, Villa No 4612, Haryana",,0.42857142857142855,0.0,"4612,49",,0,1
S1-360585835,S2-74533740,Urban Projects Limited,अर्बन प्रोजेक्ट्स लिमिटेड,"Plot No-245, Ground Floor, Shakti Khand-3, Indirapuram, Ghaziabad, Uttar Pradesh","PLOT NO-00245, NULL, GHAZIABAD, ALLAHABAD, Uttar Pradesh",0.0,0.3333333333333333,"245,3",00245,0,0
S1-360585835,S2-559806900,Urban Projects Limited,अर्बन प्रोजेक्ट्स लिमिटेड,"Plot No-245, Ground Floor, Shakti Khand-3, Indirapuram, Ghaziabad, Uttar Pradesh","PLOT NO-00245, NULL, GHAZIABAD, ALLAHABAD, Uttar Pradesh",0.0,0.3333333333333333,"245,3",00245,0,0
S1-521396761,S2-660754652,Jai First Media Limited,জয় ফার্স্ট মিডিয়া লিমিটেড,"70B, Govindapur Road, Kolkata, Kolkata, Howrah, West Bengal","70B, CALCUTTA, HOWRAH, West Bengal",0.0,0.5,70,70,1,0
S1-925274127,S2-622602149,Ummed Housing Pvt. Ltd.,Smt UMMED HOUSING,"901, Devika Tower 6- Nehru Place, New Delhi, Delhi","901, DEVIKA TOWER 6- NEHRU PLACE, Delhi",0.4,0.875,"6,901","6,901",2,0
S1-81949954,S2-550650473,Indian Investment Limited,இந்தியன் இன்வெஸ்ட்மெண்ட் லிமிடெட்,"Chennai, Tamil Nadu, 4Th Floor, Chennai, Spic House No.88, Mount Road, Guindy","4TH FLOOR, CHENNAI, தமிழ்நாடு",0.0,0.1875,"4,88",4,1,0
S1-174389944,S2-491586692,Smart Infrastructure Private Limited,स्मार्ट इंफ्रास्ट्रक्चर प्राइवेट लिमिटेड,"Plot No 21 Kh No 136/21/1, 3Rd Floor Prime Enclave, Delhi, North Delhi, Delhi","KH NO 136/21/1, DELHI",0.0,0.5,"1,136,21,3","1,136,21",3,0
S1-892910301,S2-290648549,Blue Estate Private Limited,புளூ எஸ்டேட் பிரைவேட் லிமிடெட்,"No.138/3C, Msk Garden, Salem, Tamil Nadu","138/3C, SALEM, தமிழ்நாடு",0.0,0.25,"138,3","138,3",2,0
S1-123841427,S2-906130154,Classic Projects,क्लासिक प्रोजेक्ट्स,"2/44, Ground Floor Geeta Colony, Delhi, East Delhi, Delhi","DELHI, 02/44, EAST DELHI, दिल्ली",0.0,0.2727272727272727,"2,44","02,44",1,0
S1-605784917,S2-392196260,White Producer Private Limited,व्हाइट प्रोड्यूसर प्राइवेट लिमिटेड,"B-1/B-2, Kirti Deep Building, D.D.A. Commercial Complex, Nangal Raya, New Delhi, Delhi","B-A-1/B-2, NEW DELHI, Delhi",0.0,0.42857142857142855,"1,2","1,2",2,0
S1-605784917,S2-349492074,White Producer Private Limited,व्हाइट प्रोड्यूसर प्राइवेट लिमिटेड,"B-1/B-2, Kirti Deep Building, D.D.A. Commercial Complex, Nangal Raya, New Delhi, Delhi","B-A-1/B-2, NANGAL RAYA, NEW DELHI, Delhi",0.0,0.5714285714285714,"1,2","1,2",2,0
S1-605784917,S2-855325976,White Producer Private Limited,व्हाइट प्रोड्यूसर प्राइवेट लिमिटेड,"B-1/B-2, Kirti Deep Building, D.D.A. Commercial Complex, Nangal Raya, New Delhi, Delhi","B-A-1/B-2, NEW DELHI, दिल्ली",0.0,0.375,"1,2","1,2",2,0
S1-361264471,S2-106742723,KY Solutions Corporation,kysolutions.com,"Sf No.802, Sanasandram Village, Hosur, Krishnagiri, Dharmapuri, Tamil Nadu","SF NO.802, KRISHNAGIRI, DHARMAPURI, தமிழ்நாடு",0.0,0.35714285714285715,802,802,1,0
S1-822795924,S2-599942081,Fortune Sree Systems Private Limited,fortunesreesystems.com,"Shop At G-1/115 Uttam Nagar, New Delhi, West Delhi, Delhi","Delhi, SHOP AT G-01/115 UTTAM NFGAR, NEW DELHI",0.0,0.5833333333333334,"1,115","01,115",1,0
S1-78333566,S2-559799455,Good Products Private Limited,গুড প্রোডাক্টস প্রাইভেট লিমিটেড,"17/1E, Alipore Road, Flat No-2C 2Nd Floor, Kolkata, Kolkata, Howrah, West Bengal","পশ্চিমবঙ্গ, HOWRAH, 17/1E, KOLKATA",0.0,0.23529411764705882,"1,17,2","1,17",2,0
S1-855935017,S2-35476442,Sree Traders Private Limited,Sree Traders Private Ltd,"11/1 Prem Nagar Near Tilak Ngrflyover Najafgarh, New Delhi, West Delhi, Delhi",,0.6,0.0,"1,11",,0,1
S1-206806424,S2-212589041,Great Care Private Limited,ગ્રેટ કેર પ્રાઇવેટ લિમિટેડ,"7Th Floor, Pushpak, Khanpur, Ahmedabad, Gujarat","H.NO 7TH FLOOR, NULL, AHMEDABAD, ગુજરાત",0.0,0.25,7,7,1,0
S1-566922628,S2-286961921,Jm Medical Centre Pvt. Ltd.,JM MEDICAL PVT. LTD. SERVICES,"Flat No-2603, Astha Kung, Plot No-3 Sector-3, Dwarka, New Delhi, Delhi","FLAT NO, ASTHA KUNG, PLOT NO-3 SECTOR-3, DWARKA, दिल्ली",0.6666666666666666,0.6153846153846154,"2603,3",3,1,0
S1-512314887,S2-263960399,Pocharam Publishers Private Limited,pocharampublishers.com,"C05 - 309 Sadbhavana Township, Pocharam, Rangareddy, Telangana","HN C-289 C05 - 309 SADBHAVANA TOWNSHIP, POCHARAM, Andhra Pradesh",0.0,0.4166666666666667,"05,309","05,289,309",2,0
S1-220313787,S2-239002407,Sree Finance Private Limited,श्री फाइनेंस प्राइवेट लिमिटेड,"Bohir Chawl, Sahar Road, Chakala, Opp Gpi Factory, Mumbai, Maharashtra","महाराष्ट्र, BOHIR CHAWL, MUMBAI",0.0,0.21428571428571427,,,0,0
S1-487787677,S2-881991939,Urban Investment Private Limited,अर्बन इन्वेस्टमेंट प्राइवेट लिमिटेड,"3/284 Vikrant Khand Gomti Nagar, Lucknow, Uttar Pradesh","3/284 VIKRANT KHAND GOMTI NAGAR, LUCKNOW, उत्तर प्रदेश",0.0,0.5,"284,3","284,3",2,0
S1-30968148,S2-563944203,Lakshmi Food Private Limited,लक्ष्मी फूड प्राइवेट लिमिटेड,"47 Atrauli, Kursi Road, Lucknow, Uttar Pradesh","ATRAULI, LUCKNOW, उत्तर प्रदेश",0.0,0.16666666666666666,47,,0,0
S1-437904017,S2-1857752,Krishna Jain Foods Private Limited,कृष्णा जैन फूड्स प्राइवेट लिमिटेड,"Office No. 138, Tower A, Corenthum Tower A 41, Sector 62, Noida, Gautam Buddha Nagar, Uttar Pradesh","PLOT #197 OFFICE NO. 138, NOIDA, GAUTAM BUDDHA NAGAR, Uttar Pradesh",0.0,0.5294117647058824,"138,41,62","138,197",1,0
S1-338918674,S2-508974020,Gujarat Projects Private Limited,गुजरात प्रोजेक्ट्स प्राइवेट लिमिटेड,"31, Puspkunj Complex, Farmland Ramdaspeth, Nagpur, Maharashtra","0031, PUSPKUNJ COMPLEX, NAGPUR REGION, NAGPUR, महाराष्ट्र",0.0,0.23076923076923078,31,0031,0,0
S1-115242330,S2-662408904,Swastik Hospitality Private Limited,স্বস্তিক হসপিটালিটি প্রাইভেট লিমিটেড,"1A, 3Rd Floor 133, Canning Street, Kolkata, Kolkata, Howrah, West Bengal","PLOT 70 1A, 3RD FLOOR 133, CANNING STREET, KOLKATA, KOLKATA, HOWRAH, পশ্চিমবঙ্গ",0.0,0.5,"1,133,3","1,133,3,70",3,0
S1-152067698,S2-563047932,Ss Investments Private Limited,एसएस इन्वेस्टमेंट्स प्राइवेट लिमिटेड,"A-18, Thane, Maharashtra, Nutan Niwas, Khodiyar Co Op Navyoug Na, Anand Nagar, Vasai Road (W), Thane","THANE, LUCKNOW, महाराष्ट्र, NULL, A-G-18",0.0,0.13043478260869565,18,18,1,0
S1-506887784,S2-284455949,Surya Care Private Limited,सूर्या केयर प्राइवेट लिमिटेड,"17/109, Basement, Vikram Vihar, Lajpat Nagar Iv, New Delhi, South Delhi, Delhi","17/10, NEW DELHI, SOUTH DELHI, Delhi",0.0,0.3333333333333333,"109,17","10,17",1,0
S1-533379451,S2-801548391,VAL Builders,valbuilders.com,"Plot No.G-84 To G-86 E-91, Riico Ind. Area, Jaipur, Rajasthan","PLOT NO.G-84 TO G-86 E-91, RICIO IND. AREA, JAIPUR, राजस्थान",0.0,0.6111111111111112,"84,86,91","84,86,91",3,0
S1-175761099,S2-910372937,Green Foundation Pvt Ltd,கிரீன் ஃபவுண்டேஷன் பிரைவேட் லிமிடெட்,"Tamil Nadu, Chennai, Mayas Court, 18Th Main Anna Nagar West, Chennai, 1834/4","1834/4, CHENNAI, தமிழ்நாடு",0.0,0.1875,"18,1834,4","1834,4",2,0
S1-939485795,S2-369783569,Gujarat Guru Technology Private Limited,गुजरात गुरु टेक्नोलॉजी प्राइवेट लिमिटेड,"B-203, Mumbai, 2Nd Floor, New Shivam Apartment, Kulupwadi, Borivali (East), Maharashtra, Mumbai City","B-203, MUMBAI, GREATER MUMBAI, महाराष्ट्र",0.0,0.16666666666666666,"2,203",203,1,0
S1-420137203,S2-174887701,Gajanana & Co,Gjaana  & Co,"Plot No.1/44, Flat No.S2, Parvathy Apartments, Bazzar Road, Mogappair East, Chennai, Tamil Nadu","PLOT NO.1/44, CHENNAI, Tamil Nadu",0.5,0.4666666666666667,"1,2,44","1,44",2,0
S1-512155790,S2-842157199,Indo Producer,ಇಂಡೋ ಪ್ರೊಡ್ಯೂಸರ್,"Belgaum, Plat No. D 90, Karnataka, Industrial Estate, Belgaum","PLAT NO. D 90, BELGAUM, BELAGAVI, Karnataka",0.0,0.6666666666666666,90,90,1,0
S1-618167706,S2-816830846,Laxmi Services Private Limited,लक्ष्मी सर्विसेज प्राइवेट लिमिटेड,"Mumbai, 3Rd Floor, 12/14, Maharashtra, Veer Nariman Road, Brady House","BRADY HOUSE, MUMBAI SOUTH, MUMBAI, Maharashtra",0.0,0.3333333333333333,"12,14,3",,0,0
S1-419196877,S2-898819660,Apg Aggregates Pvt Ltd,APGAGGREGATES.C0M,"Gzb C-355, Iind Flr Smg Gd, Ghaziabad, Uttar Pradesh","GZB C-355, IIND FLR SMG GD, GHAZIABAD, उत्तर प्रदेश",0.0,0.5333333333333333,355,355,1,0
S1-459221699,S2-717761723,Om Food Private Limited,ૐ ફૂડ પ્રાઇવેટ લિમિટેડ,"Shop- 2, Narayan Appartment, Near, Kuber Bhavan, Kothi Kachari, Vadodara, Gujarat","SHOP- 2, VADODARA, ગુજરાત",0.0,0.21428571428571427,2,2,1,0
S1-239882424,S2-161437809,Glorious Designs,Glorious Dbsigacs,"No. 28, 1St Floor, 16Th Main, 38Th Cross, Jayanagar 4Th T Block, Bangalore South, Bangalore, Karnataka",,0.3333333333333333,0.0,"1,16,28,38,4",,0,1
S1-331497206,S2-368502618,Rvs Properties Private Limited,Private Rvs Properties Ltd,"6, Moonlight Shopping Centre Sir M V Road, Andheri (East), Mumbai, Mumbai City, Maharashtra","PLOT 341 6, MUMBAI CITY, MUMBAI, Maharashtra",0.6,0.26666666666666666,6,"341,6",1,0
S1-173635496,S2-270515794,Supreme International Private Limited,सुप्रीम इंटरनेशनल प्राइवेट लिमिटेड,"Thane, Flat No 706 Plot No 25, Thane, Sector 8B, Maharashtra","FLAT NO 706 PLOT NO 25, SECTOR 8B, THANE, महाराष्ट्र",0.0,0.6153846153846154,"25,706,8","25,706,8",3,0
S1-720825131,S2-427293733,PF Clinic LLP,@PFCLINIC - 9544983777,"6-3-1085/D/701, Telangana, Hyderabad, 7Th Floor, Dega Towers, Rajbhavan Road, Somajiguda","BLOCK F-529 6-3-1085/D/701, HYDERABAD, Andhra Pradesh",0.0,0.3157894736842105,"1085,3,6,7,701","1085,3,529,6,701",4,0
S1-950189940,S2-941258778,Swastik Agro Private Limited,स्वस्तिक एग्रो प्राइवेट लिमिटेड,"Tricone Tower, Plot No. 4B, 2Nd Floor, Mayur Vihar District Center, Mayur Vihar Extention, Delhi, New Delhi, East Delhi, Delhi","TRICONE TOWER, NEW DELHI, EAST DELHI, Delhi",0.0,0.3333333333333333,"2,4",,0,0
S1-764234422,S2-13885940,Red Consultancy Private Limited,ரெட் கன்சல்டன்சி பிரைவேட் லிமிடெட்,"25, Flowers Road, Iii Floor, Egmore Benefit Society Building, Kilpau, K, Chennai, Tamil Nadu","25, MADRAS, CHENNAI, Tamil Nadu",0.0,0.26666666666666666,25,25,1,0
S1-957262837,S2-476375721,Fortune Products Private Limited,FORTUNE PRODUCTS PRIVATE LTD,"50 Vaibhav Nagar, Indore, Madhya Pradesh","DOR NO 50 VAIBHAV NAGAR, INDORE, मध्य प्रदेश",0.6,0.3076923076923077,50,50,1,0
S1-566541623,S2-833982946,Tech College Limited,Tech College,"2/4A Sitaram Ghosh St, Kolkata, Calcutta, West Bengal",,0.6666666666666666,0.0,"2,4",,0,1
S1-734714481,S2-532494554,Sensible Naturals Private Limited,Sri Quogild,"7Th Floor, Survey Number 368, Hissa # 41, Kole Kalyan, Vakola, Opp Grand Hyatt, Santacr, Uz East, Mumbai, Mumbai City, Maharashtra","FLOOR, MUMBAI CITY, Maharashtra",0.0,0.21052631578947367,"368,41,7",,0,0
S1-835179861,S2-817775873,Premier Global LLP,प्रीमियर ग्लोबल एलएलपी,"505, Gf Nyay Khand-3, Indirapuram, Ghaziabad, Uttar Pradesh","GF NYAY KHAND-3, Uttar Pradesh, PLOT 665 505, GHAZIABAD, ABHAYKHAND II",0.0,0.6153846153846154,"3,505","3,505,665",2,0
S1-542411462,S2-551644532,Sagar Brothers Private Limited,SAGAR  BRHORS PRIVATE LIMITED,"House No. 965A Hill Side, Near Police Lines, Gaya, Bihar",,0.6,0.0,965,,0,1
S1-717540539,S2-157811596,Bluelotus Institute Private Limited,Dr Bluelotus Institute Private Ltd | www.bluelotus.com,"Maharashtra, Mumbai, Bandra West, 510 Mount Mary Apartment, Dr.Patel Dias Road","H.NO 510 MOUT MARY APARTMENT, DR.PATEL DIAS ROAD, BANDRA WEST, महाराष्ट्र",0.375,0.47368421052631576,510,510,1,0
S1-122881464,S2-192222587,Aditya Ventures Limited,আদিত্য ভেঞ্চারস লিমিটেড,"Howrah, Kolkata, 3Rd Floor, Sector-V, Salt Lake City, Kolkata, West Bengal, En-77","EN-77, HOWRAH, KOLKATA, West Bengal",0.0,0.46153846153846156,"3,77",77,1,0
S1-122881464,S2-832756397,Aditya Ventures Limited,আদিত্য ভেঞ্চারস লিমিটেড,"Howrah, Kolkata, 3Rd Floor, Sector-V, Salt Lake City, Kolkata, West Bengal, En-77","EN-77, KOLKATA, HOWRAH, পশ্চিমবঙ্গ",0.0,0.23529411764705882,"3,77",77,1,0
S1-122881464,S2-453229646,Aditya Ventures Limited,Aditya  Vealtures Limited,"Howrah, Kolkata, 3Rd Floor, Sector-V, Salt Lake City, Kolkata, West Bengal, En-77","EN-77, 3RD FLOOR, SECTOR-V, SALT LAKE CITY, KOLKATA, KOLKATA, পশ্চিমবঙ্গ",0.5,0.5882352941176471,"3,77","3,77",2,0
S1-119063458,S2-762209624,Tech International Private Limited,టెక్ ఇంటర్నేషనల్ ప్రైవేట్ లిమిటెడ్,"Plot No.205/2A, 1St Floor, Phase-Ii, Ida, Cherlapally, Kapra Mandal, Medchal, Malka, Jgiri Dist, Hyderabad, Telangana","PLOT NO.##205/2A, HYDERABAD, Andhra Pradesh",0.0,0.25,"1,2,205","2,205",2,0
S1-634783622,S2-743103695,Life Trading Pvt Ltd,Life Tráding,"Bangalore, Karnataka, Dhsi Building Towers 80 Koramangal Industrial Area",,0.2,0.0,80,,0,1
S1-800889127,S2-131321699,Digital It Limited,डिजिटल आईटी लिमिटेड,"C/O Sunil Kumar 0, Hasanpur, Khevali Lucknow, Lucknow, Uttar Pradesh","C/O SUNIL KUNAR 0, LUCKNOW, MOTIMAHAL MARG, Uttar Pradesh",0.0,0.5384615384615384,0,0,1,0
S1-867909404,S2-209635860,New Services Pvt Ltd,நியூ சர்வீசஸ் பிரைவேட் லிமிடெட்,"Plot No.T21, Sidco Women Industrial Park Kattur, Vellannor Post, Thirumullaivoyal, Chennai, Tamil Nadu","PLOT NO.T21, CHENNAI CITY REGION, MADRAS, தமிழ்நாடு",0.0,0.19047619047619047,21,21,1,0
S1-43462802,S2-745220046,Star Infra Private Limited,स्टार इंफ्रा प्राइवेट लिमिटेड,"P-50 Nehru Enclave, Gomti Nagar, Lucknow, Uttar Pradesh","Uttar Pradesh, LUCKNOW, P-2-50 NEHRU ENCLAVE",0.0,0.7,50,"2,50",1,0
S1-118128448,S2-176065115,Surya Developers Limited,सूर्या डेवलपर्स लिमिटेड,"H.No. 1241, Sector 7 Urban Estate, Karnal, Haryana","H.NO. 1241, SECTOR 7 URBAN ESTATE, KARNAL, हरियाणा",0.0,0.6666666666666666,"1241,7","1241,7",2,0
S1-926647798,S2-213986430,Ss One Products Private Limited,எஸ்எஸ் ஒன் புராடக்ட்ஸ் பிரைவேட் லிமிடெட்,"No.9, Manikkavasakar St, Chitlapakkam, Chennai, Kanchipuram, Tamil Nadu","NO.9-9, KANCHIPURAM, Tamil Nadu",0.0,0.5555555555555556,9,9,1,0
S1-312025613,S2-790204216,Mnv Ventures Private Limited,MNV MNV VENTURES PIRATE LIMITED,"Gurugram, 449-450 Bhim Nagar, Gurgaon, Haryana","H.NO 0449-450 BHIM NAGAR, GURUGRAM, हरियाणा",0.6,0.3076923076923077,"449,450","0449,450",1,0
S1-258972459,S2-679985679,Sampati & Brothers Pvt Ltd,Sampati and  Bsother Pvt Ltd,"Chennai, Old No.13, 18Th Avenue Ashok Nagar, Tamil Nadu, New No.17","NO. 191 74, OLD NO.13, 18TH AVENUE ASHOK NAGAR, CHENNAI, தமிழ்நாடு",0.6666666666666666,0.4444444444444444,"13,17,18","13,18,191,74",2,0
S1-258972459,S2-721012924,Sampati & Brothers Pvt Ltd,Sri Sampati & Brothers Pvt Limited,"Chennai, Old No.13, 18Th Avenue Ashok Nagar, Tamil Nadu, New No.17",,0.5714285714285714,0.0,"13,17,18",,0,1
S1-731278723,S2-204616261,Amigo & Sons,amigosons.com,"50-101-16, Tpt Colony Seethammadhara, Visakhapatnam, Vishakhapatnam, Andhra Pradesh","G-50-101-16, TPT COLONY SEETHAMMADHARA, VISAKHAPATNAM, ఆంధ్రప్రదేశ్",0.0,0.4375,"101,16,50","101,16,50",3,0
S1-555911586,S2-575457590,Dream Food Private Limited,ड्रीम फूड प्राइवेट लिमिटेड,"Flat No. 403, Plot No. 11, Sector 21, Navi Mumbai, Rabale, Thane, Maharashtra","FLAT NO. 00403, RABALE, THANE, Maharashtra",0.0,0.38461538461538464,"11,21,403",00403,0,0
S1-555911586,S2-510106261,Dream Food Private Limited,ड्रीम फूड प्राइवेट लिमिटेड,"Flat No. 403, Plot No. 11, Sector 21, Navi Mumbai, Rabale, Thane, Maharashtra","FLAT NO. 00403, PLOT NO. 11, SECTOR 21, NAVI MUMBAI, RABALE, THANE, महाराष्ट्र",0.0,0.5882352941176471,"11,21,403","00403,11,21",2,0
S1-526828285,S2-900333493,Ayush Electro Private Limited,Ayush Private  Limited Services,"Shop No.73, Aggarsain Market Near Parijat Chowk, Hisar, Hissar, Haryana",,0.6,0.0,73,,0,1
S1-80090589,S2-480657069,Shivam Star Infrastructure Private Limited,शिवम स्टार इंफ्रास्ट्रक्चर प्राइवेट लिमिटेड,"S. No.1548/A, Sadashiv Peth, Near Suyash Hotel, Pune, Maharashtra","S. NO.7-1548/A, PUNE, Maharashtra",0.0,0.5,1548,"1548,7",1,0
S1-850715822,S2-96513622,Planet Fund LLP,M/s P1anet Fudn LLP,"F-3/5, Dlf Phase-1, Gurgaon, Haryana","F-3/5, GURGAON, हरियाणा, GURGAON",0.14285714285714285,0.36363636363636365,"1,3,5","3,5",2,0
S1-519208461,S2-601911817,Shavi Energy Company,>> shavienergy.com,"D 704, Titanium Sqare. Nr. B.M.W Show R S.G. Highway Thaltej Chokdi, Ahmedabad, Gujarat","D 704, AHMEDABAD, Gujarat",0.0,0.23529411764705882,704,704,1,0
S1-862452818,S2-344762422,Unique Investment Private Limited,यूनिक इन्वेस्टमेंट प्राइवेट लिमिटेड,"Shop 16, Om Shivai, Sra, Chs Ltd, Behind Tata Power, Borivlai East, Mumbai, Maharashtra","SHOP 16, N/A, MUMBAI, Maharashtra",0.0,0.25,16,16,1,0
S1-787370479,S2-100268458,Prime Products Private Limited,प्राइम प्रोडक्ट्स प्राइवेट लिमिटेड,"Khasra No. 378, Ground Floor And 4Th Floor, Shri Sai Complex, Landmark Icici Bank Limited, Old Delhi Gurgaon Road, Kapashera, South West Delhi, Delhi","KHASRA NO. 378, SOUTH WEST DELHI, Delhi",0.0,0.2857142857142857,"378,4",378,1,0
S1-838057293,S2-825010536,Life Builders,लाइफ बिल्डर्स,"C/O Prashant Kumar Jha, Vill-Narayanpur To-Narayanpur Panch-Sagi Bl-Khudabandpur, Begusarai, Bihar","BEGUSARAI, Bihar, DOOR NO 766 C/O PRASHANT KUMAR JHA",0.0,0.4117647058823529,,766,0,0
S1-838057293,S2-455828773,Life Builders,लाइफ बिल्डर्स,"C/O Prashant Kumar Jha, Vill-Narayanpur To-Narayanpur Panch-Sagi Bl-Khudabandpur, Begusarai, Bihar","C/O PRASHANT KUMAR JHA, BEGUSARAI, बिहार",0.0,0.35294117647058826,,,0,0
S1-461573240,S2-514246017,Apollo Farms Private Limited,Apollo Farms Farms Private,"C/O Krishna Govind Nandi 3/7, Bijoygarh, Kolkatta, West Bengal",,0.75,0.0,"3,7",,0,1
S1-460762612,S2-56056564,Ed Consultants,Ed Consultants Corp,"C/O Aditi Sharma U.No.48, Rohan Seher, Baner Sno.34, Haveli, Pune, Maharashtra",,0.6666666666666666,0.0,"34,48",,0,1
S1-132104748,S2-388062767,Northern & Brothers Private Limited,NORTHERN + BROTHERS PRIVATE LTD,"Top Khod, Bungalow, Valivali, Maharashtra, 734 Mokashipada, Thane",,0.5,0.0,734,,0,1
S1-26030755,S2-899187242,MUW Properties Private Limited,Private MUW Properties Ltd,"Flat No. 106, Westend Apartments, Masid Banda, Kondapur, Serilingampally, Rangareddy, Telangana","H.NO 106, HYDERABAD CITY REGION, తెలంగాణ",0.6,0.10526315789473684,106,106,1,0
S1-974043335,S2-239662682,International Consultancy LLP,इंटरनेशनल कंसल्टेंसी एलएलपी,"D-55, Ist Floor, Sec-48, Vipul World Sohna Road, Dlf Qe, Gurgaon, Haryana","D-55, COIMBATORE, DLF QE, हरियाणा",0.0,0.2222222222222222,"48,55",55,1,0
S1-41130066,S2-765734674,Apex Power Pvt Ltd,அபெக்ஸ் பவர் பிரைவேட் லிமிடெட்,"5/311, Mullai Nagar, Mohanur Road, Namakkal, Tamil Nadu","5/311, NAMAKKAL, தமிழ்நாடு",0.0,0.23076923076923078,"311,5","311,5",2,0
S1-256296030,S2-936453780,All It Private Limited,ऑल आईटी प्राइवेट लिमिटेड,"Flat No.50, Building No.3 Jai Shastri Nagar Chs, Mulund Colony, Mumbai, Mumbai City, Maharashtra","50, MUMBAI CITY, MUMBAI, Maharashtra",0.0,0.2857142857142857,"3,50",50,1,0
S1-359469072,S2-507760656,Real Impex Private Limited,રિયલ ઇમ્પેક્સ પ્રાઇવેટ લિમિટેડ,"401, Kalyan Comm. Hub, Nr. Harinagar, Gotri Roa, Vadodara, Gujarat","PLOT ##604 401, VADODARA, Gujarat",0.0,0.25,401,"401,604",1,0
S1-20263680,S2-185309547,Super Solutions Private Limited,सुपर सॉल्यूशंस प्राइवेट लिमिटेड,"Shop No 2, Jindal Market, Near Radha Krishan Mandir, Main Sohna Road, Badshahpur, Gur, Gaon, Gurgaon, Haryana","2, GURGAON, GANAUR, Haryana",0.0,0.16666666666666666,2,2,1,0
S1-119200847,S2-264272559,De Advance Limited,M/s De Advance Ltd,"23/A, Royd Street, 2Nd Floor, Kolkata, Howrah, West Bengal","পশ্চিমবঙ্গ, 23/A, ROYD STREET, 2ND FLOOR, KOLKATA",0.3333333333333333,0.5,"2,23","2,23",2,0
S1-654451728,S2-934175533,Arihant Services Private Limited,अरिहंत सर्विसेज प्राइवेट लिमिटेड,"1733, First Floor Plt No - 101 Dariba Kalan, Chandni Chowk, Delhi, North Delhi, Delhi","1733, Delhi, NORTH DELHI",0.0,0.25,"101,1733",1733,1,0
S1-421529079,S2-976667367,Jai Trust,JAI  TMUACMS,"L-23, Hauz Khas Enclave, New Delhi, South West Delhi, Delhi","L-23., HAUZ KHAS ENCLAVE, NEW DELHI, दिल्ली",0.3333333333333333,0.6363636363636364,23,23,1,0
S1-421529079,S2-155205478,Jai Trust,Dr Jai Turst,"L-23, Hauz Khas Enclave, New Delhi, South West Delhi, Delhi","दिल्ली, L-23., HAUZ KHAS ENCLAVE, NEW DELHI",0.25,0.6363636363636364,23,23,1,0
S1-340023637,S2-148354960,Sasha Ventures Private Limited,Sasha Ventures Private Ltd,"C/O Mahendra Singh, Patwari Halka Kotma, Behind Jyoti Petrol Pump, Bhudanpur Road, Kotma, Anuppur, Madhya Pradesh",,0.6,0.0,,,0,1
S1-374838435,S2-122609645,Perfect Consultants Private Limited,ಪರ್ಫೆಕ್ಟ್ ಕನ್ಸಲ್ಟೆಂಟ್ಸ್ ಪ್ರೈವೇಟ್ ಲಿಮಿಟೆಡ್,"No 09, Kattigenahalli, Bangalore North, Bangalore, Karnataka","NO 09, BANGALORE, ಕರ್ನಾಟಕ",0.0,0.3333333333333333,09,09,1,0
S1-250411556,S2-536067583,Jeya Agri Private Limited,Jeya Ágri Private Ltd,"Satya Sai Appartment 10/2 South Tukoganj, Indore, Madhya Pradesh",,0.3333333333333333,0.0,"10,2",,0,1
S1-690819718,S2-709123075,Tech Foods Private Limited,டெக் ஃபுட்ஸ் பிரைவேட் லிமிடெட்,"No.61, I Floor, Vivekanandacolony, Vadapalani, Chennai, Tamil Nadu","NO.#61, CHENNAI, Tamil Nadu",0.0,0.5555555555555556,61,61,1,0
S1-214870056,S2-595232199,Sree Sun Investments Limited,श्री सन इन्वेस्टमेंट्स Limited,"New Delhi, Delhi, 2/F, Gali-54-C Molarband Extn. Badarpur, Near 2Nd 60 Fo, Ota, H.No.1827, South Delhi","H.NO.1828, NEW DELHI, SOUTH DELHI, Delhi",0.08333333333333333,0.25,"1827,2,54,60",1828,0,0
S1-780328445,S2-989678429,Smart Infrastructure,ಸ್ಮಾರ್ಟ್ ಇನ್‌ಫ್ರಾಸ್ಟ್ರಕ್ಚರ್,"Iind Floor, Prestige Omega No 104, Epip Zone, Whitefield, Banglore, Bangalore, Karnataka","IIND FLOOR, BANGLORE, BANGALORE, Karnataka",0.0,0.4166666666666667,104,,0,0
S1-726067380,S2-909050352,Maa Estate Private Limited,મા એસ્ટેટ પ્રાઇવેટ લિમિટેડ,"Shreepad Infinia, Opp. Jk Motors, Opp. Pal - Umra Bridge, Surat City, B-1204, Surat, Gujarat","NO D/729 B-1204, SURAT CITY, Gujarat",0.0,0.3125,1204,"1204,729",1,0
S1-251486302,S2-20526315,Anand My Software,आनंद माय सॉफ्टवेयर,"C-73, Site C, Vandana Vatika, Noida, Gautam Buddha Nagar, Uttar Pradesh","C-0073, GAUTAM BUDDHA NAGAR, उत्तर प्रदेश",0.0,0.23529411764705882,73,0073,0,0
S1-305425093,S2-199497419,Ram International Limited,राम इंटरनेशनल लिमिटेड,"Us-7, First Floor 18/20, W.E.A., Karol Bagh, New Delhi, Delhi","DELHI, US-A-7, Delhi",0.0,0.3076923076923077,"18,20,7",7,1,0
S1-764881362,S2-920326564,OUT Beverages Private Limited,OUT 8everages Private,"F394, Sanjivani Apartment, Prabhat Road, Erandwane, Pune City, Pune, Maharashtra",,0.4,0.0,394,,0,1
S1-112258390,S2-785398561,Unique Management Private Limited,ਯੂਨੀਕ ਮੈਨੇਜਮੈਂਟ ਪ੍ਰਾਈਵੇਟ ਲਿਮਟਿਡ,"Scf 126, S.A.S.Nagar (Mohali), Phase- 7, Rupnagar, Punjab","SCF 1-26, RUPNAGAR, Punjab",0.0,0.25,"126,7","1,26",0,0
S1-615558445,S2-165594455,Innovista Services Limited,Jaxbelo,"B-24, Sahajanand Industrial Estate Mujmahuda, Vadodara, Gujarat","B-24, MUMBAI, VADODARA, Gujarat",0.0,0.4444444444444444,24,24,1,0
S1-23589069,S2-930305210,Super One Engineering Private Limited,சூப்பர் ஒன் இன்ஜினியரிங் பிரைவேட் லிமிடெட்,"1A, Jeeva Road, Periyar Nagar, Alwarthirunagar, Chennai, Tamil Nadu","DOOR NO 480  1A, CHENNAI, MADRAS, தமிழ்நாடு",0.0,0.11764705882352941,1,"1,480",1,0
S1-23589069,S2-457575524,Super One Engineering Private Limited,சூப்பர் ஒன் இன்ஜினியரிங் பிரைவேட் லிமிடெட்,"1A, Jeeva Road, Periyar Nagar, Alwarthirunagar, Chennai, Tamil Nadu","1A, MADRAS, CHENNAI, Tamil Nadu",0.0,0.4,1,1,1,0
S1-302292010,S2-844632670,First Global Private Limited,First Global Private Ltd,"Telangana, 2D, 2Nd Floor, 23-24/A, Nandanavanam Complex, Vengal Rao Nagar, Hyderabad",,0.6,0.0,"2,23,24",,0,1
S1-698671058,S2-510428299,Eco & Associates Pvt Ltd,Eco Associates Pvt Ltd Service,"B-1090 (Basement) G D Colony Mayur Vihar Phase-Iii, New Delhi, East Delhi, Delhi",,0.6666666666666666,0.0,1090,,0,1
S1-950106449,S2-479205569,One Projects Private Limited,ONE PROJECTS PRIVATE,"5, Lower Rowdon Street, 1St Floor, Kolkata, Howrah, West Bengal","5, LOWER ROWDON STREET, 1ST FLOOR, KOLKATA, NULL, পশ্চিমবঙ্গ",0.75,0.4666666666666667,"1,5","1,5",2,0
S1-638870244,S2-357832376,Bid & Brothers Private Limited,JAXFLUXSYN,"701 Landmark Society, Next To Skoda Show Showroom Service Road Louiswadi, Thane, Maharashtra","NO A-701 LANDMARK SOCIETY, THANE, महाराष्ट्र",0.0,0.21052631578947367,701,701,1,0
S1-515204805,S2-353663760,Black Healthcare Pvt Ltd,ब्लैक हेल्थकेयर प्रा. लि.,"Bhu No. 1/B-308 Vardsn Khand Sector-1 Gomti Nagar Vistar, Lucknow, Uttar Pradesh","BHU NO. 1/B-308 VARDSN KHAND SECTOR-1 GOMTI NAGAR VISTAR, JABALPUR, LUCKNOW, उत्तर प्रदेश",0.0,0.6,"1,308","1,308",2,0
S1-12219431,S2-631288680,Apex Marketing Private Limited,एपेक्स मार्केटिंग प्राइवेट लिमिटेड,"302, Saraswati House 27, New Delhi, South Delhi, Delhi","302, SARASWATI HOUSE 27, SONIPAT, SOUTH DELHI, दिल्ली",0.0,0.6,"27,302","27,302",2,0
S1-12219431,S2-665271242,Apex Marketing Private Limited,Apex Marketing Private Ltd,"302, Saraswati House 27, New Delhi, South Delhi, Delhi","302, SARASWATI HOUSE 27, NEW DELHI, दिल्ली",0.6,0.6666666666666666,"27,302","27,302",2,0
S1-772605234,S2-129585636,Al Investment Private Limited,अल इन्वेस्टमेंट प्राइवेट लिमिटेड,"B-101, Kartik Residency, Waghbill Road, Thane, Maharashtra","Maharashtra, B-01, THANE",0.0,0.3333333333333333,101,01,0,0
S1-772605234,S2-125694113,Al Investment Private Limited,अल इन्वेस्टमेंट प्राइवेट लिमिटेड,"B-101, Kartik Residency, Waghbill Road, Thane, Maharashtra","B-01, THANE, Maharashtra",0.0,0.3333333333333333,101,01,0,0
S1-460692998,S2-273185119,Sl Trading Care,Sl Care-Services,"S2 15Th Avenue Ashok Nagar, Chennai, Tamil Nadu","S2 15TH AVENUE ASHOK NAGAR, CHENNAI, தமிழ்நாடு",0.5,0.5,"15,2","15,2",2,0
S1-386604320,S2-452016422,Ram Constructions LLP,రామ్ కన్‌స్ట్రక్షన్స్ ఎల్‌ఎల్‌పీ,"17-1-380/E/38, Ce Colony, Saidabad, Hyderabad, Telangana","B3/17-1-380/E/38, CE COLONY, SAIDABAD, HYDERABAD, KUKATPALLY, తెలంగాణ",0.0,0.5625,"1,17,38,380","1,17,3,38,380",4,0
S1-213927630,S2-881003334,Sai Technology Ltd,Sai Technology Limited,"D-714, Malviya Nagar, Jaipur, Rajasthan","D-714, MALVIYA NAGAR, JAIPUR, राजस्थान",0.5,0.5,714,714,1,0
S1-670163024,S2-708669942,Avd & Brothers,AVDBROTHERS.COM,"H.N. 215 1St Floor Block B Sector 19, Noida, Gautam Buddha Nagar, Uttar Pradesh","H.N. 215 1ST FLOOR BLOCK B SECTOR 19, NOIDA, Uttar Pradesh",0.0,0.8,"1,19,215","1,19,215",3,0
S1-900715761,S2-266946249,Classic Finance Limited,क्लासिक फाइनेंस लिमिटेड,"A 38, Bhagwati Garden Extension Uttam Nagar, New Delhi, West Delhi, Delhi","A 0038, BHAGWATI GARDEN EXTENSION UTTAM NAGAR, NAJAFGARH, WEST DELHI, दिल्ली",0.0,0.5714285714285714,38,0038,0,0
S1-942066749,S2-87360336,Blue Constructions,బ్లూ కన్‌స్ట్రక్షన్స్,"1-98/5/2A, Sy No 85, Madhapur, Hitech City, Serilingampally, K.V.Rangareddy, Telangana","K.V.RANGAREDDY, 1-98/5/2, తెలంగాణ",0.0,0.3,"1,2,5,85,98","1,2,5,98",4,0
S1-942066749,S2-418760541,Blue Constructions,బ్లూ కన్‌స్ట్రక్షన్స్,"1-98/5/2A, Sy No 85, Madhapur, Hitech City, Serilingampally, K.V.Rangareddy, Telangana","1-98/5/2, K.V.RANGAREDDY, Telangana",0.0,0.4375,"1,2,5,85,98","1,2,5,98",4,0
S1-320444671,S2-827420379,Udyog Bio Private Limited,UDYOG BIO PRIVATE LTD,"Hd-473, C001/A2, Wework Berger Delhi One Sector -16B, Noida, Gautam Buddha Nagar, Uttar Pradesh","HN 00959 HD-473, C001/A2, WEWORK BERGER DELHI ONE SECTOR -16B, NOIDA, Uttar Pradesh",0.6,0.7222222222222222,"001,16,2,473","001,00959,16,2,473",4,0
S1-320444671,S2-696511969,Udyog Bio Private Limited,Mr udyog bio private limited | www.udyogbio.com,"Hd-473, C001/A2, Wework Berger Delhi One Sector -16B, Noida, Gautam Buddha Nagar, Uttar Pradesh","Uttar Pradesh, HN 00959 HD-473, C001/A2, WEWORK BERGER DELHI ONE SECTOR -16B, NOIDA",0.5,0.7222222222222222,"001,16,2,473","001,00959,16,2,473",4,0
S1-897509538,S2-993494134,Black Food,ब्लैक फूड,"Flat No. 404, Ramleela Chsl, Chinchpada Road, Katemanavali, Near Saket College, Kalyan East, Thane, Maharashtra","KALYAN EAST, DOOR NO 404, Maharashtra, THANE",0.0,0.375,404,404,1,0
S1-843786503,S2-54313157,Indian Healthcare Limited,Indian Healthcare,"Tiruvallur, Tamil Nadu, Ambattur, Near Mmm Hospital, 2 Block Jj Police Station, 2/116",,0.6666666666666666,0.0,"116,2",,0,1
S1-935494014,S2-995569242,East Projects Private Limited,ईस्ट प्रोजेक्ट्स प्राइवेट लिमिटेड,"Jaipur, Plot No 160-A, Jaipur, Kesar Green, Rajasthan","#160-A, JAIPUR, Rajasthan",0.0,0.5,160,160,1,0
S1-105957539,S2-400065617,Bharat Galaxy Food Pvt Ltd,भारत गैलेक्सी फूड प्रा. लि.,"S No 48/2, Chandan Nagar Kharadi, Pune City, Pune, Maharashtra","S NO 0048/2, PUNE CITY, KANHE, Maharashtra",0.0,0.5,"2,48","0048,2",1,0
S1-46658699,S2-927950910,Guru Infrastructure Pvt Ltd,गुरु इंफ्रास्ट्रक्चर प्रा. लि.,"Plot No. 994 Sector- 31, Gurgaon, Haryana","GURUGRAM, GURGAON SEC FOURTEEN, Haryana, PLOT NO. 994/7 SECTOR- 31",0.0,0.6363636363636364,"31,994","31,7,994",2,0
S1-385453182,S2-262617175,Om Agro Private Limited,ஓம் அக்ரோ பிரைவேட் லிமிடெட்,"No. 508, Alampalayam Pirivu, Alampalayam Naranapuram Village, Annur, Coimbatore, Tamil Nadu","COIMBATORE, H.NO 508, தமிழ்நாடு",0.0,0.2,508,508,1,0
S1-207885741,S2-619069251,North Investment,नॉर्थ इन्वेस्टमेंट,"314, Vardhman Tower, Preet Vihar, Delhi","NO. 138 314, PREET VIHAR, Delhi",0.0,0.5,314,"138,314",1,0
S1-417460390,S2-348147155,Lakshmi Products Private Limited,Lakshmi Products Paiivte Limited,"S 1/201, 1St Floor, Old Mahavir Nagar, Near 20 Blk Gurdwara Sah, Tilak Nagar, Delhi, West Delhi, Delhi",,0.6,0.0,"1,20,201",,0,1
S1-417460390,S2-447515406,Lakshmi Products Private Limited,लक्ष्मी प्रोडक्ट्स प्राइवेट लिमिटेड,"S 1/201, 1St Floor, Old Mahavir Nagar, Near 20 Blk Gurdwara Sah, Tilak Nagar, Delhi, West Delhi, Delhi","S 1/201, WEST DELHI, DELHI",0.0,0.3125,"1,20,201","1,201",2,0
S1-321297016,S2-957833741,Raj Ventures Private Limited,-- Raj Ventures Private,"1St Floor, Balaji Ki Bagichi, Roopangarh Road, Madanganj, Kishangarh, Ajmer, Rajasthan","1ST FLMOR, null, AJMER, KISHANGARH, Rajasthan",0.75,0.3076923076923077,1,1,1,0
S1-876587612,S2-604243456,Blue Agro Limited,ब्लू एग्रो लिमिटेड,"C-469, C-58/12, Salora Vihar, Sector-62, Noida, Gautam Buddha Nagar, Uttar Pradesh","C-469, NOIDA, GAUTAM BUDDHA NAGAR, Uttar Pradesh",0.0,0.5714285714285714,"12,469,58,62",469,1,0
S1-876587612,S2-579493495,Blue Agro Limited,>> Blue Agro Ltd,"C-469, C-58/12, Salora Vihar, Sector-62, Noida, Gautam Buddha Nagar, Uttar Pradesh","C-469, NOIDA, GAUTAM BUDDHA NAGAR, Uttar Pradesh",0.5,0.5714285714285714,"12,469,58,62",469,1,0
S1-188771630,S2-704730488,Tejansh Beverages Private Limited,-- Tejansh Beverages Private Ltd,"Unit No 9, 3Rd Floor, Prabhadevi Indl Estate, 408 V S Marg, Prabhadevi, Mumbai, Mumbai City, Maharashtra","<NULL>, UNIT NO 9, MUMBAI CITY, Maharashtra",0.6,0.375,"3,408,9",9,1,0
S1-836186695,S2-117116968,Moon Industries Group,Shri Moon Industries [Company],"No.170, 2Nd Floor, 2Nd Cross, 1St Block Koramangala, Bengaluru, Bangalore, Karnataka","NO 00170 , 2ND FLOOR, 2ND CROSS, 1ST BLOCK KORAMANGALA, BENGALURU, ಕರ್ನಾಟಕ",0.4,0.5333333333333333,"1,170,2","00170,1,2",2,0
S1-784095737,S2-32265998,Bright Consulting Private Limited,ब्राइट कंसल्टिंग प्राइवेट लिमिटेड,"424/32, Yogendra Vihar Naubasta, Kanpur, Uttar Pradesh","424/32, KANPUR, Uttar Pradesh",0.0,0.625,"32,424","32,424",2,0
S1-998903278,S2-710827826,Alpha Energy Private Limited,ALPHA ENERGY PIRVASET  LIMITED,"Unit No 12, 2Nd Floor, Block C-18, Sanjay Place, Agra, Uttar Pradesh",,0.6,0.0,"12,18,2",,0,1
S1-84826138,S2-200528340,Shyam Services Limited,श्याम सर्विसेज लिमिटेड,"318, Infront Of Brij Jyoti Public School New Jiya Mau Colony, Lucknow, Uttar Pradesh","318, LUCKNOW, LUCKNOW I VIDHAN SABHA MARG, उत्तर प्रदेश",0.0,0.08695652173913043,318,318,1,0
S1-302303201,S2-972192657,South Builders Private Limited,సౌత్ బిల్డర్స్ ప్రైవేట్ లిమిటెడ్,"# 1-787, Krishna Nagar, Near Pandaripuram Water Tanks, Chilakaluripet, Krishna, Andhra Pradesh","NO 1-787, VIJAYAWADA REGION, CHILAKALURIPET, Andhra Pradesh",0.0,0.35714285714285715,"1,787","1,787",2,0
S1-302303201,S2-507676977,South Builders Private Limited,సౌత్ బిల్డర్స్ ప్రైవేట్ లిమిటెడ్,"# 1-787, Krishna Nagar, Near Pandaripuram Water Tanks, Chilakaluripet, Krishna, Andhra Pradesh","# 1-787, VIJAYAWADA REGION, KRISHNA, Andhra Pradesh",0.0,0.38461538461538464,"1,787","1,787",2,0
S1-720486201,S2-176738956,Shree Engineering Private Limited,श्री इंजीनियरिंग प्राइवेट लिमिटेड,"Ff 5-B, First Floor, Mansarover Complex, Huzur, Bhopal, Madhya Pradesh","PLOT 991 FF 5-B, HUZUR, Madhya Pradesh",0.0,0.46153846153846156,5,"5,991",1,0
S1-273830734,S2-560813070,Galaxy It LLP,Galaxy LLP Center Center,"B-4/315 B Keshav Puram, Delhi, North West, Delhi","B-4/315 B KESHSV PURAM, DELHI, Delhi",0.5,0.5555555555555556,"315,4","315,4",2,0
S1-638219805,S2-845195355,Dream Industries Private Limited,ಡ್ರೀಮ್ ಇಂಡಸ್ಟ್ರೀಸ್ ಪ್ರೈವೇಟ್ ಲಿಮಿಟೆಡ್,"216/3, Kodigehalli Main Road Sai Temple Road, Block C, Sahakarnagar, Bangalore, Karnataka","Karnataka, AMRUTHAHALLI, <NULL>, C-216/3, SAHAKARNAGAR",0.0,0.35714285714285715,"216,3","216,3",2,0
S1-878708144,S2-225514806,Eastern Agro Limited,ईस्टर्न एग्रो लिमिटेड,"Shop N 15, New Grain, Market Shahabad Markanda, Shahabad, Kurukshetra, Haryana","SHOP N 15, KURUKSHETRA, Haryana",0.0,0.5,15,15,1,0
S1-166063511,S2-117386176,Indo Management Private Limited,इंडो मैनेजमेंट प्राइवेट लिमिटेड,"7 / 159, Pocket - 37, Sector - 23 Rohini, New Delhi, North Delhi, Delhi","NORTH DELHI, NEW DELHI, 7 / 159, दिल्ली",0.0,0.4166666666666667,"159,23,37,7","159,7",2,0
S1-462275510,S2-818658148,Aditya Solutions,आदित्य सॉल्यूशंस,"B-1206, F.F. Front Portion, Green Field Colony, Faridabad, Haryana","BLOCK D-313 B-1206, FARIDABAD, Haryana",0.0,0.3076923076923077,1206,"1206,313",1,0
S1-856303395,S2-259828348,Adroit Service (India) Private Limited,ádroitserviceindia.com,"J.N.V. Colony, Bikaner, Rajasthan","J.N.V. COLONY, BIKANER, राजस्थान",0.0,0.5,,,0,0
S1-867259305,S2-46026081,Royal Media Private Limited,रॉयल मीडिया प्राइवेट लिमिटेड,"C-197, G/F Plot No.- 15-B, New Ashok Nagar Near Hanuman Mandir, Delhi, East Delhi, Delhi","Delhi, C-197, EAST DELHI",0.0,0.25,"15,197",197,1,0
S1-467600309,S2-576593449,Hr (India) Technologies Limited,Hr (cgonadni) Technologies Limited,"Plot No-1454/1652 Near Maruti Villa, Patia, Bhubaneswar, Khordha, Orissa",,0.6,0.0,"1454,1652",,0,1
S1-133782612,S2-617370590,Maa Global Private Limited,મા ગ્લોબલ પ્રાઇવેટ લિમિટેડ,"Gujarat, Near Sola Over Bridge, S. G. Highway, Sola, 5-A Anand Complex, Ahmedabad","DOOR NO 4-5-A ANAND COMPLEX, AHMEDABAD, Gujarat",0.0,0.375,5,"4,5",1,0
S1-884340209,S2-898384081,Sree Care Private Limited,5ree Care Pcefve Limited,"Rajkot, Plot 200, Sukhsagar Society-11, Near Angan Residency, 150 Ft Ring Road, Gujarat, Vinayak, Rajkot","VINAYAK, RAJKOT, ગુજરાત",0.3333333333333333,0.1111111111111111,"11,150,200",,0,0
S1-604296812,S2-474438461,Red Builders LLP,रेड बिल्डर्स एलएलपी,"H.No. 475/20, First Floor Shakti Nagar, Gurgaon, Haryana","NO 0475/20, GURGAON, GURGAON SEC FOURTEEN, Haryana",0.0,0.3076923076923077,"20,475","0475,20",1,0
S1-604296812,S2-355068228,Red Builders LLP,रेड बिल्डर्स एलएलपी,"H.No. 475/20, First Floor Shakti Nagar, Gurgaon, Haryana","H.NO. 0475/20, GURGAON, GURGAON SEC FOURTEEN, Haryana",0.0,0.38461538461538464,"20,475","0475,20",1,0
S1-60335403,S2-566156903,Rapid Chits Private Limited,Rapid Chits Proite Limited,"Narsinghpur, House No D11 2Nd Floor, Gurgaon, Ace Palm Floors Sector 89, Haryana",,0.6,0.0,"11,2,89",,0,1
S1-940366700,S2-551071893,Smart Marketing Private Limited,ஸ்மார்ட் மார்க்கெட்டிங் பிரைவேட் லிமிடெட்,"1/52, Pvp Koil Street Agaramel, Chennai, Thiruvallur, Tamil Nadu","NO C-154 1/52, CHENNAI, Tamil Nadu",0.0,0.38461538461538464,"1,52","1,154,52",2,0
S1-809829429,S2-267351601,Hitech Care Private Limited,హైటెక్ కేర్ Private Limited,"Flat No: 1202, Sapphire Block, My Home Jewel Madinaguda, Hyderabad, Telangana","NO. 708 FLAT NO: 1202, HYDERABAD, Andhra Pradesh",0.25,0.2857142857142857,1202,"1202,708",1,0
S1-764554351,S2-140267983,Katihar Industries Group,Partners Group Katihar,"Ug-1 Rz-L-5, Upper Ground Floor Mahavir Enclave Opposite Shiv Vani Publi, C School, Delhi, South West Delhi, Delhi","UG-1 RZ-L-5, Delhi",0.5,0.3157894736842105,"1,5","1,5",2,0
S1-680647955,S2-365644609,Sun Impex LLP,சன் இம்பெக்ஸ் எல்எல்பி,"Plot No 70 Kalpana Flats, Sri Shakthi Nagar Annanur, Poonamallee, Tiruvallur, Tamil Nadu","KALPANA FLATS, CHENNAI CITY REGION, Tamil Nadu",0.0,0.25,70,,0,0
S1-680647955,S2-646077094,Sun Impex LLP,சன் இம்பெக்ஸ் எல்எல்பி,"Plot No 70 Kalpana Flats, Sri Shakthi Nagar Annanur, Poonamallee, Tiruvallur, Tamil Nadu","KALPANA FLATS, CHENNAI CITY REGION, Tamil Nadu",0.0,0.25,70,,0,0
S1-514844202,S2-308967367,Exin India Corp,CORPORATION EXIN INDIA,"Office No 126, 1St Floor, Nodh No-1158 To 63/65/69 Hatfaliya, Mahidharpura, Surat, Gujarat","#83 OFFICE NO 126, SURAT, Gujarat",0.5,0.3125,"1,1158,126,63,65,69","126,83",1,0
S1-321076252,S2-498571266,My Consultants LLP,माय कंसल्टेंट्स एलएलपी,"House No. 725, Sector 19, Panchkula, Haryana","HOUSE NO. 725, PANCHKULA, Haryana",0.0,0.7142857142857143,"19,725",725,1,0
S1-17695682,S2-917545615,Seven Consultants Private Limited,Seven Consultants Limited Center,"C/O Sumit Singh Vill Beel, Akabarpur, Dadri, Gautam Buddha Nagar, Uttar Pradesh",,0.6,0.0,,,0,1
S1-27757719,S2-395652310,Shivam Media Private Limited,शिवम मीडिया प्राइवेट लिमिटेड,"Plot No. 906, Jauharpur Rampur Road Psk, Bareilly, Uttar Pradesh","NO 906, BAREILLY, SHIVPURI, Uttar Pradesh",0.0,0.45454545454545453,906,906,1,0
S1-26325321,S2-452636562,Pace Consultants Private Limited,consultantspaceprivate.com,"Hyderabad, Flat No 301, Telangana, Hyderabad, C-55, 8-3-222/2, Vidyaranya Residency, Madhura Nagar","FLAT NO 301, HYDERABAD, Telangana",0.0,0.3333333333333333,"2,222,3,301,55,8",301,1,0
S1-539374956,S2-269318997,Shivam Consultancy Private Limited,शिवम कंसल्टेंसी प्राइवेट लिमिटेड,"Faridabad, Sf, Ip Ext-49, 4331, Haryana, Faridabad","43-31, FARIDABAD, Haryana",0.0,0.2222222222222222,"4331,49","31,43",0,0
S1-599354346,S2-739265382,Dynamic Services Private Limited,டைனமிக் சர்வீசஸ் பிரைவேட் லிமிடெட்,"Chennai City Corporation, Chennai, C-201, Tamil Nadu, Grayshott, 4Bishop, Garden Exten, R .A Puram","C-201, CHENNAI, தமிழ்நாடு",0.0,0.16666666666666666,"201,4",201,1,0
S1-330347736,S2-433351865,Ven Home Private Limited,Limited Ven Private Center,"South City-1, A-50, Gurgaon, Sadar Bazar, Haryana","A-50, SOUTH CITY-1, GURGOAN, GURGAON, Haryana",0.6,0.7,"1,50","1,50",2,0
S1-123675480,S2-768530779,Lakshmi Logistics Private Limited,LOGISTICS LAKSHMI LAKSHMI PRIVATE,"Srd-5, Basement, Shipra, Riviera Tower, Gyan Khand3, Ghaziabad, Uttar Pradesh","SRD-##5, GHAZIABAD, उत्तर प्रदेश",0.75,0.1875,"3,5",5,1,0
S1-123675480,S2-275120528,Lakshmi Logistics Private Limited,लक्ष्मी लॉजिस्टिक्स प्राइवेट लिमिटेड,"Srd-5, Basement, Shipra, Riviera Tower, Gyan Khand3, Ghaziabad, Uttar Pradesh","SRD-##5, GHAZIABAD, Uttar Pradesh",0.0,0.45454545454545453,"3,5",5,1,0
S1-578170060,S2-662195176,Prime Ventures Private Limited,प्राइम वेंचर्स प्राइवेट लिमिटेड,"A-128, 2Nd Floor Anand Vihar, New Delhi, East Delhi, Delhi","A-128, NEW DELHI, EAST DELHI, Delhi",0.0,0.5555555555555556,"128,2",128,1,0
S1-578170060,S2-123754861,Prime Ventures Private Limited,प्राइम वेंचर्स प्राइवेट लिमिटेड,"A-128, 2Nd Floor Anand Vihar, New Delhi, East Delhi, Delhi","A-128, EAST DELHI, NEW DELHI, Delhi",0.0,0.5555555555555556,"128,2",128,1,0
S1-993501458,S2-925009521,EAY Rama Pvt Ltd,EAYRAMA.COM,"57 Dayanand Marg, Daryaganj, New Delhi, Delhi","DOOR NO 57 DAYANAND MARG, DARYAGANJ, दिल्ली",0.0,0.4,57,57,1,0
S1-993501458,S2-967448552,EAY Rama Pvt Ltd,EAY PVT LTD SERVICES,"57 Dayanand Marg, Daryaganj, New Delhi, Delhi","NO 57 DAYANAND MARG, DARYAGANJ, दिल्ली",0.6,0.4444444444444444,57,57,1,0
S1-808029509,S2-739116233,Ram Marketing,ராம் மார்க்கெட்டிங்,"No.512, T.H.Road, Madras.., ., Chennai, Tamil Nadu","NO.512, T.H.ROAD, MADRAS.., ., CHENNAI, தமிழ்நாடு",0.0,0.5384615384615384,512,512,1,0
S1-445637307,S2-187644313,Shyam Technology Private Limited,श्याम टेक्नोलॉजी प्राइवेट लिमिटेड,"210, Bakhatgarh Tower 10/1 New Palasia, Madhya Pradesh, Indore","BLOCK E-923 210, INDORE, Madhya Pradesh",0.0,0.3076923076923077,"1,10,210","210,923",1,0
S1-445637307,S2-853036288,Shyam Technology Private Limited,श्याम टेक्नोलॉजी प्राइवेट लिमिटेड,"210, Bakhatgarh Tower 10/1 New Palasia, Madhya Pradesh, Indore","BOCK E-923 210, INDORE, Madhya Pradesh",0.0,0.3076923076923077,"1,10,210","210,923",1,0
S1-939570303,S2-865500878,Uphar Agro Private Limited,Uphar  Agro Private,"D-7/6, Vasant Vihar, New Delhi, Delhi","D-7/6, VASANT VIHAR, Delhi",0.75,0.8571428571428571,"6,7","6,7",2,0
S1-683306713,S2-960328795,Hari Foods Private Limited,हरि फूड्स प्राइवेट लिमिटेड,"G-69 Sector-63, Hcl, Noida, Gautam Buddha Nagar, Uttar Pradesh","G-69 SECTOR-63, HCL, GHAZIABAD, GAUTAM BUDDHA NAGAR, Uttar Pradesh",0.0,0.8333333333333334,"63,69","63,69",2,0
S1-682835091,S2-674642231,Saheli Solutions Pvt Ltd,Saheli  Pvt Ltd Service,"C.P.18, Sector-B Lda Coloney Kanpur Road, Lucknow, Uttar Pradesh","C.P.##18, SECTOR-B LDA COLONEY KANPUR ROAD, LUCKNOW, उत्तर प्रदेश",0.6,0.5882352941176471,18,18,1,0
S1-387519977,S2-821454348,Maa Media Limited,ಮಾ ಮೀಡಿಯಾ ಲಿಮಿಟೆಡ್,"Karnataka, No. 4, Bangalore Rural, Ajjegowdanapalya, Sasveghatta Main Road, Bangalore North","NO. 4, BENGALURU URBAN, BANGALORE NORTH, Karnataka",0.0,0.4166666666666667,4,4,1,0
S1-438616592,S2-211716509,Maa & Co,Maa &,"D-33, Hastsal Vihar, Uttam Nagar, New Delhi, Delhi","D-33, HASTSAL VIHAR, UTTAM NAGAR, दिल्ली",0.6666666666666666,0.6,33,33,1,0
S1-289249952,S2-979100273,YIA Consultancy Private Limited,YIA Consultancy,"1/1027, G T Road Shahadara, Delhi, East Delhi, Delhi","#1/1027, G T ROAD SHAHADARA, DELHI, दिल्ली",0.5,0.7,"1,1027","1,1027",2,0
S1-415797049,S2-431244445,Red Producer Private Limited,रेड प्रोड्यूसर प्राइवेट लिमिटेड,"Shop No. S-7 And S-8, Singh Bhumi-13 Sector-A, Khatipura, Jaipur, Rajasthan","SLOP NO. S-7- AND S-8, JAIPUR, Rajasthan",0.0,0.4666666666666667,"13,7,8","7,8",2,0
S1-101455301,S2-879015751,Great Trading Private Limited,ग्रेट ट्रेडिंग प्राइवेट लिमिटेड,"Plot No. 20, Anand Vihar-C, Machera, Jaipur, Rajasthan","020, JAIPUR, Rajasthan",0.0,0.2,20,020,0,0
S1-634169369,S2-789724188,Anand Media Limited,आनंद मीडिया लिमिटेड,"48 Zone-Ii Near Aarya Bhawan M.P. Nagar, Bhopal, Madhya Pradesh","#48 ZONE-II NEAR AARYA BHAWAN M.P. NAGAR, DIVREPORTINGCIRCLE, BHOPAL, मध्य प्रदेश",0.0,0.5555555555555556,48,48,1,0
S1-828343389,S2-957950996,Av (India) Management Private Limited,Av (India) Management,"4, Corporation Building, 5Th Block, Rajajinagar, Bangalore, Bangalore North, Bangalore, Karnataka",,0.6,0.0,"4,5",,0,1
S1-605583748,S2-236687136,Future Software Private Limited,फ्यूचर सॉफ्टवेयर प्राइवेट लिमिटेड,"Unit No. 12 A, New Delhi, Delhi, 1St Floor Omaxe Square, Jasola District Centre, South Delhi","UNIT NO. 11 A, NEW DELHI, SOUTH DELHI, दिल्ली",0.0,0.35294117647058826,"1,12",11,0,0
S1-972830178,S2-543405026,City Enterprises Private Limited,सिटी एंटरप्राइजेज प्राइवेट लिमिटेड,"501, Royal Heritage, 5Th Floor Opp. Basant Bahar Theater, Kolhapur, Maharashtra","महाराष्ट्र, KOLHAPUR, H.NO A-785 501",0.0,0.10526315789473684,"5,501","501,785",1,0
S1-603233969,S2-110889052,Jai Aditya Developers Limited,जय आदित्य डेवलपर्स लिमिटेड,"Pune, S. No. 38, Pune, Maharashtra, H. No. 5A/2/5B (P), Office No. 101 Ko Pune City Pune Pune (Cb)","PUNE REGION, PUNE, Maharashtra, S. NO. 38",0.0,0.3125,"101,2,38,5",38,1,0
S1-179526642,S2-972942564,Life Power Private Limited,ଲାଇଫ୍ ପାୱାର୍ ପ୍ରାଇଭେଟ୍ ଲିମିଟେଡ୍,"Khordha, Plot No - 135, Bhubaneswar, Orissa, Mantra, Manor, Gothapatna","PLOT NO - 135, BHUBANESWAR, KHORDHA, Odisha",0.0,0.5,135,135,1,0
S1-179526642,S2-677900640,Life Power Private Limited,LIFE POWER LIMITED SERVICE,"Khordha, Plot No - 135, Bhubaneswar, Orissa, Mantra, Manor, Gothapatna",,0.6,0.0,135,,0,1
S1-215414507,S2-591438333,Raj Estate Private Limited,राज एस्टेट प्राइवेट लिमिटेड,"Cts 5743/8, Shop No 5, Builttech Property Chakan Talegaon Road, Taluka-Khed, Pune, Maharashtra","CTS 5743/8, PUNE, Maharashtra",0.0,0.3333333333333333,"5,5743,8","5743,8",2,0
S1-195801212,S2-457217791,Shivam Solutions Pvt Ltd,शिवम सॉल्यूशंस प्रा. लि.,"G-133, New Basti Silampur Shahdara Ph Iii, Delhi, East Delhi, Delhi","G-G-133, EAST DELHI, FARIDABAD, Delhi",0.0,0.36363636363636365,133,133,1,0
S1-299056842,S2-741027152,Genesis Educational Society,genesiseducational.com,"16 / 2601, Gali No-4, Gurudwara Road Beadon Pura, Karol Bagh, Delhi, Central Delhi, Delhi","DOOR NO 16 / 2601, GALI NO-4, GURUDWARA ROAD BEADON PURA, KAROL BAGH, DELHI, दिल्ली",0.0,0.75,"16,2601,4","16,2601,4",3,0
S1-242217080,S2-8155080,Green Global Private Limited,Green Gsbola Private-Limited,"Ug-29, Suneja Tower -2 District Centre Janak Puri, New Delhi, West Delhi, Delhi","UG-29, SUNEJA TOWER -2 DISTRICT CENTRE JANAK PURI, NEW DELHI, दिल्ली",0.6,0.7857142857142857,"2,29","2,29",2,0
S1-831315181,S2-922843659,Shyamsundar Estates Private Limited,Prívate Shyamsundar Estates Ltd,"Sh 334, 1St Floor, Raghuleela Mega Mall, Near Poisar Depot, Kandivali - West, Mumbai, Mumbai City, Maharashtra","PLOT D/685 SH 334, MUMBAI, MUMBAI CITY, Maharashtra",0.3333333333333333,0.2777777777777778,"1,334","334,685",1,0
S1-659283518,S2-476308516,Suyog Pharma Private Limited,M/s Suyog Pharma Private,"New Delhi, Bhikaji Cama Place, Delhi, B-22, Ansal Chambers-1, 3","B-22, ANSAL CHAMBERS-1, 3, BHIKAJI CAMA PLACE, Delhi",0.5,0.9090909090909091,"1,22,3","1,22,3",3,0
S1-659283518,S2-379928674,Suyog Pharma Private Limited,Kórarianyla,"New Delhi, Bhikaji Cama Place, Delhi, B-22, Ansal Chambers-1, 3","B-22, NEW DELHI, दिल्ली",0.0,0.3076923076923077,"1,22,3",22,1,0
S1-82763027,S2-979759498,Sky Products Private Limited,స్కై ప్రొడక్ట్స్ ప్రైవేట్ లిమిటెడ్,"3Rd Floor, Flat No. 301, House No. 7-1-75, Sree Sree Tower, Dk Road, Ameerpet, Hyderabad, Telangana","3RD FLOOR, HYDERABAD, తెలంగాణ",0.0,0.15,"1,3,301,7,75",3,1,0
S1-446642712,S2-54897120,Asoka Nursing Home Private Limited,Shri ASOKA NURSING HOME  PGAAE LIMITED - 4520306763,"West Bengal, 18, Rabindra Sarani, Gate No.4, 6Th Floor, Room No.2, Poddar Court, Kolkata, Howrah","PODDAR COURT, #18, RABINDRA SARANI, GATE NO.4, 6TH FLOOR, ROOM NO.2, KOLKATA, পশ্চিমবঙ্গ",0.5,0.65,"18,2,4,6","18,2,4,6",4,0
S1-574123371,S2-932948077,Arihant Healthcare,अरिहंत हेल्थकेयर,"28, Veena Nagar Gram-Pipliyakumar Ring Road, Opp. To Bombay Hospital, Indore, Madhya Pradesh","30, INDORE, Madhya Pradesh",0.0,0.2,28,30,0,0
S1-183253419,S2-127196514,Creative Consultants Private Limited,क्रिएटिव कंसल्टेंट्स प्राइवेट लिमिटेड,"B-61, Vivid House, Pushpanjali Enclave, Pitampura, Delhi, East Delhi, Delhi","B-61, EAST DELHI, दिल्ली",0.0,0.36363636363636365,61,61,1,0
S1-183253419,S2-598841626,Creative Consultants Private Limited,क्रिएटिव कंसल्टेंट्स प्राइवेट लिमिटेड,"B-61, Vivid House, Pushpanjali Enclave, Pitampura, Delhi, East Delhi, Delhi","B-61, DELHI",0.0,0.3333333333333333,61,61,1,0
S1-248462625,S2-828472883,Arihant Systems,ಅರಿಹಂತ್ ಸಿಸ್ಟಮ್ಸ್,"14096 Flr 9 Na Wing 14, Sobha Dream Acres Phase1, Bangalore North, Bangalore, Karnataka","0014096 FLR 9 NA WING 14, BANGALORE NORTH, BANGALORE, ಕರ್ನಾಟಕ",0.0,0.4117647058823529,"1,14,14096,9","0014096,14,9",2,0
S1-575577075,S2-911289672,Swastik Projects Private Limited,स्वस्तिक प्रोजेक्ट्स प्राइवेट लिमिटेड,"Off-109, Neo Corporate Plaza, Cabin A Ramchandra Lane Ext, Opp Kapole Wadi, Malad(W) Mumbai, Mumbai City, Maharashtra","OFF-109, MALAD(W) MUMBAI, MUMBAI CITY, Maharashtra",0.0,0.3888888888888889,109,109,1,0
S1-236399343,S2-858097425,Silver Products Limited,ಸಿಲ್ವರ್ ಪ್ರೊಡಕ್ಟ್ಸ್ ಲಿಮಿಟೆಡ್,"207, 2Nd Flr, Vandana Coral Apts, 1St Cross, 4Th Mn New Anugraha Layout, Bilekahali Post, Bangalore, Karnataka","DOOR NO 396 207, BANGALORE, Karnataka",0.0,0.15,"1,2,207,4","207,396",1,0
S1-15018062,S2-490054774,Swastik Software Limited,স্বস্তিক সফটওয়্যার লিমিটেড,"Jubilee Park 4C, Nand Lal Basu Sarani, Ground Floor, Kolkata, Kolkata, Howrah, West Bengal","KOLKATA, JUBILEE PARK 4C, পশ্চিমবঙ্গ, HOWRAH",0.0,0.29411764705882354,4,4,1,0
S1-503037108,S2-420137409,Royal Marketing Private Limited,रॉयल मार्केटिंग प्राइवेट लिमिटेड,"179, Girnar Colony South, Behind Canara Bank Gandhi Path, Vaishali Nagar, India, Jaipur, Rajasthan","H.NO 695 179, INDIA, JAIPUR, Rajasthan",0.0,0.23529411764705882,179,"179,695",1,0
S1-14823286,S2-382522526,Green Bharat Constructions Private Limited,ग्रीन भारत कंस्ट्रक्शंस प्राइवेट लिमिटेड,"401, 4Th Floor, Plot 63, Kadri Manzil, Dontad Street, Mumbai, Maharashtra","401, MUMBAI, महाराष्ट्र",0.0,0.13333333333333333,"4,401,63",401,1,0
S1-14823286,S2-621478239,Green Bharat Constructions Private Limited,ग्रीन भारत कंस्ट्रक्शंस प्राइवेट लिमिटेड,"401, 4Th Floor, Plot 63, Kadri Manzil, Dontad Street, Mumbai, Maharashtra","401, MUMBAI, Maharashtra",0.0,0.2727272727272727,"4,401,63",401,1,0
S1-484805479,S2-871071228,Red Estate Private Limited,Red Estate Private Ltd,"B-28, 3Rd Floor, Sector-60, Noida Distt., Gautam Budh Nagar, Noida, Gautam Buddha Nagar, Uttar Pradesh","उत्तर प्रदेश, B-28, 3RD FLOOR, SECTOR-60, NOIDA DISTT., GAUTAM BUDH NAGAR, NOIDA",0.6,0.5789473684210527,"28,3,60","28,3,60",3,0
S1-909172709,S2-196109173,Dlf Qe Digital Private Limited,DLF QE DÍGITAL-PRIVATE LTD,"Gf-24, Augusta Point, Sector-53, Dlf Golf Course Road, Dlf Qe, Haryana, Gurgaon",,0.42857142857142855,0.0,"24,53",,0,1
S1-76536399,S2-334818939,Mad It (India) LLP,Mad It (Inimea LLP,"22, Rubaire 14Th Khar Road, Bombay, Mumbai, Maharashtra","22, RUBAIRE 14TH KHAR ROAD, BOMBAY, महाराष्ट्र",0.6,0.5,"14,22","14,22",2,0
S1-190424629,S2-332619025,Star Properties Private Limited,स्टार प्रॉपर्टीज प्राइवेट लिमिटेड,"New Delhi, B-51/G-2 Dilshad Garden, New Delhi, Delhi","NEW DELHI, दिल्ली, B-51/G-2 DILSHAD GARDEN",0.0,0.8,"2,51","2,51",2,0
S1-190424629,S2-821359677,Star Properties Private Limited,स्टार प्रॉपर्टीज प्राइवेट लिमिटेड,"New Delhi, B-51/G-2 Dilshad Garden, New Delhi, Delhi","B-51/G-2 DILSHAD GARDEN, NEW DELHI, दिल्ली",0.0,0.8,"2,51","2,51",2,0
S1-106496759,S2-338059143,Aditya Impex Pvt Ltd,আদিত্য ইম্পেক্স প্রাইভেট লিমিটেড,"Bf-300 Salt Lake, Kolkata, Parganas North, West Bengal","BF-300  SALT LAKE, PARGANAS NORTH, KOLKATA, পশ্চিমবঙ্গ",0.0,0.5384615384615384,300,300,1,0
S1-991474333,S2-186148511,Black Consultants Private Limited,ब्लैक कंसल्टेंट्स प्राइवेट लिमिटेड,"B-88, Gulab Bagh, Matiala Road Uttam Nagar, New Delhi, West Delhi, Delhi","NEW DELHI, WEST DELHI, Delhi, B-90",0.0,0.3333333333333333,88,90,0,0
S1-701354,S2-675698386,Gujarat Industries Limited,గుజరాత్ ఇండస్ట్రీస్ లిమిటెడ్,"3-225 & 226, 4Th Floor, Cowork Valley, Kavuri Hills Phase 2 Rd, Madhapur, Hyderabad, Telangana","3-22 & 226, HYDERABAD, Andhra Pradesh",0.0,0.21052631578947367,"2,225,226,3,4","22,226,3",2,0
S1-382315315,S2-752138569,Raj Infrastructure Private Limited,राज इंफ्रास्ट्रक्चर प्राइवेट लिमिटेड,"1-B, Pocket-A, Dda Flats New Jafrabad, Near Telephone Exchange, Delhi, East Delhi, Delhi","001-B, EAST DELHI, DELHI, दिल्ली",0.0,0.1875,1,001,0,0
S1-290162312,S2-134378160,Great Infotech Private Limited,ગ્રેટ ઇન્ફોટેક પ્રાઇવેટ લિમિટેડ,"404, Samedh, B/S. Associated Petrol Pump C.G. Road, Ellisbridge, Ahmedabad, Gujarat","BLOCK B-618 404, MUMBAI, ELLISBRIDGE, Gujarat",0.0,0.25,404,"404,618",1,0
S1-985948527,S2-847419099,Gujarat Shiv Technology Limited,குஜராத் சிவ் டெக்னாலஜி லிமிடெட்,"Tamil Nadu, Chennai, No.10, Chennai, Iii Street, Samiyar Thottam","NO.##10, CHENNAI, Tamil Nadu",0.0,0.5555555555555556,10,10,1,0
S1-338244810,S2-176011706,Nine & Brothers Limited,NINE & BROHTFRS LIMITED,"Ernakulam, Muscat Tower, Pc Road, Chalikkavattom, Vyttila, Ernakulam, Ernakulam, 47/764-H, Kerala",,0.6,0.0,"47,764",,0,1
S1-571334561,S2-905718853,Shiva Logistics Limited,शिवा लॉजिस्टिक्स लिमिटेड,"1St Floor, South Delhi, E-12 Lajpat Nagar -1, New Delhi, Delhi","ST FLOOR, SOUTH DELHI, NEW DELHI, Delhi",0.0,0.36363636363636365,"1,12",,0,0
S1-571334561,S2-416066396,Shiva Logistics Limited,शिवा लॉजिस्टिक्स लिमिटेड,"1St Floor, South Delhi, E-12 Lajpat Nagar -1, New Delhi, Delhi","ST FLOOR, NEW DELHI, SOUTH DELHI, Delhi",0.0,0.36363636363636365,"1,12",,0,0
S1-571334561,S2-248630133,Shiva Logistics Limited,शिवा लॉजिस्टिक्स लिमिटेड,"1St Floor, South Delhi, E-12 Lajpat Nagar -1, New Delhi, Delhi","9ST FLOOR, SOUTH DELHI, Delhi",0.0,0.2727272727272727,"1,12",9,0,0
S1-823202566,S2-787246259,My Tech Private Limited,माय टेक प्राइवेट लिमिटेड,"S-89, Second Floor, Panchsheel Park, New Delhi, South Delhi, Delhi","PLOT 667 S-89, SOUTH DELHI, दिल्ली",0.0,0.3076923076923077,89,"667,89",1,0
S1-6146034,S2-519572062,Rng & Co,Rng & (Company),"Level 15 Floor, Unit- A, Max Towers, Plot No. C-001/A/1, Sector-16-B, Noida, Gautam Buddha Nagar, Uttar Pradesh","DOOR NO C-307 LEVEL 15 FLOOR, UNIT- A, MAX TOWERS, PLOT NO. C-001/A/1, SECTOR-16-B, NOIDA, उत्तर प्रदेश",0.5,0.5714285714285714,"001,1,15,16","001,1,15,16,307",4,0
S1-95503899,S2-950137390,Unique Investment Limited,यूनिक इन्वेस्टमेंट लिमिटेड,"H.No. 1152, Kashiprayag Bumglow, Champa Nagari, Jail Road, Dasak Nasik Road, Nashik, Maharashtra","H.NO. 1152, NASHIK, Maharashtra",0.0,0.38461538461538464,1152,1152,1,0
S1-95503899,S2-816744928,Unique Investment Limited,यूनिक इन्वेस्टमेंट लिमिटेड,"H.No. 1152, Kashiprayag Bumglow, Champa Nagari, Jail Road, Dasak Nasik Road, Nashik, Maharashtra","NO 1152, NASHIK, Maharashtra",0.0,0.3076923076923077,1152,1152,1,0
S1-557893523,S2-233971469,Chand Marketing Pvt Ltd,Chand Marketing Pvt Limited,"12, Uptron Estate Panki, Kanpur, Uttar Pradesh","12, UPTRON ESTATE PAKNI, KANPUR, उत्तर प्रदेश",0.6,0.3076923076923077,12,12,1,0
S1-351434319,S2-509759004,Indo Infra Limited,ಇಂಡೋ ಇನ್‌ಫ್ರಾ ಲಿಮಿಟೆಡ್,"No.14, Sumo Solitaire, 37Th A Cross, 1St Main Road, Jayanagar 8Th Block, Bangalore South, Bangalore, Karnataka","DOOR NO B3/14, BANGALORE SOUTH, BANGALORE, Karnataka",0.0,0.2777777777777778,"1,14,37,8","14,3",1,0
S1-505076726,S2-340814974,Maa Finance LLP,ಮಾ ಫೈನಾನ್ಸ್ ಎಲ್ಎಲ್‌ಪಿ,"Flr-3, Hakimi Edifice, 5Th Cross Rd, Vinayaka Ngr, Bangalore South, Bangalore, Karnataka","HN 515 FLR-3, BANGALORE SOUTH, BANGALORE, Karnataka",0.0,0.35714285714285715,"3,5","3,515",1,0
S1-466850881,S2-572850595,Golden Solutions Private Limited,गोल्डन सॉल्यूशंस प्राइवेट लिमिटेड,"184, E W S, Jawahar Nagar Dewas, Dewas, Madhya Pradesh","HN 154 184, DEWAS, VADODARA, Madhya Pradesh",0.0,0.3333333333333333,184,"154,184",1,0
S1-899143408,S2-826727581,Baba Infra Private Limited,বাবা ইনফ্রা প্রাইভেট লিমিটেড,"15, Lake Terrace, Kolkata, Howrah, West Bengal","BLOCK G-632 15, HOWRAH, NO BLOCK, West Bengal",0.0,0.36363636363636365,15,"15,632",1,0
S1-693706710,S2-725892295,Excellent Span Corporation,Sri ESPAN.COM,"43/5, Ground Floor Godown Ashok Nagar, New Delhi, West Delhi, Delhi","BLOCK C-583  43/5, DELHI",0.0,0.23076923076923078,"43,5","43,5,583",2,0
S1-565554979,S2-918565165,Unique Industries,Dr Unique Idhstgies,"B-240 Sanjay Nagar, Ghaziabad, Uttar Pradesh","HN 845- B-240 SANJAY NAGAR, GHAZIABAD, उत्तर प्रदेश",0.25,0.35714285714285715,240,"240,845",1,0
S1-336470938,S2-119826979,Vns Shanti,Smt Vns  Center,"Flat No. A/402/Cts214, Meghdoot Chs Ltd, Shahaji Raje Marg, Koldongri, Vile Parle, East, Mumbai, Mumbai City, Maharashtra",,0.25,0.0,"214,402",,0,1
S1-149529708,S2-55154327,Bright Industries Private Limited,ब्राइट इंडस्ट्रीज प्राइवेट लिमिटेड,"101-3/4 (277), Sector 5, Sanpada, Navi Mumbai, Thane, Maharashtra","(277), THANE, महाराष्ट्र",0.0,0.13333333333333333,"101,277,3,4,5",277,1,0
S1-101145710,S2-928164749,Ncs Estates Private Limited,Ncs Estates Private,"D-1388, Indira Nagar, Lucknow, Uttar Pradesh","D-1388, INDIRA NAGAR, Uttar Pradesh",0.75,0.8571428571428571,1388,1388,1,0
S1-950633832,S2-317549471,Ace Software,ఏస్ సాఫ్ట్‌వేర్,"123, Lotus Enclave Athvelly, Medchal, Rangareddy, Telangana","123, MEDCHAL, RANGAREDDY, తెలంగాణ",0.0,0.2727272727272727,123,123,1,0
S1-293942648,S2-57266371,All Classic Care Private Limited,ఆల్ క్లాసిక్ కేర్ ప్రైవేట్ లిమిటెడ్,"H. No. 8-2-248/A/5, Plot No. 26, Sri Venkateswara- Hills Colony, Road No. 3, Banjara Hills, Hyderabad, Telangana","H. NO. 9-8-2-248/A/5, HYDERABAD, Telangana",0.0,0.47368421052631576,"2,248,26,3,5,8","2,248,5,8,9",4,0
S1-293942648,S2-23823827,All Classic Care Private Limited,ఆల్ క్లాసిక్ Care ప్రైవేట్ లిమిటెడ్,"H. No. 8-2-248/A/5, Plot No. 26, Sri Venkateswara- Hills Colony, Road No. 3, Banjara Hills, Hyderabad, Telangana","9-8-2-248/A/5, HYDERABAD, Telangana",0.06666666666666667,0.3684210526315789,"2,248,26,3,5,8","2,248,5,8,9",4,0
S1-786611258,S2-108641827,High Healthcare Private Limited,High Healthcare Private Ltd,"Bp Block House No 80 Pitampura, Delhi, North West, Delhi","BLOCK F-5-874 BP BLOCK HOUSE NO 80 PITAMPURA, DEHI, Delhi",0.6,0.5384615384615384,80,"5,80,874",1,0
S1-879495762,S2-637551876,Green Industries Private Limited,ગ્રીન ઇન્ડસ્ટ્રીઝ પ્રાઇવેટ લિમિટેડ,"Plot No. 60, Block No. 69, Vareli, Tal. Palsana, Surat, Gujarat","#60, TAL. PALSANA, ગુજરાત",0.0,0.23076923076923078,"60,69",60,1,0
S1-16277328,S2-949677716,Devora Foods Private Limited,Devora Foods Private - 5420819617,"Door No Xiv/, 488/13, First Floor, Suncity Complex, Koorkencherry Post, Thrissur, Kerala",,0.6,0.0,"13,488",,0,1
S1-637245704,S2-612399729,Fashion Global Private Limited,Fashion Goabcl Private Limited,"E- 1093, Rajajipuram, Lucknow, Uttar Pradesh","E- 3093, RAJAJIPURAM, LUCKNOW, उत्तर प्रदेश",0.6,0.25,1093,3093,0,0
S1-805123240,S2-909124022,KE Pharmacy Private Limited,Limited KE Private Partners,"Z A 18/4 Gali No 1 Prem Ngr Ii, New Delhi, Delhi, West Delhi, Delhi","Z A 18/4 GALI NO 1 PREM NGR II, DELHI, WEST DELHI, दिल्ली",0.6,0.8,"1,18,4","1,18,4",3,0
S1-805123240,S2-989511453,KE Pharmacy Private Limited,KE PHARMACY,"Z A 18/4 Gali No 1 Prem Ngr Ii, New Delhi, Delhi, West Delhi, Delhi",,0.5,0.0,"1,18,4",,0,1
S1-392839211,S2-773539302,Sunrise Estate Private Limited,सनराइज एस्टेट प्राइवेट लिमिटेड,"701, B - Wing, Maitri Residency, Poisar Gymkhana Rd Opp Poisar Gymkhana, Kandivali (W), Mumbai, Mumbai City, Maharashtra","701, MUMBAI, MUMBAI CITY, Maharashtra",0.0,0.2857142857142857,701,701,1,0
S1-971116912,S2-404167621,Seven Enterprises,सेवन एंटरप्राइजेज,"1St Floor, G-9, Lawrance Road, New Delhi, Delhi","#1ST FLOOR, G-9, NORTH WEST DELHI, NEW DELHI, Delhi",0.0,0.6,"1,9","1,9",2,0
S1-763934443,S2-80125881,Mumbai Power,Mumbai Peore,"1, Floor-Mezz, Plot No.56, Dontad Street, Khadak, Chinchbunder, Mumbai, Maharashtra",,0.3333333333333333,0.0,"1,56",,0,1
S1-158068767,S2-477484601,Sanyam Engineering (India) Pvt. Ltd.,Sanyam Engnieedrsng (India) Pvt.-Ltd.,"Gat-48 Midc Chikalthana, Aurangabad, Maharashtra","GAT-48 MIDC CHIKALTHANA, AURANGABAD, महाराष्ट्र",0.6666666666666666,0.5,48,48,1,0
S1-650231083,S2-575268254,Emes Clinic,EMES  CGNIAIC,"6 Jasmit Duplex 22 Patelsociety Gulbai Tekra Ellisbridge, Ahmedabad, Gujarat",,0.3333333333333333,0.0,"22,6",,0,1
S1-102854527,S2-557086353,Royal Constructions Private Limited,ರಾಯಲ್ ಕನ್‌ಸ್ಟ್ರಕ್ಷನ್ಸ್ ಪ್ರೈವೇಟ್ ಲಿಮಿಟೆಡ್,"No. 873, Ground Floor, 5Th B Cross, M.S.R.S. Nagar, Bannerrghatta Road, Bangalore, Karnataka","NO. 873, BANGALORE, ಕರ್ನಾಟಕ",0.0,0.16666666666666666,"5,873",873,1,0
S1-986085028,S2-220312067,Garg Distributors Private Limited,GARG DISTRIBUTORS PRVIRTE LIMITED,"Plot No. D-1, 4Th Floor, Salcon Ras Vilas, District Centre, Saket, South Delhi, Delhi",,0.6,0.0,"1,4",,0,1
S1-623029217,S2-461764523,Pioneer Investment Private Limited,पायोनियर इन्वेस्टमेंट प्राइवेट लिमिटेड,"714, Directors Building, Meeto, Meeto, Hardoi, Sandila, Hardoi, Uttar Pradesh","उत्तर प्रदेश, HARDOI, SANDILA, H.NO G-57 714",0.0,0.17647058823529413,714,"57,714",1,0
S1-446734432,S2-818746416,Real Infra Private Limited,রিয়েল ইনফ্রা প্রাইভেট লিমিটেড,"15 May Fair Rd, Kolkata, Calcutta, West Bengal","15 MAY FAIR RD, CALCUTTA, KOLKATA, পশ্চিমবঙ্গ",0.0,0.5,15,15,1,0
S1-193346183,S2-413767328,Dream Finance Private Limited,ಡ್ರೀಮ್ ಫೈನಾನ್ಸ್ ಪ್ರೈವೇಟ್ ಲಿಮಿಟೆಡ್,"No 1/289 First Floor, 4Th Main 2Nd Cross Opp Gvt Telugu School Kamakshmamma Layout Yelaha, Nka, Bangalore, Karnataka","FIRST FLOOR, BENGALURU, BANGALORE, Karnataka",0.0,0.2,"1,2,289,4",,0,0
S1-193346183,S2-412418312,Dream Finance Private Limited,ಡ್ರೀಮ್ ಫೈನಾನ್ಸ್ ಪ್ರೈವೇಟ್ ಲಿಮಿಟೆಡ್,"No 1/289 First Floor, 4Th Main 2Nd Cross Opp Gvt Telugu School Kamakshmamma Layout Yelaha, Nka, Bangalore, Karnataka","FIRT FLOOR, BENGALURU, BANGALORE, ಕರ್ನಾಟಕ",0.0,0.08333333333333333,"1,2,289,4",,0,0
S1-174271956,S2-372907851,Amf Services Private Limited,Amf Services Private,"Herbo Nagar Vyasbag Po Harahua, Varanasi, Uttar Pradesh",,0.75,0.0,,,0,1
S1-764756041,S2-410481031,Delhi Solutions Private Limited,Delhi Solutions,"C-56, Friends Colony, New Delhi, Delhi, South Delhi, Delhi","C-56, FRIENDS COLOCY, NEW DELHI, DELHI, दिल्ली",0.5,0.5,56,56,1,0
S1-764756041,S2-212067735,Delhi Solutions Private Limited,DELHI SOTIUOIS PRIVATE LIMITED,"C-56, Friends Colony, New Delhi, Delhi, South Delhi, Delhi","C-56, FRIENDS COLONY, NEW DELHI, DELHI, दिल्ली",0.6,0.6666666666666666,56,56,1,0
S1-764756041,S2-340864032,Delhi Solutions Private Limited,Delhi Solutions Provelha Limited,"C-56, Friends Colony, New Delhi, Delhi, South Delhi, Delhi","C-56, FRIENTS COLONY, NEW DELHI, DELHI, दिल्ली",0.6,0.5,56,56,1,0
S1-678873884,S2-298802885,BSO Lab Private Limited,PRIVATE BSO LAB LTD,"H No. E - 15 First Floor, Geetanjali Enclave, New Delhi, South Delhi, Delhi","H NO. E - 15 FIRST FLOOR, SOUTH DELHI, NEW DELHI, दिल्ली",0.6,0.6923076923076923,15,15,1,0
S1-107416839,S2-98938407,Sree Developers Private Limited,ಶ್ರೀ ಡೆವಲಪರ್ಸ್ ಪ್ರೈವೇಟ್ ಲಿಮಿಟೆಡ್,"No. 664, Sector - 3 Hsr Layout, Bangalore, Karnataka","DOOR NO 664, SECTOR - 3 HSR LAYOUT, BANGALORE, ಕರ್ನಾಟಕ",0.0,0.5833333333333334,"3,664","3,664",2,0
S1-982784016,S2-36055872,Ganga Enterprises Private Limited,DREXLUM,"No.56, 1Stccrossteacher'Scolony, Bangalore, Karnataka","NO.B3/56, <NULL>, BENGALURU, BANGALORE, Karnataka",0.0,0.4444444444444444,"1,56","3,56",1,0
S1-532987628,S2-350784591,Delhi Tile Private Limited,Delhi Tile Private Ltd,"S-357, G.F. Panchsheel Park, Delhi, South Delhi, Delhi","S-357, G.F. PANCHSHEEL PARK, DELHI, दिल्ली",0.6,0.7,357,357,1,0
S1-696642661,S2-20377610,AD Chit Center,Xyloxylo,"115 Dbs Heritage House, Prescott Street, Fort, Mumbai, Maharashtra","DBS HERITAGE HOUSE, MUMBAI, Maharashtra",0.0,0.5555555555555556,115,,0,0
S1-886399476,S2-898648993,Seven Producer Limited,SEVEN PRODUCER,"Kp Iv/157 Villa Razan Vadakkumbhagom Kazakuttom, Thiruvananthapuram, Trivandrum, Kerala",,0.6666666666666666,0.0,157,,0,1
S1-937431056,S2-725269912,City Technology Private Limited,सिटी टेक्नोलॉजी प्राइवेट लिमिटेड,"A-2302, 23Rd Floor, A-Wing, Orchid Tower Jbb Marg, Opp. Mumbai Central Bus Depot, Mumbai, Mumbai City, Maharashtra","BLOCK G-340 A-2302, MUMBAI, MUMBAI CITY, Maharashtra",0.0,0.2631578947368421,"23,2302","2302,340",1,0
S1-649660653,S2-113379465,Pashin Brothers Company,Pashin [Brothers] | www.pashinbr.com,"Kolkata, West Bengal, 18 S P Mukherjee Road, Calcutta","DOOR NO 18 S P MUKHERJEE ROAD, KOLKATA, West Bengal",0.3333333333333333,0.7272727272727273,18,18,1,0
S1-410540438,S2-557354456,Bright Trading Ltd,(Partners) Bright Ltd,"48/2, Eswara Doss Street Triplicane, Chennai, Tamil Nadu","48, CHENNAI, Tamil Nadu",0.5,0.4444444444444444,"2,48",48,1,0
S1-566738448,S2-737175231,Surat Solutions Private Limited,Private Surat Solutions (Ltd),"No.9, Hudco Colony South, Tatabad, Coimbatore, Tamil Nadu","NO.9, COIMBATORE, Tamil Nadu",0.6,0.5555555555555556,9,9,1,0
S1-566738448,S2-100600329,Surat Solutions Private Limited,PRIVATE SURAT SOLUTIONS LTD,"No.9, Hudco Colony South, Tatabad, Coimbatore, Tamil Nadu","NO 9, COIMBATORE, Tamil Nadu",0.6,0.5555555555555556,9,9,1,0
S1-133393847,S2-783421333,Surya Constructions,સૂર્ય કન્સ્ટ્રક્શન્સ,"Fl. No. 308, Chandan Appt. Nr. Althan Garden, Surat, Gujarat","FL. NO. 308, SURAT, ગુજરાત",0.0,0.3076923076923077,308,308,1,0
S1-133393847,S2-199161930,Surya Constructions,સૂર્ય Constructions,"Fl. No. 308, Chandan Appt. Nr. Althan Garden, Surat, Gujarat","FL. NO. 308, SURAT, ગુજરાત",0.2,0.3076923076923077,308,308,1,0
S1-659292404,S2-234290263,Life Consultancy Pvt Ltd,लाइफ कंसल्टेंसी प्रा. लि.,"20, Adarsh Nagar Ajmer Road, Beawar, Ajmer, Rajasthan","Rajasthan, BEAWAR, AJMER, 0020",0.0,0.375,20,0020,0,0
S1-661787465,S2-722923222,Best Projects Private Limited,बेस्ट प्रोजेक्ट्स प्राइवेट लिमिटेड,"26, New Apollo Estate, Mogra Lane, New Nagards Road, Andheri (E), Mumbai, Maharashtra","PGOT 746 26, MUMBAI II, Maharashtra",0.0,0.2,26,"26,746",1,0
S1-661787465,S2-716252716,Best Projects Private Limited,बेस्ट प्रोजेक्ट्स प्राइवेट लिमिटेड,"26, New Apollo Estate, Mogra Lane, New Nagards Road, Andheri (E), Mumbai, Maharashtra","PLOT 746 26, MUMBAI II, Maharashtra",0.0,0.2,26,"26,746",1,0
S1-689772458,S2-573346788,Shakti Engineering Private Limited,ଶକ୍ତି ଇଞ୍ଜିନିୟରିଂ ପ୍ରାଇଭେଟ୍ ଲିମିଟେଡ୍,"Orissa, Bhubaneswar, Khordha, Plot No-1629, Satya Vihar, Rasulgarh, Bhubaneswar, P.S-Mancheswar, Khordha, Odish, A","H.NO 687 PLOT NO-1629, KHORDHA, BHUBANESWAR, Odisha",0.0,0.29411764705882354,1629,"1629,687",1,0
S1-672834079,S2-454081602,Uppal Dairy Private Limited,dairyprivate.com,"H No. 2-1-32, 2Nd Floor, Sudha Arcde Complex, Uppal, K.V.Rangareddy, Telangana","H.NO 2-1-32, MEDCHAL MALKAJGIRI, Telangana",0.0,0.35294117647058826,"1,2,32","1,2,32",3,0
S1-961125410,S2-173748530,Shakti Estate Private Limited,శక్తి ఎస్టేట్ ప్రైవేట్ లిమిటెడ్,"H.No.8-2-310/B/11/3, Navodaya Colony Road.No.14, Banjara Hills, Hyderabad, Telangana","DOOR NO 8-2-310/B/11/3, HYDERABAD, Andhra Pradesh",0.0,0.42105263157894735,"11,14,2,3,310,8","11,2,3,310,8",5,0
S1-961125410,S2-551615417,Shakti Estate Private Limited,PRIVATE SHAKTI ECLNTLAE LIMITED,"H.No.8-2-310/B/11/3, Navodaya Colony Road.No.14, Banjara Hills, Hyderabad, Telangana","8-2-310/B/11/3, HYDERABAD, Andhra Pradesh",0.6,0.3888888888888889,"11,14,2,3,310,8","11,2,3,310,8",5,0
S1-214986776,S2-28147198,Gujarat Investments Private Limited,ગુજરાત ઇન્વેસ્ટમેન્ટ્સ પ્રાઇવેટ લિમિટેડ,"613, 6Th Floor, Luxuria Business Hub, Surat, Gujarat","613, SURAT, ગુજરાત",0.0,0.18181818181818182,"6,613",613,1,0
S1-799601147,S2-363512868,Royal Infrastructure Private Limited,ରୟାଲ୍ ଇନଫ୍ରାଷ୍ଟ୍ରକଚର୍ ପ୍ରାଇଭେଟ୍ ଲିମିଟେଡ୍,"E/43, Ihub, Infocity, Chandrasekharpur, Bhubaneswar, Khordha, Orissa","E/#43, BHUBANESWAR, KHORDHA, ଓଡ଼ିଶା",0.0,0.4,43,43,1,0
S1-605540109,S2-895107853,Southern Power Private Limited,ಸದರ್ನ್ ಪವರ್ ಪ್ರೈವೇಟ್ ಲಿಮಿಟೆಡ್,"#20, 1St Main, Bangalore North, Bangalore, Karnataka","BANGALORE NORTH, #20, NAGARABAVI, Karnataka, 1ST MAIN",0.0,0.8571428571428571,"1,20","1,20",2,0
S1-605540109,S2-157302817,Southern Power Private Limited,ಸದರ್ನ್ ಪವರ್ ಪ್ರೈವೇಟ್ ಲಿಮಿಟೆಡ್,"#20, 1St Main, Bangalore North, Bangalore, Karnataka","#20, BANGALORE NORTH, NAGARABAVI, Karnataka",0.0,0.5714285714285714,"1,20",20,1,0
S1-605540109,S2-127438185,Southern Power Private Limited,ಸದರ್ನ್ ಪವರ್ ಪ್ರೈವೇಟ್ ಲಿಮಿಟೆಡ್,"#20, 1St Main, Bangalore North, Bangalore, Karnataka","NAGARABAVI, #20, BANGALORE NORTH, ಕರ್ನಾಟಕ, 1ST MAIN",0.0,0.5,"1,20","1,20",2,0
S1-605540109,S2-106434518,Southern Power Private Limited,ಸದರ್ನ್ ಪವರ್ ಪ್ರೈವೇಟ್ ಲಿಮಿಟೆಡ್,"#20, 1St Main, Bangalore North, Bangalore, Karnataka","1ST MAIN, NO 20, NAGARABAVI, ಕರ್ನಾಟಕ, BANGALORE NORTH",0.0,0.45454545454545453,"1,20","1,20",2,0
S1-175481742,S2-127767622,City It,सिटी आईटी,"Rz-142, Ground Floor, Vishnu Garden, New Delhi, West Delhi, Delhi","RZ-142, NEW DELHI, WEST DELHI, Delhi",0.0,0.5555555555555556,142,142,1,0
S1-470441554,S2-890168223,Jd Industries Group,Smt Jd Industries,"Delhi, West Delhi, C-5 B-14-A Janakpuri, New Delhi","C-5 B-14-A JANAKPURI, NEW DELHI, दिल्ली",0.5,0.7272727272727273,"14,5","14,5",2,0
S1-470441554,S2-104509096,Jd Industries Group,JD INDUSTRIES,"Delhi, West Delhi, C-5 B-14-A Janakpuri, New Delhi","C-5 B-14-A JANAKPURI, NEW DELHI, Delhi",0.6666666666666666,0.8888888888888888,"14,5","14,5",2,0
S1-275775384,S2-659216326,Lotus Impex Pvt Ltd,लोटस इम्पेक्स प्रा. लि.,"House No. 286, Ground, Floor Harijan Basti., New Delhi, Delhi","HOUSE NO. 86, NEW DELHI, SOUTH WEST DELHI, Delhi",0.0,0.3333333333333333,286,86,0,0
S1-919186771,S2-183677134,Great Estates Private Limited,GREAT-ESTATES PRÍVATE,"603, Ashiana Harniwas Complexnew Dak Bungalow Road, Patna-8 00001., Patna, Bihar",,0.4,0.0,"00001,603,8",,0,1
S1-326467532,S2-782028868,Vision Investments Private Limited,विजन इन्वेस्टमेंट्स प्राइवेट लिमिटेड,"2/73, Punjabi Bagh, West, New Delhi, New Delhi, Delhi","2/73, NEW DELHI, Delhi",0.0,0.5714285714285714,"2,73","2,73",2,0
S1-742385448,S2-884914623,Sree Energy Private Limited,Sree Energy Private-Ltd,"V-37 Green Park, New Delhi, North Delhi, Delhi","V-D/37 GREEN PARK, NEW DELHI, N/A, दिल्ली",0.6,0.5,37,37,1,0
S1-173871020,S2-723684997,Gujarat Impex,गुजरात इम्पेक्स,"Office No.304, 3Rd Floor, B-292, Chandra Complex New Ashok Nagar, New Delhi, New Delhi, East Delhi, Delhi","ODFICE NO.304, EAST DELHI, NEW DELHI, दिल्ली",0.0,0.29411764705882354,"292,3,304",304,1,0
S1-114412434,S2-474294740,Two & Sons Limited,-- Two & Limited Partners,"Plot No : 15 And 16, Flat No: 302, Nizampet Road, Hydernagar Village, Hyderabad, Telangana","PLOT NO : 15 AND 16, RANGAREDDY, Telangana",0.6,0.42857142857142855,"15,16,302","15,16",2,0
S1-777873812,S2-163319411,Swastik Products Private Limited,स्वस्तिक प्रोडक्ट्स प्राइवेट लिमिटेड,"2Nd Floor, Office No 202, Business Square, Lane No 5 Koregaon Park, Opp Hotel Great Punjab, Pune, Maharashtra","FLOOR, PUNE, Maharashtra",0.0,0.17647058823529413,"2,202,5",,0,0
S1-662463493,S2-42979474,Golden Fortune Management Private Limited,गोल्डन फॉर्च्यून मैनेजमेंट प्राइवेट लिमिटेड,"B248 T F Left Side, West Vinod Nagar, Near Park New Delhi, Delhi, East Delhi, Delhi","B248 T F LEFT SIDE, DELHI, EAST DELHI, दिल्ली",0.0,0.4666666666666667,248,248,1,0
S1-540197009,S2-652788864,Om Ace Systems Private Limited,ওম এইস সিস্টেমস প্রাইভেট লিমিটেড,"Hb-333/4A Salt Lake, Kolkata, North 24 Parganas, West Bengal","NORTH 24 PARGANAS, পশ্চিমবঙ্গ, KOLKATA, HB-333/4A SALT LAKE",0.0,0.6,"24,333,4","24,333,4",3,0
S1-7089836,S2-763758778,FKR Hospitality Private Limited,FKR Hospitality Private,"Cabin No 9, 4Th Floor Of 4, 5, And 6, Aditya Complex Gaurav Nagar, Kottanur Dinne, Main Road, Jp Nagar, Bangalore, Karnataka",,0.75,0.0,"4,5,6,9",,0,1
S1-189718366,S2-413615426,UBD Visuals Private Limited,UBDVISUALS.COM,"Shop No. 7, Csc No. 10 S-4, Pocket F-24, Rohini Sector-3, Delhi, North West Delhi, Delhi","DOOR NO ##7 , CSC NO. 10 S-4, POCKET F-24, ROHINI SECTOR-3, DELHI, दिल्ली",0.0,0.6842105263157895,"10,24,3,4,7","10,24,3,4,7",5,0
S1-666091354,S2-489035781,Mtl Consultancy LLP,LLP Mtl Cfostultmancy,"Unit No.226, Second Floor, Vipul Agora, Mg Road, Dlf Qe, Gurgaon, Haryana","GURHAON, N/A, Haryana, UNIT NO.#226",0.5,0.25,226,226,1,0
S1-758195360,S2-825968557,Vision Energy Private Limited,ଭିଜନ୍ ଏନର୍ଜି ପ୍ରାଇଭେଟ୍ ଲିମିଟେଡ୍,"Plot- 163/54, Ganash Thana, Darpan, Jajpur, Orissa","PLO-T 163/54, DARPAN, JAJAPUR, Odisha",0.0,0.25,"163,54","163,54",2,0
S1-973189178,S2-352582079,Venus Constructions Private Limited,VENUS CONSTRUCTIONS PRIVATE (LTD),"S-557, First Floor, School Block, Shakarpur, Delhi, East Delhi, Delhi","S-557, FIRST FLOOR, SCHOOL BLOCK, SHAKARPUR, DELHI, दिल्ली",0.6,0.7272727272727273,557,557,1,0
S1-973189178,S2-410471321,Venus Constructions Private Limited,Venus Cniostruntisns Prívate [Limited],"S-557, First Floor, School Block, Shakarpur, Delhi, East Delhi, Delhi","S-557, FIRST FLOOR, SCHOOL BLOCK, SHAKARPUR, DELHI, दिल्ली",0.3333333333333333,0.7272727272727273,557,557,1,0
S1-527538724,S2-284444257,Ss Marketing Private Limited,एसएस मार्केटिंग प्राइवेट लिमिटेड,"Office No. 10, Hari Mansion, Plot No. 49, Dhanji Street, Zaveri Bazar, Mumbadevi, Bhuleshwar, Mumbai, Maharashtra","OFFICE NO. 10, MUMBAI, महाराष्ट्र",0.0,0.21052631578947367,"10,49",10,1,0
S1-852733380,S2-811339093,Anand Impex Private Limited,आनंद इम्पेक्स प्राइवेट लिमिटेड,"Gurgaon, Flat No. 106 Gh-42, Hewo Apartments Sector 56, Haryana, Gurgaon","FLAT NO. 106 GH-42, GURUGRAM, GURGAON, Haryana",0.0,0.5833333333333334,"106,42,56","106,42",2,0
S1-793205745,S2-228442612,One Solutions Pvt Ltd,వన్ సొల్యూషన్స్ ప్రైవేట్ లిమిటెడ్,"D.No.40-9-73, 2Nd Floor, Kala Nagar Near Benz Circle Vijayawada Municipal Corporation, Revenue Ward -13, Vijayawada (Urban), Krishna, Andhra Pradesh","D.NO.0-9-73, KRISHNA, ఆంధ్రప్రదేశ్",0.0,0.17857142857142858,"13,2,40,73,9","0,73,9",2,0
S1-77095789,S2-14780105,Great Investments Pvt Ltd,கிரேட் இன்வெஸ்ட்மெண்ட்ஸ் பிரைவேட் லிமிடெட்,"No. 127, Triplicane High Road, Triplicane, Chennai, Tamil Nadu","DOOR NO 127, CHENNAI, MADRAS, Tamil Nadu",0.0,0.5,127,127,1,0
S1-77095789,S2-944898218,Great Investments Pvt Ltd,கிரேட் இன்வெஸ்ட்மெண்ட்ஸ் பிரைவேட் லிமிடெட்,"No. 127, Triplicane High Road, Triplicane, Chennai, Tamil Nadu","NO. 127, MADRAS, CHENNAI, Tamil Nadu",0.0,0.5555555555555556,127,127,1,0
S1-77095789,S2-282740060,Great Investments Pvt Ltd,கிரேட் இன்வெஸ்ட்மெண்ட்ஸ் பிரைவேட் லிமிடெட்,"No. 127, Triplicane High Road, Triplicane, Chennai, Tamil Nadu","NO. 127, Tamil Nadu, MADRAS, CHENNAI",0.0,0.5555555555555556,127,127,1,0
S1-669465676,S2-509628669,Smart Engineering Private Limited,स्मार्ट इंजीनियरिंग प्राइवेट लिमिटेड,"21/267 Chopasani Housing Board, Jodhpur, Rajasthan","21/267 CHOPDSANI HOUSING BOARD, JODHPUR, Rajasthan",0.0,0.75,"21,267","21,267",2,0
S1-881334309,S2-198827840,Arihant Engineering Private Limited,ଅରିହନ୍ତ ଇଞ୍ଜିନିୟରିଂ ପ୍ରାଇଭେଟ୍ ଲିମିଟେଡ୍,"Plot No1158/3094, Soubhagya Nagar, Bhubaneswar, Khordha, Orissa","PLOT NO1158/3094, N/A, BHUBANESWAR, KHORDHA, Odisha",0.0,0.45454545454545453,"1158,3094","1158,3094",2,0
S1-185461335,S2-847088189,Supreme Power Private Limited,सुप्रीम पावर प्राइवेट लिमिटेड,"58 B, Vakil Road, Muzaffarnagar, Uttar Pradesh","NO 58 B, VAKIL ROAD, MUZAFFARNAGAR, उत्तर प्रदेश",0.0,0.38461538461538464,58,58,1,0
S1-341737868,S2-379781455,Four Ocean Private Limited,Dr F0UR OCEAN PRIVATE,"306, Sangeet Plaza, Opp. Marol Fire Brigade, Marol Maroshi Road, Marol, Andheri (East, )., Mumbai, Mumbai City, Maharashtra","306/2, MUMBAI, MUMBAI CITY, महाराष्ट्र",0.3333333333333333,0.15789473684210525,306,"2,306",1,0
S1-994108031,S2-817922261,Lotus Care,लोटस केयर,"Unit No. 1601, 16Th Floor, Tower- B, Plot C-1, Sector- 16, World Trade Tower, Noida, Gautam Buddha Nagar, Uttar Pradesh","UNIT NO. 1601, GAUTAM BUDDHA NAGAR, Uttar Pradesh",0.0,0.4,"1,16,1601",1601,1,0
S1-159394762,S2-353369003,Sea Cargo Limited,Sea Cargo Ltd,"Ernakulam, Kerala, 1St Floor, Thykoottathil Square, Civil Line Rd, Opp. St. Joseph Church",,0.5,0.0,1,,0,1
S1-897403696,S2-965719850,Red Management,ರೆಡ್ ಮ್ಯಾನೇಜ್‌ಮೆಂಟ್,"No. 73, Hillside Meadows Layout, M S Palya, Vidyaranyapura, Bangalore, Karnataka","H.NO 73/6, BANGALORE, Karnataka",0.0,0.3076923076923077,73,"6,73",1,0
S1-465385375,S2-814531915,My Energy Private Limited,My Energy,"Lucknow, Uttar Pradesh, 119. Vijay Nagar Krishna Nagar","670 119. VIJAY NAGAR KRISHNA NAGAR, LUCKNOW, उत्तर प्रदेश",0.5,0.38461538461538464,119,"119,670",1,0
S1-517695837,S2-31108531,Alpine Charitable Trust,Sri A1pine Trust Charitable,"40/829, 2Nd Floor, Thaliyath Towers Iyattil Junction, Hospital Road, Kochi, Ernakulam, Kerala","40/829, KOCHI, ERNAKULAM, കേരളം",0.4,0.26666666666666666,"2,40,829","40,829",2,0
S1-541204285,S2-290958903,Ft & Co,Ft Co Partners,"7B/11A, Sriniwas Puri, East Of Kailash, New Delhi, Delhi","7B/11A, SRINIWAS PURI, EAST OF KAILASH, दिल्ली",0.5,0.6363636363636364,"11,7","11,7",2,0
S1-284854857,S2-903591729,VN Industries Pvt. Ltd.,Umbracira,"Survey No. 211, Paiki 1, Plot No .5, Halvad Road, At Nichi Mandal, Halvad Road, Morbi, Rajkot, Gujarat","DOOR NO 211, MORBI, RAJKOT, Gujarat",0.0,0.3125,"1,211,5",211,1,0
S1-76719738,S2-400867895,Somya India Pvt. Ltd.,PVT. SOMYA IDNI LTD.,"Maharashtra, Margaret Chawl, Juliuswadi, Gaondevi Road, Gate No.6. Malwani, Malad, Mumbai, (W), A-2","NAVI MUMBAI, A-2, (W), महाराष्ट्र",0.6,0.2,"2,6",2,1,0
S1-583446726,S2-63654919,Ani Commercial Limited,Ani Cmomerfcila Limited,"No.121, Raheja Arcade, Kormangala, Bangalore, Karnataka","NO.121, RAHEJA ARCADE, KORMANGALA, ಕರ್ನಾಟಕ",0.5,0.5,121,121,1,0
S1-516839006,S2-720973160,Maa Black Infotech,ಮಾ ಬ್ಲ್ಯಾಕ್ ಇನ್‌ಫೋಟೆಕ್,"No:307, Murugesh Palayabangalore ., Bangalore, Karnataka","DOOR NO 7-962 NO:307, BENGALURU HQ REGION, BANGALORE, Karnataka",0.0,0.3333333333333333,307,"307,7,962",1,0
S1-964816965,S2-834834694,Anand Systems Private Limited,आनंद सिस्टम्स प्राइवेट लिमिटेड,"C-1/127, Ground Floor Janak Puri, New Delhi, West Delhi, Delhi","C-01/127, WEST DELHI, दिल्ली",0.0,0.3076923076923077,"1,127","01,127",1,0
S1-580964909,S2-253934236,Jain Exports Pvt Ltd,ஜைன் எக்ஸ்போர்ட்ஸ் பிரைவேட் லிமிடெட்,"Chennai, 757 Anna Salai, Tamil Nadu","#757 ANNA SALAI, CHENNAI, MADRAS, தமிழ்நாடு",0.0,0.36363636363636365,757,757,1,0
S1-888397383,S2-174352022,Madan Engineering,Madan-Services,"Dsm 630, West Delhi, New Delhi, 6Th Floor Dlf Towers, Shivaji Marg, Delhi",,0.3333333333333333,0.0,"6,630",,0,1
S1-104390191,S2-230966158,Best Consultants Private Limited,बेस्ट कंसल्टेंट्स प्राइवेट लिमिटेड,"G/105, Rashmi Harsh Chs Ltd, Hatkesh Rd Shanti Vidya Nagari, Nr Gc Club, Mira Road, East Thane, Mumbai, Thane, Maharashtra","G/105, MIRA-BHAYANDAR, महाराष्ट्र",0.0,0.12,105,105,1,0
S1-491141946,S2-946272535,Agf Services Company,AGF SERVICES,"143/47, Picnic Garden Road, Kolkata, Kolkata, Howrah, West Bengal","DOOR NO 628 143/47, PICNIC GARDEN ROAD, KOLKATA, KOLKATA, পশ্চিমবঙ্গ",0.6666666666666666,0.375,"143,47","143,47,628",2,0
S1-920800442,S2-250337557,Alpha Enterprises Private Limited,Mr Alpha Enterprises Private Ltd,"Delhi, South Delhi, Mannat Apartment, I-35, Abul Fazal Enclave, Delhi, 401","401, MANNAT APARTMENT, I-35, ABUL FAZAL ENCHAVE, DELHI, दिल्ली",0.5,0.6153846153846154,"35,401","35,401",2,0
S1-664164730,S2-704320515,Sun Developers Pvt Ltd,सन डेवलपर्स प्रा. लि.,"E-22/372, 1St Floor Zakir Nagar, Okhla, New Delhi, South Delhi, Delhi","E-#22/372, SOUTH DELHI, NEW DELHI, Delhi",0.0,0.5454545454545454,"1,22,372","22,372",2,0
S1-348227866,S2-817163815,Shiv Exports Private Limited,Shiv Exports-Limited Center,"Flat No 404, Sy No 167 Block-1, Sark Heights One, Masid Banda Junction, Hyderabad, Rangareddy, Telangana",,0.6,0.0,"1,167,404",,0,1
S1-319341854,S2-969573836,Mariya Venture Private Limited,Private Mariya Venture Ltd,"D/10/11, Mantri Manor Society Kawadewadi Koregaon Park, Pune, Maharashtra","PUNE, Maharashtra, D/10/11, PUNE",0.6,0.45454545454545453,"10,11","10,11",2,0
S1-529601287,S2-941677070,Jaipur Supplement Private Limited,Jaipur Supplement,"I/G-1, Krishna Kunj, Solitaire Industrial Park Dehmi Kalan, Teh. Sanganer, Bagru, Jaipur, Rajasthan",,0.5,0.0,1,,0,1
S1-46226131,S2-897803459,Mohit India Private Limited,Shri Mohit India Private,"Faridabad, 168 Sector-10, Faridabad, Haryana","##168 SECTOR-10, FARIDABAD, हरियाणा",0.6,0.5,"10,168","10,168",2,0
S1-854992129,S2-630274734,Rahul Institute,Rahul  Inititute,"Plot No 17 Gurunanak Pura, Nagpur, Maharashtra","DOOR NO 17 GURUNANAK PURA, NAGPUR, महाराष्ट्र",0.3333333333333333,0.4166666666666667,17,17,1,0
S1-894079995,S2-632345280,Rvr Agro Private Limited,Rvr  Agro,"Bangalore, Bagmane World Technology Center, K R Puram, Marathahalli Outer Ri, Ng Road, Level 10 Wtc-4 Citrine, Karnataka",,0.5,0.0,"10,4",,0,1
S1-272283982,S2-691229218,Sunrise Clinic Pvt Ltd,SUNRISE PVT LTD SERVICES,"C/O Smt. Mayabai M., Madhankar At. Sendurwafa, Sakoli, Bhandara, Maharashtra",,0.6,0.0,,,0,1
S1-288428302,S2-87938106,Sun Global Private Limited,সান গ্লোবাল প্রাইভেট লিমিটেড,"Flat 1A, Shakti, Ground Floor 166, Rajdanga, Nabapally, Kolkata, Howrah, West Bengal","FLAT 1A, HOWRAH, পশ্চিমবঙ্গ",0.0,0.1875,"1,166",1,1,0
S1-665550984,S2-679664725,Modern Consultants Pvt Ltd,মডার্ন কনসালট্যান্টস প্রাইভেট লিমিটেড,"C/O-Hindustan Sugar & Trade Agency, 2Nd Floor, Room No.40, 207, Maharshi Deve, Ndra Road, Kolkata, Howrah, West Bengal","HOWRAH, পশ্চিমবঙ্গ, C/O-HINDUSTAN SUGAR & TRADE AGENCY, KOLKATA",0.0,0.36,"2,207,40",,0,0
S1-717415327,S2-405130758,First Hotel Technologies Private Limited,फर्स्ट होटल टेक्नोलॉजीज प्राइवेट लिमिटेड,"Mumbai, Maharashtra, Mumbai, 1301, Anon Sapphire Mulund, Bharatkunj, Vp Road Mulund","1301/1, BOMBAY, MUMBAI, महाराष्ट्र",0.0,0.13333333333333333,1301,"1,1301",1,0
S1-443128327,S2-499587165,Manshi Technologies (India) Private Limited,Private Manshi Technologies (dIno)a Limited,"Regent Court, Raghunathpur Block 5, Flat No- 5D, Kolkata, Kolkata, Howrah, West Bengal","24 PARAGANAS NORTH, West Bengal, PLOT 598 REGENT COURT, KOLKATA",0.5714285714285714,0.29411764705882354,5,"24,598",0,0
S1-847155951,S2-310973127,Dipa Marketing Private Limited,Dipa Marketing Limited Center,"43 New Cloth Market, O/S Raipur Gate, Ahmadabad City, Ahmedabad, Gujarat","43  NEW CLOTH MARKET, O/S RAIPUR GATE, AHMADABAD CITY, ગુજરાત",0.6,0.6666666666666666,43,43,1,0
S1-847155951,S2-360940784,Dipa Marketing Private Limited,DIPA MARKETING PRIVATE,"43 New Cloth Market, O/S Raipur Gate, Ahmadabad City, Ahmedabad, Gujarat","H.NO 43  NEW CLOTH MARKET, O/S RAIPUR GATE, AHMADABAD CITY, ગુજરાત",0.75,0.5882352941176471,43,43,1,0
S1-500622060,S2-27254194,Bagrodia Services Private Limited,Bagrodia Services Private Ltd,"Flat No 113, Vishvas Appt Plot No 6A, Sector-23, Dwarka, New Delhi, South West Delhi, Delhi",,0.6,0.0,"113,23,6",,0,1
S1-78329619,S2-506699426,South Consultancy,साउथ कंसल्टेंसी,"Wework Enam Sambhav, C-20, G Block Bkc, Bandra Kurla Complex, Bandra, Mumbai, Maharashtra","MUMBAI, Maharashtra, #A-326 WEWORK ENAM SAMBHAV, BANDRA",0.0,0.4,20,326,0,0
S1-998542877,S2-631776564,Yashaswi Brothers Pvt Ltd,yashaswibrothers.com,"Plot No. 62, Mamatha Nagar, Bandlaguda, Hayathnagar, Hyderabad, Telangana","DOOR NO 62 , MAMATHA NAGAR, BANDLAGUDA, HAYATHNAGAR, Andhra Pradesh",0.0,0.5,62,62,1,0
S1-467200461,S2-995305045,Sree Trust,Sree Trúst LLP,"No.7 (4), Bharathi Nagar Iv Street, Bharathi Nagar T.Nagar, Na, Chennai, Tamil Nadu",,0.25,0.0,"4,7",,0,1
S1-275990138,S2-995101211,Rb Laundry Limited,Miracalocira,"Bangalore Rural, 33/3, Singasandra, Ward No 7, No 5 And 6, Bangalore South, Karnataka","BANGALORE SOUTH, #5 AND 6, ಕರ್ನಾಟಕ, BANGALORE RURAL",0.0,0.375,"3,33,5,6,7","5,6",2,0
S1-813559065,S2-640548297,Seven Properties Private Limited,सेवन प्रॉपर्टीज प्राइवेट लिमिटेड,"701, Gorai Divine Light Chs Ltd, Plot No:22, Opp Gorai Bus D Epot, Gorai-1, Borivali(West), Mumbai, Maharashtra","MUMBAI, Maharashtra, BORIVALI(WEST), 701",0.0,0.2777777777777778,"1,22,701",701,1,0
S1-585870455,S2-467359222,SQ Service Limited,SQSERVICE.C0M,"36, Ganesh Chandra Avenue Ground Floor, Kolkata, Howrah, West Bengal","36, GANESH CHANDRA AVENUE GROUND FLOOR, MONDAL PARA DIST 24 PARGANAS NORTH, KOLKATA, West Bengal",0.0,0.5625,36,"24,36",1,0
S1-585870455,S2-756856446,SQ Service Limited,Halobrix,"36, Ganesh Chandra Avenue Ground Floor, Kolkata, Howrah, West Bengal","GANESH CHANDRA AVENUE GROUND FLOOR, KHANTURADISTRICT  TWENTY FOUR PARGANAS NORTH, West Bengal, 36, HOWRAH",0.0,0.6,36,36,1,0
S1-437257603,S2-547013904,Maa Systems Pvt Ltd,મા સિસ્ટમ્સ પ્રા. લિ.,"A- 1004, Orchid Divine, Nr. Gala Aria Village Bopal (Ct), Taluka Daskroi, Ahemedabad, Ahmedabad, Gujarat","A- 1004, AHMEDABAD, Gujarat",0.0,0.26666666666666666,1004,1004,1,0
S1-899992663,S2-250160113,Prime Engineering Private Limited,ಪ್ರೈಮ್ ಇಂಜಿನಿಯರಿಂಗ್ ಪ್ರೈವೇಟ್ ಲಿಮಿಟೆಡ್,"11&12 Bsk, Rd Stage, Bangalore South, Bangalore, Karnataka","11&12 BSK, RD STAGE, BANGALORE SOUTH, BENGALURU URBAN, Karnataka",0.0,0.8181818181818182,"11,12","11,12",2,0
S1-899992663,S2-456270995,Prime Engineering Private Limited,ಪ್ರೈಮ್ ಇಂಜಿನಿಯರಿಂಗ್ ಪ್ರೈವೇಟ್ ಲಿಮಿಟೆಡ್,"11&12 Bsk, Rd Stage, Bangalore South, Bangalore, Karnataka","11&12 BSK, BANGALORE SOUTH, BENGALURU URBAN, Karnataka",0.0,0.6363636363636364,"11,12","11,12",2,0
S1-769233328,S2-35670570,Jay Marketing Private Limited,जय मार्केटिंग प्राइवेट लिमिटेड,"E-311 - 312, Eastern Business District, Mumbai, Maharashtra","DOOR NO 315 E-311 - 312, EASTERN BUSINESS DISTRICT, MUMBAI, महाराष्ट्र",0.0,0.4666666666666667,"311,312","311,312,315",2,0
S1-344391853,S2-411399514,Ace Marketing Limited,ਏਸ ਮਾਰਕੀਟਿੰਗ ਲਿਮਟਿਡ,"Ludhiana, Punjab, Ludhiana, 4Th Floor, Lse Building Feroz Gandhi Market, 435","DOOR NO 92 435, Punjab, LUDHIANA",0.0,0.23076923076923078,"4,435","435,92",1,0
S1-319808534,S2-953215398,Shivam Global Private Limited,शिवम ग्लोबल प्राइवेट लिमिटेड,"C-157, Church Road, Indira Nagar, Lucknow, Uttar Pradesh","C-157, LUCKNOW, CHURCH ROAD, उत्तर प्रदेश, INDIRA NAGAR",0.0,0.5,157,157,1,0
S1-454639585,S2-400196503,Great Consultancy Private Limited,கிரேட் கன்சல்டன்சி பிரைவேட் லிமிடெட்,"No 33/65, 2Nd Floor, Padmanabha Nagar 5Th Street, Chennai City Corporation, Chennai, Tamil Nadu","33/65, CHENNAI CITY CORPORATION, WALAJABAD, தமிழ்நாடு",0.0,0.2631578947368421,"2,33,5,65","33,65",2,0
S1-454639585,S2-839243806,Great Consultancy Private Limited,கிரேட் Consultancy பிரைவேட் லிமிடெட்,"No 33/65, 2Nd Floor, Padmanabha Nagar 5Th Street, Chennai City Corporation, Chennai, Tamil Nadu","#33/65, CHENNAI, Tamil Nadu",0.09090909090909091,0.35714285714285715,"2,33,5,65","33,65",2,0
S1-104135963,S2-761558878,Good Sree Technologies Limited,ગુડ શ્રી ટેક્નોલોજીસ લિમિટેડ,"C-4, Ganesh Township, Link Road, Bharuch, Gujarat","C-4, BHARUCH, Gujarat",0.0,0.5,4,4,1,0
S1-568465890,S2-243915079,Silver Construction,ସିଲଭର୍ କନଷ୍ଟ୍ରକସନ୍,"Plot No-72, Bapuji Nagar, Bhubaneswar, Khordha, Orissa","PCOT NO-72, BHUBANESWAR, KHORDHA, Odisha",0.0,0.4,72,72,1,0
S1-568465890,S2-127620517,Silver Construction,Lumtavosol (ID: 81067),"Plot No-72, Bapuji Nagar, Bhubaneswar, Khordha, Orissa","POT NO-72, BHUBANESWAR, KHORDHA, Odisha",0.0,0.4,72,72,1,0
S1-265391298,S2-799373997,Green Construction Private Limited,ग्रीन कंस्ट्रक्शन प्राइवेट लिमिटेड,"199, Achola Nala, Shriramnagar, Niphad, Nashik, Maharashtra","199, NIPHAD, GITAKUNJ,KUNDEWADI, Maharashtra",0.0,0.3333333333333333,199,199,1,0
S1-265391298,S2-361333464,Green Construction Private Limited,ग्रीन कंस्ट्रक्शन प्राइवेट लिमिटेड,"199, Achola Nala, Shriramnagar, Niphad, Nashik, Maharashtra","199, NIPHAD, GITAKUNJ,KUNDEWADI, महाराष्ट्र",0.0,0.15384615384615385,199,199,1,0
S1-986262995,S2-219113243,Ram Power Private Limited,Ram पावर प्राइवेट लिमिटेड,"Khasra No. 780/344, Vpo Kuloth Kalan, Chirawa, Jhujhunu, Rajasthan",,0.08333333333333333,0.0,"344,780",,0,1
S1-928003861,S2-772195056,Perfect Foundation Private Limited,परफेक्ट फाउंडेशन प्राइवेट लिमिटेड,"H. No. - W11/7, Sector-76, Ballabgarh, Faridabad, Haryana","H. NO. - W21/7, BALLABGARH, FARIDABAD, Haryana",0.0,0.6,"11,7,76","21,7",1,0
S1-928003861,S2-258336014,Perfect Foundation Private Limited,परफेक्ट फाउंडेशन प्राइवेट लिमिटेड,"H. No. - W11/7, Sector-76, Ballabgarh, Faridabad, Haryana","Haryana, FARIDABAD, H. NO. - W21/7, BALLABGARH",0.0,0.6,"11,7,76","21,7",1,0
S1-525042414,S2-607349018,Ram Jay Engineering Private Limited,राम जय इंजीनियरिंग प्राइवेट लिमिटेड,"Plot No 31, Cts No 1167, Ami Residency, Fl No 34, Yashashri Co-Op Hsg Society, Kothrud, Pune City, Pune, Maharashtra","PLOT NO 31, Maharashtra, PUNE CITY, UE",0.0,0.3157894736842105,"1167,31,34",31,1,0
S1-566193054,S2-433897183,Digital College Private Limited,Viovantage,"Flat 802, Tranquil Towers Whitefields. Kondapur, Hyderabad, Telangana","FLAT ##802, HYDERABAD, SERILINGAMPALLI, Telangana",0.0,0.4444444444444444,802,802,1,0
S1-148675547,S2-119158947,Lakshmi Lotus Investments Private Limited,लक्ष्मी लोटस इन्वेस्टमेंट्स प्राइवेट लिमिटेड,"Pocket-1, Mayur Vihar, Phase-1, East Delhi, Delhi, East Delhi, 74-B","HN 369 74-B, EAST DELHI, Delhi",0.0,0.36363636363636365,"1,74","369,74",1,0
S1-694345537,S2-603337432,Golden Logistics Private Limited,गोल्डन लॉजिस्टिक्स प्राइवेट लिमिटेड,"Thane, Office No 203, Vashi, Plot No 19 Satra Plaza, Sector 19D, Maharashtra","HN 175 OFFICE NO 203, PLOT NO 19 SATRA PLAZA, SECTOR 19D, VASHI, THANE, महाराष्ट्र",0.0,0.6111111111111112,"19,203","175,19,203",2,0
S1-168265921,S2-606474447,Tech One Construction Private Limited,टेक वन Construction प्राइवेट लिमिटेड,"Rz 2683/28, Ground Floor, Tughlakabad Extn, New Delhi, South Delhi, Delhi","RZ A-2683/28, NEW DELHI, SOUTH DELHI, Delhi",0.07142857142857142,0.5454545454545454,"2683,28","2683,28",2,0
S1-168265921,S2-50884731,Tech One Construction Private Limited,टेक वन कंस्ट्रक्शन प्राइवेट लिमिटेड,"Rz 2683/28, Ground Floor, Tughlakabad Extn, New Delhi, South Delhi, Delhi","RZ A-2683/28, NEW DELHI, SOUTH DELHI, Delhi",0.0,0.5454545454545454,"2683,28","2683,28",2,0
S1-792234500,S2-540389106,Seven Engineering Private Limited,સેવન એન્જિનિયરિંગ પ્રાઇવેટ લિમિટેડ,"C/O Adani Corporate House, Shantigram, S.G Highway, Daskroi, Ahmedabad, Gujarat","C/O ADANI CORPORATE HOUSE, AHMEDABAD, DASKROI, ગુજરાત",0.0,0.4666666666666667,,,0,0
S1-304151923,S2-186110379,Lotus Hospitality Private Limited,लोटस हॉस्पिटैलिटी प्राइवेट लिमिटेड,"2432 East Street Pune., Pune, Maharashtra","#2432 EAT STREET PUNE., PUNE, महाराष्ट्र",0.0,0.3,2432,2432,1,0
S1-661127513,S2-361126976,City Management Pvt Ltd,সিটি ম্যানেজমেন্ট Pvt Ltd,"17/1/1A, Nilmoni Mitra Street, Ward No. - 17, P.O. - Beadon Street, Kolkata, Kolkata, Howrah, West Bengal","KOLKATA, HOWRAH, #17/1/1A, পশ্চিমবঙ্গ",0.2,0.2631578947368421,"1,17","1,17",2,0
S1-882601076,S2-473724299,Jai Public School Private Limited,Sri Jai School Private Limited  Center,"Shop No-A1, Bldg No82 Sri, Prastha Complex, Nsp(W), Vasai, Thane, Maharashtra",,0.5714285714285714,0.0,"1,82",,0,1
S1-715906069,S2-986739534,Pande & Sons Private Limited,Mr PANDESONS.COM,"# 33, 1St Main, 1St Block, Bangalore South, Bangalore, Karnataka","# 33, 1ST MAIN, 1ST BLOCK, BANGALORE SOUTH, ಕರ್ನಾಟಕ",0.0,0.6,"1,33","1,33",2,0
S1-766808786,S2-367728231,Supreme Consultants Private Limited,सुप्रीम कंसल्टेंट्स प्राइवेट लिमिटेड,"H No 1878 01 Tambat Lane Nashik, Nashik, Maharashtra","NASHIK, महाराष्ट्र, H NO 1878 01 TAMBAT LAE NASHIK",0.0,0.46153846153846156,"01,1878","01,1878",2,0
S1-567349377,S2-47858459,Ace Finance Pvt Ltd,ACE FILNEEA PVT LTD,"Sco-393 Sector 20, Panchkula, Haryana","PLOT 656 SCO-393 SECTOR 20, PANCHKULA, हरियाणा",0.6,0.45454545454545453,"20,393","20,393,656",2,0
S1-346234098,S2-839434354,Sky Infotech Private Limited,ಸ್ಕೈ ಇನ್‌ಫೋಟೆಕ್ ಪ್ರೈವೇಟ್ ಲಿಮಿಟೆಡ್,"Building Nos. 2067/1, 2068/2, Abinay, East End Main Road, Jayanagar 9Th Block, Bangalore, Karnataka","#472 BUILIDNG NOS. 2067/1, BANGALORE, Karnataka",0.0,0.2777777777777778,"1,2,2067,2068,9","1,2067,472",2,0
S1-346234098,S2-789592831,Sky Infotech Private Limited,ಸ್ಕೈ ಇನ್‌ಫೋಟೆಕ್ ಪ್ರೈವೇಟ್ ಲಿಮಿಟೆಡ್,"Building Nos. 2067/1, 2068/2, Abinay, East End Main Road, Jayanagar 9Th Block, Bangalore, Karnataka","#472 BUILDING NOS. 2067/1, BENGALURU, BANGALORE, ಕರ್ನಾಟಕ",0.0,0.23809523809523808,"1,2,2067,2068,9","1,2067,472",2,0
S1-48745451,S2-765428998,Yamuiya Engineering,YAMUIYA CENTER,"Pole No. P38, Bliss Tours And Travel Vasai Virar City, Vasai West, Palghar, Thane, Maharashtra",,0.3333333333333333,0.0,38,,0,1
S1-520815823,S2-331560447,Shiv Digital Constructions,শিব ডিজিটাল কনস্ট্রাকশনস,"Suit#403, 25A, Camacstreet, Kolkata, West Bengal, Vardaan, Howrah","VARDAAN, HOWRAH, West Bengal",0.0,0.4444444444444444,"25,403",,0,0
S1-495957978,S2-590104008,Baba Foods Private Limited,বাবা ফুডস প্রাইভেট লিমিটেড,"159 Rabindra Sarani 6Th Floor, Kolkata, Calcutta, West Bengal","NO 59 RABINDRA SARANI 6TH FLOOR, CALCUTTA, পশ্চিমবঙ্গ",0.0,0.3333333333333333,"159,6","59,6",1,0
S1-801153569,S2-426477667,Sn Mart Limited,Services Sn Limited,"B-93, Second Floor Sector-65, Noida, Gautam Buddha Nagar, Uttar Pradesh","DOOR NO 619 B-93, NOIDA, GAUTAM BUDDHA NAGAR, Uttar Pradesh",0.5,0.5333333333333333,"65,93","619,93",1,0
S1-730388167,S2-403475071,VH Media Private Limited,VH Media Private,"Central Delhi, Hemkunt House, Rajendra Palace, 1210, New Delhi, Delhi","PLOT 311 1210, HEMKUNT HOUSE, RAJENDRA PALACE, NEW DELHI, दिल्ली",0.75,0.5833333333333334,1210,"1210,311",1,0
S1-730388167,S2-59251814,VH Media Private Limited,VHMEDIA.COM,"Central Delhi, Hemkunt House, Rajendra Palace, 1210, New Delhi, Delhi","PLOT 311 1210, CENTRAL DELHI, Delhi",0.0,0.3,1210,"1210,311",1,0
S1-600714681,S2-744343092,Indian Super Projects Private Limited,इंडियन सुपर प्रोजेक्ट्स प्राइवेट लिमिटेड,"Rajasthan, Jaipur, Chomu, Plot No. 16, Hans Nagar-3, Near Krishna Colony, Morija Road, Near Chungi Naka","PLOT NO. 16, <NULL>, CHOMU, JAIPUR, Rajasthan",0.0,0.35294117647058826,"16,3",16,1,0
S1-600714681,S2-615910809,Indian Super Projects Private Limited,इंडियन सुपर प्रोजेक्ट्स प्राइवेट लिमिटेड,"Rajasthan, Jaipur, Chomu, Plot No. 16, Hans Nagar-3, Near Krishna Colony, Morija Road, Near Chungi Naka","16, <NULL>, JAIPUR, Rajasthan, CHOMU",0.0,0.23529411764705882,"16,3",16,1,0
S1-321119463,S2-204342697,Gold Producer Private Limited,गोल्ड प्रोड्यूसर प्राइवेट लिमिटेड,"Flat No. 1001, 10Th Floor, Lilty Tower, Kevni Pada Village, Amboli, Andheri (W), Mumbai, Mumbai City, Maharashtra","FAT NO. 1001/2, MUMBAI, MUMBAI CITY, Maharashtra",0.0,0.2777777777777778,"10,1001","1001,2",1,0
S1-297632456,S2-533498907,Digital Marketing Private Limited,डिजिटल मार्केटिंग प्राइवेट लिमिटेड,"Ft. No. C-6, Unity Park, College Road Nashik, Nashik, Maharashtra","FT. NO. C-6/4, NASHIK, Maharashtra",0.0,0.5454545454545454,6,"4,6",1,0
S1-531547234,S2-735399955,Raj International Private Limited,राज इंटरनेशनल प्राइवेट लिमिटेड,"Flt No - 903, Building No. Lig 2 H, Cts No 118/119/D/2, Cts 1/A, Vikhroli Link Road, Off Village Tungwa, Near Union Bank, Powai, Mumbai, Maharashtra","FLT NO - 903, MUMBAI, Maharashtra",0.0,0.2,"1,118,119,2,903",903,1,0
S1-999839508,S2-175102044,Indo Technologies Private Limited,INDO TECHNOLOGIES,"Flat No.605, A Wing, Shilpin Chs, Off Poisar Gymkhana Road, Kanidvali West, Mumbai, Mumbai City, Maharashtra",,0.5,0.0,605,,0,1
S1-330163241,S2-939509143,Laxmi Estate Private Limited,लक्ष्मी एस्टेट प्राइवेट लिमिटेड,"Block-E/12A01, Celebrity Greens, Sushant Golf City Ansal Api, Sultanpur Road, Lucknow, Uttar Pradesh","BLOCK-E/12A01, LUCKNOW, Uttar Pradesh",0.0,0.4,"01,12","01,12",2,0
S1-331713565,S2-406230778,Fresh Global Private Limited,Fresh Global Private-Ltd,"192/4, 180 Hoodi, Bangalore, Karnataka",,0.6,0.0,"180,192,4",,0,1
S1-115443488,S2-804480815,Medicure Energy (India) Private Limited,Smt Medicure (India) Private Limited Services,"Booth No.117-118, Shopping Complex, Sector -16, Faridabad, Haryana",,0.5714285714285714,0.0,"117,118,16",,0,1
S1-810048997,S2-267438873,Silver Trading Private Limited,सिल्वर ट्रेडिंग प्राइवेट लिमिटेड,"227-228, Vardhaman Indust, Complex, Nr Royal Inn Hot, Thane, Maharashtra","N/A, Maharashtra, C-227-228, THANE, GREATER BOMBAY",0.0,0.25,"227,228","227,228",2,0
S1-810048997,S2-588529531,Silver Trading Private Limited,सिल्वर ट्रेडिंग प्राइवेट लिमिटेड,"227-228, Vardhaman Indust, Complex, Nr Royal Inn Hot, Thane, Maharashtra","C-227-228, N/A, GREATER BOMBAY, THANE, Maharashtra",0.0,0.25,"227,228","227,228",2,0
S1-211030826,S2-479624701,Vaibhav & Co,Vbfhfa & Co,"1507, Ambadeep Building 14, Kasturba Gandhi Marg, New Delhi, Central Delhi, Delhi","1507., NEW DELHI, CENTRAL DELHI, Delhi",0.5,0.4,"14,1507",1507,1,0
S1-599226465,S2-551520638,First Producer Private Limited,ഫസ്റ്റ് പ്രൊഡ്യൂസർ പ്രൈവറ്റ് ലിമിറ്റഡ്,"No.4/461, 2Nd Floor, Suite 1183, Valamkottil Towers, Judgemukku, Kakkanad, Kanayannur, Ernakulam, Kerala","NO.4/461, ERNAKULAM, KANAYANNUR, Kerala",0.0,0.42857142857142855,"1183,2,4,461","4,461",2,0
S1-268510557,S2-126671200,Premier Maa Finance Private Limited,ಪ್ರೀಮಿಯರ್ ಮಾ ಫೈನಾನ್ಸ್ ಪ್ರೈವೇಟ್ ಲಿಮಿಟೆಡ್,"No 50, 1St Floor, Muniswamy Reddy Building Garudachar Palya, Mahadevapura Post, Bangalore, Karnataka","DOOR NO A-50, BANGALORE, ಕರ್ನಾಟಕ",0.0,0.16666666666666666,"1,50",50,1,0
S1-553922243,S2-46129862,Esc Impex Private Limited,Esc Impex  Prhicate Limited,"South West Delhi, 315-V-10 Tower, Distt Centre, Janak Puri, New Delhi, Delhi","315-V-10 TOWER, DISTT CETNRE, JANAK PURI, NEW DELHI, दिल्ली",0.6,0.6,"10,315","10,315",2,0
S1-751851950,S2-871809791,Hotel Investments Private Limited,होटल इन्वेस्टमेंट्स प्राइवेट लिमिटेड,"New Delhi, J-11/89, Rajouri Garden, Delhi","J-12/89, DIVREPORTINGCIRCLE, NEW DELHI, Delhi",0.0,0.4444444444444444,"11,89","12,89",1,0
S1-978894984,S2-264066172,Shakti Technologies Private Limited,शक्ति टेक्नोलॉजीज प्राइवेट लिमिटेड,"Plot No. 93, 1St Floor, A-Block, Nangal Dewat, Vasant Kunj, Delhi, South Delhi, Delhi","93, DELHI, SOUTH DELHI, Delhi",0.0,0.23076923076923078,"1,93",93,1,0
S1-287141443,S2-91040291,Big International Pvt Ltd,बिग इंटरनेशनल प्रा. लि.,"A14, Devikripa, Third Flr, Gavanpada, Mulund East, Mumbai, Maharashtra","AB3/14, MUMBAI, Maharashtra",0.0,0.18181818181818182,14,"14,3",1,0
S1-287141443,S2-973539937,Big International Pvt Ltd,बिग इंटरनेशनल प्रा. लि.,"A14, Devikripa, Third Flr, Gavanpada, Mulund East, Mumbai, Maharashtra","AB3/14, MUMBAI, Maharashtra",0.0,0.18181818181818182,14,"14,3",1,0
S1-287141443,S2-349106056,Big International Pvt Ltd,बिग International प्रा. लि.,"A14, Devikripa, Third Flr, Gavanpada, Mulund East, Mumbai, Maharashtra","AB3/14, MUMBAI, Maharashtra",0.1111111111111111,0.18181818181818182,14,"14,3",1,0
S1-278575182,S2-855596626,Swastik Logistics Private Limited,స్వస్తిక్ లాజిస్టిక్స్ ప్రైవేట్ లిమిటెడ్,"6-3-609/96/1 Anand Nagar Colony, Khairatabad, Hyderabad, Telangana","6-3-609/96/1 ANAND NAGAR COLONY, KHAIRATABAD, SONIPAT, HYDERABAD, తెలంగాణ",0.0,0.625,"1,3,6,609,96","1,3,6,609,96",5,0
S1-189100922,S2-475763063,Great Edge Private Limited,M/s GREAT EDGE PRÍVATE LIMITED,"D.No.70-179-14, Sasikanth Nagar Kakinada, Kakinada, East Godavari, Andhra Pradesh","0070-179-14 , SASIKANTH NAGAR KAKINADA, KAKINADA, ఆంధ్రప్రదేశ్",0.42857142857142855,0.2777777777777778,"14,179,70","0070,14,179",2,0
S1-844302530,S2-860716498,Urooj & Co,URJNO AND CO,"39/5122-C, 2Nd Floor, Lake View Apartments Church Landing Road, Ernakulam, Kerala","DOOR NO A-192 39/5122-C, ERNAKULAM, Kerala",0.5,0.29411764705882354,"2,39,5122","192,39,5122",2,0
S1-185557796,S2-506908193,Great Bright Enterprises Private Limited,ग्रेट ब्राइट एंटरप्राइजेज प्राइवेट लिमिटेड,"Office-701 Kamdhenu23, Westpi-A-10/2A-11Mithane, Thane, Maharashtra","OFFICE-701 KAMDHENU23, THANE, महाराष्ट्र",0.0,0.2857142857142857,"10,11,2,23,701","23,701",2,0
S1-517646711,S2-488133267,Rgb Institute of Technology Pvt Ltd,Rgb Institute of Technology Pvt Limited,"D1 Jagnannath Ghat Road, Kolkata, Howrah, West Bengal","D1 JAGNANNATH GHAT ROAD, KOLKATA, KOLKATA, পশ্চিমবঙ্গ",0.7142857142857143,0.4166666666666667,1,1,1,0
S1-826907416,S2-574109533,Laxmi Food Private Limited,લક્ષ્મી ફૂડ પ્રાઇવેટ લિમિટેડ,"12, Somnath Nagar Society, Nr Sanghani School, Ahmadabad City, Ahmedabad, Gujarat","608 12, ZAK TAL DEHGAM  GUJARATH, Gujarat",0.0,0.125,12,"12,608",1,0
S1-826907416,S2-854308916,Laxmi Food Private Limited,લક્ષ્મી ફૂડ પ્રાઇવેટ લિમિટેડ,"12, Somnath Nagar Society, Nr Sanghani School, Ahmadabad City, Ahmedabad, Gujarat","DOOR NO 608 12, SANAND GJ, Gujarat",0.0,0.125,12,"12,608",1,0
S1-143796864,S2-142190281,Fortune Aditya Projects,ஃபார்ச்சூன் ஆதித்யா புராஜெக்ட்ஸ்,"No.8, Ii Street, New Colony West, Saidapet, Chennai, Tamil Nadu","H.NO 008, CHENNAI, Tamil Nadu",0.0,0.3076923076923077,8,008,0,0
S1-439756482,S2-587082397,Great Tirupati Marketing Private Limited,ग्रेट तिरुपति मार्केटिंग प्राइवेट लिमिटेड,"G-1/240A, Goverdhan Park, Dal Mill Road, Uttam Nagar, West Delhi, Delhi","PLOT 307- G-1/240A, N/A, WEST DELHI, UTTAM NAGAR, Delhi",0.0,0.4375,"1,240","1,240,307",2,0
S1-439756482,S2-285212528,Great Tirupati Marketing Private Limited,ग्रेट तिरुपति मार्केटिंग प्राइवेट लिमिटेड,"G-1/240A, Goverdhan Park, Dal Mill Road, Uttam Nagar, West Delhi, Delhi","PLOT 307- G-1/240A, UTTAM NAGAR, N/A, दिल्ली, WEST DELHI",0.0,0.3888888888888889,"1,240","1,240,307",2,0
S1-727628495,S2-159954112,Creative Vijay Finance Private Limited,क्रिएटिव Vijay फाइनेंस Private Limited,"F-262, First Floor, Sushant Lok Phase-Iii, Sector-57, Gurgaon, Haryana","Haryana, GURGAON, H.NO 0679 F-262",0.25,0.26666666666666666,"262,57","0679,262",1,0
S1-727628495,S2-520801858,Creative Vijay Finance Private Limited,क्रिएटिव विजय फाइनेंस प्राइवेट लिमिटेड,"F-262, First Floor, Sushant Lok Phase-Iii, Sector-57, Gurgaon, Haryana","0679 F-262, GURGAON, Haryana",0.0,0.3076923076923077,"262,57","0679,262",1,0
S1-688096656,S2-966139755,Star Engineering Limited,स्टार इंजीनियरिंग लिमिटेड,"Fardkhana, Kurawali Mainpuri, Mainpuri, Uttar Pradesh","FARDKHANA, MAINPURI, उत्तर प्रदेश",0.0,0.2,,,0,0
S1-688523392,S2-859135986,Bhubaneswar & Sons Private Limited,Bhubaneswar & Sons,"N-13-C-25-4, Cidco, Aurangabad, Maharashtra",,0.6,0.0,"13,25,4",,0,1
S1-45859508,S2-201596870,Lotus Power Private Limited,ಲೋಟಸ್ ಪವರ್ ಪ್ರೈವೇಟ್ ಲಿಮಿಟೆಡ್,"Sy. No 11/2/6, Puradapalya Village, Tavarekere Hobli, Bangalore, Karnataka","Karnataka, SY. NO 11/2/6, BANGALORE",0.0,0.6363636363636364,"11,2,6","11,2,6",3,0
S1-452541653,S2-199364682,Ace Jain Construction,एस जैन कंस्ट्रक्शन,"55 Mittal Tower`B' Wing Nariman Point, Mumbai, Maharashtra","55 MITTAL TOWER`B' WING NARIMAN POINT, MUMBAI, महाराष्ट्र, MUMBAI",0.0,0.6153846153846154,55,55,1,0
S1-981251923,S2-826814449,Chitra Infra Private Limited,Chitra Infra Private Ltd,"H. No. 258, Nr Railway Bridge, Atiwal, Bidar, Karnataka",,0.6,0.0,258,,0,1
S1-932328626,S2-196254867,Supreme Builders Private Limited,സുപ്രീം ബിൽഡേഴ്സ് പ്രൈവറ്റ് ലിമിറ്റഡ്,"18/678, Thangam Building, Binanipuram, Edayar, Paravur, Ernakulam, Kerala","DOOR NO 00928 18/678, KOCHI REGION, PARAVUR, Kerala",0.0,0.2857142857142857,"18,678","00928,18,678",2,0
S1-492396674,S2-442724834,Surya Global Private Limited,সূর্য গ্লোবাল প্রাইভেট লিমিটেড,"1A, Grant Lane Room No.- 101, Kolkata, Kolkata, Howrah, West Bengal","#115 1A, CALCUTTA, West Bengal",0.0,0.25,"1,101","1,115",1,0
S1-954425692,S2-947816259,Tech Industries Private Limited,टेक इंडस्ट्रीज प्राइवेट लिमिटेड,"H.No 1-A, Sainik Enclave, Crpf Camp, New Delhi, South West Delhi, Delhi","H.NO 1-A, SOUTH WEST DELHI, PINDWALA KALAN, Delhi",0.0,0.5,1,1,1,0
S1-432654474,S2-387917275,Unique Investment Private Limited,यूनिक इन्वेस्टमेंट प्राइवेट लिमिटेड,"330, Mumbai, Maharashtra, Floor-3Rd, Plot-21, Panchratna, Mama Parmanand Marg, Opera House, Girgaon, Mumbai","330, MUMBAI, Maharashtra",0.0,0.21428571428571427,"21,3,330",330,1,0
S1-827546528,S2-169547145,West Computer Clinic,Avinovi,"Shop No-14, Delhi, New Delhi, G/F Church Mission Road Fateh Puri","SHOP NO-14, DELHI, दिल्ली",0.0,0.2857142857142857,14,14,1,0
S1-299995665,S2-240437956,CD Labs Private Limited,CD Labs  Private,"No 66, 2Nd Main, Pothalappa Garden Near Mico Hosur Main Road, Audugodi, Bangalore, Karnataka",,0.75,0.0,"2,66",,0,1
S1-409899169,S2-882802741,Apex Properties Limited,അപെക്സ് പ്രോപ്പർട്ടീസ് ലിമിറ്റഡ്,"Door No: 174/ 74A, Minerva Padi, Nilambur, Malappuram, Malapuram, Kerala","DOOR NO: 174/ 74A, MALAPURAM, Kerala",0.0,0.6,"174,74","174,74",2,0
S1-409899169,S2-798853184,Apex Properties Limited,അപെക്സ് പ്രോപ്പർട്ടീസ് ലിമിറ്റഡ്,"Door No: 174/ 74A, Minerva Padi, Nilambur, Malappuram, Malapuram, Kerala","DOOR NO: 174/ 74A, MALAPURAM, Kerala",0.0,0.6,"174,74","174,74",2,0
S1-307012871,S2-121998362,Ram Infra Pvt Ltd,രാം ഇൻഫ്ര പ്രൈവറ്റ് ലിമിറ്റഡ്,"1St Floor Ms Arcade, No.21, Seaport Airport Road, Vadacode P.O, Kaipadamugal, Kalamassery, Ernakulam, Kerala","H.NO #1ST FLOOR MS ARCDAE, ERNAKULAM, Kerala",0.0,0.3333333333333333,"1,21",1,1,0
S1-440250628,S2-729474708,Urban Guru Investments Limited,अर्बन गुरु इन्वेस्टमेंट्स लिमिटेड,"Office No. 231, 2Nd Floor, Swastik Plaza, Subhash Nagar, Pokhran Road No. 2, Thane, Maharashtra","OFFICE NO. 231, GREATER MUMBAI, Maharashtra",0.0,0.25,"2,231",231,1,0
S1-128071629,S2-826076549,Air Industries Group,Smt Air Industries Co,"Belverdere Mill Premises(Bengal Investment Ltd), Mouza/Ps Sankrail Po South Sankrail, Uluberia - Ii, Howrah, West Bengal",,0.4,0.0,,,0,1
S1-910701303,S2-219714204,Shanti Industries Group,*** SHANTIINDUSTRIESGROUP.COM,"Drv Plaza, 1St Floor, B. V. Road, Near Old Bus Stand, Devanaha, Lli, Bangalore, Bangalore Rural, Karnataka","BANGALORE, ಕರ್ನಾಟಕ, DRV PALZA",0.0,0.1,1,,0,0
S1-811799785,S2-678004773,Fiber Consultants Private Limited,Fiber Cosmulgftats Private Limited,"D-106, Sector-63, Noida, Gautam Buddha Nagar, Uttar Pradesh","D-106, SECTOR-63, NOIOA, उत्तर प्रदेश",0.6,0.25,"106,63","106,63",2,0
S1-811799785,S2-583832617,Fiber Consultants Private Limited,fiberconsultantsprivate.com,"D-106, Sector-63, Noida, Gautam Buddha Nagar, Uttar Pradesh","D-106, SECTOR-63, NOIDA, Uttar Pradesh",0.0,0.7,"106,63","106,63",2,0
S1-862706434,S2-348567661,Pragya Overseas,Cirayuma,"Newno.12A, Old No.25, Pl.No.25&26 F Ii Main Road, Ii Extension, Venkatesanagar, Virugambakk, Am, Chennai, Tamil Nadu","NO 12A, CHENNAI, தமிழ்நாடு",0.0,0.13043478260869565,"12,25,26",12,1,0
S1-337499135,S2-752501645,Ekam & Brothers Private Limited,EKAM & BROTHERS PRIVATE,"909 Arunachal Building 19 Barakhamba Road, Central Delhi, New Delhi, Delhi","H.NO 00909 ARUNACHAL BUILDING 19 BARAKHAMBA ROAD, NEW DELHI, Delhi",0.8,0.5833333333333334,"19,909","00909,19",1,0
S1-396973125,S2-992487516,QZO Industries,QZO  Indreis,"Old No.34, New No.4, 7Th Cross Street, Sasthri Nagar, Chennai, Tamil Nadu","DOOR NO 34 , NEW NO.4, 7TH CROSS STREET, SASTHRI NAGAR, தமிழ்நாடு",0.3333333333333333,0.5,"34,4,7","34,4,7",3,0
S1-139499657,S2-497730446,Jodhpur & Sons Private Limited,Jodhpur + Shidns Private Limited,"C/O Bankarlal Badrilal, Nagra, Ratlam, Madhya Pradesh",,0.5,0.0,,,0,1
S1-23878631,S2-425958590,Hari Exports Private Limited,हरि एक्सपोर्ट्स प्राइवेट लिमिटेड,"E-14, Vikram Colony, Aligarh, Uttar Pradesh","E-014, VIKRAM COLONY, ALIGARH, उत्तर प्रदेश",0.0,0.3076923076923077,14,014,0,0
S1-83104208,S2-555653728,Jain United Impex Private Limited,जैन यूनाइटेड इम्पेक्स प्राइवेट लिमिटेड,"Ground Floor, Sector 20B, Opposite Thompson Press, Ajronda Chowk, Kuber Tower, Haryana, Faridabad","KUBER TOWER, FARIDABAD, Haryana",0.0,0.3076923076923077,20,,0,0
S1-322482626,S2-963393946,Unicore Foundation Limited,UNlCORE FHOINDAON LIMITED,"No. 27, Raghunayakulu Street, Chennai, Chennai, Tamil Nadu","NO. 27, CHENNAI, தமிழ்நாடு",0.2,0.2727272727272727,27,27,1,0
S1-524719550,S2-904523963,Jai Infrastructure Private Limited,ಜೈ ಇನ್‌ಫ್ರಾಸ್ಟ್ರಕ್ಚರ್ ಪ್ರೈವೇಟ್ ಲಿಮಿಟೆಡ್,"Bangalore, Flat I-201, Karnataka, Sterling Garden Apartments, Kempapura, Hebbal","BANGALORE, HN 80 FLAT I-201, ಕರ್ನಾಟಕ",0.0,0.26666666666666666,201,"201,80",1,0
S1-106567391,S2-142826725,Surya Industries Pvt Ltd,सूर्या इंडस्ट्रीज प्रा. लि.,"Plot No. B135, Opp. Garware Wall Ropes Ltd. Wai Midc, Taluka Wai, Dist Satara, Wai, Satara, Maharashtra","PLOT NO. B##135, PUNE REGION, WAI, Maharashtra",0.0,0.2222222222222222,135,135,1,0
S1-106567391,S2-948567330,Surya Industries Pvt Ltd,सूर्या इंडस्ट्रीज प्रा. लि.,"Plot No. B135, Opp. Garware Wall Ropes Ltd. Wai Midc, Taluka Wai, Dist Satara, Wai, Satara, Maharashtra","Maharashtra, PLOT NO. B##135, WAI, PUNE REGION",0.0,0.2222222222222222,135,135,1,0
S1-509948942,S2-863103275,Ram Marketing Private Limited,Mr Ram Marketing Pravie Limited,"52-C East Azad Nagar, East Delhi, Delhi, New Delhi","दिल्ली, 52-C EAST AZAD NAGAR, NEW DELHI",0.5,0.7777777777777778,52,52,1,0
S1-199743825,S2-970277999,Pioneer It Private Limited,পায়োনিয়ার আইটি প্রাইভেট লিমিটেড,"West Bengal, 44 Gopal Lal Tagore Road, Calcutta, Kolkata","CALCUTTA, পশ্চিমবঙ্গ, 44 GOPAL LAL TAGOE ROAD, KOLKATA",0.0,0.42857142857142855,44,44,1,0
S1-600446598,S2-478914852,Blaze Enterprises Private Limited,BLAZE ENTERPRISES PRIVATE  LTD,"New Delhi, 4Th Floor, 12 Ajit Singh House, Dda, Yusuf Sarai, Commercial Complex, South West Delhi, Delhi, To Unit No 400A","TO UNIT NO 400, 4TH FLOOR, 12 AJIT SINGH HOUSE, DDA, YUSUF SARAI, COMMERCIAL COMPLEX, NEW DEHI, दिल्ली",0.6,0.6521739130434783,"12,4,400","12,4,400",3,0
S1-549189258,S2-701178089,Super Global,சூப்பர் Global,"3-G, Block-1, Ramaniyam Gourav Appartments Model School Road, Sholinganallur, Chennai, Tamil Nadu","3-G, CHENNAI, Tamil Nadu",0.2,0.35714285714285715,"1,3",3,1,0
S1-549189258,S2-279137971,Super Global,சூப்பர் குளோபல்,"3-G, Block-1, Ramaniyam Gourav Appartments Model School Road, Sholinganallur, Chennai, Tamil Nadu","3-G, CHENNAI, Tamil Nadu",0.0,0.35714285714285715,"1,3",3,1,0
S1-127288716,S2-780947256,Jai Consultants Private Limited,जय कंसल्टेंट्स प्राइवेट लिमिटेड,"Flat No.102 S/F, N--43 Abul Fazal Enclave Part-1 Okhla, New Delhi, South Delhi, Delhi","SOUTH DELHI, दिल्ली, NEW DELHI, H.NO 10 S/F",0.0,0.3,"1,102,43",10,0,0
S1-942696801,S2-730270627,Kolkata Harris LLP,Kolkata LLP Center,"78/B Amherst Street, Kolkata, Calcutta, West Bengal","পশ্চিমবঙ্গ, #78/B AMHERST STREET, KOLKATA",0.5,0.4166666666666667,78,78,1,0
S1-942696801,S2-77180081,Kolkata Harris LLP,KOLKATA LLP SERVICES,"78/B Amherst Street, Kolkata, Calcutta, West Bengal",,0.5,0.0,78,,0,1
S1-248699678,S2-857785111,Creative Galaxy Business,क्रिएटिव गैलेक्सी बिजनेस,"No.402, 4Th Floor, Duru House, Juhu Tara Road, Next To Jw Marriot, Juhu, Mumbai, Maharashtra","NO.C-402, MUMBAI, BOMBAY, Maharashtra",0.0,0.23529411764705882,"4,402",402,1,0
S1-248699678,S2-382843717,Creative Galaxy Business,क्रिएटिव गैलेक्सी बिजनेस,"No.402, 4Th Floor, Duru House, Juhu Tara Road, Next To Jw Marriot, Juhu, Mumbai, Maharashtra","NO C-402, MUMBAI, BOMBAY, Maharashtra",0.0,0.23529411764705882,"4,402",402,1,0
S1-248699678,S2-266392208,Creative Galaxy Business,क्रिएटिव गैलेक्सी बिजनेस,"No.402, 4Th Floor, Duru House, Juhu Tara Road, Next To Jw Marriot, Juhu, Mumbai, Maharashtra","NO.C-402, BOMBAY, MUMBAI, Maharashtra",0.0,0.23529411764705882,"4,402",402,1,0
S1-367156437,S2-205506925,Future Infrastructure Private Limited,फ्यूचर इंफ्रास्ट्रक्चर प्राइवेट लिमिटेड,"L - 636, Indralok Colony Krishna Nagar, Lucknow, Uttar Pradesh","L - 636/2, LUCKNOW, null, उत्तर प्रदेश",0.0,0.1875,636,"2,636",1,0
S1-957035562,S2-32731601,Lakshmi Infotech Private Limited,లక్ష్మి ఇన్ఫోటెక్ ప్రైవేట్ లిమిటెడ్,"Warangal Urban, Fci Colony, Subedari, Warangal, Hanamkonda, Telangana, 24-3-251","##24-3-251, WARANGAL URBAN, HANAMKONDA, Andhra Pradesh",0.0,0.5,"24,251,3","24,251,3",3,0
S1-135092239,S2-547675081,His & Sons Limited,*** His +  5ons Limited,"Pune City, Maharashtra, Fl 302 Amar Ambience Sn-61/1, Pune, 6/4-61/2, 3A, 3B, 45A, 5B Bl-E Ghorpade","NO C-785 FL 302 AMAR AMBIENCE SN-61/1, PUNE, महाराष्ट्र",0.4,0.2962962962962963,"1,2,3,302,4,45,5,6,61","1,302,61,785",3,0
S1-220764908,S2-63486478,Verizon Solutions,Verizon Soltnooms,"1266, Upen Banerjee Road, Kolkata, Kolkata, Howrah, West Bengal","7-48 1266, UPEN BANERJEE ROAD, KOLKATA, KOLKATA, পশ্চিমবঙ্গ",0.3333333333333333,0.35714285714285715,1266,"1266,48,7",1,0
S1-201569812,S2-11375841,Seven Investment Private Limited,செவன் இன்வெஸ்ட்மெண்ட் பிரைவேட் லிமிடெட்,"S.F No.191/1, Koottravu, Nagar, T.M.Poondi, Tiruppur, Coimbatore, Tamil Nadu","S.F NO.191/1, TIRUPPUR, PALLADAM, Tamil Nadu",0.0,0.5333333333333333,"1,191","1,191",2,0
S1-518262604,S2-429514263,Dnr Clubs Private Limited,Dnr Clubs,"Shri Krupa Building, Savarkarroad, Tilakwadi Tilakwadi, Belgaum, Karnataka",,0.5,0.0,,,0,1
S1-938937598,S2-182357789,Creative Healthcare Private Limited,क्रिएटिव हेल्थकेयर प्राइवेट लिमिटेड,"B-5, S/F, Janakpuri, New Delhi, Delhi","Delhi, B-5, NEW DELHI, S/F",0.0,0.8571428571428571,5,5,1,0
S1-271726097,S2-604064487,All International Private Limited,ऑल इंटरनेशनल प्राइवेट लिमिटेड,"902, Sunteck, Grandeur, S.V. Road, Near Amboli Church, Opp. Subway, Andheri (West), Mumbai, Mumbai City, Maharashtra","902, MUMBAI, MUMBAI CITY, महाराष्ट्र",0.0,0.15,902,902,1,0
S1-271726097,S2-933571750,All International Private Limited,ऑल इंटरनेशनल प्राइवेट लिमिटेड,"902, Sunteck, Grandeur, S.V. Road, Near Amboli Church, Opp. Subway, Andheri (West), Mumbai, Mumbai City, Maharashtra","902, MUMBAI, MUMBAI CITY, Maharashtra",0.0,0.25,902,902,1,0
S1-936489460,S2-825069561,Pg Chem Pvt Ltd,Pg Pvt Ltd Service,"D. No. 8-13/7, 2Nd Floor, Om Sri Gouri Nilayam, Bachupally, Hyderabad, Qutubullapur, K.V.Rangareddy, Telangana",,0.6,0.0,"13,2,7,8",,0,1
S1-893080569,S2-142117115,Shreshth Shipping Private Limited,LÍMITED SHRESHTH SHIPPING SERVICES,"1St Foor, Rajadhani Theatre Building Opp: Saibaba Temple Arch, Dilsukhnagar, Hyderabad, Telangana","FOOR, HYDERABAD, Telangana",0.3333333333333333,0.25,1,,0,0
S1-201181761,S2-391276961,Lab Pharmaceuticals LLP,LABPHARMACEUTICALS.COM,"B/15, Apmc Market - Ii Phase - Ii, Vashi, Navi Mumbai, Maharashtra","DOOR NO 22 B/15, APMC MARKET - II PHASE - II, VASHI, Maharashtra",0.0,0.6153846153846154,15,"15,22",1,0
S1-645064209,S2-913626083,Innovative Foods,ইনোভেটিভ ফুডস,"4A, Jacksan Lane, Ist Floor, Kolkata, Howrah, West Bengal","4A, KOLKATA, HOWRAH, West Bengal",0.0,0.5555555555555556,4,4,1,0
S1-470951753,S2-451593557,Blue Construction Limited,బ్లూ కన్‌స్ట్రక్షన్ లిమిటెడ్,"Hyderabad, Telangana, Plot No. 111, Hyderabad, Iv Th Floor, Road No. 10, Jubilee Hills","NO 111, HYDERABAD, Telangana",0.0,0.3333333333333333,"10,111",111,1,0
S1-470951753,S2-794591260,Blue Construction Limited,బ్లూ కన్‌స్ట్రక్షన్ లిమిటెడ్,"Hyderabad, Telangana, Plot No. 111, Hyderabad, Iv Th Floor, Road No. 10, Jubilee Hills","NO 111, HYDERABAD, Telangana",0.0,0.3333333333333333,"10,111",111,1,0
S1-470951753,S2-11059854,Blue Construction Limited,బ్లూ కన్‌స్ట్రక్షన్ లిమిటెడ్,"Hyderabad, Telangana, Plot No. 111, Hyderabad, Iv Th Floor, Road No. 10, Jubilee Hills","PLOT NO. 111, HYDERABAD, Telangana",0.0,0.4166666666666667,"10,111",111,1,0
S1-697281223,S2-289968291,New Services Limited,নিউ সার্ভিসেস লিমিটেড,"12, Panchanantala Road, Howrah, West Bengal","#373 12, PANCHANANTALA ROAD, KADAMTALA, West Bengal",0.0,0.625,12,"12,373",1,0
S1-697281223,S2-540191238,New Services Limited,নিউ সার্ভিসেস লিমিটেড,"12, Panchanantala Road, Howrah, West Bengal","#373 12, KADAMTALA, PANCHANANTALA ROAD, West Bengal",0.0,0.625,12,"12,373",1,0
S1-489411170,S2-806741541,Creative Foundation,क्रिएटिव फाउंडेशन,"12 To 15, Rainbow Hsg Society, Park Royal, Flat No C-1102, Rahatani, Pune City, Pune, Maharashtra","NO 12  TO 15, PUNE CITY, PUNE, महाराष्ट्र",0.0,0.3,"1102,12,15","12,15",2,0
S1-838992432,S2-773113011,Global Ivate Limited,Global Ivate Ivate,"R-64, Second Floor Greater Kailash-I, New Delhi, Delhi","R-64, SECOND FLOOR GREATER KAILASH-I, Delhi",0.6666666666666666,0.8888888888888888,64,64,1,0
S1-722173177,S2-169139267,Vision Red Global LLP,విజన్ రెడ్ గ్లోబల్ ఎల్‌ఎల్‌పీ,"P. No. 66 A, Phase 4, Behind My Lan Lab, Ida, Jeedimetla, Hyderabad, Telangana","Andhra Pradesh, HYDERABAD, P. NO. 66 A",0.0,0.3125,"4,66",66,1,0
S1-145098965,S2-240594860,Innovative Estate Private Limited,ইনোভেটিভ এস্টেট প্রাইভেট লিমিটেড,"162/1A, Bangur Avenue Block-A, West Bengal, Ground Floor, Kolkata, Parganas North","GROUND FLOOR, CALCUTTA, PARGANAS NORTH, West Bengal",0.0,0.42857142857142855,"1,162",,0,0
S1-145098965,S2-686772694,Innovative Estate Private Limited,ইনোভেটিভ এস্টেট প্রাইভেট লিমিটেড,"162/1A, Bangur Avenue Block-A, West Bengal, Ground Floor, Kolkata, Parganas North","GROUND FLOOR, CALCUTTA, PARGANAS NORTH, West Bengal",0.0,0.42857142857142855,"1,162",,0,0
S1-145098965,S2-73741442,Innovative Estate Private Limited,ইনোভেটিভ এস্টেট প্রাইভেট লিমিটেড,"162/1A, Bangur Avenue Block-A, West Bengal, Ground Floor, Kolkata, Parganas North","GROUND FLOOR, West Bengal, CALCUTTA, PARGANAS NORTH",0.0,0.42857142857142855,"1,162",,0,0
S1-80725499,S2-386307758,Cyber & Co,CMBR  & CO,"Gate No.607/608/609, Shed No. 7, Radhika Industrial Estate, Near Mseb Office, A/P Velu, Bhor, Pune, Maharashtra","BLOCK C-846 GATE NO.607/608/609, PUNE, Maharashtra",0.5,0.3181818181818182,"607,608,609,7","607,608,609,846",3,0
S1-473634699,S2-934049,Surya Infotech Private Limited,சூர்யா இன்ஃபோடெக் பிரைவேட் லிமிடெட்,"No.4, Tamil Nadu, Chennai, Kumaran Colony Ii Street, Saidapet","NO.4, CHENNAI CITY REGION, Tamil Nadu",0.0,0.4166666666666667,4,4,1,0
S1-540319368,S2-958994920,Royal Projects,Royal Prrjects,"No.62/43, Rangasayee Street Perambur, Chennai, Tamil Nadu",,0.3333333333333333,0.0,"43,62",,0,1
S1-460094327,S2-555770598,Katha Software Private Limited,Katha Software Private,"W-47, 1St Floor Sector-11, Noida, Gautam Buddha Nagar, Uttar Pradesh","W-47., 1ST FLOOR SECTOR-11, NOIDA, उत्तर प्रदेश",0.75,0.4117647058823529,"1,11,47","1,11,47",3,0
S1-274656492,S2-671833172,Supreme Investment Private Limited,సుప్రీమ్ ఇన్వెస్ట్‌మెంట్ ప్రైవేట్ లిమిటెడ్,"D No A-3/5/P, Ida Kukatpally, Hyderabad, Telangana","HYDERABAD, D NO A-3/5/P, తెలంగాణ",0.0,0.5,"3,5","3,5",2,0
S1-163747629,S2-337166855,Creative Developers Private Limited,ক্রিয়েটিভ ডেভেলপারস প্রাইভেট লিমিটেড,"0410, Gourangonagar, Notun Pally Near Avijan Sporting Club, Ps-New Town, Kolkata, Kolkata, Howrah, West Bengal","0410, 24 PARAGANAS NORTH, West Bengal",0.0,0.16666666666666666,0410,"0410,24",1,0
S1-163747629,S2-890447132,Creative Developers Private Limited,ক্রিয়েটিভ Developers Private Limited,"0410, Gourangonagar, Notun Pally Near Avijan Sporting Club, Ps-New Town, Kolkata, Kolkata, Howrah, West Bengal","0410, KOLKATA REGION, HOWRAH, West Bengal",0.3333333333333333,0.3125,0410,0410,1,0
S1-397641690,S2-949991765,Sky Infra Pvt Ltd,Sky Pvt Ltd Center,"Plot No-113/2478, Lane-3, Bhubaneswar, Khordha, Orissa","PLOT NO-113/2478, LANE-3, BHUBANESWAR, Odisha",0.6,0.7,"113,2478,3","113,2478,3",3,0
S1-539812856,S2-252204506,Urban Industries Private Limited,अर्बन इंडस्ट्रीज प्राइवेट लिमिटेड,"Mr 37, Hanuman Chowk, Balaghat, Madhya Pradesh","MR 37, BALAGHAT, मध्य प्रदेश",0.0,0.25,37,37,1,0
S1-495565152,S2-763539479,Universal Brothers Limited,KÉLOLYRA,"Door No: 5-35-103, Prashanth Nagar, Industrial Estate, Kukatpally, Hyderabad, Rangareddy, Telangana","DOOR NO: 5-35-103, PRASHANTH NAGAR, INDUSTRIAL ESTATE, KUKATPALLY, RANGAREDDY, MEDCHAL-MALKAJGIRI, Andhra Pradesh",0.0,0.6470588235294118,"103,35,5","103,35,5",3,0
S1-490361369,S2-283892105,Unique Infotech Private Limited,यूनिक इंफोटेक प्राइवेट लिमिटेड,"Bhopal, Madhya Pradesh, No. 112, Block 7, Green City E-8 Arera Colony","112, BHOPAL, मध्य प्रदेश",0.0,0.1111111111111111,"112,7,8",112,1,0
S1-216384546,S2-100310781,Water Lift Private Limited,Water Lift Prmiea Limited,"Bangalore, Dbs House 26, Bangalore, Karnataka, Cunningham Road","DBS HOUSE 026, CUNNINGHAM ROAD, BANGALORE, ಕರ್ನಾಟಕ",0.6,0.45454545454545453,26,026,0,0
S1-644023800,S2-320444112,Falcon & Sons Private Limited,FALCON + SONS PRIVATE,"2Nd Block, No. 66, Ambattur, Tiruvallur, Tamil Nadu","H.NO ND BLOCK, NO. 66, AMBATTUR, Tamil Nadu",0.6,0.6,"2,66",66,1,0
S1-614704678,S2-464761066,YGU Infotech Private Limited,Private YGU Infotech Límited,"Polt No-52, New Balaji Vihar Kalwar Road, Jaipur, Rajasthan","POLT NO-52, <NULL>, JAIPUR, Rajasthan",0.6,0.45454545454545453,52,52,1,0
S1-445500566,S2-437829484,Pune City Milk Private Limited,Pune Milk Private Limited Service,"Flat No 504, Awhalwadi, Pune, Gat No. 197, Maharashtra, Pune City","PLOT 0118 GAT NO. 197, FLAT NO 504, AWHALWADI, PUNE CITY, महाराष्ट्र",0.6666666666666666,0.5333333333333333,"197,504","0118,197,504",2,0
S1-957207516,S2-226682755,Ram Infotech Pvt Ltd,Pvt Ram Infoteh Ltd,"B-50 Midc, Waluj, Aurangabad, Maharashtra","B-50 MIDC, WALUJ, CHHATRAPATI SAMBHAJI NAGAR, AURANGABD, Maharashtra",0.6,0.5,50,50,1,0
S1-957207516,S2-570512638,Ram Infotech Pvt Ltd,राम इंफोटेक प्रा. लि.,"B-50 Midc, Waluj, Aurangabad, Maharashtra","B-50 MIDC, CHHATRAPATI SAMBHAJI NAGAR, AURANGABD, Maharashtra",0.0,0.4,50,50,1,0
S1-702447275,S2-387303695,Nagan Marketing Associates,Nagan Mrektbng Associates,"House No.450 Chhattarpur, New Delhi, South Delhi, Delhi","HOUSE NO.45 CHHATTARPUR, NEW DELHI, दिल्ली",0.5,0.5,450,45,0,0
S1-789387073,S2-235095161,Modern Dynamic Software LLP,मॉडर्न डायनामिक सॉफ्टवेयर एलएलपी,"S-117A, Sunder Block, Shakarpur, Delhi","SUNDER BLOCK, DELHI, S-0117A, Delhi",0.0,0.5714285714285714,117,0117,0,0
S1-424036980,S2-873760387,Seven Enterprises Private Limited,सेवन एंटरप्राइजेज प्राइवेट लिमिटेड,"F 17/4, Dlf Phase 1 Shiv Nadar School, Gurugram, Gurgaon, Haryana","F 17/4, GURUGRAM, GURGAON, हरियाणा",0.0,0.3333333333333333,"1,17,4","17,4",2,0
S1-41736327,S2-331691298,Perfect Investment Private Limited,परफेक्ट इन्वेस्टमेंट प्राइवेट लिमिटेड,"Flat No.2-302/B, Ramchandra Complex, Near Navpada Subhash Road, Dombivali (We, St), Thane, Maharashtra","2-302/B, THANE, महाराष्ट्र",0.0,0.2,"2,302","2,302",2,0
S1-898325816,S2-355277732,My Management Private Limited,માય મેનેજમેન્ટ પ્રાઇવેટ લિમિટેડ,"A/402, Yogeshwar Residency, Opp. Kankeshwari Park, Krishna Nagar, Ahmedabad, Gujarat","A/402, AHMEDABAD, ગુજરાત",0.0,0.21428571428571427,402,402,1,0
S1-898325816,S2-658705674,My Management Private Limited,#mymanagement | www.mymanagem.com,"A/402, Yogeshwar Residency, Opp. Kankeshwari Park, Krishna Nagar, Ahmedabad, Gujarat","A/402, AHMEDABAD, Gujarat",0.0,0.36363636363636365,402,402,1,0
S1-847332097,S2-149723807,JM Packagers Pvt. Ltd.,JM Pákcargers Pvt. Ltd.,"T-5, First Floor, Green Park Main, New Delhi, South West Delhi, Delhi","T-5, FIRST FLOOR, GREEN PARK MAIN, NEW DELHI, दिल्ली",0.6,0.6923076923076923,5,5,1,0
S1-724732239,S2-630234340,Star Logistics,स्टार लॉजिस्टिक्स,"Office No.-211, 2Nd Floor, F-45, Okay Plus Space Malviya Nagar Industrial Area, Near Apex, Circle, Jaipur, Rajasthan","JAIPUR, OFFICE NO.-211, JAIPUR, राजस्थान",0.0,0.17391304347826086,"2,211,45",211,1,0
S1-724732239,S2-748072153,Star Logistics,स्टार लॉजिस्टिक्स,"Office No.-211, 2Nd Floor, F-45, Okay Plus Space Malviya Nagar Industrial Area, Near Apex, Circle, Jaipur, Rajasthan","OFFICE NO.-211, Rajasthan, JAIPUR",0.0,0.2631578947368421,"2,211,45",211,1,0
S1-68298830,S2-141030931,Premier Business Private Limited,প্রিমিয়ার বিজনেস প্রাইভেট লিমিটেড,"212/A, G. T. Road Belur, Howrah, West Bengal","HOWRAH, C-212/A, HOWRAH, G. T. ROAD BELUR, পশ্চিমবঙ্গ",0.0,0.5,212,212,1,0
S1-238284814,S2-918758829,Angels Traders Private Limited,Angels Trls Private Limited,"Vadodara, Gujarat, A-100 G/F, F/F Pranav Soc, Lalbag Makarpura Road Vad",,0.6,0.0,100,,0,1
S1-111331864,S2-193591650,East It Private Limited,ईस्ट आईटी प्राइवेट लिमिटेड,"Ag-17, Sanjay Gandhi Transport Nagar Nh-1, Delhi","NO 9-80 AG-17, AURANGABAD, DELHI",0.0,0.23076923076923078,"1,17","17,80,9",1,0
S1-756543052,S2-100273395,Krishna Consultancy Private Limited,कृष्ण कंसल्टेंसी प्राइवेट लिमिटेड,"C-301, 3Rd Floor Defence Colony, New Delhi, South Delhi, Delhi","BLOCK B-410 C-301, <NULL>, NEW DELHI, SOUTH DELHI, Delhi",0.0,0.38461538461538464,"3,301","301,410",1,0
S1-756543052,S2-632693426,Krishna Consultancy Private Limited,Sri Krishna Consultancy,"C-301, 3Rd Floor Defence Colony, New Delhi, South Delhi, Delhi","Delhi, <NULL>, BLOCK B-410 C-301, 3RD FLOOR DEFENCE COLONY, NEW DELHI",0.4,0.6153846153846154,"3,301","3,301,410",2,0
S1-902884795,S2-8450386,New Delhi Media Pvt Ltd,NEW DÉLHI MEDIA PVT PVT LTD,"Ae-59, Tagore Garden, New Delhi, West Delhi, Delhi","AE-59, TAGORE GARDEN, NEW DELHI, दिल्ली",0.6666666666666666,0.6666666666666666,59,59,1,0
S1-902884795,S2-660218248,New Delhi Media Pvt Ltd,New Media Pvt Ltd Services,"Ae-59, Tagore Garden, New Delhi, West Delhi, Delhi","AE-59, TAGORE GARDEN, NEW DELHI, दिल्ली",0.6666666666666666,0.6666666666666666,59,59,1,0
S1-28253008,S2-684804696,Mm Ac Limited,mmac.com,"34, Shiv Srushti Society, Kalavad Rd, Behind Ioc Qtr, Rajkot, Gujarat","RAJKOT, 34, RAJKOT, Gujarat",0.0,0.2727272727272727,34,34,1,0
S1-279199844,S2-233104819,Supreme Exports Private Limited,সুপ্রিম এক্সপোর্টস প্রাইভেট লিমিটেড,"Howrah, Sector 1 Salt Lake City, Kolkata, Kolkata, West Bengal, Ba 54","KOLKATA, HOWRAH, পশ্চিমবঙ্গ, BA 54",0.0,0.26666666666666666,"1,54",54,1,0
S1-536926290,S2-88145808,All Trading,ಆಲ್ ಟ್ರೇಡಿಂಗ್,"Bangalore, No.5/A, 19Th Main, 3Rd Sector, Hsr Layout, Karnataka, Bangalore","NO.5/A, BANGALORE, ಕರ್ನಾಟಕ",0.0,0.2857142857142857,"19,3,5",5,1,0
S1-536926290,S2-999501391,All Trading,ಆಲ್ ಟ್ರೇಡಿಂಗ್,"Bangalore, No.5/A, 19Th Main, 3Rd Sector, Hsr Layout, Karnataka, Bangalore","NO 5/A, 19TH MAIN, 3RD SECTOR, HSR LAYOUT, BANGALORE, ಕರ್ನಾಟಕ",0.0,0.7142857142857143,"19,3,5","19,3,5",3,0
S1-631564530,S2-297827174,Sky Finance Private Limited,SKYFINANCE.COM,"South West Delhi, F.No-301 T/F. Blk B2A Sec-18 B, Pkt 2 Dwarka, New Delhi, Delhi","F.NO-C-301 T/F. BLK B2A SEC-18 B, PKT 2 DWARKA, NEW DELHI, दिल्ली",0.0,0.7368421052631579,"18,2,301","18,2,301",3,0
S1-898588030,S2-889299892,Newdelhi Products Private Limited,Newdelhi Próducts Próducts Private Limited,"4, New Friends Colony, Near Deep Sweets Corner, Newdelhi, South Delhi, Delhi",,0.6,0.0,4,,0,1
S1-604205948,S2-862407784,Shree Marketing Pvt Ltd,શ્રી માર્કેટિંગ પ્રા. લિ.,"201, 2Nd Floor, Royal Arcade, Dongare Wadi, Varachha Road., Surat, Gujarat","201, SURAT, Gujarat",0.0,0.2727272727272727,"2,201",201,1,0
S1-902431418,S2-309497725,Jai Technologies Private Limited,ಜೈ ಟೆಕ್ನಾಲಜೀಸ್ ಪ್ರೈವೇಟ್ ಲಿಮಿಟೆಡ್,"319, Subramanya Temple Road Inner Circle, Whitefield, Bangalore, Karnataka","BANGALORE, Karnataka, G-319, BANGALORE",0.0,0.3,319,319,1,0
S1-902431418,S2-581806082,Jai Technologies Private Limited,ಜೈ ಟೆಕ್ನಾಲಜೀಸ್ ಪ್ರೈವೇಟ್ ಲಿಮಿಟೆಡ್,"319, Subramanya Temple Road Inner Circle, Whitefield, Bangalore, Karnataka","G-319, BANGALORE, Karnataka",0.0,0.3,319,319,1,0
S1-981089316,S2-833217703,Tech Food Private Limited,टेक फूड प्राइवेट लिमिटेड,"C-2464 Sushant Lok-1, Opposite Peach Tree Complex, Galleria Dlf-Iv, Gurgaon, Haryana","C-2464 SUSHANT LOK-1, GALLERIA DLF-IV, हरियाणा",0.0,0.47058823529411764,"1,2464","1,2464",2,0
S1-671921172,S2-959850903,Ether Biotech Private Limited,DELTAECTOKOR,"Survey No. 141P1, Bahadurgadh, Vaghpar Piludi Road, Maliya Highway, Nr. Sokhda Patiya, Morbi, Rajkot, Gujarat","DOOR NO 141P1, RAJKOT, Gujarat",0.0,0.25,"1,141","1,141",2,0
S1-552527968,S2-425023438,Premier It,प्रीमियर It,"9, Delhi, South Delhi, D. D. A. Market, Vijaymandal Enclave, Sarvriya Vihar, New Delhi","PLOT 725 9, SOUTH DELHI, Delhi",0.16666666666666666,0.23076923076923078,9,"725,9",1,0
S1-552527968,S2-734895122,Premier It,प्रीमियर आईटी,"9, Delhi, South Delhi, D. D. A. Market, Vijaymandal Enclave, Sarvriya Vihar, New Delhi","PLOT 725 9, SOUTH DELHI, Delhi",0.0,0.23076923076923078,9,"725,9",1,0
S1-992052151,S2-36574724,Kolkata Force Private Limited,NOVIYUMA,"Howrah, 1St Floor Flat-1B, Kolkata, Kolkata, 122A C R Avenue, West Bengal","NO G-122A C R AVENUE, HOWRAH, KOLKATA, পশ্চিমবঙ্গ",0.0,0.3333333333333333,"1,122",122,1,0
S1-342917802,S2-848384270,Star Consultancy Pvt Ltd,स्टार कंसल्टेंसी प्रा. लि.,"A-16, Rajouri Garden New Delhi, New Delhi, West Delhi, Delhi","BLOCK C-554 A-16, RAJOURI GARDEN NEW DELHI, NEW DELHI, WEST DELHI, दिल्ली",0.0,0.5833333333333334,16,"16,554",1,0
S1-466025261,S2-689935133,Rainbow Paper Co,RAlNBOWPAPER.COM,"123 12Th Floor Mittal Towerc Wing Nariman Point, Mumbai, Maharashtra","123 12TH FLOOR MITTAL TOWERC WING NARIMAN POINT, MUMBAI, महाराष्ट्र, MUMBAI",0.0,0.6428571428571429,"12,123","12,123",2,0
S1-719545866,S2-210322504,Galaxy Engineering,గెలాక్సీ ఇంజనీరింగ్,"Andhra Pradesh, D.No. 50-96-4, Visakhapatnam, 2Nd Floor N E Layout, Visakhapatnam (Urban), Vishakhapatnam","D.NO. 5-50-96-4, NARSIPATNAM AP, VISHAKHAPATNAM, ఆంధ్రప్రదేశ్",0.0,0.2608695652173913,"2,4,50,96","4,5,50,96",3,0
S1-952589555,S2-154078762,Shakti Impex Limited,शक्ति इम्पेक्स लिमिटेड,"N9, E-1, O2, Cidco Aurangabad, Aurangabad, Maharashtra","N9, AURANGABAD, Maharashtra",0.0,0.42857142857142855,"1,2,9",9,1,0
S1-374657628,S2-214325055,Real Consultants Pvt Ltd,రియల్ కన్సల్టెంట్స్ ప్రైవేట్ లిమిటెడ్,"H No 1-1-13/2A, Mari Kamba Colony, Tandur, Rangareddy, Telangana","NO G-1-1-13/2A, TANDUR, RANGAREDDY, Andhra Pradesh",0.0,0.42857142857142855,"1,13,2","1,13,2",3,0
S1-271687389,S2-562229030,Hitech Projects Private Limited,हाईटेक प्रोजेक्ट्स प्राइवेट लिमिटेड,"Plot No. 2 Deendyalpuram, Shanti Nagar, Lucknow, Uttar Pradesh","PLOT NO. 2. DEENDYALPURAM, NULL, LUCKNOW, उत्तर प्रदेश",0.0,0.3333333333333333,2,2,1,0
S1-82774659,S2-997575608,Adp & Partners,Adp Partners Center,"B8 Block B Sector 2, Noida, Gautam Buddha Nagar, Uttar Pradesh","NO. B3/568 B8 BLOCK B SECTOR 2, NOIDA, Uttar Pradesh",0.5,0.5714285714285714,"2,8","2,3,568,8",2,0
S1-988116908,S2-407812766,International Systems Private Limited,ইন্টারন্যাশনাল সিস্টেমস প্রাইভেট লিমিটেড,"Flat No.4, 4Th Floor 98, Christopher Road, Gobinda Khatick Ro, Ad, Kolkata, Kolkata, Howrah, West Bengal","FLAT NO.9, HOWRAH, West Bengal",0.0,0.29411764705882354,"4,98",9,0,0
S1-988116908,S2-51844249,International Systems Private Limited,Private International Sbtms Limited,"Flat No.4, 4Th Floor 98, Christopher Road, Gobinda Khatick Ro, Ad, Kolkata, Kolkata, Howrah, West Bengal","West Bengal, H.NO 9, HOWRAH",0.6,0.2222222222222222,"4,98",9,0,0
S1-718699703,S2-622415654,Sds Services Private Limited,ssprivate.com,"Wz 18, No. 51, Radhey Krishan Building, Manohar Park, Ashoka Park Main Metro Stn., Opp. Pillar, Delhi, New Delhi","WZ 0018, NO. 51, दिल्ली",0.0,0.15,"18,51","0018,51",1,0
S1-565676773,S2-824807484,Star Global Private Limited,स्टार ग्लोबल प्राइवेट लिमिटेड,"Plot No. 329, Sector 58 Electro Plating Zone, Faridabad, Haryana","PLOT NO. 329, FARIDABAD, Haryana",0.0,0.5,"329,58",329,1,0
S1-565676773,S2-160004894,Star Global Private Limited,स्टार ग्लोबल प्राइवेट लिमिटेड,"Plot No. 329, Sector 58 Electro Plating Zone, Faridabad, Haryana","#329, FARIDABAD, Haryana",0.0,0.3,"329,58",329,1,0
S1-771149464,S2-590446369,Shyam Tech Private Limited,श्याम टेक प्राइवेट लिमिटेड,"F-15, First Floor, Cross Roads Sch. No. 54, Vijay Nagar Circle., Indore, Madhya Pradesh","F-15, INDORE, मध्य प्रदेश",0.0,0.15,"15,54",15,1,0
S1-265736124,S2-209070365,Jain Developers Private Limited,जैन डेवलपर्स प्राइवेट लिमिटेड,"Delhi, L-16, New Delhi, 2Nd Floor, Batla House Jamia Nagar, Okhla","L-16, OKHLA, NEW DELHI, Delhi",0.0,0.45454545454545453,"16,2",16,1,0
S1-414958490,S2-74652864,Future & Brothers LLP,Future &,"C - 37 Ganesh Nagar Pandav Nagar Complex, Delhi, East Delhi, Delhi","555 C - 37 GANESH NAGAR PANDAV NAGAR COMPLEX, DELHI, दिल्ली",0.5,0.6363636363636364,37,"37,555",1,0
S1-75024295,S2-638396172,Jay Constructions Private Limited,जय कंस्ट्रक्शंस प्राइवेट लिमिटेड,"28, Kalidas Nagar, Ujjain, Madhya Pradesh","DOOR NO 929 28, UJJAIN, Madhya Pradesh",0.0,0.4444444444444444,28,"28,929",1,0
S1-243565990,S2-565921739,Sun Business Private Limited,Sun 8usiness Prívate Límited,"Ramanathapuram, No.180, Vandikkara Street, Tamil Nadu",,0.14285714285714285,0.0,180,,0,1
S1-725203204,S2-671293891,Pioneer Investments,Pioneer Invshmtelntis,"No.15 K No.865, Medahalli, 1St Main Csr Golden Gate, Bangalore South, Bangalore, Karnataka","NO.16 K NO.865, MEDAHALLI, 1ST MAIN CSR GOLDEN GATE, BANRALORE SOUTH, ಕರ್ನಾಟಕ",0.3333333333333333,0.5555555555555556,"1,15,865","1,16,865",2,0
S1-34790037,S2-142041628,Bangalore Channel Pvt Ltd,LTD 8ANGALORE PVT CENTER,"1151, Temple Bells 20Th Main, 20Th B Cross, A- Block, Shakarnagar, Bangalore, Karnataka","##1151, BANGALORE, Karnataka",0.3333333333333333,0.25,"1151,20",1151,1,0
S1-21636161,S2-42658081,Raj Logistics Private Limited,Raj Logistics Private Ltd,"New Delhi, Delhi, West Delhi, Plot No B - 95/A Vikas Nagar","PLOT NO B - 95/A VIKAS NAGAR, NEW DELHI, दिल्ली",0.6,0.75,95,95,1,0
S1-349731385,S2-781598988,Jss Coimbatore Private Limited,Smt Jss  Coimbatore Private Ltd,"158/22 Aswini Kumar Mondal Road, Howrah, West Bengal",,0.5,0.0,"158,22",,0,1
S1-551062370,S2-520111070,North Management LLP,नॉर्थ मैनेजमेंट एलएलपी,"B10-104, Sahara City Homes, Sitapur Road, Lucknow, Lucknow, Uttar Pradesh","LUCKNOW, B10-104, LUCKNOW, उत्तर प्रदेश",0.0,0.2,"10,104","10,104",2,0
S1-399888320,S2-873678660,Universal Investments Private Limited,यूनिवर्सल इन्वेस्टमेंट्स प्राइवेट लिमिटेड,"94/88, Mansover, Jaipur, Rajasthan","94/88, MANSOVER, JAIPUR, राजस्थान",0.0,0.4444444444444444,"88,94","88,94",2,0
S1-615896038,S2-54477320,Graphic Hospital Private Limited,| Graphic Hospital www.graphicho.com,"Door No. 250/51, Near Al Shifa Hospital Manathumangalam, Bypass Road, Perinthalmanna, Malappuram, Malapuram, Kerala","250/51, MALAPURAM, MALAPPURAM, Kerala",0.2857142857142857,0.3333333333333333,"250,51","250,51",2,0
S1-615896038,S2-542345956,Graphic Hospital Private Limited,GRAPHIC HOSPITAL PRIVATE LTD,"Door No. 250/51, Near Al Shifa Hospital Manathumangalam, Bypass Road, Perinthalmanna, Malappuram, Malapuram, Kerala",,0.6,0.0,"250,51",,0,1
S1-456572221,S2-107942156,Creative Shyam Ventures Private Limited,கிரியேட்டிவ் ஷ்யாம் வென்ச்சர்ஸ் பிரைவேட் லிமிடெட்,"Site No.16, Athipalayam Road, Chinnavadampatti, Coimbatore, Tamil Nadu","H.NO 551 SITE NO.16, COIMBATORE, Tamil Nadu",0.0,0.5454545454545454,16,"16,551",1,0
S1-601403599,S2-656338947,Urban Technologies Private Limited,अर्बन टेक्नोलॉजीज प्राइवेट लिमिटेड,"Ho.No.286, 3Rd Floor, Dda Janta Flat Vasant Gaon, Near Niryat Bhawan, Delhi, New Delhi, Delhi","HO.NO.286, DELHI, NEW DELHI, दिल्ली",0.0,0.29411764705882354,"286,3",286,1,0
S1-56373940,S2-404990763,Vision Ventures,ଭିଜନ୍ ଭେଞ୍ଚର୍ସ୍,"Baramunda Housing Board Colony, C/O- J.N. Bhanja L/34, Orissa, Khordha, Bhubaneswar","BHADRAK, KHORDHA, C/O- J.N. BHANJA L/34, ଓଡ଼ିଶା",0.0,0.47058823529411764,34,34,1,0
S1-665320710,S2-809855679,Testing Research LLP,Testing LLP Center,"T-7, Okhla Industrial Area, Phase-Ii, New Delhi, South Delhi, Delhi","T-7, OKHLA INDUSTRIAL AREA, PHASE-II, NEW DELHI, Delhi",0.5,0.9,7,7,1,0
S1-79384718,S2-987208220,Lakshmi International Limited,लक्ष्मी इंटरनेशनल लिमिटेड,"Ns-15, Lower Ground Floor, Miyanwali Nagar North-South Road, Paschim Vihar, New Delhi, West Delhi, Delhi","NS-15, NEW DELHI, WEST DELHI, Delhi",0.0,0.3333333333333333,15,15,1,0
S1-79384718,S2-61319352,Lakshmi International Limited,लक्ष्मी इंटरनेशनल लिमिटेड,"Ns-15, Lower Ground Floor, Miyanwali Nagar North-South Road, Paschim Vihar, New Delhi, West Delhi, Delhi","NS-15, WEST DELHI, NEW DELHI, Delhi",0.0,0.3333333333333333,15,15,1,0
S1-79384718,S2-720841147,Lakshmi International Limited,लक्ष्मी इंटरनेशनल लिमिटेड,"Ns-15, Lower Ground Floor, Miyanwali Nagar North-South Road, Paschim Vihar, New Delhi, West Delhi, Delhi","NS-15, NEW DELHI, WEST DELHI, Delhi",0.0,0.3333333333333333,15,15,1,0
S1-610470812,S2-254434920,Awesome Solutions Private Limited,Awesome Solutions Private Ltd,"Part 1 Of First Floor, Krishi Upaj Mandi, Mandore Road, D-1, Jodhpur, Rajasthan, Jodhpur",,0.6,0.0,1,,0,1
S1-751806208,S2-428422408,Itech Hospitality LLP,Itech LLP Sérvices,"No. 472/7 Balaji Arcade, A.V.S. Compound Layout, Bangalore South, Bangalore, Karnataka",,0.5,0.0,"472,7",,0,1
S1-861507607,S2-67060849,Supreme It Private Limited,सुप्रीम आईटी प्राइवेट लिमिटेड,"Rl -116, Midc Resi Zone, Dombivli (East), Kalyan, Thane, Maharashtra","RL -11, KALYAN, Maharashtra",0.0,0.2727272727272727,116,11,0,0
S1-732222152,S2-490067061,Seven Builders Limited,સેવન બિલ્ડર્સ લિમિટેડ,"Gujarat, Kheda, Opp Gymkhana Ground, Kapadwanj Road, Nadiad, Karmvir Towers, Kheda","KARMVIR TOWERS, MITRAL, ગુજરાત",0.0,0.14285714285714285,,,0,0
S1-888065968,S2-217889780,Supreme Indo It Private Limited,सुप्रीम इंडो आईटी प्राइवेट लिमिटेड,"Flat No 145, Sangam Apartmnets Sector 24, Rohini, Delhi","DOOR NO 145, NORTH WEST DELHI, Delhi, ROHINI",0.0,0.3333333333333333,"145,24",145,1,0
S1-626063433,S2-329351058,Eastern Business Pvt Ltd,ईस्टर्न बिजनेस प्रा. लि.,"507, Galleria Shopping Centre Hiranandani Gardens, Powai, Mumbai, Mumbai City, Maharashtra","C-507, महाराष्ट्र, MUMBAI CITY, MUMBAI II",0.0,0.1875,507,507,1,0
S1-703277959,S2-813211471,Sanya & Co,Sanya Co Services,"A 2329, Green Fields Colony, Haryana, Faridabad",,0.5,0.0,2329,,0,1
S1-801101718,S2-500544801,Surya Fortune Care Private Limited,સૂર્ય ફોર્ચ્યુન કેર પ્રાઇવેટ લિમિટેડ,"203, Anurag Commercial Centre, Inside Bombay Shopping Centre, Race Cour, Se, Vadodara, Gujarat","203, VADODARA, Gujarat",0.0,0.25,203,203,1,0
S1-801101718,S2-585512820,Surya Fortune Care Private Limited,સૂર્ય ફોર્ચ્યુન કેર પ્રાઇવેટ લિમિટેડ,"203, Anurag Commercial Centre, Inside Bombay Shopping Centre, Race Cour, Se, Vadodara, Gujarat","VADODARA, Gujarat, 203",0.0,0.25,203,203,1,0
S1-801101718,S2-207020482,Surya Fortune Care Private Limited,સૂર્ય ફોર્ચ્યુન કેર પ્રાઇવેટ લિમિટેડ,"203, Anurag Commercial Centre, Inside Bombay Shopping Centre, Race Cour, Se, Vadodara, Gujarat","203, VADODARA, Gujarat",0.0,0.25,203,203,1,0
S1-389177337,S2-38943918,Splendor Engineers Private Limited,Splendor Egieoes Private Limited,"Flat No. 22A, Central Delhi, New Delhi, Delhi, First Floor, Shankar Market Connaught Place","DOOR NO 22A , FIRST FLOOR, SHANKAR MARKET CONNAUGHT PLACE, NEW DELHI, दिल्ली",0.6,0.6666666666666666,22,22,1,0
S1-105546352,S2-172998764,Assets Welfare Private Limited,Assets Welfare Private Ltd,"Shivaji Nagar 1194/4Pune, Pune, Maharashtra","SHIVAJI NAGAR/4PUNE, PUNE, महाराष्ट्र",0.6,0.4,"1194,4",4,1,0
S1-651214888,S2-444346110,Hyderabad Solutions Limited,Limited Hyderabad So1utions,"1-8-308/4, Pattigadda, Begumpet, Hyderabad, Telangana","C-1-8-308/4, HYDERABAD, Andhra Pradesh",0.5,0.45454545454545453,"1,308,4,8","1,308,4,8",4,0
S1-651214888,S2-303900656,Hyderabad Solutions Limited,Hyderabad Solutions,"1-8-308/4, Pattigadda, Begumpet, Hyderabad, Telangana","C-1-8-308/4, PATTIGADDA, BEGUMPET, HYDERABAD, Andhra Pradesh",0.6666666666666666,0.6363636363636364,"1,308,4,8","1,308,4,8",4,0
S1-651214888,S2-698906967,Hyderabad Solutions Limited,Hyderabad Hyderabad Solutions,"1-8-308/4, Pattigadda, Begumpet, Hyderabad, Telangana","C-1-8-308/4, PATTIGADDA, BEGUMPET, HYDERABAD, Andhra Pradesh",0.6666666666666666,0.6363636363636364,"1,308,4,8","1,308,4,8",4,0
S1-535660089,S2-338413267,Jay Finance Private Limited,ജയ് ഫിനാൻസ് പ്രൈവറ്റ് ലിമിറ്റഡ്,"Dotspace Business Center, Tc 24/3088, Ushasandya Building, Kowdiar Devasam Bo, Ard, Thiruvananthapuram, Thiruvananthapuram, Trivandrum, Kerala","Kerala, TRIVANDRUM, #845 DOTSPACE BUSINESS CENTER, THIRUVANANTHAPURAM",0.0,0.375,"24,3088",845,0,0
S1-372539136,S2-138907391,Al Systems Private Limited,अल सिस्टम्स प्राइवेट लिमिटेड,"House No. 113, Sector-18, Housing Board Colony, Faridabad, Haryana","HOUME NO. 113, FARIDABAD, Haryana",0.0,0.36363636363636365,"113,18",113,1,0
S1-638731670,S2-416555882,Shyam Management Private Limited,Rizanex,"9/88, Pottankal Peravoor, Thondiyil P O, Kannur, Kerala","9/88, KANNUR, കേരളം",0.0,0.2727272727272727,"88,9","88,9",2,0
S1-384212697,S2-35334813,Innovative Investments Private Limited,ઇનોવેટિવ ઇન્વેસ્ટમેન્ટ્સ પ્રાઇવેટ લિમિટેડ,"206, S.F. Ashirwad Paras- 1 Opp. Andaz Party Plots, Makarba, Ahmedabad, Gujarat","206, AHMEDABAD, Gujarat",0.0,0.23076923076923078,"1,206",206,1,0
S1-342004678,S2-41060098,Om Ventures Private Limited,ओम वेंचर्स प्राइवेट लिमिटेड,"Mustil No 119-16-12, Village Pali, Faridabad, Haryana","HN 80 MUSTIL NO 119-16-12, DIVREPORTINGCIRCLE, FARIDABAD, हरियाणा",0.0,0.4,"119,12,16","119,12,16,80",3,0
S1-379714151,S2-743885228,Tech Food Pvt Ltd,ടെക് ഫുഡ് പ്രൈവറ്റ് ലിമിറ്റഡ്,"Ix/911, Near Cathedral Church, Main Road, Thamarassery, Kozhikode, Kerala","PLOT 692 IX/911, KOZHIKODE, Kerala",0.0,0.3333333333333333,911,"692,911",1,0
S1-247378955,S2-114186484,Indo Bright Construction Private Limited,ઇન્ડો બ્રાઇટ કન્સ્ટ્રક્શન પ્રાઇવેટ લિમિટેડ,"B-206, Ananya Heights, B/S, Siddharth Nagar Vip Road, Vadodara, Gujarat","B-206, BARODA, VADODARA, Gujarat",0.0,0.3333333333333333,206,206,1,0
S1-38625981,S2-940105062,Jain Agro Private Limited,ஜைன் அக்ரோ பிரைவேட் லிமிடெட்,"130A/35A, North Masi Street, Tenkasi, Tirunelveli, Tamil Nadu","132A/35A, KANNIYAKUMARI, TIRUNELVELI, தமிழ்நாடு",0.0,0.13333333333333333,"130,35","132,35",1,0
S1-770456430,S2-429317623,Quality Holdings,Deltavio,"Pune, Maheshwara Melo S No 48/2/12/21/12 Mitha, Maharashtra, Pune, Shop No 03","H.NO 03, PUNE, Maharashtra",0.0,0.2857142857142857,"03,12,2,21,48",03,1,0
S1-216929060,S2-913376206,Shree Food Limited,শ্রী ফুড লিমিটেড,"Aa 55 Salt Lakesector-I, Kolkata, North 24 Parganas, West Bengal","AA 55 SAT LAKESECTOR-I, CALCUTTA, NORTH 24 PARGANAS, West Bengal",0.0,0.6923076923076923,"24,55","24,55",2,0
S1-216929060,S2-706707324,Shree Food Limited,শ্রী ফুড লিমিটেড,"Aa 55 Salt Lakesector-I, Kolkata, North 24 Parganas, West Bengal","পশ্চিমবঙ্গ, AA 55 SALT LAKESECTOR-I, NORTH 24 PARGANAS, CALCUTTA",0.0,0.5,"24,55","24,55",2,0
S1-907628573,S2-519813809,Royal Care,ராயல் கேர்,"Plot No.207, Gl, Rajiv Nagar, 2Nd Main, Road, Pallikuppam, Vanagaram, Poonamallee, Tiruvallur, Tamil Nadu","TIRUVALLUR, Tamil Nadu, POONAMALLEE, 204",0.0,0.25,"2,207",204,0,0
S1-551045934,S2-130223171,Green Software Private Limited,ग्रीन सॉफ्टवेयर प्राइवेट लिमिटेड,"201, Sunder Apartment, Nesbit Road, Mazgaon, Mumbai, Mumbai City, Maharashtra","201, MUMBAI, MUMBAI CITY, Maharashtra",0.0,0.4444444444444444,201,201,1,0
S1-993434579,S2-713577764,PJ India Private Limited,SYNWEX,"Shop No.-8059A-8059B, Wing-D, Avadh Textile Market, Opp.New Bombay Market, Umarwada, Surat, Gujarat","SHOP NO.-8059A-8059B, SURAT, Gujarat",0.0,0.4,8059,8059,1,0
S1-799588684,S2-978438766,Baba Projects,பாபா புராஜெக்ட்ஸ்,"New No 15 Old No 8 Madha Church Street Royapuram, Chennai, Tamil Nadu","#15 OLD NO 8 MADHA CHURCH STREET ROYAPURAM, Tamil Nadu, POOVALAMBEDU DIST TIRUVALLUR, CHENNAI",0.0,0.7333333333333333,"15,8","15,8",2,0
